# 客户端对话出口登记表（quest_id, exits）——从 docs/quest/client-dialog-mapping 派生
# 生成：python3 -B .agents/summary/scriptdll-quest-driver/build_quest_client_dialog_exits.py
# exits 为空格分隔的出口标记；真端合成器据此补真端模板表没有列出的对话续页路由。
# 标记：SELECT_NONE_1 = select_none 续页（4763，接取/拒绝按钮所在页）；SELECT1_1 / SELECT1_1_1 = 接取续页；SELECT2_CONTINUE = SELECT2 按钮 1353；SELECT6 = 交付失败页；SELECT5_CHECK / SELECT5_CHECK_SIMPLE = SELECT5 按钮 39 / 20002。
1000	SELECT1_1 SELECT6 SELECT2_CONTINUE SELECT5_CHECK
1001	SELECT1_1 SELECT1_1_1 SELECT2_CONTINUE
1002	SELECT1_1 SELECT6 SELECT2_CONTINUE
1003	SELECT1_1 SELECT2_CONTINUE
1004	SELECT1_1 SELECT1_1_1 SELECT2_CONTINUE
1005	SELECT1_1 SELECT6 SELECT2_CONTINUE
1006	SELECT1_1 SELECT1_1_1 SELECT6 SELECT2_CONTINUE
1007	SELECT1_1 SELECT1_1_1 SELECT6 SELECT2_CONTINUE
1011	SELECT1_1 SELECT1_1_1 SELECT2_CONTINUE
1012	SELECT1_1 SELECT1_1_1 SELECT2_CONTINUE
1013	SELECT1_1 SELECT1_1_1 SELECT2_CONTINUE
1014	SELECT1_1 SELECT1_1_1 SELECT2_CONTINUE
1015	SELECT1_1 SELECT1_1_1 SELECT2_CONTINUE
1016	SELECT1_1 SELECT1_1_1 SELECT6 SELECT2_CONTINUE
1017	SELECT1_1 SELECT1_1_1
1018	SELECT1_1 SELECT1_1_1
1019	SELECT1_1 SELECT1_1_1 SELECT2_CONTINUE
1020	SELECT1_1 SELECT1_1_1
1021	SELECT1_1
1022	SELECT1_1 SELECT1_1_1
1023	SELECT1_1 SELECT1_1_1 SELECT2_CONTINUE
1031	SELECT1_1 SELECT1_1_1 SELECT6 SELECT2_CONTINUE
1032	SELECT1_1 SELECT1_1_1 SELECT6 SELECT2_CONTINUE
1033	SELECT1_1 SELECT1_1_1 SELECT6
1034	SELECT1_1 SELECT1_1_1 SELECT2_CONTINUE
1035	SELECT1_1 SELECT1_1_1 SELECT6 SELECT2_CONTINUE
1036	SELECT1_1 SELECT6 SELECT2_CONTINUE
1037	SELECT1_1 SELECT2_CONTINUE
1038	SELECT6 SELECT2_CONTINUE
1039	SELECT1_1 SELECT1_1_1 SELECT2_CONTINUE
1040	SELECT1_1 SELECT1_1_1 SELECT6 SELECT2_CONTINUE
1041	SELECT1_1 SELECT6
1042	SELECT1_1 SELECT1_1_1
1043	SELECT1_1 SELECT1_1_1 SELECT2_CONTINUE
1044	SELECT1_1 SELECT1_1_1 SELECT2_CONTINUE
1051	SELECT1_1 SELECT1_1_1 SELECT6 SELECT2_CONTINUE
1052	SELECT1_1 SELECT1_1_1
1053	SELECT1_1 SELECT1_1_1
1054	SELECT1_1 SELECT1_1_1 SELECT6 SELECT2_CONTINUE
1055	SELECT1_1 SELECT1_1_1 SELECT2_CONTINUE
1056	SELECT1_1 SELECT6 SELECT2_CONTINUE
1057	SELECT1_1 SELECT2_CONTINUE
1058	SELECT1_1 SELECT2_CONTINUE
1059	SELECT1_1 SELECT1_1_1 SELECT2_CONTINUE
1060	SELECT1_1 SELECT1_1_1 SELECT2_CONTINUE
1061	SELECT1_1
1062	SELECT1_1 SELECT1_1_1 SELECT2_CONTINUE
1063	SELECT1_1
1071	SELECT1_1 SELECT2_CONTINUE
1072	SELECT1_1 SELECT1_1_1 SELECT6 SELECT2_CONTINUE
1073	SELECT1_1 SELECT2_CONTINUE
1074	SELECT1_1 SELECT2_CONTINUE
1075	SELECT1_1 SELECT1_1_1 SELECT2_CONTINUE
1076	SELECT1_1 SELECT6 SELECT2_CONTINUE
1077	SELECT1_1 SELECT2_CONTINUE
1092	SELECT1_1 SELECT2_CONTINUE SELECT5_CHECK
1093	SELECT1_1 SELECT1_1_1 SELECT2_CONTINUE
1094	SELECT1_1 SELECT2_CONTINUE
1096	SELECT1_1 SELECT1_1_1 SELECT2_CONTINUE
1097	SELECT1_1 SELECT2_CONTINUE
1098	SELECT1_1 SELECT6 SELECT2_CONTINUE
1099	SELECT1_1 SELECT6
1103	SELECT6 SELECT5_CHECK
1105	SELECT6 SELECT5_CHECK
1108	SELECT6 SELECT5_CHECK
1109	SELECT6 SELECT5_CHECK
1111	SELECT6
1114	SELECT6
1115	SELECT2_CONTINUE
1116	SELECT1_1 SELECT6 SELECT5_CHECK
1117	SELECT6 SELECT5_CHECK
1118	SELECT2_CONTINUE
1121	SELECT1_1 SELECT6 SELECT5_CHECK
1123	SELECT1_1
1124	SELECT6 SELECT5_CHECK
1125	SELECT6 SELECT5_CHECK
1126	SELECT6 SELECT5_CHECK
1127	SELECT6 SELECT5_CHECK
1128	SELECT1_1 SELECT6 SELECT2_CONTINUE SELECT5_CHECK
1129	SELECT6 SELECT5_CHECK
1131	SELECT1_1 SELECT2_CONTINUE
1132	SELECT1_1 SELECT6 SELECT5_CHECK
1135	SELECT1_1
1136	SELECT1_1 SELECT6 SELECT5_CHECK
1137	SELECT6 SELECT5_CHECK
1138	SELECT1_1
1140	SELECT1_1
1142	SELECT1_1
1143	SELECT1_1
1144	SELECT1_1 SELECT6 SELECT5_CHECK_SIMPLE
1145	SELECT1_1 SELECT6 SELECT5_CHECK
1148	SELECT1_1 SELECT5_CHECK_SIMPLE
1149	SELECT1_1
1150	SELECT1_1
1151	SELECT1_1 SELECT6 SELECT5_CHECK
1152	SELECT1_1 SELECT6 SELECT2_CONTINUE SELECT5_CHECK
1154	SELECT1_1 SELECT5_CHECK_SIMPLE
1155	SELECT1_1 SELECT6 SELECT5_CHECK
1156	SELECT1_1 SELECT2_CONTINUE
1157	SELECT1_1
1158	SELECT1_1 SELECT2_CONTINUE
1159	SELECT1_1 SELECT6 SELECT5_CHECK
1160	SELECT1_1 SELECT6 SELECT5_CHECK
1161	SELECT1_1 SELECT6 SELECT5_CHECK
1162	SELECT1_1
1163	SELECT2_CONTINUE
1164	SELECT1_1
1165	SELECT1_1
1166	SELECT6 SELECT5_CHECK
1167	SELECT6 SELECT5_CHECK
1168	SELECT6 SELECT5_CHECK
1169	SELECT1_1
1170	SELECT1_1
1171	SELECT1_1
1172	SELECT1_1 SELECT6 SELECT5_CHECK
1174	SELECT1_1 SELECT6 SELECT5_CHECK
1176	SELECT1_1 SELECT6 SELECT5_CHECK
1177	SELECT1_1 SELECT6 SELECT5_CHECK
1178	SELECT1_1 SELECT6 SELECT5_CHECK
1179	SELECT1_1
1181	SELECT1_1
1183	SELECT1_1 SELECT2_CONTINUE
1184	SELECT1_1
1185	SELECT1_1
1186	SELECT1_1 SELECT6 SELECT5_CHECK
1187	SELECT6 SELECT5_CHECK
1189	SELECT1_1 SELECT6 SELECT5_CHECK
1190	SELECT1_1 SELECT6 SELECT5_CHECK
1192	SELECT2_CONTINUE
1193	SELECT6 SELECT5_CHECK
1194	SELECT1_1
1195	SELECT1_1
1196	SELECT1_1
1199	SELECT1_1
1200	SELECT1_1
1203	SELECT1_1 SELECT6 SELECT5_CHECK
1204	SELECT6 SELECT5_CHECK
1205	SELECT6
1206	SELECT6 SELECT5_CHECK
1207	SELECT1_1 SELECT6 SELECT5_CHECK
1208	SELECT1_1 SELECT6 SELECT5_CHECK
1210	SELECT1_1 SELECT6 SELECT5_CHECK
1211	SELECT1_1 SELECT6 SELECT5_CHECK
1213	SELECT1_1 SELECT6 SELECT5_CHECK
1214	SELECT1_1 SELECT6 SELECT5_CHECK
1215	SELECT1_1 SELECT6 SELECT5_CHECK
1218	SELECT2_CONTINUE
1219	SELECT6 SELECT5_CHECK
1220	SELECT2_CONTINUE
1222	SELECT6 SELECT5_CHECK
1223	SELECT6 SELECT5_CHECK
1225	SELECT6 SELECT5_CHECK
1301	SELECT6 SELECT5_CHECK
1302	SELECT1_1
1303	SELECT6 SELECT5_CHECK
1304	SELECT1_1
1307	SELECT1_1 SELECT6 SELECT5_CHECK
1308	SELECT1_1
1309	SELECT2_CONTINUE
1310	SELECT1_1
1311	SELECT1_1
1313	SELECT1_1
1314	SELECT2_CONTINUE
1316	SELECT1_1
1317	SELECT1_1 SELECT6 SELECT5_CHECK
1318	SELECT1_1 SELECT6 SELECT5_CHECK
1319	SELECT1_1 SELECT6 SELECT2_CONTINUE
1320	SELECT1_1
1321	SELECT1_1
1322	SELECT1_1 SELECT2_CONTINUE
1323	SELECT2_CONTINUE
1324	SELECT2_CONTINUE
1325	SELECT1_1 SELECT6 SELECT5_CHECK
1326	SELECT1_1
1327	SELECT1_1
1328	SELECT1_1
1330	SELECT1_1
1333	SELECT1_1 SELECT6 SELECT5_CHECK
1334	SELECT1_1 SELECT6 SELECT5_CHECK
1336	SELECT1_1
1339	SELECT1_1
1341	SELECT1_1 SELECT6 SELECT5_CHECK
1342	SELECT1_1 SELECT6 SELECT5_CHECK
1343	SELECT1_1
1345	SELECT1_1 SELECT1_1_1 SELECT2_CONTINUE
1346	SELECT1_1 SELECT1_1_1
1347	SELECT1_1
1349	SELECT1_1
1351	SELECT6 SELECT5_CHECK
1352	SELECT1_1
1353	SELECT1_1 SELECT6 SELECT5_CHECK
1354	SELECT6
1356	SELECT1_1
1357	SELECT1_1
1358	SELECT1_1 SELECT6 SELECT5_CHECK
1360	SELECT1_1
1361	SELECT1_1
1362	SELECT1_1 SELECT6 SELECT5_CHECK
1363	SELECT1_1 SELECT2_CONTINUE
1364	SELECT1_1
1365	SELECT1_1
1366	SELECT6 SELECT5_CHECK
1367	SELECT1_1
1368	SELECT1_1 SELECT6 SELECT5_CHECK
1370	SELECT1_1
1371	SELECT1_1
1372	SELECT1_1 SELECT6 SELECT5_CHECK
1373	SELECT1_1 SELECT6 SELECT5_CHECK
1374	SELECT1_1
1375	SELECT1_1 SELECT6 SELECT5_CHECK
1376	SELECT1_1
1379	SELECT1_1
1381	SELECT1_1 SELECT6 SELECT5_CHECK
1384	SELECT6 SELECT5_CHECK
1385	SELECT2_CONTINUE
1386	SELECT1_1 SELECT6 SELECT5_CHECK
1388	SELECT6 SELECT5_CHECK
1389	SELECT6 SELECT5_CHECK
1390	SELECT1_1
1393	SELECT1_1 SELECT1_1_1
1394	SELECT2_CONTINUE
1402	SELECT1_1 SELECT6 SELECT5_CHECK
1403	SELECT6 SELECT5_CHECK
1405	SELECT6 SELECT5_CHECK
1406	SELECT1_1
1407	SELECT1_1
1408	SELECT6 SELECT5_CHECK
1411	SELECT6 SELECT5_CHECK
1412	SELECT1_1
1415	SELECT1_1 SELECT6 SELECT5_CHECK
1416	SELECT6 SELECT5_CHECK
1419	SELECT6 SELECT5_CHECK
1420	SELECT1_1 SELECT6 SELECT5_CHECK
1421	SELECT1_1
1422	SELECT2_CONTINUE
1424	SELECT1_1 SELECT6 SELECT5_CHECK
1425	SELECT1_1 SELECT6 SELECT5_CHECK
1426	SELECT1_1 SELECT6 SELECT5_CHECK
1430	SELECT1_1 SELECT1_1_1
1431	SELECT1_1 SELECT6 SELECT5_CHECK
1432	SELECT6 SELECT5_CHECK
1433	SELECT1_1 SELECT6 SELECT5_CHECK
1434	SELECT1_1 SELECT6 SELECT5_CHECK
1435	SELECT1_1 SELECT6 SELECT5_CHECK
1436	SELECT6 SELECT5_CHECK
1437	SELECT1_1 SELECT6 SELECT5_CHECK
1438	SELECT6 SELECT5_CHECK
1439	SELECT6 SELECT5_CHECK
1440	SELECT6 SELECT5_CHECK
1441	SELECT1_1 SELECT6 SELECT5_CHECK
1442	SELECT1_1 SELECT6 SELECT5_CHECK
1443	SELECT6 SELECT5_CHECK
1444	SELECT1_1 SELECT6 SELECT5_CHECK
1446	SELECT6 SELECT5_CHECK
1447	SELECT6 SELECT5_CHECK
1448	SELECT1_1 SELECT6 SELECT5_CHECK
1450	SELECT6 SELECT5_CHECK
1452	SELECT1_1 SELECT2_CONTINUE
1453	SELECT1_1 SELECT6 SELECT5_CHECK
1454	SELECT6 SELECT5_CHECK
1455	SELECT6 SELECT5_CHECK
1456	SELECT6 SELECT5_CHECK
1457	SELECT1_1 SELECT6 SELECT5_CHECK
1458	SELECT6 SELECT5_CHECK
1459	SELECT6 SELECT5_CHECK
1460	SELECT1_1 SELECT6 SELECT5_CHECK
1461	SELECT1_1 SELECT6 SELECT5_CHECK
1462	SELECT1_1 SELECT6 SELECT5_CHECK
1463	SELECT2_CONTINUE
1464	SELECT_NONE_1
1466	SELECT_NONE_1
1467	SELECT1_1
1468	SELECT2_CONTINUE
1469	SELECT2_CONTINUE
1470	SELECT1_1
1471	SELECT2_CONTINUE
1472	SELECT_NONE_1
1473	SELECT6 SELECT5_CHECK
1474	SELECT1_1
1475	SELECT6 SELECT5_CHECK
1476	SELECT1_1
1477	SELECT1_1
1478	SELECT1_1 SELECT5_CHECK_SIMPLE
1479	SELECT2_CONTINUE
1480	SELECT6 SELECT5_CHECK
1481	SELECT6 SELECT5_CHECK
1482	SELECT1_1
1483	SELECT2_CONTINUE
1484	SELECT2_CONTINUE
1485	SELECT1_1
1486	SELECT1_1 SELECT6 SELECT5_CHECK
1487	SELECT1_1 SELECT5_CHECK_SIMPLE
1489	SELECT1_1 SELECT6 SELECT2_CONTINUE SELECT5_CHECK
1490	SELECT1_1 SELECT6 SELECT5_CHECK
1491	SELECT1_1 SELECT6 SELECT5_CHECK
1492	SELECT1_1 SELECT6 SELECT5_CHECK
1493	SELECT6 SELECT5_CHECK
1494	SELECT1_1 SELECT6 SELECT5_CHECK
1495	SELECT1_1 SELECT6 SELECT5_CHECK
1496	SELECT1_1 SELECT5_CHECK_SIMPLE
1497	SELECT1_1
1498	SELECT5_CHECK_SIMPLE
1501	SELECT1_1
1502	SELECT1_1 SELECT6 SELECT5_CHECK
1503	SELECT1_1 SELECT6 SELECT5_CHECK
1506	SELECT6 SELECT5_CHECK
1510	SELECT1_1 SELECT6 SELECT5_CHECK
1511	SELECT1_1 SELECT6 SELECT5_CHECK
1512	SELECT1_1 SELECT6 SELECT5_CHECK
1513	SELECT1_1
1514	SELECT2_CONTINUE
1516	SELECT1_1 SELECT6 SELECT5_CHECK
1518	SELECT1_1 SELECT6 SELECT5_CHECK
1519	SELECT6 SELECT5_CHECK
1520	SELECT6 SELECT5_CHECK
1521	SELECT1_1
1523	SELECT1_1 SELECT6 SELECT5_CHECK
1524	SELECT1_1 SELECT6 SELECT5_CHECK
1525	SELECT1_1
1526	SELECT6 SELECT5_CHECK
1527	SELECT1_1 SELECT2_CONTINUE
1528	SELECT1_1 SELECT2_CONTINUE
1529	SELECT1_1
1530	SELECT1_1 SELECT6 SELECT5_CHECK
1532	SELECT6 SELECT5_CHECK
1533	SELECT1_1
1534	SELECT6 SELECT5_CHECK
1535	SELECT_NONE_1
1536	SELECT1_1
1537	SELECT1_1 SELECT2_CONTINUE
1539	SELECT1_1 SELECT6 SELECT5_CHECK
1540	SELECT2_CONTINUE
1541	SELECT1_1 SELECT6 SELECT5_CHECK
1542	SELECT1_1
1543	SELECT6 SELECT5_CHECK
1544	SELECT6 SELECT5_CHECK
1545	SELECT6 SELECT5_CHECK
1547	SELECT6 SELECT5_CHECK
1549	SELECT6 SELECT5_CHECK
1550	SELECT1_1 SELECT6 SELECT5_CHECK
1552	SELECT1_1 SELECT6 SELECT5_CHECK
1553	SELECT2_CONTINUE
1554	SELECT1_1 SELECT6 SELECT5_CHECK
1555	SELECT1_1
1556	SELECT6 SELECT5_CHECK
1558	SELECT1_1
1559	SELECT2_CONTINUE
1560	SELECT1_1 SELECT2_CONTINUE
1562	SELECT_NONE_1 SELECT2_CONTINUE
1563	SELECT_NONE_1
1564	SELECT1_1
1566	SELECT6 SELECT5_CHECK
1570	SELECT1_1
1571	SELECT1_1
1572	SELECT1_1
1573	SELECT_NONE_1
1574	SELECT2_CONTINUE
1576	SELECT1_1 SELECT6 SELECT5_CHECK
1577	SELECT1_1
1578	SELECT2_CONTINUE
1579	SELECT6 SELECT5_CHECK
1580	SELECT1_1 SELECT6 SELECT5_CHECK
1582	SELECT2_CONTINUE
1583	SELECT1_1
1584	SELECT1_1
1585	SELECT1_1 SELECT6 SELECT5_CHECK
1589	SELECT6 SELECT5_CHECK
1591	SELECT6 SELECT5_CHECK
1592	SELECT1_1 SELECT6 SELECT5_CHECK
1593	SELECT1_1
1594	SELECT1_1 SELECT6 SELECT5_CHECK
1595	SELECT1_1 SELECT6 SELECT5_CHECK
1596	SELECT1_1 SELECT6 SELECT5_CHECK
1597	SELECT1_1
1599	SELECT6 SELECT5_CHECK
1600	SELECT1_1
1602	SELECT6 SELECT5_CHECK
1603	SELECT6 SELECT5_CHECK
1605	SELECT2_CONTINUE
1606	SELECT1_1
1607	SELECT1_1
1609	SELECT2_CONTINUE
1610	SELECT1_1 SELECT6 SELECT5_CHECK
1611	SELECT1_1 SELECT6 SELECT5_CHECK
1614	SELECT1_1
1615	SELECT1_1
1616	SELECT1_1 SELECT6 SELECT5_CHECK
1617	SELECT6 SELECT5_CHECK
1618	SELECT6 SELECT5_CHECK
1619	SELECT6 SELECT5_CHECK
1620	SELECT2_CONTINUE
1621	SELECT1_1
1622	SELECT6 SELECT5_CHECK
1623	SELECT1_1 SELECT6 SELECT5_CHECK
1624	SELECT6 SELECT5_CHECK
1625	SELECT1_1 SELECT6 SELECT5_CHECK
1628	SELECT1_1 SELECT2_CONTINUE
1629	SELECT6 SELECT5_CHECK
1630	SELECT6 SELECT5_CHECK
1632	SELECT6 SELECT5_CHECK
1634	SELECT_NONE_1
1635	SELECT1_1 SELECT6 SELECT5_CHECK
1636	SELECT_NONE_1 SELECT1_1 SELECT1_1_1
1641	SELECT1_1 SELECT6 SELECT5_CHECK
1642	SELECT1_1 SELECT6 SELECT5_CHECK
1643	SELECT1_1
1644	SELECT2_CONTINUE
1645	SELECT1_1 SELECT6 SELECT5_CHECK
1646	SELECT6 SELECT5_CHECK
1647	SELECT_NONE_1
1648	SELECT2_CONTINUE
1649	SELECT1_1
1652	SELECT1_1
1653	SELECT1_1 SELECT6 SELECT5_CHECK
1654	SELECT1_1
1661	SELECT1_1
1662	SELECT1_1
1663	SELECT6 SELECT5_CHECK
1664	SELECT1_1 SELECT5_CHECK_SIMPLE
1665	SELECT1_1
1666	SELECT1_1
1668	SELECT1_1
1669	SELECT5_CHECK_SIMPLE
1671	SELECT1_1
1672	SELECT1_1 SELECT6 SELECT5_CHECK
1673	SELECT1_1 SELECT6 SELECT5_CHECK
1674	SELECT1_1 SELECT6 SELECT5_CHECK
1675	SELECT1_1 SELECT6 SELECT5_CHECK
1676	SELECT1_1 SELECT6 SELECT5_CHECK
1677	SELECT1_1 SELECT6 SELECT5_CHECK
1678	SELECT6 SELECT5_CHECK
1679	SELECT1_1 SELECT6 SELECT5_CHECK
1680	SELECT6 SELECT5_CHECK
1681	SELECT6 SELECT5_CHECK
1682	SELECT6 SELECT5_CHECK
1683	SELECT1_1 SELECT6 SELECT5_CHECK
1684	SELECT1_1 SELECT6 SELECT5_CHECK
1685	SELECT6 SELECT5_CHECK
1688	SELECT1_1 SELECT6 SELECT5_CHECK
1689	SELECT6 SELECT5_CHECK
1690	SELECT6 SELECT5_CHECK
1691	SELECT1_1 SELECT2_CONTINUE
1692	SELECT1_1 SELECT6 SELECT5_CHECK
1693	SELECT_NONE_1 SELECT1_1
1694	SELECT1_1
1696	SELECT6 SELECT5_CHECK
1716	SELECT1_1
1718	SELECT2_CONTINUE
1721	SELECT2_CONTINUE
1722	SELECT_NONE_1 SELECT1_1 SELECT6 SELECT2_CONTINUE
1724	SELECT2_CONTINUE
1725	SELECT2_CONTINUE
1726	SELECT2_CONTINUE
1727	SELECT1_1 SELECT2_CONTINUE
1728	SELECT1_1
1729	SELECT1_1
1730	SELECT1_1 SELECT6 SELECT5_CHECK
1731	SELECT6 SELECT5_CHECK
1733	SELECT1_1 SELECT6 SELECT2_CONTINUE SELECT5_CHECK
1734	SELECT6 SELECT5_CHECK
1735	SELECT6 SELECT5_CHECK
1740	SELECT_NONE_1
1742	SELECT1_1
1743	SELECT1_1 SELECT6 SELECT5_CHECK
1744	SELECT6 SELECT5_CHECK
1746	SELECT6 SELECT5_CHECK
1747	SELECT1_1
1748	SELECT6 SELECT5_CHECK
1749	SELECT6 SELECT5_CHECK
1750	SELECT1_1
1751	SELECT1_1 SELECT6 SELECT5_CHECK
1753	SELECT1_1
1754	SELECT1_1
1755	SELECT1_1
1758	SELECT6 SELECT5_CHECK
1759	SELECT1_1 SELECT6 SELECT5_CHECK
1761	SELECT_NONE_1 SELECT1_1
1762	SELECT1_1 SELECT6 SELECT5_CHECK
1763	SELECT1_1 SELECT6 SELECT5_CHECK
1764	SELECT1_1 SELECT6 SELECT5_CHECK
1768	SELECT6 SELECT5_CHECK
1769	SELECT1_1
1771	SELECT1_1 SELECT6 SELECT5_CHECK
1772	SELECT1_1 SELECT6 SELECT5_CHECK
1773	SELECT1_1
1774	SELECT1_1
1775	SELECT1_1
1776	SELECT1_1 SELECT6 SELECT5_CHECK
1777	SELECT2_CONTINUE
1778	SELECT6 SELECT5_CHECK
1781	SELECT1_1 SELECT6 SELECT5_CHECK
1782	SELECT1_1
1784	SELECT6 SELECT5_CHECK
1786	SELECT1_1 SELECT6 SELECT5_CHECK
1789	SELECT1_1 SELECT6 SELECT5_CHECK
1793	SELECT1_1 SELECT6 SELECT5_CHECK
1794	SELECT6 SELECT5_CHECK
1796	SELECT6 SELECT5_CHECK
1798	SELECT_NONE_1 SELECT1_1 SELECT6 SELECT2_CONTINUE
1799	SELECT2_CONTINUE
1800	SELECT2_CONTINUE
1801	SELECT6 SELECT5_CHECK
1802	SELECT6 SELECT5_CHECK
1803	SELECT6 SELECT5_CHECK
1804	SELECT6 SELECT5_CHECK
1805	SELECT6 SELECT5_CHECK
1806	SELECT6 SELECT5_CHECK
1807	SELECT1_1 SELECT6 SELECT5_CHECK
1808	SELECT1_1 SELECT6 SELECT5_CHECK
1809	SELECT6 SELECT5_CHECK
1810	SELECT6 SELECT5_CHECK
1811	SELECT6 SELECT5_CHECK
1812	SELECT6 SELECT5_CHECK
1813	SELECT6 SELECT5_CHECK
1814	SELECT6 SELECT5_CHECK
1815	SELECT6 SELECT5_CHECK
1816	SELECT6 SELECT5_CHECK
1817	SELECT_NONE_1 SELECT1_1 SELECT6 SELECT2_CONTINUE
1818	SELECT1_1
1819	SELECT6 SELECT5_CHECK
1820	SELECT6 SELECT5_CHECK
1821	SELECT6 SELECT5_CHECK
1822	SELECT6 SELECT5_CHECK
1823	SELECT6 SELECT5_CHECK
1824	SELECT6 SELECT5_CHECK
1825	SELECT6 SELECT5_CHECK
1826	SELECT6 SELECT5_CHECK
1845	SELECT2_CONTINUE
1846	SELECT2_CONTINUE
1847	SELECT2_CONTINUE
1848	SELECT1_1 SELECT6 SELECT5_CHECK
1851	SELECT2_CONTINUE
1858	SELECT6 SELECT5_CHECK
1859	SELECT6 SELECT5_CHECK
1860	SELECT6 SELECT5_CHECK
1861	SELECT6 SELECT5_CHECK
1862	SELECT6 SELECT5_CHECK
1863	SELECT6 SELECT5_CHECK
1868	SELECT1_1
1871	SELECT2_CONTINUE
1888	SELECT_NONE_1
1900	SELECT6 SELECT2_CONTINUE
1901	SELECT1_1 SELECT6 SELECT2_CONTINUE
1902	SELECT1_1 SELECT6 SELECT5_CHECK
1903	SELECT1_1 SELECT6 SELECT5_CHECK
1904	SELECT6 SELECT5_CHECK
1905	SELECT6 SELECT5_CHECK
1906	SELECT1_1 SELECT6 SELECT5_CHECK
1907	SELECT1_1 SELECT6 SELECT5_CHECK
1908	SELECT2_CONTINUE
1909	SELECT1_1 SELECT2_CONTINUE
1910	SELECT6 SELECT5_CHECK
1911	SELECT1_1 SELECT6 SELECT5_CHECK
1912	SELECT6 SELECT5_CHECK
1913	SELECT1_1
1914	SELECT1_1
1915	SELECT1_1
1916	SELECT1_1
1917	SELECT1_1 SELECT1_1_1 SELECT2_CONTINUE
1918	SELECT1_1 SELECT2_CONTINUE
1920	SELECT1_1 SELECT1_1_1 SELECT2_CONTINUE
1921	SELECT1_1 SELECT1_1_1 SELECT2_CONTINUE
1922	SELECT1_1 SELECT1_1_1 SELECT2_CONTINUE
1923	SELECT1_1 SELECT1_1_1 SELECT2_CONTINUE
1924	SELECT1_1 SELECT1_1_1 SELECT2_CONTINUE
1925	SELECT1_1 SELECT1_1_1 SELECT2_CONTINUE
1926	SELECT1_1
1928	SELECT1_1 SELECT2_CONTINUE
1929	SELECT1_1 SELECT6 SELECT2_CONTINUE
1930	SELECT1_1 SELECT6 SELECT5_CHECK
1931	SELECT1_1 SELECT6 SELECT5_CHECK
1932	SELECT1_1 SELECT6 SELECT2_CONTINUE SELECT5_CHECK
1933	SELECT1_1 SELECT6 SELECT5_CHECK
1934	SELECT1_1 SELECT6 SELECT5_CHECK
1935	SELECT2_CONTINUE
1937	SELECT2_CONTINUE
1938	SELECT2_CONTINUE
1948	SELECT1_1 SELECT2_CONTINUE
1949	SELECT6 SELECT5_CHECK
1963	SELECT2_CONTINUE
1964	SELECT2_CONTINUE
1972	SELECT6 SELECT5_CHECK
1973	SELECT6 SELECT5_CHECK
1974	SELECT6 SELECT5_CHECK
1975	SELECT6 SELECT5_CHECK
1976	SELECT6 SELECT5_CHECK
1977	SELECT6 SELECT5_CHECK
1978	SELECT6 SELECT5_CHECK
1979	SELECT6 SELECT5_CHECK
1980	SELECT6 SELECT5_CHECK
1981	SELECT6 SELECT5_CHECK
1982	SELECT6 SELECT5_CHECK
1983	SELECT6 SELECT5_CHECK
1986	SELECT1_1
1988	SELECT2_CONTINUE
1989	SELECT6 SELECT2_CONTINUE
1991	SELECT1_1 SELECT1_1_1
1992	SELECT6
1993	SELECT1_1 SELECT1_1_1
1994	SELECT1_1 SELECT1_1_1
1995	SELECT1_1 SELECT1_1_1
1996	SELECT1_1 SELECT1_1_1
2000	SELECT1_1 SELECT6 SELECT2_CONTINUE SELECT5_CHECK
2001	SELECT1_1 SELECT1_1_1
2002	SELECT1_1 SELECT1_1_1 SELECT6 SELECT2_CONTINUE SELECT5_CHECK
2003	SELECT1_1 SELECT1_1_1
2004	SELECT1_1 SELECT1_1_1
2005	SELECT1_1 SELECT1_1_1
2006	SELECT1_1 SELECT1_1_1
2007	SELECT1_1 SELECT1_1_1 SELECT6 SELECT2_CONTINUE
2008	SELECT1_1 SELECT1_1_1 SELECT6 SELECT2_CONTINUE
2009	SELECT1_1 SELECT1_1_1 SELECT6 SELECT2_CONTINUE
2011	SELECT1_1 SELECT1_1_1 SELECT2_CONTINUE
2012	SELECT1_1 SELECT1_1_1
2013	SELECT1_1 SELECT1_1_1 SELECT2_CONTINUE
2014	SELECT1_1 SELECT1_1_1 SELECT2_CONTINUE
2015	SELECT1_1 SELECT1_1_1
2016	SELECT1_1 SELECT1_1_1 SELECT2_CONTINUE
2017	SELECT1_1 SELECT1_1_1 SELECT2_CONTINUE
2018	SELECT1_1 SELECT1_1_1 SELECT2_CONTINUE
2019	SELECT1_1 SELECT1_1_1 SELECT2_CONTINUE
2020	SELECT1_1 SELECT1_1_1 SELECT2_CONTINUE
2021	SELECT1_1 SELECT1_1_1 SELECT2_CONTINUE
2022	SELECT1_1 SELECT1_1_1
2023	SELECT1_1 SELECT1_1_1 SELECT2_CONTINUE
2031	SELECT1_1 SELECT2_CONTINUE
2032	SELECT1_1 SELECT2_CONTINUE
2033	SELECT1_1 SELECT1_1_1 SELECT6 SELECT2_CONTINUE
2034	SELECT1_1 SELECT6 SELECT2_CONTINUE
2035	SELECT1_1 SELECT1_1_1 SELECT6
2036	SELECT2_CONTINUE SELECT5_CHECK
2037	SELECT1_1 SELECT1_1_1 SELECT6 SELECT2_CONTINUE
2038	SELECT1_1
2039	SELECT1_1 SELECT1_1_1 SELECT2_CONTINUE
2040	SELECT1_1 SELECT2_CONTINUE
2041	SELECT1_1 SELECT1_1_1 SELECT2_CONTINUE
2042	SELECT1_1 SELECT1_1_1 SELECT2_CONTINUE
2051	SELECT1_1 SELECT6 SELECT2_CONTINUE
2052	SELECT1_1 SELECT1_1_1 SELECT2_CONTINUE SELECT5_CHECK
2053	SELECT1_1 SELECT1_1_1 SELECT6 SELECT2_CONTINUE
2054	SELECT1_1 SELECT1_1_1 SELECT2_CONTINUE
2055	SELECT1_1 SELECT6 SELECT2_CONTINUE SELECT5_CHECK
2056	SELECT1_1 SELECT2_CONTINUE
2057	SELECT1_1 SELECT1_1_1 SELECT2_CONTINUE
2058	SELECT1_1 SELECT2_CONTINUE
2059	SELECT1_1 SELECT2_CONTINUE
2060	SELECT1_1 SELECT2_CONTINUE
2061	SELECT1_1 SELECT2_CONTINUE
2071	SELECT1_1 SELECT6 SELECT2_CONTINUE
2072	SELECT1_1 SELECT1_1_1 SELECT6 SELECT2_CONTINUE
2073	SELECT1_1 SELECT2_CONTINUE
2074	SELECT1_1 SELECT2_CONTINUE
2075	SELECT1_1 SELECT2_CONTINUE
2076	SELECT1_1
2077	SELECT1_1 SELECT6 SELECT2_CONTINUE
2092	SELECT1_1 SELECT5_CHECK
2093	SELECT1_1 SELECT1_1_1 SELECT6 SELECT2_CONTINUE SELECT5_CHECK
2094	SELECT1_1 SELECT6 SELECT2_CONTINUE
2096	SELECT1_1 SELECT2_CONTINUE
2097	SELECT1_1 SELECT2_CONTINUE
2098	SELECT1_1 SELECT1_1_1 SELECT6 SELECT2_CONTINUE
2099	SELECT1_1 SELECT6
2104	SELECT6 SELECT5_CHECK
2105	SELECT1_1 SELECT6 SELECT5_CHECK
2107	SELECT2_CONTINUE
2108	SELECT6 SELECT5_CHECK
2109	SELECT1_1 SELECT6 SELECT5_CHECK
2110	SELECT1_1
2112	SELECT1_1 SELECT6 SELECT5_CHECK
2113	SELECT1_1 SELECT6 SELECT5_CHECK
2114	SELECT1_1 SELECT1_1_1
2116	SELECT6 SELECT5_CHECK
2118	SELECT6 SELECT5_CHECK
2119	SELECT6 SELECT5_CHECK
2120	SELECT6 SELECT5_CHECK
2121	SELECT1_1
2122	SELECT1_1 SELECT1_1_1 SELECT2_CONTINUE
2123	SELECT1_1 SELECT1_1_1
2124	SELECT1_1 SELECT6 SELECT5_CHECK
2125	SELECT2_CONTINUE
2126	SELECT1_1 SELECT6 SELECT5_CHECK
2127	SELECT1_1 SELECT6 SELECT5_CHECK
2128	SELECT6 SELECT5_CHECK
2132	SELECT6
2133	SELECT1_1 SELECT6 SELECT5_CHECK
2134	SELECT1_1 SELECT6 SELECT5_CHECK
2135	SELECT1_1 SELECT2_CONTINUE
2136	SELECT2_CONTINUE
2137	SELECT1_1
2144	SELECT6 SELECT5_CHECK
2145	SELECT6 SELECT5_CHECK
2147	SELECT6 SELECT5_CHECK
2201	SELECT1_1
2203	SELECT1_1 SELECT6 SELECT5_CHECK
2204	SELECT1_1 SELECT6 SELECT5_CHECK
2205	SELECT1_1 SELECT6 SELECT5_CHECK
2206	SELECT1_1 SELECT6 SELECT5_CHECK
2207	SELECT2_CONTINUE
2208	SELECT1_1 SELECT2_CONTINUE
2209	SELECT1_1 SELECT2_CONTINUE
2212	SELECT1_1 SELECT6 SELECT5_CHECK
2213	SELECT1_1
2214	SELECT6 SELECT5_CHECK
2215	SELECT1_1
2218	SELECT1_1 SELECT6 SELECT5_CHECK
2219	SELECT6 SELECT5_CHECK
2221	SELECT2_CONTINUE
2222	SELECT2_CONTINUE
2223	SELECT6 SELECT2_CONTINUE
2224	SELECT1_1 SELECT5_CHECK_SIMPLE
2225	SELECT1_1
2226	SELECT1_1
2227	SELECT1_1 SELECT6 SELECT5_CHECK
2229	SELECT1_1 SELECT6 SELECT5_CHECK
2230	SELECT6 SELECT5_CHECK
2231	SELECT1_1 SELECT2_CONTINUE
2232	SELECT1_1 SELECT6 SELECT2_CONTINUE SELECT5_CHECK
2236	SELECT5_CHECK_SIMPLE
2237	SELECT5_CHECK_SIMPLE
2238	SELECT1_1 SELECT5_CHECK_SIMPLE
2239	SELECT1_1 SELECT2_CONTINUE
2240	SELECT1_1
2241	SELECT1_1 SELECT6 SELECT5_CHECK
2242	SELECT1_1
2243	SELECT1_1
2244	SELECT1_1
2245	SELECT1_1
2246	SELECT1_1 SELECT6 SELECT5_CHECK
2247	SELECT1_1 SELECT2_CONTINUE
2249	SELECT1_1 SELECT6 SELECT5_CHECK
2250	SELECT1_1 SELECT6 SELECT5_CHECK
2251	SELECT6 SELECT5_CHECK
2252	SELECT1_1 SELECT1_1_1
2253	SELECT1_1
2254	SELECT1_1 SELECT6 SELECT5_CHECK
2257	SELECT6 SELECT5_CHECK
2259	SELECT6 SELECT5_CHECK
2262	SELECT1_1
2263	SELECT1_1 SELECT6 SELECT5_CHECK
2265	SELECT1_1 SELECT6 SELECT5_CHECK
2266	SELECT2_CONTINUE
2267	SELECT1_1
2268	SELECT1_1
2269	SELECT1_1 SELECT6 SELECT5_CHECK
2270	SELECT6 SELECT5_CHECK
2271	SELECT2_CONTINUE
2272	SELECT1_1 SELECT6 SELECT5_CHECK
2273	SELECT6 SELECT5_CHECK
2274	SELECT2_CONTINUE
2275	SELECT1_1 SELECT6 SELECT5_CHECK
2276	SELECT6 SELECT5_CHECK
2277	SELECT6 SELECT5_CHECK
2278	SELECT1_1 SELECT2_CONTINUE
2279	SELECT2_CONTINUE
2284	SELECT1_1 SELECT2_CONTINUE
2289	SELECT2_CONTINUE
2292	SELECT1_1 SELECT5_CHECK_SIMPLE
2293	SELECT1_1
2296	SELECT2_CONTINUE
2297	SELECT6 SELECT5_CHECK
2298	SELECT6 SELECT5_CHECK
2299	SELECT6 SELECT5_CHECK
2301	SELECT1_1 SELECT6 SELECT5_CHECK
2302	SELECT6 SELECT5_CHECK
2303	SELECT_NONE_1 SELECT1_1
2304	SELECT1_1
2305	SELECT6 SELECT5_CHECK
2306	SELECT1_1
2307	SELECT_NONE_1 SELECT1_1
2308	SELECT1_1
2311	SELECT6 SELECT5_CHECK
2312	SELECT6 SELECT5_CHECK
2313	SELECT1_1
2314	SELECT1_1 SELECT6 SELECT5_CHECK
2317	SELECT1_1
2320	SELECT1_1 SELECT6 SELECT5_CHECK
2321	SELECT2_CONTINUE
2323	SELECT1_1 SELECT6 SELECT5_CHECK
2325	SELECT1_1 SELECT6 SELECT5_CHECK
2327	SELECT1_1
2328	SELECT6 SELECT5_CHECK
2329	SELECT6 SELECT5_CHECK
2331	SELECT1_1
2332	SELECT_NONE_1
2333	SELECT2_CONTINUE
2334	SELECT6 SELECT5_CHECK
2338	SELECT6 SELECT5_CHECK
2339	SELECT6 SELECT5_CHECK
2340	SELECT1_1 SELECT6 SELECT5_CHECK
2342	SELECT1_1
2344	SELECT1_1
2345	SELECT_NONE_1 SELECT2_CONTINUE
2346	SELECT1_1 SELECT6 SELECT5_CHECK
2351	SELECT1_1
2353	SELECT1_1 SELECT6 SELECT5_CHECK
2354	SELECT1_1
2356	SELECT1_1 SELECT6 SELECT5_CHECK
2359	SELECT1_1 SELECT6 SELECT5_CHECK
2362	SELECT1_1 SELECT6 SELECT5_CHECK
2367	SELECT1_1
2368	SELECT1_1
2369	SELECT1_1 SELECT6 SELECT5_CHECK
2371	SELECT1_1 SELECT6 SELECT5_CHECK
2372	SELECT_NONE_1 SELECT1_1 SELECT2_CONTINUE
2373	SELECT6 SELECT5_CHECK
2375	SELECT1_1
2377	SELECT1_1
2378	SELECT6 SELECT5_CHECK
2379	SELECT1_1 SELECT6 SELECT5_CHECK
2380	SELECT6 SELECT5_CHECK
2381	SELECT6 SELECT5_CHECK
2382	SELECT1_1
2383	SELECT1_1 SELECT2_CONTINUE
2384	SELECT6 SELECT5_CHECK
2386	SELECT6 SELECT5_CHECK
2387	SELECT1_1 SELECT6 SELECT5_CHECK
2388	SELECT1_1
2389	SELECT1_1 SELECT6 SELECT5_CHECK
2391	SELECT1_1 SELECT6 SELECT5_CHECK
2393	SELECT_NONE_1
2394	SELECT_NONE_1
2395	SELECT1_1
2400	SELECT1_1 SELECT6 SELECT5_CHECK
2401	SELECT1_1 SELECT6 SELECT5_CHECK
2402	SELECT1_1 SELECT6 SELECT5_CHECK
2403	SELECT1_1
2407	SELECT6 SELECT5_CHECK
2409	SELECT2_CONTINUE
2411	SELECT_NONE_1 SELECT1_1
2412	SELECT6 SELECT5_CHECK
2413	SELECT6 SELECT5_CHECK
2414	SELECT1_1 SELECT2_CONTINUE
2416	SELECT1_1 SELECT6 SELECT5_CHECK
2417	SELECT1_1
2419	SELECT1_1 SELECT6 SELECT5_CHECK
2421	SELECT2_CONTINUE
2422	SELECT1_1 SELECT2_CONTINUE
2423	SELECT1_1 SELECT1_1_1
2424	SELECT1_1
2425	SELECT5_CHECK_SIMPLE
2427	SELECT5_CHECK_SIMPLE
2428	SELECT6 SELECT2_CONTINUE
2429	SELECT5_CHECK_SIMPLE
2430	SELECT1_1 SELECT6 SELECT2_CONTINUE
2431	SELECT6 SELECT5_CHECK
2433	SELECT1_1 SELECT2_CONTINUE
2435	SELECT2_CONTINUE
2436	SELECT1_1
2439	SELECT1_1
2440	SELECT6 SELECT5_CHECK
2441	SELECT1_1
2442	SELECT6 SELECT5_CHECK
2443	SELECT1_1_1
2446	SELECT6 SELECT5_CHECK
2448	SELECT1_1
2449	SELECT_NONE_1 SELECT1_1
2451	SELECT6 SELECT5_CHECK
2452	SELECT1_1 SELECT6 SELECT5_CHECK
2453	SELECT6 SELECT5_CHECK
2454	SELECT6 SELECT5_CHECK
2455	SELECT6 SELECT5_CHECK
2456	SELECT1_1 SELECT6 SELECT5_CHECK
2457	SELECT1_1 SELECT6 SELECT5_CHECK
2458	SELECT2_CONTINUE
2459	SELECT6 SELECT5_CHECK
2460	SELECT6 SELECT5_CHECK
2461	SELECT6 SELECT5_CHECK
2462	SELECT6 SELECT5_CHECK
2463	SELECT1_1 SELECT6 SELECT5_CHECK
2464	SELECT6 SELECT5_CHECK
2465	SELECT1_1 SELECT6 SELECT5_CHECK
2466	SELECT1_1 SELECT6 SELECT5_CHECK
2467	SELECT6 SELECT5_CHECK
2468	SELECT1_1 SELECT6 SELECT5_CHECK
2469	SELECT6 SELECT5_CHECK
2470	SELECT1_1 SELECT6 SELECT5_CHECK
2471	SELECT1_1 SELECT6 SELECT5_CHECK
2472	SELECT1_1 SELECT6 SELECT5_CHECK
2473	SELECT1_1 SELECT6 SELECT5_CHECK
2474	SELECT1_1 SELECT6 SELECT5_CHECK
2475	SELECT6 SELECT5_CHECK
2476	SELECT1_1 SELECT6 SELECT5_CHECK
2478	SELECT1_1 SELECT6 SELECT5_CHECK
2480	SELECT2_CONTINUE
2481	SELECT1_1 SELECT6 SELECT5_CHECK
2482	SELECT2_CONTINUE
2483	SELECT1_1 SELECT6 SELECT5_CHECK
2484	SELECT_NONE_1
2486	SELECT1_1 SELECT2_CONTINUE
2487	SELECT6 SELECT5_CHECK
2488	SELECT2_CONTINUE
2490	SELECT1_1 SELECT6 SELECT5_CHECK
2491	SELECT1_1 SELECT6 SELECT5_CHECK
2494	SELECT6 SELECT5_CHECK
2495	SELECT1_1 SELECT1_1_1 SELECT5_CHECK_SIMPLE
2496	SELECT6 SELECT5_CHECK
2497	SELECT6 SELECT5_CHECK
2499	SELECT6 SELECT5_CHECK
2501	SELECT1_1 SELECT2_CONTINUE
2502	SELECT6 SELECT5_CHECK
2503	SELECT6 SELECT5_CHECK
2504	SELECT6 SELECT5_CHECK
2505	SELECT2_CONTINUE
2507	SELECT1_1
2508	SELECT1_1
2510	SELECT1_1 SELECT6 SELECT2_CONTINUE SELECT5_CHECK
2511	SELECT1_1 SELECT6 SELECT5_CHECK
2512	SELECT2_CONTINUE
2513	SELECT1_1 SELECT2_CONTINUE
2514	SELECT2_CONTINUE
2515	SELECT1_1 SELECT2_CONTINUE
2519	SELECT6 SELECT5_CHECK
2520	SELECT6 SELECT5_CHECK
2523	SELECT1_1 SELECT2_CONTINUE
2525	SELECT6 SELECT5_CHECK
2526	SELECT1_1
2527	SELECT6 SELECT5_CHECK
2529	SELECT1_1 SELECT6 SELECT5_CHECK
2531	SELECT1_1 SELECT6 SELECT5_CHECK
2537	SELECT1_1
2538	SELECT1_1 SELECT2_CONTINUE
2539	SELECT2_CONTINUE
2540	SELECT6 SELECT5_CHECK
2541	SELECT6 SELECT5_CHECK
2542	SELECT6 SELECT5_CHECK
2543	SELECT1_1 SELECT6 SELECT5_CHECK
2545	SELECT1_1 SELECT6 SELECT5_CHECK
2547	SELECT1_1 SELECT6 SELECT5_CHECK
2548	SELECT1_1 SELECT6 SELECT5_CHECK
2549	SELECT2_CONTINUE
2551	SELECT1_1
2553	SELECT2_CONTINUE
2554	SELECT6 SELECT5_CHECK
2556	SELECT1_1
2557	SELECT1_1 SELECT6 SELECT5_CHECK
2558	SELECT1_1 SELECT6 SELECT5_CHECK
2559	SELECT6 SELECT5_CHECK
2561	SELECT1_1
2562	SELECT6 SELECT5_CHECK
2563	SELECT1_1 SELECT6 SELECT5_CHECK
2564	SELECT1_1 SELECT2_CONTINUE
2565	SELECT6 SELECT5_CHECK
2568	SELECT1_1
2569	SELECT1_1 SELECT2_CONTINUE
2570	SELECT6 SELECT5_CHECK
2571	SELECT1_1
2572	SELECT1_1 SELECT1_1_1 SELECT6 SELECT5_CHECK
2574	SELECT6 SELECT5_CHECK
2578	SELECT2_CONTINUE
2579	SELECT1_1 SELECT6 SELECT5_CHECK
2580	SELECT1_1
2581	SELECT1_1 SELECT6 SELECT5_CHECK
2583	SELECT2_CONTINUE
2585	SELECT1_1 SELECT6 SELECT5_CHECK
2586	SELECT1_1 SELECT6 SELECT5_CHECK
2588	SELECT1_1 SELECT6 SELECT5_CHECK
2593	SELECT1_1
2594	SELECT1_1
2595	SELECT6 SELECT5_CHECK
2596	SELECT1_1 SELECT6 SELECT5_CHECK
2597	SELECT1_1 SELECT6 SELECT5_CHECK
2599	SELECT6 SELECT5_CHECK
2600	SELECT6 SELECT2_CONTINUE
2602	SELECT1_1 SELECT6 SELECT5_CHECK
2611	SELECT1_1 SELECT2_CONTINUE
2612	SELECT1_1 SELECT6 SELECT5_CHECK
2613	SELECT1_1
2614	SELECT1_1 SELECT6 SELECT5_CHECK
2615	SELECT1_1
2617	SELECT6 SELECT5_CHECK
2618	SELECT1_1
2619	SELECT1_1
2620	SELECT1_1
2621	SELECT1_1
2623	SELECT1_1 SELECT6 SELECT5_CHECK
2625	SELECT1_1 SELECT6 SELECT5_CHECK
2626	SELECT1_1 SELECT6 SELECT5_CHECK
2627	SELECT1_1 SELECT5_CHECK_SIMPLE
2628	SELECT1_1
2629	SELECT1_1
2630	SELECT1_1 SELECT2_CONTINUE
2631	SELECT1_1 SELECT6 SELECT5_CHECK
2632	SELECT1_1
2633	SELECT1_1
2634	SELECT1_1
2640	SELECT6 SELECT5_CHECK
2641	SELECT2_CONTINUE
2642	SELECT6 SELECT5_CHECK
2643	SELECT1_1 SELECT6 SELECT5_CHECK
2645	SELECT6 SELECT5_CHECK
2646	SELECT2_CONTINUE
2647	SELECT1_1
2649	SELECT6 SELECT5_CHECK
2651	SELECT1_1 SELECT2_CONTINUE
2652	SELECT6 SELECT5_CHECK
2653	SELECT2_CONTINUE
2657	SELECT6 SELECT5_CHECK
2658	SELECT6 SELECT5_CHECK
2660	SELECT1_1 SELECT6 SELECT5_CHECK
2663	SELECT2_CONTINUE
2665	SELECT1_1
2667	SELECT1_1
2670	SELECT2_CONTINUE
2672	SELECT6 SELECT5_CHECK
2673	SELECT6 SELECT5_CHECK
2674	SELECT1_1
2675	SELECT6 SELECT5_CHECK
2676	SELECT1_1
2677	SELECT1_1
2678	SELECT1_1 SELECT6 SELECT5_CHECK
2679	SELECT1_1 SELECT6 SELECT5_CHECK
2680	SELECT1_1 SELECT6 SELECT5_CHECK
2681	SELECT1_1 SELECT6 SELECT5_CHECK
2682	SELECT1_1 SELECT6 SELECT5_CHECK
2683	SELECT6 SELECT5_CHECK
2684	SELECT6 SELECT5_CHECK
2685	SELECT6 SELECT5_CHECK
2686	SELECT6 SELECT5_CHECK
2687	SELECT1_1 SELECT6 SELECT5_CHECK
2688	SELECT6 SELECT5_CHECK
2689	SELECT6 SELECT5_CHECK
2690	SELECT1_1
2691	SELECT6 SELECT5_CHECK
2692	SELECT1_1 SELECT2_CONTINUE
2693	SELECT2_CONTINUE
2694	SELECT6 SELECT5_CHECK
2697	SELECT1_1
2698	SELECT1_1 SELECT6 SELECT5_CHECK
2699	SELECT6 SELECT5_CHECK
2716	SELECT1_1
2718	SELECT2_CONTINUE
2721	SELECT2_CONTINUE
2722	SELECT1_1 SELECT6 SELECT2_CONTINUE
2724	SELECT1_1 SELECT2_CONTINUE
2725	SELECT2_CONTINUE
2726	SELECT2_CONTINUE
2727	SELECT2_CONTINUE
2728	SELECT6 SELECT5_CHECK
2729	SELECT1_1
2732	SELECT1_1 SELECT6 SELECT2_CONTINUE SELECT5_CHECK
2733	SELECT6 SELECT5_CHECK
2734	SELECT6 SELECT5_CHECK
2738	SELECT1_1
2739	SELECT1_1
2740	SELECT_NONE_1
2741	SELECT1_1 SELECT6 SELECT5_CHECK
2742	SELECT1_1
2744	SELECT6 SELECT5_CHECK
2746	SELECT6 SELECT5_CHECK
2751	SELECT6 SELECT5_CHECK
2752	SELECT6 SELECT5_CHECK
2754	SELECT6 SELECT5_CHECK
2757	SELECT1_1
2758	SELECT_NONE_1
2760	SELECT1_1 SELECT6 SELECT5_CHECK
2761	SELECT1_1 SELECT6 SELECT5_CHECK
2762	SELECT1_1 SELECT6 SELECT5_CHECK
2765	SELECT1_1 SELECT6 SELECT5_CHECK
2766	SELECT6 SELECT5_CHECK
2767	SELECT1_1 SELECT2_CONTINUE
2771	SELECT1_1
2772	SELECT1_1 SELECT6 SELECT5_CHECK
2773	SELECT2_CONTINUE
2774	SELECT6 SELECT5_CHECK
2775	SELECT6 SELECT5_CHECK
2779	SELECT6 SELECT5_CHECK
2781	SELECT6 SELECT5_CHECK
2783	SELECT6 SELECT5_CHECK
2784	SELECT6 SELECT5_CHECK
2788	SELECT6 SELECT5_CHECK
2789	SELECT6 SELECT5_CHECK
2791	SELECT6 SELECT5_CHECK
2793	SELECT6 SELECT5_CHECK
2794	SELECT6 SELECT5_CHECK
2796	SELECT6 SELECT5_CHECK
2797	SELECT6 SELECT5_CHECK
2798	SELECT_NONE_1 SELECT1_1 SELECT6 SELECT2_CONTINUE
2801	SELECT6 SELECT5_CHECK
2802	SELECT6 SELECT5_CHECK
2803	SELECT6 SELECT5_CHECK
2804	SELECT6 SELECT5_CHECK
2805	SELECT6 SELECT5_CHECK
2806	SELECT6 SELECT5_CHECK
2807	SELECT1_1 SELECT6 SELECT5_CHECK
2808	SELECT1_1 SELECT6 SELECT5_CHECK
2809	SELECT6 SELECT5_CHECK
2810	SELECT6 SELECT5_CHECK
2811	SELECT6 SELECT5_CHECK
2812	SELECT6 SELECT5_CHECK
2813	SELECT6 SELECT5_CHECK
2814	SELECT6 SELECT5_CHECK
2815	SELECT6 SELECT5_CHECK
2816	SELECT6 SELECT5_CHECK
2817	SELECT_NONE_1 SELECT1_1 SELECT6 SELECT2_CONTINUE
2819	SELECT6 SELECT5_CHECK
2820	SELECT6 SELECT5_CHECK
2821	SELECT6 SELECT5_CHECK
2822	SELECT6 SELECT5_CHECK
2823	SELECT6 SELECT5_CHECK
2824	SELECT6 SELECT5_CHECK
2825	SELECT6 SELECT5_CHECK
2826	SELECT6 SELECT5_CHECK
2833	SELECT1_1 SELECT6 SELECT5_CHECK
2846	SELECT2_CONTINUE
2847	SELECT2_CONTINUE
2848	SELECT2_CONTINUE
2849	SELECT1_1 SELECT6 SELECT5_CHECK
2858	SELECT6 SELECT5_CHECK
2859	SELECT6 SELECT5_CHECK
2860	SELECT6 SELECT5_CHECK
2861	SELECT6 SELECT5_CHECK
2862	SELECT6 SELECT5_CHECK
2863	SELECT6 SELECT5_CHECK
2868	SELECT1_1
2871	SELECT2_CONTINUE
2888	SELECT_NONE_1
2900	SELECT1_1 SELECT6 SELECT2_CONTINUE
2901	SELECT1_1 SELECT1_1_1
2902	SELECT1_1 SELECT1_1_1
2903	SELECT1_1 SELECT1_1_1
2904	SELECT1_1 SELECT1_1_1
2905	SELECT1_1 SELECT6 SELECT5_CHECK
2906	SELECT1_1 SELECT6 SELECT5_CHECK
2907	SELECT1_1 SELECT6 SELECT5_CHECK
2908	SELECT1_1 SELECT6 SELECT5_CHECK
2909	SELECT1_1 SELECT6 SELECT5_CHECK
2910	SELECT6 SELECT5_CHECK
2911	SELECT2_CONTINUE
2912	SELECT1_1 SELECT2_CONTINUE
2913	SELECT2_CONTINUE
2914	SELECT1_1 SELECT2_CONTINUE
2915	SELECT6 SELECT5_CHECK
2916	SELECT1_1 SELECT6 SELECT2_CONTINUE
2917	SELECT1_1 SELECT2_CONTINUE
2919	SELECT1_1 SELECT6 SELECT2_CONTINUE
2920	SELECT_NONE_1 SELECT2_CONTINUE
2921	SELECT1_1 SELECT2_CONTINUE
2922	SELECT1_1
2923	SELECT1_1 SELECT6 SELECT5_CHECK
2924	SELECT1_1 SELECT6 SELECT5_CHECK
2925	SELECT_NONE_1 SELECT1_1 SELECT6 SELECT2_CONTINUE
2926	SELECT1_1 SELECT6 SELECT5_CHECK
2927	SELECT1_1 SELECT6 SELECT5_CHECK
2928	SELECT2_CONTINUE
2938	SELECT1_1
2945	SELECT1_1 SELECT1_1_1 SELECT2_CONTINUE
2946	SELECT1_1 SELECT1_1_1 SELECT2_CONTINUE
2947	SELECT1_1 SELECT1_1_1 SELECT2_CONTINUE
2949	SELECT1_1 SELECT6 SELECT5_CHECK
2950	SELECT1_1 SELECT6 SELECT5_CHECK
2952	SELECT1_1 SELECT6 SELECT5_CHECK
2953	SELECT1_1 SELECT2_CONTINUE
2954	SELECT2_CONTINUE
2955	SELECT1_1
2956	SELECT1_1 SELECT6 SELECT5_CHECK
2957	SELECT2_CONTINUE
2958	SELECT2_CONTINUE
2959	SELECT1_1
2960	SELECT1_1 SELECT6 SELECT5_CHECK
2962	SELECT1_1 SELECT1_1_1 SELECT2_CONTINUE
2963	SELECT2_CONTINUE
2964	SELECT1_1 SELECT2_CONTINUE
2965	SELECT2_CONTINUE
2972	SELECT6 SELECT5_CHECK
2973	SELECT6 SELECT5_CHECK
2974	SELECT6 SELECT5_CHECK
2975	SELECT6 SELECT5_CHECK
2976	SELECT6 SELECT5_CHECK
2977	SELECT6 SELECT5_CHECK
2978	SELECT6 SELECT5_CHECK
2979	SELECT6 SELECT5_CHECK
2980	SELECT6 SELECT5_CHECK
2981	SELECT6 SELECT5_CHECK
2982	SELECT6 SELECT5_CHECK
2983	SELECT6 SELECT5_CHECK
2984	SELECT1_1
2988	SELECT2_CONTINUE
2989	SELECT6 SELECT2_CONTINUE
2991	SELECT1_1 SELECT1_1_1
2992	SELECT6
2993	SELECT1_1 SELECT1_1_1
2994	SELECT1_1 SELECT1_1_1
2995	SELECT1_1 SELECT1_1_1
2996	SELECT1_1 SELECT1_1_1
3001	SELECT2_CONTINUE
3003	SELECT6 SELECT5_CHECK
3004	SELECT6 SELECT5_CHECK
3006	SELECT1_1 SELECT2_CONTINUE
3007	SELECT1_1 SELECT6 SELECT5_CHECK
3008	SELECT1_1 SELECT2_CONTINUE
3009	SELECT6 SELECT5_CHECK
3010	SELECT6 SELECT5_CHECK
3012	SELECT1_1 SELECT6 SELECT5_CHECK
3013	SELECT2_CONTINUE
3014	SELECT1_1
3015	SELECT1_1
3017	SELECT1_1 SELECT6 SELECT5_CHECK
3020	SELECT1_1 SELECT2_CONTINUE
3022	SELECT6 SELECT5_CHECK
3023	SELECT2_CONTINUE
3032	SELECT1_1 SELECT6 SELECT5_CHECK
3034	SELECT6 SELECT5_CHECK
3035	SELECT1_1 SELECT2_CONTINUE
3037	SELECT1_1 SELECT2_CONTINUE
3038	SELECT1_1 SELECT6 SELECT5_CHECK
3039	SELECT6 SELECT5_CHECK
3040	SELECT6 SELECT5_CHECK
3041	SELECT1_1 SELECT2_CONTINUE
3046	SELECT1_1
3047	SELECT6 SELECT5_CHECK
3048	SELECT2_CONTINUE
3050	SELECT1_1 SELECT1_1_1
3051	SELECT1_1
3052	SELECT1_1
3053	SELECT1_1 SELECT6 SELECT5_CHECK
3054	SELECT6 SELECT5_CHECK
3056	SELECT1_1
3058	SELECT2_CONTINUE
3059	SELECT1_1 SELECT6 SELECT5_CHECK
3060	SELECT2_CONTINUE
3061	SELECT6 SELECT5_CHECK
3062	SELECT6 SELECT5_CHECK
3063	SELECT1_1 SELECT6 SELECT5_CHECK
3064	SELECT1_1
3065	SELECT1_1
3066	SELECT1_1
3067	SELECT1_1
3068	SELECT1_1
3069	SELECT1_1
3070	SELECT1_1
3071	SELECT1_1
3072	SELECT6 SELECT5_CHECK
3073	SELECT6 SELECT5_CHECK
3076	SELECT2_CONTINUE
3077	SELECT1_1 SELECT6 SELECT5_CHECK
3078	SELECT6 SELECT5_CHECK
3081	SELECT2_CONTINUE
3082	SELECT2_CONTINUE
3083	SELECT1_1 SELECT2_CONTINUE
3084	SELECT1_1 SELECT6 SELECT5_CHECK
3085	SELECT1_1 SELECT2_CONTINUE
3087	SELECT1_1
3088	SELECT1_1 SELECT6 SELECT2_CONTINUE
3089	SELECT1_1 SELECT6 SELECT5_CHECK
3090	SELECT1_1
3091	SELECT1_1 SELECT2_CONTINUE
3092	SELECT1_1 SELECT6 SELECT2_CONTINUE SELECT5_CHECK
3093	SELECT1_1 SELECT2_CONTINUE
3095	SELECT2_CONTINUE
3096	SELECT1_1 SELECT6 SELECT5_CHECK
3097	SELECT1_1
3099	SELECT1_1 SELECT6 SELECT5_CHECK
3100	SELECT2_CONTINUE
3101	SELECT6 SELECT5_CHECK
3102	SELECT1_1 SELECT2_CONTINUE
3104	SELECT6 SELECT5_CHECK
3106	SELECT1_1 SELECT6 SELECT5_CHECK
3112	SELECT6 SELECT5_CHECK
3114	SELECT6 SELECT5_CHECK
3115	SELECT6 SELECT5_CHECK
3116	SELECT2_CONTINUE
3117	SELECT5_CHECK_SIMPLE
3119	SELECT5_CHECK_SIMPLE
3200	SELECT2_CONTINUE
3201	SELECT2_CONTINUE
3202	SELECT1_1 SELECT6 SELECT5_CHECK
3203	SELECT6 SELECT5_CHECK
3206	SELECT6 SELECT5_CHECK
3207	SELECT1_1 SELECT6 SELECT5_CHECK
3208	SELECT2_CONTINUE
3209	SELECT2_CONTINUE
3210	SELECT1_1
3211	SELECT1_1
3212	SELECT1_1 SELECT2_CONTINUE
3213	SELECT1_1
3214	SELECT1_1 SELECT6 SELECT5_CHECK
3215	SELECT1_1 SELECT6 SELECT5_CHECK
3216	SELECT1_1 SELECT6 SELECT5_CHECK
3218	SELECT1_1 SELECT2_CONTINUE
3303	SELECT6 SELECT5_CHECK
3304	SELECT6 SELECT5_CHECK
3305	SELECT6 SELECT5_CHECK
3306	SELECT6 SELECT5_CHECK
3310	SELECT6 SELECT5_CHECK
3311	SELECT1_1
3312	SELECT1_1
3313	SELECT6 SELECT5_CHECK
3316	SELECT6 SELECT5_CHECK
3317	SELECT6 SELECT5_CHECK
3318	SELECT6 SELECT5_CHECK
3319	SELECT2_CONTINUE
3320	SELECT6 SELECT5_CHECK
3322	SELECT6 SELECT5_CHECK
3329	SELECT2_CONTINUE
3331	SELECT1_1 SELECT6 SELECT5_CHECK
3332	SELECT1_1
3333	SELECT1_1
3334	SELECT1_1
3335	SELECT1_1
3336	SELECT6 SELECT5_CHECK
3338	SELECT6 SELECT5_CHECK
3339	SELECT6 SELECT5_CHECK
3340	SELECT2_CONTINUE SELECT5_CHECK_SIMPLE
3503	SELECT6 SELECT5_CHECK
3505	SELECT6 SELECT5_CHECK
3506	SELECT6 SELECT5_CHECK
3507	SELECT6 SELECT5_CHECK
3509	SELECT6 SELECT5_CHECK
3510	SELECT6 SELECT5_CHECK
3511	SELECT1_1
3513	SELECT6 SELECT5_CHECK
3518	SELECT6 SELECT5_CHECK
3520	SELECT6 SELECT5_CHECK
3535	SELECT6 SELECT5_CHECK
3536	SELECT1_1 SELECT6 SELECT5_CHECK
3537	SELECT1_1 SELECT6 SELECT5_CHECK
3538	SELECT1_1
3539	SELECT6 SELECT5_CHECK
3540	SELECT1_1 SELECT6 SELECT5_CHECK
3542	SELECT1_1 SELECT6 SELECT5_CHECK
3544	SELECT1_1 SELECT6 SELECT5_CHECK
3545	SELECT6 SELECT5_CHECK
3546	SELECT6 SELECT5_CHECK
3547	SELECT2_CONTINUE SELECT5_CHECK_SIMPLE
3548	SELECT5_CHECK_SIMPLE
3702	SELECT_NONE_1
3704	SELECT6 SELECT5_CHECK
3705	SELECT6 SELECT5_CHECK
3706	SELECT6 SELECT5_CHECK
3711	SELECT1_1 SELECT1_1_1 SELECT2_CONTINUE
3715	SELECT6 SELECT5_CHECK
3717	SELECT6 SELECT5_CHECK
3721	SELECT1_1
3723	SELECT6 SELECT5_CHECK
3724	SELECT6 SELECT5_CHECK
3734	SELECT6 SELECT5_CHECK
3905	SELECT1_1 SELECT6 SELECT5_CHECK
3906	SELECT6 SELECT5_CHECK
3907	SELECT1_1 SELECT6 SELECT5_CHECK
3913	SELECT2_CONTINUE
3914	SELECT2_CONTINUE
3915	SELECT6 SELECT5_CHECK
3916	SELECT6 SELECT5_CHECK
3918	SELECT6 SELECT5_CHECK
3919	SELECT6 SELECT5_CHECK
3930	SELECT1_1 SELECT2_CONTINUE
3931	SELECT1_1
3932	SELECT1_1 SELECT6 SELECT2_CONTINUE SELECT5_CHECK
3933	SELECT1_1 SELECT6 SELECT2_CONTINUE
3934	SELECT1_1 SELECT6 SELECT2_CONTINUE
3935	SELECT1_1 SELECT2_CONTINUE
3938	SELECT1_1 SELECT1_1_1 SELECT6 SELECT2_CONTINUE
3939	SELECT1_1 SELECT2_CONTINUE
3940	SELECT6
3941	SELECT6 SELECT5_CHECK
3942	SELECT6 SELECT5_CHECK
3944	SELECT6 SELECT5_CHECK
3945	SELECT6 SELECT5_CHECK
3947	SELECT6 SELECT5_CHECK
3948	SELECT6 SELECT5_CHECK
3950	SELECT6 SELECT5_CHECK
3951	SELECT6 SELECT5_CHECK
3953	SELECT6 SELECT5_CHECK
3954	SELECT6 SELECT5_CHECK
3956	SELECT6 SELECT5_CHECK
3957	SELECT6 SELECT5_CHECK
3959	SELECT1_1 SELECT6 SELECT2_CONTINUE SELECT5_CHECK
3961	SELECT1_1 SELECT6 SELECT2_CONTINUE SELECT5_CHECK
3962	SELECT1_1 SELECT6 SELECT2_CONTINUE SELECT5_CHECK
3963	SELECT1_1 SELECT6 SELECT2_CONTINUE SELECT5_CHECK
3964	SELECT1_1 SELECT6 SELECT2_CONTINUE SELECT5_CHECK
3965	SELECT2_CONTINUE
3966	SELECT2_CONTINUE
3967	SELECT2_CONTINUE
3968	SELECT2_CONTINUE
3969	SELECT2_CONTINUE
3970	SELECT1_1 SELECT2_CONTINUE
3971	SELECT1_1
3972	SELECT1_1 SELECT2_CONTINUE
3973	SELECT1_1 SELECT2_CONTINUE
3974	SELECT1_1
3975	SELECT1_1 SELECT6 SELECT5_CHECK
3980	SELECT_NONE_1
4001	SELECT1_1 SELECT2_CONTINUE
4002	SELECT1_1 SELECT6 SELECT5_CHECK
4003	SELECT1_1
4005	SELECT1_1
4006	SELECT1_1 SELECT6 SELECT5_CHECK
4009	SELECT1_1 SELECT6 SELECT5_CHECK
4010	SELECT1_1
4011	SELECT1_1 SELECT2_CONTINUE
4014	SELECT1_1
4015	SELECT1_1 SELECT2_CONTINUE
4016	SELECT6 SELECT5_CHECK
4019	SELECT6 SELECT5_CHECK
4020	SELECT2_CONTINUE
4031	SELECT1_1
4032	SELECT1_1
4033	SELECT1_1
4034	SELECT1_1 SELECT6 SELECT5_CHECK
4035	SELECT1_1 SELECT6 SELECT5_CHECK
4036	SELECT1_1 SELECT2_CONTINUE
4037	SELECT1_1 SELECT6 SELECT5_CHECK
4038	SELECT1_1
4039	SELECT1_1
4040	SELECT1_1
4041	SELECT1_1 SELECT6 SELECT5_CHECK
4042	SELECT2_CONTINUE
4043	SELECT1_1
4044	SELECT1_1 SELECT6 SELECT5_CHECK
4045	SELECT1_1 SELECT6 SELECT5_CHECK
4046	SELECT1_1 SELECT6 SELECT5_CHECK
4047	SELECT1_1
4048	SELECT1_1
4049	SELECT1_1
4050	SELECT1_1 SELECT6 SELECT5_CHECK
4051	SELECT1_1
4052	SELECT2_CONTINUE
4053	SELECT2_CONTINUE
4054	SELECT6 SELECT5_CHECK
4055	SELECT1_1
4056	SELECT1_1 SELECT6 SELECT5_CHECK
4057	SELECT1_1 SELECT6 SELECT5_CHECK
4059	SELECT6 SELECT5_CHECK
4060	SELECT2_CONTINUE
4061	SELECT6 SELECT5_CHECK
4062	SELECT6 SELECT5_CHECK
4063	SELECT6 SELECT5_CHECK
4064	SELECT1_1
4065	SELECT1_1
4066	SELECT1_1
4067	SELECT1_1
4068	SELECT1_1
4069	SELECT1_1
4070	SELECT1_1
4071	SELECT1_1
4072	SELECT6 SELECT5_CHECK
4073	SELECT6 SELECT5_CHECK
4076	SELECT1_1 SELECT6 SELECT5_CHECK
4079	SELECT1_1
4080	SELECT6 SELECT5_CHECK
4081	SELECT6 SELECT5_CHECK
4082	SELECT6 SELECT5_CHECK
4084	SELECT6 SELECT5_CHECK
4085	SELECT6 SELECT5_CHECK
4089	SELECT6 SELECT5_CHECK
4090	SELECT1_1 SELECT6 SELECT5_CHECK
4091	SELECT1_1 SELECT6 SELECT5_CHECK
4092	SELECT1_1 SELECT6 SELECT5_CHECK
4093	SELECT1_1
4094	SELECT6 SELECT5_CHECK
4095	SELECT1_1 SELECT6 SELECT5_CHECK
4098	SELECT6 SELECT5_CHECK
4099	SELECT1_1 SELECT6 SELECT5_CHECK
4100	SELECT1_1 SELECT6 SELECT5_CHECK
4101	SELECT2_CONTINUE
4105	SELECT6 SELECT5_CHECK
4113	SELECT6 SELECT5_CHECK
4114	SELECT6 SELECT5_CHECK
4115	SELECT2_CONTINUE
4116	SELECT5_CHECK_SIMPLE
4118	SELECT5_CHECK_SIMPLE
4200	SELECT2_CONTINUE
4201	SELECT2_CONTINUE
4202	SELECT1_1 SELECT6 SELECT5_CHECK
4203	SELECT6 SELECT5_CHECK
4206	SELECT6 SELECT5_CHECK
4207	SELECT1_1 SELECT6 SELECT5_CHECK
4208	SELECT2_CONTINUE
4209	SELECT2_CONTINUE
4210	SELECT1_1
4211	SELECT1_1
4212	SELECT1_1 SELECT2_CONTINUE
4213	SELECT1_1
4214	SELECT1_1 SELECT6 SELECT5_CHECK
4215	SELECT1_1 SELECT6 SELECT5_CHECK
4216	SELECT1_1 SELECT6 SELECT5_CHECK
4218	SELECT1_1 SELECT2_CONTINUE
4301	SELECT6 SELECT5_CHECK
4303	SELECT6 SELECT5_CHECK
4304	SELECT6 SELECT5_CHECK
4305	SELECT6 SELECT5_CHECK
4306	SELECT6 SELECT5_CHECK
4307	SELECT1_1
4308	SELECT1_1 SELECT6 SELECT5_CHECK
4309	SELECT1_1 SELECT6 SELECT5_CHECK
4310	SELECT1_1
4311	SELECT6 SELECT5_CHECK
4315	SELECT6 SELECT5_CHECK
4316	SELECT6 SELECT5_CHECK
4319	SELECT6 SELECT5_CHECK
4322	SELECT6 SELECT5_CHECK
4325	SELECT1_1
4327	SELECT6 SELECT5_CHECK
4328	SELECT6 SELECT5_CHECK
4331	SELECT6 SELECT5_CHECK
4332	SELECT6 SELECT5_CHECK
4333	SELECT6 SELECT5_CHECK
4334	SELECT6 SELECT5_CHECK
4336	SELECT6 SELECT5_CHECK
4337	SELECT6 SELECT5_CHECK
4338	SELECT1_1
4500	SELECT6 SELECT5_CHECK
4501	SELECT1_1 SELECT2_CONTINUE
4503	SELECT6 SELECT5_CHECK
4504	SELECT6 SELECT5_CHECK
4505	SELECT6 SELECT5_CHECK
4507	SELECT6 SELECT5_CHECK
4508	SELECT6 SELECT5_CHECK
4509	SELECT6 SELECT5_CHECK
4511	SELECT6 SELECT5_CHECK
4513	SELECT6 SELECT5_CHECK
4514	SELECT6 SELECT5_CHECK
4515	SELECT6 SELECT5_CHECK
4518	SELECT6 SELECT5_CHECK
4519	SELECT6 SELECT5_CHECK
4522	SELECT6 SELECT5_CHECK
4527	SELECT1_1
4530	SELECT6 SELECT5_CHECK
4535	SELECT6 SELECT5_CHECK
4540	SELECT6 SELECT5_CHECK
4541	SELECT6 SELECT5_CHECK
4542	SELECT1_1 SELECT6 SELECT2_CONTINUE
4702	SELECT_NONE_1
4704	SELECT6 SELECT5_CHECK
4705	SELECT6 SELECT5_CHECK
4706	SELECT6 SELECT5_CHECK
4711	SELECT1_1 SELECT1_1_1 SELECT2_CONTINUE
4715	SELECT6 SELECT5_CHECK
4717	SELECT6 SELECT5_CHECK
4721	SELECT1_1
4723	SELECT6 SELECT5_CHECK
4724	SELECT6 SELECT5_CHECK
4734	SELECT6 SELECT5_CHECK
4905	SELECT1_1 SELECT2_CONTINUE
4906	SELECT2_CONTINUE
4907	SELECT1_1 SELECT1_1_1
4909	SELECT1_1 SELECT6 SELECT5_CHECK
4910	SELECT1_1 SELECT6 SELECT5_CHECK
4911	SELECT1_1 SELECT6 SELECT5_CHECK
4913	SELECT1_1
4914	SELECT2_CONTINUE
4915	SELECT6 SELECT5_CHECK
4916	SELECT6 SELECT5_CHECK
4918	SELECT6 SELECT5_CHECK
4919	SELECT6 SELECT5_CHECK
4934	SELECT1_1 SELECT2_CONTINUE
4935	SELECT1_1
4936	SELECT6 SELECT2_CONTINUE SELECT5_CHECK
4937	SELECT1_1 SELECT6 SELECT2_CONTINUE
4938	SELECT1_1 SELECT6 SELECT2_CONTINUE
4939	SELECT1_1 SELECT2_CONTINUE
4942	SELECT1_1 SELECT1_1_1 SELECT6 SELECT2_CONTINUE
4943	SELECT1_1 SELECT2_CONTINUE
4944	SELECT6
4945	SELECT6 SELECT5_CHECK
4946	SELECT6 SELECT5_CHECK
4948	SELECT6 SELECT5_CHECK
4949	SELECT6 SELECT5_CHECK
4951	SELECT6 SELECT5_CHECK
4952	SELECT6 SELECT5_CHECK
4954	SELECT6 SELECT5_CHECK
4955	SELECT6 SELECT5_CHECK
4957	SELECT6 SELECT5_CHECK
4958	SELECT6 SELECT5_CHECK
4960	SELECT6 SELECT5_CHECK
4961	SELECT6 SELECT5_CHECK
4963	SELECT1_1 SELECT6 SELECT2_CONTINUE SELECT5_CHECK
4966	SELECT6 SELECT2_CONTINUE SELECT5_CHECK
4967	SELECT6 SELECT2_CONTINUE SELECT5_CHECK
4968	SELECT6 SELECT2_CONTINUE SELECT5_CHECK
4969	SELECT6 SELECT2_CONTINUE SELECT5_CHECK
4970	SELECT2_CONTINUE
4971	SELECT2_CONTINUE
4972	SELECT2_CONTINUE
4973	SELECT2_CONTINUE
4974	SELECT2_CONTINUE
4975	SELECT6 SELECT5_CHECK
4976	SELECT2_CONTINUE
4980	SELECT_NONE_1
9510	SELECT1_1 SELECT1_1_1 SELECT2_CONTINUE
9548	SELECT1_1 SELECT6 SELECT5_CHECK
9549	SELECT1_1 SELECT6 SELECT5_CHECK
9550	SELECT1_1 SELECT2_CONTINUE
9551	SELECT1_1 SELECT6 SELECT5_CHECK
9552	SELECT1_1 SELECT6 SELECT5_CHECK
9553	SELECT2_CONTINUE
9554	SELECT1_1
9555	SELECT1_1
9556	SELECT1_1
9557	SELECT1_1
9558	SELECT1_1 SELECT2_CONTINUE
9559	SELECT1_1 SELECT2_CONTINUE
9562	SELECT5_CHECK_SIMPLE
9563	SELECT5_CHECK_SIMPLE
9564	SELECT5_CHECK_SIMPLE
9565	SELECT5_CHECK_SIMPLE
9600	SELECT1_1
9601	SELECT1_1
9602	SELECT1_1
9603	SELECT1_1
9604	SELECT1_1
9605	SELECT1_1
9606	SELECT1_1
9607	SELECT1_1
9608	SELECT1_1 SELECT6 SELECT5_CHECK
9609	SELECT1_1 SELECT6 SELECT5_CHECK
9610	SELECT5_CHECK_SIMPLE
9611	SELECT1_1 SELECT6 SELECT5_CHECK
9613	SELECT1_1
9614	SELECT1_1 SELECT6 SELECT5_CHECK
9620	SELECT6 SELECT5_CHECK
9624	SELECT2_CONTINUE
9625	SELECT2_CONTINUE
9626	SELECT2_CONTINUE
9627	SELECT2_CONTINUE
9628	SELECT2_CONTINUE
9629	SELECT2_CONTINUE
9630	SELECT2_CONTINUE
9631	SELECT2_CONTINUE
9632	SELECT2_CONTINUE
9633	SELECT2_CONTINUE
9634	SELECT2_CONTINUE
9635	SELECT2_CONTINUE
9636	SELECT2_CONTINUE
9637	SELECT2_CONTINUE
9638	SELECT2_CONTINUE
9685	SELECT6
9687	SELECT6
9714	SELECT1_1
9715	SELECT1_1
9801	SELECT_NONE_1 SELECT2_CONTINUE
10000	SELECT1_1
10001	SELECT1_1 SELECT6 SELECT2_CONTINUE
10010	SELECT1_1 SELECT1_1_1 SELECT6
10011	SELECT1_1 SELECT1_1_1 SELECT2_CONTINUE
10020	SELECT1_1 SELECT6 SELECT2_CONTINUE
10021	SELECT1_1 SELECT6 SELECT2_CONTINUE
10022	SELECT1_1 SELECT1_1_1 SELECT6 SELECT2_CONTINUE SELECT5_CHECK
10023	SELECT1_1 SELECT6 SELECT2_CONTINUE
10024	SELECT1_1 SELECT1_1_1 SELECT6 SELECT2_CONTINUE
10025	SELECT1_1 SELECT1_1_1 SELECT6
10026	SELECT1_1 SELECT2_CONTINUE
10031	SELECT1_1 SELECT6 SELECT2_CONTINUE
10032	SELECT1_1 SELECT2_CONTINUE
10033	SELECT1_1 SELECT1_1_1 SELECT6 SELECT2_CONTINUE
10034	SELECT1_1 SELECT2_CONTINUE
10035	SELECT1_1 SELECT2_CONTINUE
10036	SELECT1_1 SELECT6 SELECT2_CONTINUE
10037	SELECT1_1 SELECT2_CONTINUE
10040	SELECT6
10050	SELECT2_CONTINUE
10051	SELECT2_CONTINUE
10053	SELECT1_1 SELECT6
10060	SELECT1_1 SELECT2_CONTINUE
10061	SELECT1_1
10062	SELECT1_1
10063	SELECT1_1
10064	SELECT1_1
10065	SELECT1_1 SELECT2_CONTINUE
10070	SELECT1_1 SELECT6 SELECT2_CONTINUE
10071	SELECT1_1 SELECT6 SELECT2_CONTINUE
10073	SELECT1_1 SELECT6
10081	SELECT6
10082	SELECT2_CONTINUE
10083	SELECT2_CONTINUE
10085	SELECT1_1 SELECT1_1_1
10086	SELECT6
10087	SELECT6
10088	SELECT1_1
10090	SELECT1_1
10091	SELECT1_1
10093	SELECT1_1
10094	SELECT1_1 SELECT6
10100	SELECT1_1 SELECT1_1_1
10101	SELECT1_1 SELECT1_1_1 SELECT6
10110	SELECT1_1 SELECT1_1_1 SELECT6
10111	SELECT1_1 SELECT2_CONTINUE
10112	SELECT1_1 SELECT6 SELECT2_CONTINUE SELECT5_CHECK
10113	SELECT1_1 SELECT1_1_1
10500	SELECT1_1 SELECT1_1_1
10501	SELECT1_1 SELECT1_1_1
10502	SELECT1_1 SELECT1_1_1 SELECT6 SELECT2_CONTINUE
10503	SELECT1_1 SELECT1_1_1 SELECT6
10504	SELECT1_1
10505	SELECT1_1 SELECT2_CONTINUE
10506	SELECT1_1 SELECT6 SELECT2_CONTINUE
10507	SELECT1_1 SELECT6 SELECT2_CONTINUE
10520	SELECT6
10521	SELECT1_1 SELECT6 SELECT2_CONTINUE
10525	SELECT1_1 SELECT1_1_1 SELECT6 SELECT2_CONTINUE SELECT5_CHECK
10526	SELECT1_1 SELECT6
10527	SELECT1_1 SELECT6 SELECT2_CONTINUE
10528	SELECT1_1 SELECT6 SELECT2_CONTINUE
10529	SELECT1_1 SELECT6 SELECT2_CONTINUE
10530	SELECT1_1 SELECT1_1_1 SELECT6 SELECT2_CONTINUE
11000	SELECT2_CONTINUE
11001	SELECT2_CONTINUE
11003	SELECT6 SELECT5_CHECK
11004	SELECT6 SELECT5_CHECK
11005	SELECT2_CONTINUE
11008	SELECT2_CONTINUE
11009	SELECT2_CONTINUE
11010	SELECT1_1 SELECT2_CONTINUE
11011	SELECT1_1 SELECT6 SELECT5_CHECK
11014	SELECT1_1
11015	SELECT6 SELECT5_CHECK
11016	SELECT6 SELECT5_CHECK
11017	SELECT1_1
11018	SELECT1_1
11019	SELECT1_1
11020	SELECT1_1
11022	SELECT6 SELECT5_CHECK
11024	SELECT6 SELECT5_CHECK
11025	SELECT6 SELECT5_CHECK
11026	SELECT2_CONTINUE
11028	SELECT6 SELECT5_CHECK
11029	SELECT1_1
11030	SELECT1_1
11034	SELECT1_1
11035	SELECT1_1
11036	SELECT2_CONTINUE
11037	SELECT1_1 SELECT6 SELECT5_CHECK
11038	SELECT1_1
11039	SELECT1_1 SELECT6 SELECT5_CHECK
11041	SELECT1_1
11042	SELECT1_1 SELECT6 SELECT5_CHECK
11043	SELECT1_1 SELECT6 SELECT5_CHECK
11044	SELECT1_1 SELECT6 SELECT5_CHECK
11045	SELECT1_1
11047	SELECT1_1 SELECT6 SELECT5_CHECK
11048	SELECT1_1
11049	SELECT1_1 SELECT6 SELECT5_CHECK
11051	SELECT1_1 SELECT6
11052	SELECT1_1 SELECT6
11053	SELECT1_1 SELECT6
11054	SELECT1_1 SELECT6
11055	SELECT1_1 SELECT6
11060	SELECT1_1
11061	SELECT1_1
11062	SELECT1_1
11063	SELECT1_1
11064	SELECT1_1 SELECT6 SELECT5_CHECK
11065	SELECT6 SELECT5_CHECK
11066	SELECT1_1 SELECT6 SELECT5_CHECK
11067	SELECT6 SELECT5_CHECK
11068	SELECT1_1 SELECT2_CONTINUE
11069	SELECT2_CONTINUE
11070	SELECT2_CONTINUE
11072	SELECT1_1 SELECT2_CONTINUE
11073	SELECT1_1
11077	SELECT2_CONTINUE
11100	SELECT1_1
11101	SELECT1_1 SELECT6 SELECT5_CHECK
11102	SELECT1_1
11103	SELECT1_1 SELECT2_CONTINUE
11104	SELECT1_1 SELECT6 SELECT5_CHECK
11105	SELECT2_CONTINUE
11106	SELECT1_1 SELECT2_CONTINUE
11107	SELECT1_1 SELECT2_CONTINUE
11108	SELECT6 SELECT5_CHECK
11109	SELECT1_1 SELECT2_CONTINUE
11111	SELECT1_1 SELECT6 SELECT5_CHECK
11112	SELECT6 SELECT5_CHECK
11113	SELECT6 SELECT5_CHECK
11114	SELECT6 SELECT5_CHECK
11115	SELECT1_1 SELECT6 SELECT5_CHECK
11117	SELECT2_CONTINUE
11121	SELECT6 SELECT5_CHECK
11123	SELECT2_CONTINUE
11125	SELECT6 SELECT5_CHECK
11127	SELECT6 SELECT5_CHECK
11128	SELECT6 SELECT5_CHECK
11130	SELECT6 SELECT5_CHECK
11139	SELECT1_1 SELECT2_CONTINUE
11141	SELECT1_1
11142	SELECT6 SELECT5_CHECK
11143	SELECT2_CONTINUE
11146	SELECT6 SELECT5_CHECK
11148	SELECT6 SELECT5_CHECK
11152	SELECT5_CHECK_SIMPLE
11202	SELECT1_1
11203	SELECT6 SELECT5_CHECK
11204	SELECT6 SELECT5_CHECK
11205	SELECT6 SELECT5_CHECK
11206	SELECT6 SELECT5_CHECK
11210	SELECT1_1
11211	SELECT1_1 SELECT6 SELECT5_CHECK
11212	SELECT2_CONTINUE
11216	SELECT1_1
11217	SELECT1_1
11218	SELECT1_1 SELECT6 SELECT5_CHECK
11219	SELECT1_1 SELECT6 SELECT5_CHECK
11220	SELECT6 SELECT5_CHECK
11221	SELECT6 SELECT5_CHECK
11222	SELECT1_1
11223	SELECT1_1 SELECT6 SELECT5_CHECK
11226	SELECT1_1 SELECT6 SELECT5_CHECK
11228	SELECT1_1 SELECT2_CONTINUE
11229	SELECT1_1 SELECT6 SELECT5_CHECK
11230	SELECT6 SELECT5_CHECK
11231	SELECT6 SELECT5_CHECK
11232	SELECT6 SELECT5_CHECK
11233	SELECT2_CONTINUE
11251	SELECT6
11253	SELECT6
11255	SELECT6
11257	SELECT6
11259	SELECT6
11261	SELECT6
11263	SELECT6
11265	SELECT6
11267	SELECT6
11268	SELECT6 SELECT5_CHECK
11269	SELECT6 SELECT5_CHECK
11270	SELECT6 SELECT5_CHECK
11271	SELECT6 SELECT5_CHECK
11272	SELECT6 SELECT5_CHECK
11273	SELECT6 SELECT5_CHECK
11274	SELECT6 SELECT5_CHECK
11275	SELECT6 SELECT5_CHECK
11277	SELECT6 SELECT5_CHECK
11278	SELECT6 SELECT5_CHECK
11294	SELECT2_CONTINUE
11297	SELECT6
11299	SELECT6
11301	SELECT6
11303	SELECT6
11304	SELECT5_CHECK_SIMPLE
11450	SELECT1_1 SELECT6 SELECT5_CHECK
11451	SELECT1_1
11452	SELECT1_1 SELECT6 SELECT5_CHECK
11453	SELECT1_1
11454	SELECT1_1 SELECT6 SELECT5_CHECK
11455	SELECT2_CONTINUE
11456	SELECT1_1
11457	SELECT1_1 SELECT6 SELECT5_CHECK
11458	SELECT2_CONTINUE
11460	SELECT2_CONTINUE
11461	SELECT6 SELECT5_CHECK
11464	SELECT1_1 SELECT6 SELECT5_CHECK
11469	SELECT_NONE_1 SELECT1_1 SELECT2_CONTINUE
11511	SELECT5_CHECK_SIMPLE
11516	SELECT5_CHECK_SIMPLE
11517	SELECT5_CHECK_SIMPLE
11518	SELECT5_CHECK_SIMPLE
11520	SELECT5_CHECK_SIMPLE
11521	SELECT5_CHECK_SIMPLE
11523	SELECT2_CONTINUE
11550	SELECT5_CHECK_SIMPLE
12001	SELECT5_CHECK_SIMPLE
12009	SELECT5_CHECK_SIMPLE
12011	SELECT5_CHECK_SIMPLE
12014	SELECT5_CHECK_SIMPLE
12018	SELECT5_CHECK_SIMPLE
12022	SELECT5_CHECK_SIMPLE
12024	SELECT5_CHECK_SIMPLE
12026	SELECT5_CHECK_SIMPLE
12030	SELECT5_CHECK_SIMPLE
12034	SELECT5_CHECK_SIMPLE
12040	SELECT5_CHECK_SIMPLE
12041	SELECT5_CHECK_SIMPLE
12042	SELECT5_CHECK_SIMPLE
12043	SELECT5_CHECK_SIMPLE
12048	SELECT5_CHECK_SIMPLE
12058	SELECT5_CHECK_SIMPLE
12060	SELECT5_CHECK_SIMPLE
12400	SELECT5_CHECK_SIMPLE
12401	SELECT5_CHECK_SIMPLE
12402	SELECT5_CHECK_SIMPLE
12403	SELECT5_CHECK_SIMPLE
12404	SELECT5_CHECK_SIMPLE
12405	SELECT5_CHECK_SIMPLE
12406	SELECT5_CHECK_SIMPLE
12407	SELECT5_CHECK_SIMPLE
12408	SELECT5_CHECK_SIMPLE
12409	SELECT5_CHECK_SIMPLE
12410	SELECT5_CHECK_SIMPLE
12411	SELECT5_CHECK_SIMPLE
12412	SELECT5_CHECK_SIMPLE
12500	SELECT1_1 SELECT2_CONTINUE
12504	SELECT2_CONTINUE
12506	SELECT2_CONTINUE SELECT5_CHECK_SIMPLE
12512	SELECT5_CHECK_SIMPLE
12513	SELECT5_CHECK_SIMPLE
12515	SELECT5_CHECK_SIMPLE
12521	SELECT5_CHECK_SIMPLE
12523	SELECT5_CHECK_SIMPLE
12529	SELECT5_CHECK_SIMPLE
12532	SELECT5_CHECK_SIMPLE
12537	SELECT5_CHECK_SIMPLE
12538	SELECT5_CHECK_SIMPLE
12540	SELECT5_CHECK_SIMPLE
12545	SELECT5_CHECK_SIMPLE
12552	SELECT5_CHECK_SIMPLE
12553	SELECT5_CHECK_SIMPLE
12554	SELECT5_CHECK_SIMPLE
12558	SELECT5_CHECK_SIMPLE
12559	SELECT5_CHECK_SIMPLE
12802	SELECT5_CHECK_SIMPLE
12805	SELECT5_CHECK_SIMPLE
12807	SELECT5_CHECK_SIMPLE
12810	SELECT5_CHECK_SIMPLE
12815	SELECT5_CHECK_SIMPLE
12816	SELECT5_CHECK_SIMPLE
12821	SELECT5_CHECK_SIMPLE
12822	SELECT5_CHECK_SIMPLE
12828	SELECT5_CHECK_SIMPLE
12833	SELECT5_CHECK_SIMPLE
12840	SELECT5_CHECK_SIMPLE
12853	SELECT5_CHECK_SIMPLE
12854	SELECT2_CONTINUE
12855	SELECT2_CONTINUE
13003	SELECT5_CHECK_SIMPLE
13006	SELECT5_CHECK_SIMPLE
13007	SELECT5_CHECK_SIMPLE
13009	SELECT2_CONTINUE
13011	SELECT5_CHECK_SIMPLE
13013	SELECT5_CHECK_SIMPLE
13016	SELECT5_CHECK_SIMPLE
13022	SELECT5_CHECK_SIMPLE
13026	SELECT5_CHECK_SIMPLE
13031	SELECT5_CHECK_SIMPLE
13036	SELECT5_CHECK_SIMPLE
13037	SELECT5_CHECK_SIMPLE
13044	SELECT5_CHECK_SIMPLE
13049	SELECT2_CONTINUE
13051	SELECT2_CONTINUE
13052	SELECT5_CHECK_SIMPLE
13053	SELECT5_CHECK_SIMPLE
13057	SELECT5_CHECK_SIMPLE
13060	SELECT2_CONTINUE
13063	SELECT2_CONTINUE
13300	SELECT5_CHECK_SIMPLE
13307	SELECT5_CHECK_SIMPLE
13311	SELECT5_CHECK_SIMPLE
13312	SELECT5_CHECK_SIMPLE
13317	SELECT5_CHECK_SIMPLE
13327	SELECT5_CHECK_SIMPLE
13336	SELECT5_CHECK_SIMPLE
13341	SELECT5_CHECK_SIMPLE
13345	SELECT5_CHECK_SIMPLE
13360	SELECT5_CHECK_SIMPLE
13361	SELECT5_CHECK_SIMPLE
13362	SELECT5_CHECK_SIMPLE
13400	SELECT2_CONTINUE
13403	SELECT1_1 SELECT1_1_1 SELECT6
13500	SELECT1_1 SELECT1_1_1 SELECT6
13509	SELECT5_CHECK_SIMPLE
13510	SELECT5_CHECK_SIMPLE
13515	SELECT5_CHECK_SIMPLE
13528	SELECT5_CHECK_SIMPLE
13529	SELECT5_CHECK_SIMPLE
13550	SELECT5_CHECK_SIMPLE
13554	SELECT5_CHECK_SIMPLE
13555	SELECT5_CHECK_SIMPLE
13558	SELECT5_CHECK_SIMPLE
13563	SELECT5_CHECK_SIMPLE
13564	SELECT5_CHECK_SIMPLE
13567	SELECT5_CHECK_SIMPLE
13606	SELECT5_CHECK_SIMPLE
13607	SELECT5_CHECK_SIMPLE
13608	SELECT2_CONTINUE
13609	SELECT5_CHECK_SIMPLE
13614	SELECT5_CHECK_SIMPLE
13651	SELECT5_CHECK_SIMPLE
13652	SELECT5_CHECK_SIMPLE
13653	SELECT5_CHECK_SIMPLE
13655	SELECT5_CHECK_SIMPLE
13657	SELECT5_CHECK_SIMPLE
13700	SELECT2_CONTINUE
13701	SELECT2_CONTINUE
13706	SELECT5_CHECK_SIMPLE
13712	SELECT5_CHECK_SIMPLE
13714	SELECT5_CHECK_SIMPLE
13741	SELECT5_CHECK_SIMPLE
13742	SELECT5_CHECK_SIMPLE
13743	SELECT5_CHECK_SIMPLE
13800	SELECT1_1 SELECT2_CONTINUE
13806	SELECT5_CHECK_SIMPLE
13807	SELECT5_CHECK_SIMPLE
13810	SELECT5_CHECK_SIMPLE
13813	SELECT5_CHECK_SIMPLE
13815	SELECT1_1 SELECT2_CONTINUE
13819	SELECT5_CHECK_SIMPLE
13820	SELECT5_CHECK_SIMPLE
13821	SELECT5_CHECK_SIMPLE
13900	SELECT2_CONTINUE
13901	SELECT5_CHECK_SIMPLE
13903	SELECT1_1 SELECT5_CHECK_SIMPLE
13904	SELECT5_CHECK_SIMPLE
13909	SELECT1_1
13914	SELECT5_CHECK_SIMPLE
13915	SELECT5_CHECK_SIMPLE
13916	SELECT5_CHECK_SIMPLE
13950	SELECT1_1 SELECT1_1_1 SELECT2_CONTINUE
13954	SELECT1_1 SELECT1_1_1 SELECT2_CONTINUE
13960	SELECT2_CONTINUE
13961	SELECT1_1 SELECT1_1_1
13970	SELECT2_CONTINUE
13971	SELECT1_1 SELECT1_1_1
14011	SELECT1_1 SELECT1_1_1 SELECT2_CONTINUE
14012	SELECT1_1 SELECT1_1_1
14013	SELECT1_1 SELECT1_1_1
14014	SELECT1_1 SELECT1_1_1 SELECT2_CONTINUE
14015	SELECT1_1 SELECT1_1_1
14016	SELECT1_1 SELECT1_1_1 SELECT2_CONTINUE
14021	SELECT1_1 SELECT1_1_1 SELECT6
14022	SELECT1_1 SELECT1_1_1 SELECT2_CONTINUE
14023	SELECT1_1 SELECT2_CONTINUE
14024	SELECT1_1 SELECT6 SELECT2_CONTINUE
14025	SELECT1_1 SELECT1_1_1 SELECT6
14026	SELECT1_1 SELECT1_1_1 SELECT6 SELECT2_CONTINUE
14030	SELECT1_1 SELECT1_1_1 SELECT2_CONTINUE
14031	SELECT1_1 SELECT2_CONTINUE
14041	SELECT1_1 SELECT1_1_1 SELECT6 SELECT2_CONTINUE
14042	SELECT1_1 SELECT2_CONTINUE
14043	SELECT1_1 SELECT2_CONTINUE
14044	SELECT1_1 SELECT2_CONTINUE
14045	SELECT1_1 SELECT1_1_1 SELECT2_CONTINUE
14046	SELECT1_1 SELECT6 SELECT2_CONTINUE
14047	SELECT1_1 SELECT2_CONTINUE
14051	SELECT2_CONTINUE
14052	SELECT1_1 SELECT1_1_1 SELECT2_CONTINUE
14053	SELECT2_CONTINUE
14054	SELECT1_1 SELECT1_1_1 SELECT6 SELECT2_CONTINUE
14060	SELECT1_1 SELECT1_1_1 SELECT6 SELECT2_CONTINUE
14061	SELECT1_1 SELECT6
14062	SELECT1_1 SELECT2_CONTINUE
14070	SELECT1_1 SELECT1_1_1 SELECT2_CONTINUE SELECT5_CHECK
14071	SELECT1_1 SELECT1_1_1 SELECT6 SELECT2_CONTINUE SELECT5_CHECK
14080	SELECT1_1 SELECT1_1_1 SELECT6 SELECT2_CONTINUE
14081	SELECT1_1 SELECT1_1_1 SELECT6
14090	SELECT1_1 SELECT1_1_1 SELECT6
14091	SELECT6 SELECT2_CONTINUE
14095	SELECT1_1 SELECT6
14110	SELECT5_CHECK_SIMPLE
14111	SELECT1_1
14112	SELECT2_CONTINUE
14113	SELECT5_CHECK_SIMPLE
14114	SELECT_NONE_1 SELECT1_1 SELECT2_CONTINUE
14120	SELECT1_1 SELECT2_CONTINUE SELECT5_CHECK_SIMPLE
14121	SELECT2_CONTINUE SELECT5_CHECK_SIMPLE
14122	SELECT1_1 SELECT2_CONTINUE
14123	SELECT1_1 SELECT2_CONTINUE
14124	SELECT1_1
14150	SELECT2_CONTINUE SELECT5_CHECK_SIMPLE
14151	SELECT1_1
14152	SELECT2_CONTINUE
14153	SELECT1_1 SELECT2_CONTINUE
14201	SELECT2_CONTINUE SELECT5_CHECK_SIMPLE
14220	SELECT2_CONTINUE
14250	SELECT1_1
15000	SELECT2_CONTINUE
15210	SELECT5_CHECK_SIMPLE
15211	SELECT5_CHECK_SIMPLE
15212	SELECT5_CHECK_SIMPLE
15213	SELECT5_CHECK_SIMPLE
15300	SELECT1_1 SELECT2_CONTINUE
15301	SELECT1_1 SELECT1_1_1
15302	SELECT1_1
15303	SELECT1_1 SELECT2_CONTINUE
15304	SELECT2_CONTINUE
15305	SELECT1_1 SELECT2_CONTINUE
15306	SELECT1_1 SELECT2_CONTINUE
15311	SELECT1_1 SELECT1_1_1
15312	SELECT1_1
15313	SELECT1_1 SELECT2_CONTINUE
15314	SELECT2_CONTINUE
15315	SELECT1_1 SELECT2_CONTINUE
15316	SELECT1_1 SELECT2_CONTINUE
15321	SELECT1_1
15350	SELECT_NONE_1 SELECT1_1 SELECT6 SELECT2_CONTINUE
15351	SELECT_NONE_1 SELECT1_1 SELECT6 SELECT2_CONTINUE
15352	SELECT1_1 SELECT2_CONTINUE
15353	SELECT_NONE_1
15354	SELECT_NONE_1
15355	SELECT1_1 SELECT1_1_1 SELECT6 SELECT2_CONTINUE
15356	SELECT1_1 SELECT2_CONTINUE
15357	SELECT6
15358	SELECT_NONE_1
15360	SELECT2_CONTINUE
15361	SELECT1_1 SELECT2_CONTINUE
15362	SELECT6
15400	SELECT1_1 SELECT2_CONTINUE
15402	SELECT1_1 SELECT2_CONTINUE
15455	SELECT_NONE_1 SELECT1_1
15456	SELECT1_1
15458	SELECT_NONE_1 SELECT1_1
15459	SELECT1_1
15461	SELECT_NONE_1 SELECT1_1
15462	SELECT1_1
15478	SELECT_NONE_1
15479	SELECT_NONE_1
15550	SELECT1_1 SELECT1_1_1 SELECT2_CONTINUE
15605	SELECT2_CONTINUE
15606	SELECT_NONE_1 SELECT5_CHECK
15613	SELECT6 SELECT2_CONTINUE
15680	SELECT6
16800	SELECT_NONE_1
16821	SELECT1_1 SELECT2_CONTINUE
16822	SELECT2_CONTINUE
16836	SELECT1_1
16921	SELECT5_CHECK_SIMPLE
16930	SELECT5_CHECK_SIMPLE
16940	SELECT2_CONTINUE SELECT5_CHECK_SIMPLE
16942	SELECT1_1
16950	SELECT5_CHECK_SIMPLE
16952	SELECT5_CHECK_SIMPLE
16954	SELECT5_CHECK_SIMPLE
16960	SELECT2_CONTINUE
16979	SELECT1_1
16984	SELECT1_1 SELECT6 SELECT2_CONTINUE SELECT5_CHECK
16985	SELECT1_1
16990	SELECT2_CONTINUE
16992	SELECT5_CHECK_SIMPLE
17100	SELECT5_CHECK_SIMPLE
17101	SELECT5_CHECK_SIMPLE
17102	SELECT5_CHECK_SIMPLE
17103	SELECT5_CHECK_SIMPLE
17104	SELECT5_CHECK_SIMPLE
17105	SELECT5_CHECK_SIMPLE
17107	SELECT5_CHECK_SIMPLE
17109	SELECT5_CHECK_SIMPLE
17111	SELECT5_CHECK_SIMPLE
17113	SELECT5_CHECK_SIMPLE
17115	SELECT5_CHECK_SIMPLE
17117	SELECT5_CHECK_SIMPLE
17119	SELECT5_CHECK_SIMPLE
17121	SELECT5_CHECK_SIMPLE
17123	SELECT5_CHECK_SIMPLE
17125	SELECT5_CHECK_SIMPLE
17127	SELECT5_CHECK_SIMPLE
17129	SELECT5_CHECK_SIMPLE
17131	SELECT5_CHECK_SIMPLE
17133	SELECT5_CHECK_SIMPLE
17135	SELECT5_CHECK_SIMPLE
17137	SELECT5_CHECK_SIMPLE
17139	SELECT5_CHECK_SIMPLE
17141	SELECT5_CHECK_SIMPLE
17143	SELECT5_CHECK_SIMPLE
17145	SELECT5_CHECK_SIMPLE
17147	SELECT5_CHECK_SIMPLE
17149	SELECT5_CHECK_SIMPLE
17151	SELECT5_CHECK_SIMPLE
17153	SELECT5_CHECK_SIMPLE
17500	SELECT2_CONTINUE
17505	SELECT1_1
17510	SELECT1_1 SELECT2_CONTINUE
17540	SELECT2_CONTINUE SELECT5_CHECK
18001	SELECT5_CHECK_SIMPLE
18002	SELECT5_CHECK_SIMPLE
18013	SELECT5_CHECK_SIMPLE
18034	SELECT5_CHECK_SIMPLE
18035	SELECT2_CONTINUE
18210	SELECT2_CONTINUE
18213	SELECT2_CONTINUE
18216	SELECT6 SELECT5_CHECK
18219	SELECT5_CHECK_SIMPLE
18220	SELECT5_CHECK_SIMPLE
18221	SELECT5_CHECK_SIMPLE
18222	SELECT5_CHECK_SIMPLE
18223	SELECT5_CHECK_SIMPLE
18225	SELECT2_CONTINUE
18300	SELECT1_1
18301	SELECT2_CONTINUE
18302	SELECT6
18305	SELECT5_CHECK_SIMPLE
18306	SELECT5_CHECK_SIMPLE
18307	SELECT5_CHECK_SIMPLE
18308	SELECT5_CHECK_SIMPLE
18311	SELECT2_CONTINUE
18312	SELECT5_CHECK_SIMPLE
18403	SELECT6 SELECT5_CHECK
18404	SELECT6 SELECT5_CHECK
18405	SELECT2_CONTINUE
18408	SELECT6 SELECT5_CHECK
18409	SELECT1_1 SELECT2_CONTINUE
18410	SELECT1_1
18411	SELECT6 SELECT5_CHECK
18415	SELECT6
18500	SELECT1_1
18501	SELECT1_1 SELECT6 SELECT5_CHECK
18502	SELECT2_CONTINUE
18503	SELECT1_1 SELECT6 SELECT5_CHECK
18505	SELECT1_1 SELECT6 SELECT5_CHECK
18507	SELECT1_1
18509	SELECT1_1 SELECT6 SELECT5_CHECK
18600	SELECT2_CONTINUE
18602	SELECT1_1 SELECT2_CONTINUE
18605	SELECT1_1
18607	SELECT1_1 SELECT6 SELECT5_CHECK
18608	SELECT6 SELECT5_CHECK
18609	SELECT6 SELECT5_CHECK
18610	SELECT6 SELECT5_CHECK
18611	SELECT6 SELECT5_CHECK
18612	SELECT6 SELECT5_CHECK
18613	SELECT6 SELECT5_CHECK
18614	SELECT6 SELECT5_CHECK
18615	SELECT6 SELECT5_CHECK
18616	SELECT6 SELECT5_CHECK
18618	SELECT6 SELECT5_CHECK
18619	SELECT6 SELECT5_CHECK
18620	SELECT6 SELECT5_CHECK
18621	SELECT6 SELECT5_CHECK
18622	SELECT6 SELECT5_CHECK
18623	SELECT6 SELECT5_CHECK
18624	SELECT6 SELECT5_CHECK
18625	SELECT6 SELECT5_CHECK
18626	SELECT6 SELECT5_CHECK
18627	SELECT6 SELECT5_CHECK
18628	SELECT6 SELECT5_CHECK
18629	SELECT6 SELECT5_CHECK
18630	SELECT6 SELECT5_CHECK
18631	SELECT6 SELECT5_CHECK
18632	SELECT6 SELECT5_CHECK
18633	SELECT6 SELECT5_CHECK
18634	SELECT6 SELECT5_CHECK
18635	SELECT6 SELECT5_CHECK
18636	SELECT6 SELECT5_CHECK
18637	SELECT6 SELECT5_CHECK
18638	SELECT6 SELECT5_CHECK
18639	SELECT6 SELECT5_CHECK
18640	SELECT6 SELECT5_CHECK
18641	SELECT6 SELECT5_CHECK
18642	SELECT6 SELECT5_CHECK
18643	SELECT6 SELECT5_CHECK
18644	SELECT6 SELECT5_CHECK
18645	SELECT6 SELECT5_CHECK
18646	SELECT6 SELECT5_CHECK
18647	SELECT6 SELECT5_CHECK
18648	SELECT6 SELECT5_CHECK
18700	SELECT1_1 SELECT2_CONTINUE
18703	SELECT1_1
18706	SELECT1_1 SELECT6 SELECT2_CONTINUE
18707	SELECT5_CHECK_SIMPLE
18709	SELECT2_CONTINUE
18711	SELECT5_CHECK_SIMPLE
18713	SELECT5_CHECK_SIMPLE
18715	SELECT5_CHECK_SIMPLE
18717	SELECT5_CHECK_SIMPLE
18719	SELECT5_CHECK_SIMPLE
18721	SELECT5_CHECK_SIMPLE
18723	SELECT5_CHECK_SIMPLE
18725	SELECT5_CHECK_SIMPLE
18727	SELECT5_CHECK_SIMPLE
18729	SELECT5_CHECK_SIMPLE
18731	SELECT5_CHECK_SIMPLE
18733	SELECT5_CHECK_SIMPLE
18735	SELECT5_CHECK_SIMPLE
18744	SELECT1_1 SELECT6 SELECT2_CONTINUE SELECT5_CHECK
18806	SELECT2_CONTINUE
18807	SELECT2_CONTINUE
18811	SELECT5_CHECK_SIMPLE
18812	SELECT5_CHECK_SIMPLE
18813	SELECT5_CHECK_SIMPLE
18814	SELECT5_CHECK_SIMPLE
18815	SELECT5_CHECK_SIMPLE
18816	SELECT5_CHECK_SIMPLE
18817	SELECT5_CHECK_SIMPLE
18818	SELECT5_CHECK_SIMPLE
18819	SELECT5_CHECK_SIMPLE
18820	SELECT5_CHECK_SIMPLE
18822	SELECT5_CHECK_SIMPLE
18823	SELECT5_CHECK_SIMPLE
18824	SELECT5_CHECK_SIMPLE
18825	SELECT5_CHECK_SIMPLE
18830	SELECT2_CONTINUE
18834	SELECT5_CHECK_SIMPLE
18836	SELECT5_CHECK_SIMPLE
18838	SELECT5_CHECK_SIMPLE
18840	SELECT5_CHECK_SIMPLE
18841	SELECT5_CHECK_SIMPLE
18842	SELECT5_CHECK_SIMPLE
18844	SELECT5_CHECK_SIMPLE
18848	SELECT5_CHECK_SIMPLE
18913	SELECT5_CHECK_SIMPLE
18914	SELECT5_CHECK_SIMPLE
18916	SELECT5_CHECK_SIMPLE
18940	SELECT2_CONTINUE
19000	SELECT1_1
19002	SELECT1_1
19004	SELECT2_CONTINUE
19008	SELECT1_1 SELECT6
19014	SELECT1_1 SELECT6
19020	SELECT1_1 SELECT6
19026	SELECT1_1 SELECT6
19032	SELECT1_1 SELECT6
19038	SELECT1_1 SELECT6 SELECT2_CONTINUE
19042	SELECT6 SELECT5_CHECK
19043	SELECT6 SELECT5_CHECK
19044	SELECT1_1
19045	SELECT1_1
19049	SELECT5_CHECK_SIMPLE
19052	SELECT6 SELECT5_CHECK
19053	SELECT6 SELECT5_CHECK
19054	SELECT6 SELECT5_CHECK
19055	SELECT6 SELECT5_CHECK
19057	SELECT1_1 SELECT6
19064	SELECT5_CHECK_SIMPLE
19070	SELECT1_1
19071	SELECT1_1
19601	SELECT_NONE_1
19670	SELECT2_CONTINUE
19912	SELECT_NONE_1
20000	SELECT1_1
20001	SELECT1_1 SELECT6 SELECT2_CONTINUE
20010	SELECT1_1 SELECT1_1_1 SELECT6
20011	SELECT1_1 SELECT1_1_1 SELECT2_CONTINUE
20015	SELECT1_1 SELECT2_CONTINUE
20020	SELECT1_1 SELECT6 SELECT2_CONTINUE
20021	SELECT1_1 SELECT6
20022	SELECT1_1 SELECT2_CONTINUE
20023	SELECT1_1 SELECT6 SELECT2_CONTINUE
20024	SELECT1_1 SELECT6 SELECT2_CONTINUE
20025	SELECT1_1 SELECT6 SELECT2_CONTINUE
20026	SELECT1_1 SELECT2_CONTINUE
20031	SELECT1_1 SELECT6 SELECT2_CONTINUE
20032	SELECT1_1 SELECT2_CONTINUE
20033	SELECT1_1
20034	SELECT1_1 SELECT6 SELECT2_CONTINUE
20035	SELECT1_1 SELECT2_CONTINUE
20036	SELECT1_1 SELECT6 SELECT2_CONTINUE
20037	SELECT1_1 SELECT2_CONTINUE
20038	SELECT1_1 SELECT6 SELECT2_CONTINUE
20040	SELECT6
20050	SELECT1_1 SELECT2_CONTINUE
20051	SELECT2_CONTINUE
20053	SELECT1_1 SELECT6
20060	SELECT1_1
20061	SELECT1_1
20062	SELECT1_1
20063	SELECT1_1
20064	SELECT1_1
20065	SELECT1_1 SELECT2_CONTINUE
20070	SELECT1_1 SELECT6 SELECT2_CONTINUE
20071	SELECT1_1 SELECT6 SELECT2_CONTINUE
20073	SELECT1_1 SELECT6
20081	SELECT6
20082	SELECT2_CONTINUE
20083	SELECT2_CONTINUE
20085	SELECT1_1 SELECT1_1_1
20090	SELECT1_1
20091	SELECT1_1
20093	SELECT1_1
20094	SELECT1_1 SELECT6
20100	SELECT1_1 SELECT1_1_1
20101	SELECT1_1 SELECT1_1_1 SELECT6
20110	SELECT1_1 SELECT1_1_1 SELECT6
20111	SELECT1_1 SELECT2_CONTINUE
20112	SELECT1_1 SELECT6 SELECT2_CONTINUE SELECT5_CHECK
20113	SELECT1_1 SELECT1_1_1
20500	SELECT1_1 SELECT1_1_1
20501	SELECT1_1 SELECT6 SELECT2_CONTINUE
20502	SELECT1_1 SELECT6 SELECT2_CONTINUE
20503	SELECT1_1 SELECT2_CONTINUE
20504	SELECT1_1 SELECT6
20505	SELECT1_1 SELECT1_1_1 SELECT2_CONTINUE
20506	SELECT1_1 SELECT6 SELECT2_CONTINUE
20507	SELECT1_1 SELECT1_1_1 SELECT2_CONTINUE
20520	SELECT6
20521	SELECT1_1 SELECT6 SELECT2_CONTINUE
20525	SELECT1_1 SELECT1_1_1 SELECT6 SELECT2_CONTINUE SELECT5_CHECK
20526	SELECT1_1 SELECT6
20527	SELECT1_1 SELECT6 SELECT2_CONTINUE
20528	SELECT1_1 SELECT6 SELECT2_CONTINUE
20529	SELECT1_1 SELECT6 SELECT2_CONTINUE
20530	SELECT1_1 SELECT1_1_1 SELECT6 SELECT2_CONTINUE
21000	SELECT1_1 SELECT6 SELECT5_CHECK
21001	SELECT1_1 SELECT6 SELECT5_CHECK
21002	SELECT1_1
21004	SELECT1_1 SELECT2_CONTINUE
21005	SELECT1_1
21009	SELECT1_1
21015	SELECT1_1 SELECT6 SELECT5_CHECK
21016	SELECT1_1
21017	SELECT1_1
21018	SELECT1_1
21019	SELECT1_1
21020	SELECT1_1
21021	SELECT1_1
21022	SELECT1_1 SELECT6 SELECT5_CHECK
21025	SELECT1_1 SELECT6 SELECT5_CHECK
21027	SELECT1_1
21028	SELECT6 SELECT5_CHECK
21031	SELECT1_1 SELECT6 SELECT5_CHECK
21032	SELECT6 SELECT5_CHECK
21033	SELECT2_CONTINUE
21035	SELECT6 SELECT5_CHECK
21036	SELECT2_CONTINUE
21037	SELECT6 SELECT5_CHECK
21038	SELECT6 SELECT5_CHECK
21039	SELECT6 SELECT5_CHECK
21041	SELECT6 SELECT5_CHECK
21042	SELECT6 SELECT5_CHECK
21043	SELECT1_1 SELECT6 SELECT5_CHECK
21044	SELECT1_1
21045	SELECT1_1
21046	SELECT1_1
21047	SELECT1_1
21049	SELECT6 SELECT5_CHECK
21051	SELECT1_1 SELECT6
21052	SELECT1_1 SELECT6
21053	SELECT1_1 SELECT6
21054	SELECT1_1 SELECT6
21055	SELECT1_1 SELECT6
21060	SELECT1_1
21061	SELECT1_1
21062	SELECT1_1
21063	SELECT1_1
21065	SELECT2_CONTINUE
21066	SELECT2_CONTINUE
21068	SELECT1_1 SELECT2_CONTINUE
21069	SELECT6 SELECT5_CHECK
21070	SELECT2_CONTINUE
21071	SELECT1_1 SELECT2_CONTINUE
21072	SELECT6 SELECT5_CHECK
21073	SELECT2_CONTINUE
21074	SELECT1_1
21075	SELECT1_1 SELECT2_CONTINUE
21078	SELECT6 SELECT5_CHECK
21081	SELECT2_CONTINUE
21100	SELECT6 SELECT5_CHECK
21101	SELECT6 SELECT5_CHECK
21103	SELECT1_1
21104	SELECT1_1 SELECT6 SELECT5_CHECK
21105	SELECT1_1
21106	SELECT1_1 SELECT2_CONTINUE
21107	SELECT1_1 SELECT6 SELECT5_CHECK
21108	SELECT1_1
21109	SELECT1_1
21110	SELECT1_1 SELECT2_CONTINUE
21111	SELECT1_1 SELECT2_CONTINUE
21112	SELECT1_1 SELECT6 SELECT5_CHECK
21113	SELECT1_1
21115	SELECT1_1
21116	SELECT1_1 SELECT6 SELECT5_CHECK
21117	SELECT1_1
21118	SELECT1_1
21123	SELECT6 SELECT5_CHECK
21126	SELECT6 SELECT5_CHECK
21135	SELECT2_CONTINUE
21136	SELECT2_CONTINUE
21137	SELECT2_CONTINUE
21138	SELECT2_CONTINUE
21141	SELECT2_CONTINUE
21200	SELECT6 SELECT5_CHECK
21201	SELECT6 SELECT5_CHECK
21204	SELECT6 SELECT5_CHECK
21205	SELECT6 SELECT5_CHECK
21207	SELECT6 SELECT5_CHECK
21212	SELECT6 SELECT5_CHECK
21214	SELECT1_1 SELECT6 SELECT5_CHECK
21216	SELECT1_1
21217	SELECT2_CONTINUE
21220	SELECT1_1 SELECT6 SELECT5_CHECK
21221	SELECT2_CONTINUE
21222	SELECT1_1
21223	SELECT6 SELECT5_CHECK
21224	SELECT6 SELECT5_CHECK
21225	SELECT6 SELECT5_CHECK
21226	SELECT1_1 SELECT6 SELECT5_CHECK
21229	SELECT6 SELECT5_CHECK
21230	SELECT6 SELECT5_CHECK
21233	SELECT6 SELECT5_CHECK
21234	SELECT6 SELECT5_CHECK
21235	SELECT6 SELECT5_CHECK
21236	SELECT6 SELECT5_CHECK
21237	SELECT1_1
21240	SELECT1_1
21242	SELECT6 SELECT5_CHECK
21243	SELECT2_CONTINUE
21244	SELECT2_CONTINUE
21245	SELECT6 SELECT5_CHECK
21247	SELECT6 SELECT5_CHECK
21248	SELECT6 SELECT5_CHECK
21251	SELECT1_1 SELECT6
21253	SELECT1_1 SELECT6
21255	SELECT1_1 SELECT6
21257	SELECT1_1 SELECT6
21259	SELECT1_1 SELECT6
21261	SELECT1_1 SELECT6
21263	SELECT1_1 SELECT6
21265	SELECT1_1 SELECT6
21267	SELECT1_1 SELECT6
21268	SELECT1_1 SELECT6 SELECT5_CHECK
21269	SELECT1_1 SELECT6 SELECT5_CHECK
21270	SELECT1_1 SELECT6 SELECT5_CHECK
21271	SELECT1_1 SELECT6 SELECT5_CHECK
21272	SELECT1_1 SELECT6 SELECT5_CHECK
21273	SELECT6 SELECT5_CHECK
21274	SELECT6 SELECT5_CHECK
21275	SELECT1_1 SELECT6 SELECT5_CHECK
21276	SELECT1_1 SELECT6 SELECT5_CHECK
21277	SELECT6 SELECT5_CHECK
21279	SELECT6 SELECT5_CHECK
21280	SELECT6 SELECT5_CHECK
21296	SELECT2_CONTINUE
21298	SELECT1_1 SELECT6
21300	SELECT1_1 SELECT6
21302	SELECT1_1 SELECT6
21304	SELECT1_1 SELECT6
21450	SELECT1_1 SELECT6 SELECT5_CHECK
21452	SELECT1_1 SELECT6 SELECT5_CHECK
21453	SELECT1_1
21454	SELECT6 SELECT5_CHECK
21455	SELECT2_CONTINUE
21457	SELECT6 SELECT5_CHECK
21458	SELECT2_CONTINUE
21460	SELECT1_1 SELECT2_CONTINUE
21461	SELECT6 SELECT5_CHECK
21464	SELECT1_1 SELECT6 SELECT5_CHECK
21469	SELECT_NONE_1 SELECT1_1 SELECT2_CONTINUE
21508	SELECT5_CHECK_SIMPLE
21510	SELECT5_CHECK_SIMPLE
21515	SELECT5_CHECK_SIMPLE
21516	SELECT5_CHECK_SIMPLE
21517	SELECT5_CHECK_SIMPLE
21518	SELECT5_CHECK_SIMPLE
21519	SELECT5_CHECK_SIMPLE
21520	SELECT5_CHECK_SIMPLE
21522	SELECT2_CONTINUE
21550	SELECT5_CHECK_SIMPLE
22001	SELECT5_CHECK_SIMPLE
22008	SELECT5_CHECK_SIMPLE
22010	SELECT5_CHECK_SIMPLE
22012	SELECT5_CHECK_SIMPLE
22014	SELECT5_CHECK_SIMPLE
22018	SELECT5_CHECK_SIMPLE
22022	SELECT5_CHECK_SIMPLE
22023	SELECT5_CHECK_SIMPLE
22026	SELECT5_CHECK_SIMPLE
22030	SELECT5_CHECK_SIMPLE
22034	SELECT5_CHECK_SIMPLE
22040	SELECT5_CHECK_SIMPLE
22041	SELECT5_CHECK_SIMPLE
22042	SELECT5_CHECK_SIMPLE
22043	SELECT5_CHECK_SIMPLE
22048	SELECT5_CHECK_SIMPLE
22058	SELECT5_CHECK_SIMPLE
22059	SELECT5_CHECK_SIMPLE
22060	SELECT5_CHECK_SIMPLE
22400	SELECT5_CHECK_SIMPLE
22401	SELECT5_CHECK_SIMPLE
22402	SELECT5_CHECK_SIMPLE
22403	SELECT5_CHECK_SIMPLE
22404	SELECT5_CHECK_SIMPLE
22405	SELECT5_CHECK_SIMPLE
22406	SELECT5_CHECK_SIMPLE
22407	SELECT5_CHECK_SIMPLE
22408	SELECT5_CHECK_SIMPLE
22409	SELECT5_CHECK_SIMPLE
22410	SELECT5_CHECK_SIMPLE
22411	SELECT5_CHECK_SIMPLE
22412	SELECT5_CHECK_SIMPLE
22500	SELECT1_1 SELECT2_CONTINUE
22504	SELECT2_CONTINUE
22506	SELECT2_CONTINUE SELECT5_CHECK_SIMPLE
22512	SELECT5_CHECK_SIMPLE
22513	SELECT5_CHECK_SIMPLE
22515	SELECT5_CHECK_SIMPLE
22521	SELECT5_CHECK_SIMPLE
22523	SELECT5_CHECK_SIMPLE
22529	SELECT5_CHECK_SIMPLE
22532	SELECT5_CHECK_SIMPLE
22537	SELECT5_CHECK_SIMPLE
22538	SELECT5_CHECK_SIMPLE
22540	SELECT5_CHECK_SIMPLE
22545	SELECT5_CHECK_SIMPLE
22552	SELECT5_CHECK_SIMPLE
22558	SELECT5_CHECK_SIMPLE
22559	SELECT5_CHECK_SIMPLE
22801	SELECT5_CHECK_SIMPLE
22803	SELECT5_CHECK_SIMPLE
22807	SELECT5_CHECK_SIMPLE
22810	SELECT5_CHECK_SIMPLE
22811	SELECT5_CHECK_SIMPLE
22816	SELECT5_CHECK_SIMPLE
22821	SELECT5_CHECK_SIMPLE
22822	SELECT5_CHECK_SIMPLE
22827	SELECT5_CHECK_SIMPLE
22833	SELECT5_CHECK_SIMPLE
22840	SELECT5_CHECK_SIMPLE
22853	SELECT5_CHECK_SIMPLE
22854	SELECT2_CONTINUE
22855	SELECT2_CONTINUE
23001	SELECT5_CHECK_SIMPLE
23002	SELECT5_CHECK_SIMPLE
23004	SELECT2_CONTINUE
23010	SELECT2_CONTINUE
23011	SELECT5_CHECK_SIMPLE
23013	SELECT5_CHECK_SIMPLE
23017	SELECT5_CHECK_SIMPLE
23018	SELECT5_CHECK_SIMPLE
23020	SELECT5_CHECK_SIMPLE
23021	SELECT5_CHECK_SIMPLE
23027	SELECT5_CHECK_SIMPLE
23028	SELECT2_CONTINUE
23031	SELECT5_CHECK_SIMPLE
23036	SELECT5_CHECK_SIMPLE
23037	SELECT5_CHECK_SIMPLE
23044	SELECT5_CHECK_SIMPLE
23049	SELECT2_CONTINUE
23051	SELECT2_CONTINUE
23052	SELECT5_CHECK_SIMPLE
23053	SELECT5_CHECK_SIMPLE
23057	SELECT5_CHECK_SIMPLE
23060	SELECT2_CONTINUE
23063	SELECT2_CONTINUE
23300	SELECT5_CHECK_SIMPLE
23307	SELECT5_CHECK_SIMPLE
23317	SELECT5_CHECK_SIMPLE
23327	SELECT5_CHECK_SIMPLE
23336	SELECT5_CHECK_SIMPLE
23341	SELECT5_CHECK_SIMPLE
23345	SELECT5_CHECK_SIMPLE
23360	SELECT5_CHECK_SIMPLE
23361	SELECT5_CHECK_SIMPLE
23362	SELECT5_CHECK_SIMPLE
23400	SELECT2_CONTINUE
23403	SELECT1_1 SELECT1_1_1 SELECT6
23500	SELECT1_1 SELECT1_1_1 SELECT6
23509	SELECT5_CHECK_SIMPLE
23510	SELECT5_CHECK_SIMPLE
23515	SELECT5_CHECK_SIMPLE
23528	SELECT5_CHECK_SIMPLE
23529	SELECT5_CHECK_SIMPLE
23551	SELECT5_CHECK_SIMPLE
23554	SELECT5_CHECK_SIMPLE
23556	SELECT5_CHECK_SIMPLE
23559	SELECT5_CHECK_SIMPLE
23560	SELECT5_CHECK_SIMPLE
23561	SELECT2_CONTINUE
23562	SELECT2_CONTINUE
23563	SELECT2_CONTINUE SELECT5_CHECK_SIMPLE
23565	SELECT2_CONTINUE SELECT5_CHECK_SIMPLE
23566	SELECT2_CONTINUE
23606	SELECT5_CHECK_SIMPLE
23607	SELECT5_CHECK_SIMPLE
23608	SELECT2_CONTINUE
23609	SELECT5_CHECK_SIMPLE
23614	SELECT5_CHECK_SIMPLE
23700	SELECT2_CONTINUE
23701	SELECT2_CONTINUE
23706	SELECT5_CHECK_SIMPLE
23712	SELECT5_CHECK_SIMPLE
23714	SELECT5_CHECK_SIMPLE
23741	SELECT5_CHECK_SIMPLE
23742	SELECT5_CHECK_SIMPLE
23743	SELECT5_CHECK_SIMPLE
23800	SELECT1_1 SELECT2_CONTINUE
23806	SELECT5_CHECK_SIMPLE
23807	SELECT5_CHECK_SIMPLE
23810	SELECT5_CHECK_SIMPLE
23813	SELECT5_CHECK_SIMPLE
23815	SELECT1_1 SELECT2_CONTINUE
23819	SELECT5_CHECK_SIMPLE
23820	SELECT5_CHECK_SIMPLE
23821	SELECT5_CHECK_SIMPLE
23900	SELECT2_CONTINUE
23901	SELECT5_CHECK_SIMPLE
23903	SELECT1_1 SELECT5_CHECK_SIMPLE
23904	SELECT5_CHECK_SIMPLE
23909	SELECT1_1
23914	SELECT5_CHECK_SIMPLE
23915	SELECT5_CHECK_SIMPLE
23916	SELECT5_CHECK_SIMPLE
23950	SELECT1_1 SELECT1_1_1 SELECT2_CONTINUE
23954	SELECT1_1 SELECT1_1_1 SELECT2_CONTINUE
23960	SELECT2_CONTINUE
23961	SELECT1_1 SELECT1_1_1
23970	SELECT2_CONTINUE
23971	SELECT1_1 SELECT1_1_1
24011	SELECT1_1 SELECT1_1_1 SELECT2_CONTINUE
24012	SELECT1_1 SELECT1_1_1 SELECT6
24013	SELECT1_1
24014	SELECT1_1 SELECT1_1_1 SELECT6 SELECT2_CONTINUE
24015	SELECT1_1 SELECT1_1_1
24016	SELECT1_1 SELECT1_1_1
24021	SELECT1_1 SELECT2_CONTINUE
24022	SELECT1_1 SELECT6
24023	SELECT1_1 SELECT1_1_1 SELECT2_CONTINUE
24024	SELECT1_1 SELECT1_1_1 SELECT2_CONTINUE
24025	SELECT1_1 SELECT6 SELECT2_CONTINUE
24026	SELECT1_1 SELECT1_1_1 SELECT6 SELECT2_CONTINUE
24030	SELECT1_1 SELECT6 SELECT2_CONTINUE
24031	SELECT1_1 SELECT2_CONTINUE
24041	SELECT1_1 SELECT1_1_1 SELECT6 SELECT2_CONTINUE
24042	SELECT1_1 SELECT2_CONTINUE
24043	SELECT1_1 SELECT6 SELECT2_CONTINUE
24044	SELECT1_1 SELECT2_CONTINUE
24045	SELECT1_1 SELECT2_CONTINUE
24046	SELECT1_1
24051	SELECT1_1 SELECT1_1_1 SELECT2_CONTINUE
24052	SELECT1_1
24053	SELECT1_1 SELECT2_CONTINUE
24054	SELECT1_1 SELECT2_CONTINUE
24060	SELECT1_1 SELECT6 SELECT2_CONTINUE
24061	SELECT1_1
24062	SELECT1_1 SELECT2_CONTINUE
24070	SELECT1_1 SELECT2_CONTINUE SELECT5_CHECK
24071	SELECT1_1 SELECT1_1_1 SELECT6 SELECT2_CONTINUE SELECT5_CHECK
24080	SELECT1_1 SELECT1_1_1 SELECT6 SELECT2_CONTINUE
24081	SELECT1_1 SELECT1_1_1 SELECT6
24090	SELECT1_1 SELECT1_1_1 SELECT6
24091	SELECT6 SELECT2_CONTINUE
24095	SELECT1_1 SELECT6
24111	SELECT5_CHECK_SIMPLE
24113	SELECT5_CHECK_SIMPLE
24114	SELECT1_1 SELECT1_1_1
24120	SELECT2_CONTINUE
24121	SELECT5_CHECK_SIMPLE
24122	SELECT5_CHECK_SIMPLE
24123	SELECT2_CONTINUE
24150	SELECT2_CONTINUE
24151	SELECT2_CONTINUE
24152	SELECT2_CONTINUE SELECT5_CHECK_SIMPLE
24153	SELECT2_CONTINUE
24154	SELECT2_CONTINUE
24155	SELECT2_CONTINUE
24201	SELECT1_1 SELECT2_CONTINUE
24202	SELECT1_1 SELECT2_CONTINUE SELECT5_CHECK_SIMPLE
24203	SELECT1_1 SELECT6 SELECT2_CONTINUE
24220	SELECT2_CONTINUE
24231	SELECT1_1 SELECT5_CHECK_SIMPLE
24232	SELECT1_1
24240	SELECT1_1
24242	SELECT2_CONTINUE SELECT5_CHECK_SIMPLE
25050	SELECT_NONE_1
25051	SELECT2_CONTINUE
25073	SELECT_NONE_1
25094	SELECT_NONE_1
25210	SELECT5_CHECK_SIMPLE
25211	SELECT5_CHECK_SIMPLE
25212	SELECT5_CHECK_SIMPLE
25213	SELECT5_CHECK_SIMPLE
25230	SELECT5_CHECK_SIMPLE
25231	SELECT5_CHECK_SIMPLE
25232	SELECT5_CHECK_SIMPLE
25300	SELECT1_1 SELECT2_CONTINUE
25301	SELECT1_1 SELECT1_1_1
25302	SELECT1_1
25303	SELECT1_1 SELECT2_CONTINUE
25304	SELECT2_CONTINUE
25305	SELECT1_1 SELECT2_CONTINUE
25306	SELECT1_1 SELECT2_CONTINUE
25311	SELECT1_1 SELECT1_1_1
25312	SELECT1_1
25313	SELECT1_1 SELECT2_CONTINUE
25314	SELECT2_CONTINUE
25315	SELECT1_1 SELECT2_CONTINUE
25316	SELECT1_1 SELECT2_CONTINUE
25321	SELECT1_1
25350	SELECT_NONE_1 SELECT1_1 SELECT6 SELECT2_CONTINUE
25351	SELECT_NONE_1 SELECT1_1 SELECT6 SELECT2_CONTINUE
25352	SELECT1_1 SELECT2_CONTINUE
25353	SELECT_NONE_1
25354	SELECT_NONE_1
25355	SELECT1_1 SELECT1_1_1 SELECT6 SELECT2_CONTINUE
25356	SELECT1_1 SELECT2_CONTINUE
25357	SELECT6
25358	SELECT_NONE_1
25360	SELECT2_CONTINUE
25361	SELECT1_1 SELECT2_CONTINUE
25362	SELECT6
25400	SELECT1_1 SELECT2_CONTINUE
25402	SELECT1_1 SELECT2_CONTINUE
25455	SELECT_NONE_1 SELECT1_1
25456	SELECT1_1
25458	SELECT_NONE_1 SELECT1_1
25459	SELECT1_1
25461	SELECT_NONE_1 SELECT1_1
25462	SELECT1_1
25478	SELECT_NONE_1
25479	SELECT_NONE_1
25550	SELECT1_1 SELECT1_1_1 SELECT2_CONTINUE
25604	SELECT1_1 SELECT5_CHECK
25606	SELECT_NONE_1 SELECT2_CONTINUE
25608	SELECT1_1
25680	SELECT6
26800	SELECT_NONE_1
26821	SELECT1_1 SELECT2_CONTINUE
26822	SELECT2_CONTINUE
26836	SELECT1_1
26921	SELECT5_CHECK_SIMPLE
26930	SELECT5_CHECK_SIMPLE
26940	SELECT2_CONTINUE SELECT5_CHECK_SIMPLE
26942	SELECT1_1
26950	SELECT5_CHECK_SIMPLE
26952	SELECT5_CHECK_SIMPLE
26954	SELECT5_CHECK_SIMPLE
26960	SELECT2_CONTINUE
26979	SELECT1_1
26984	SELECT1_1 SELECT6 SELECT2_CONTINUE SELECT5_CHECK
26985	SELECT1_1
26990	SELECT2_CONTINUE
26992	SELECT5_CHECK_SIMPLE
27100	SELECT5_CHECK_SIMPLE
27101	SELECT5_CHECK_SIMPLE
27102	SELECT5_CHECK_SIMPLE
27103	SELECT5_CHECK_SIMPLE
27104	SELECT5_CHECK_SIMPLE
27105	SELECT5_CHECK_SIMPLE
27107	SELECT5_CHECK_SIMPLE
27109	SELECT5_CHECK_SIMPLE
27111	SELECT5_CHECK_SIMPLE
27113	SELECT5_CHECK_SIMPLE
27115	SELECT5_CHECK_SIMPLE
27117	SELECT5_CHECK_SIMPLE
27119	SELECT5_CHECK_SIMPLE
27121	SELECT5_CHECK_SIMPLE
27123	SELECT5_CHECK_SIMPLE
27125	SELECT5_CHECK_SIMPLE
27127	SELECT5_CHECK_SIMPLE
27129	SELECT5_CHECK_SIMPLE
27131	SELECT5_CHECK_SIMPLE
27133	SELECT5_CHECK_SIMPLE
27135	SELECT5_CHECK_SIMPLE
27137	SELECT5_CHECK_SIMPLE
27139	SELECT5_CHECK_SIMPLE
27141	SELECT5_CHECK_SIMPLE
27143	SELECT5_CHECK_SIMPLE
27145	SELECT5_CHECK_SIMPLE
27147	SELECT5_CHECK_SIMPLE
27149	SELECT5_CHECK_SIMPLE
27151	SELECT5_CHECK_SIMPLE
27153	SELECT5_CHECK_SIMPLE
27500	SELECT2_CONTINUE
27505	SELECT1_1
27510	SELECT1_1 SELECT2_CONTINUE
27540	SELECT2_CONTINUE SELECT5_CHECK
28001	SELECT5_CHECK_SIMPLE
28002	SELECT5_CHECK_SIMPLE
28013	SELECT5_CHECK_SIMPLE
28034	SELECT5_CHECK_SIMPLE
28035	SELECT2_CONTINUE
28210	SELECT2_CONTINUE
28213	SELECT2_CONTINUE
28216	SELECT6 SELECT5_CHECK
28219	SELECT5_CHECK_SIMPLE
28220	SELECT5_CHECK_SIMPLE
28221	SELECT5_CHECK_SIMPLE
28222	SELECT5_CHECK_SIMPLE
28223	SELECT5_CHECK_SIMPLE
28225	SELECT2_CONTINUE
28300	SELECT1_1
28301	SELECT2_CONTINUE
28302	SELECT6
28305	SELECT5_CHECK_SIMPLE
28306	SELECT5_CHECK_SIMPLE
28307	SELECT5_CHECK_SIMPLE
28308	SELECT5_CHECK_SIMPLE
28311	SELECT2_CONTINUE
28312	SELECT5_CHECK_SIMPLE
28403	SELECT6 SELECT5_CHECK
28404	SELECT6 SELECT5_CHECK
28405	SELECT2_CONTINUE
28408	SELECT6 SELECT5_CHECK
28409	SELECT1_1 SELECT2_CONTINUE
28410	SELECT1_1
28411	SELECT6 SELECT5_CHECK
28415	SELECT6
28500	SELECT1_1
28501	SELECT1_1 SELECT6 SELECT5_CHECK
28502	SELECT2_CONTINUE
28503	SELECT1_1 SELECT6 SELECT5_CHECK
28505	SELECT6 SELECT5_CHECK
28507	SELECT1_1
28509	SELECT1_1 SELECT6 SELECT5_CHECK
28600	SELECT2_CONTINUE
28602	SELECT1_1 SELECT2_CONTINUE
28605	SELECT1_1
28607	SELECT1_1 SELECT6 SELECT5_CHECK
28608	SELECT6 SELECT5_CHECK
28609	SELECT6 SELECT5_CHECK
28610	SELECT6 SELECT5_CHECK
28611	SELECT6 SELECT5_CHECK
28612	SELECT6 SELECT5_CHECK
28613	SELECT6 SELECT5_CHECK
28614	SELECT6 SELECT5_CHECK
28615	SELECT6 SELECT5_CHECK
28616	SELECT6 SELECT5_CHECK
28618	SELECT6 SELECT5_CHECK
28619	SELECT6 SELECT5_CHECK
28620	SELECT6 SELECT5_CHECK
28621	SELECT6 SELECT5_CHECK
28622	SELECT6 SELECT5_CHECK
28623	SELECT6 SELECT5_CHECK
28624	SELECT6 SELECT5_CHECK
28625	SELECT6 SELECT5_CHECK
28626	SELECT6 SELECT5_CHECK
28627	SELECT6 SELECT5_CHECK
28628	SELECT6 SELECT5_CHECK
28629	SELECT6 SELECT5_CHECK
28630	SELECT6 SELECT5_CHECK
28631	SELECT6 SELECT5_CHECK
28632	SELECT6 SELECT5_CHECK
28633	SELECT6 SELECT5_CHECK
28634	SELECT6 SELECT5_CHECK
28635	SELECT6 SELECT5_CHECK
28636	SELECT6 SELECT5_CHECK
28637	SELECT6 SELECT5_CHECK
28638	SELECT6 SELECT5_CHECK
28639	SELECT6 SELECT5_CHECK
28640	SELECT6 SELECT5_CHECK
28641	SELECT6 SELECT5_CHECK
28642	SELECT6 SELECT5_CHECK
28643	SELECT6 SELECT5_CHECK
28644	SELECT6 SELECT5_CHECK
28645	SELECT6 SELECT5_CHECK
28646	SELECT6 SELECT5_CHECK
28647	SELECT6 SELECT5_CHECK
28648	SELECT6 SELECT5_CHECK
28700	SELECT1_1 SELECT2_CONTINUE
28703	SELECT1_1
28706	SELECT1_1 SELECT6 SELECT2_CONTINUE
28707	SELECT5_CHECK_SIMPLE
28709	SELECT2_CONTINUE
28711	SELECT5_CHECK_SIMPLE
28713	SELECT5_CHECK_SIMPLE
28715	SELECT5_CHECK_SIMPLE
28717	SELECT5_CHECK_SIMPLE
28719	SELECT5_CHECK_SIMPLE
28721	SELECT5_CHECK_SIMPLE
28723	SELECT5_CHECK_SIMPLE
28725	SELECT5_CHECK_SIMPLE
28727	SELECT5_CHECK_SIMPLE
28729	SELECT5_CHECK_SIMPLE
28731	SELECT5_CHECK_SIMPLE
28733	SELECT5_CHECK_SIMPLE
28735	SELECT5_CHECK_SIMPLE
28744	SELECT1_1 SELECT6 SELECT2_CONTINUE SELECT5_CHECK
28806	SELECT2_CONTINUE
28807	SELECT2_CONTINUE
28811	SELECT5_CHECK_SIMPLE
28812	SELECT5_CHECK_SIMPLE
28813	SELECT5_CHECK_SIMPLE
28814	SELECT5_CHECK_SIMPLE
28815	SELECT5_CHECK_SIMPLE
28816	SELECT5_CHECK_SIMPLE
28817	SELECT5_CHECK_SIMPLE
28818	SELECT5_CHECK_SIMPLE
28819	SELECT5_CHECK_SIMPLE
28820	SELECT5_CHECK_SIMPLE
28822	SELECT5_CHECK_SIMPLE
28823	SELECT5_CHECK_SIMPLE
28824	SELECT5_CHECK_SIMPLE
28825	SELECT5_CHECK_SIMPLE
28830	SELECT2_CONTINUE
28834	SELECT5_CHECK_SIMPLE
28836	SELECT5_CHECK_SIMPLE
28838	SELECT5_CHECK_SIMPLE
28840	SELECT5_CHECK_SIMPLE
28841	SELECT5_CHECK_SIMPLE
28842	SELECT5_CHECK_SIMPLE
28844	SELECT5_CHECK_SIMPLE
28848	SELECT5_CHECK_SIMPLE
28913	SELECT5_CHECK_SIMPLE
28914	SELECT5_CHECK_SIMPLE
28916	SELECT5_CHECK_SIMPLE
28940	SELECT2_CONTINUE
29000	SELECT1_1
29002	SELECT1_1
29004	SELECT2_CONTINUE
29008	SELECT1_1 SELECT6
29014	SELECT1_1 SELECT6
29020	SELECT1_1 SELECT6
29026	SELECT1_1 SELECT6
29032	SELECT1_1 SELECT6
29038	SELECT1_1 SELECT6 SELECT2_CONTINUE
29042	SELECT6 SELECT5_CHECK
29043	SELECT6 SELECT5_CHECK
29044	SELECT1_1
29045	SELECT1_1
29049	SELECT5_CHECK_SIMPLE
29052	SELECT6 SELECT5_CHECK
29053	SELECT6 SELECT5_CHECK
29054	SELECT6 SELECT5_CHECK
29055	SELECT6 SELECT5_CHECK
29057	SELECT1_1 SELECT6
29064	SELECT5_CHECK_SIMPLE
29070	SELECT1_1 SELECT1_1_1
29071	SELECT1_1 SELECT1_1_1
29601	SELECT_NONE_1
29670	SELECT2_CONTINUE
29700	SELECT1_1 SELECT2_CONTINUE
29703	SELECT1_1
29706	SELECT1_1 SELECT6 SELECT2_CONTINUE
29707	SELECT6 SELECT5_CHECK
29709	SELECT2_CONTINUE
29713	SELECT1_1
29714	SELECT1_1
29715	SELECT1_1
29716	SELECT1_1
29717	SELECT1_1
29912	SELECT_NONE_1
30001	SELECT1_1
30002	SELECT6 SELECT5_CHECK
30005	SELECT1_1
30007	SELECT2_CONTINUE
30008	SELECT1_1 SELECT6 SELECT5_CHECK
30009	SELECT6 SELECT5_CHECK
30010	SELECT1_1 SELECT6 SELECT5_CHECK
30011	SELECT1_1
30012	SELECT1_1
30013	SELECT6 SELECT5_CHECK
30014	SELECT6 SELECT5_CHECK
30016	SELECT6 SELECT5_CHECK
30018	SELECT6 SELECT5_CHECK
30020	SELECT6 SELECT5_CHECK
30022	SELECT6 SELECT5_CHECK
30024	SELECT6 SELECT5_CHECK
30026	SELECT6 SELECT5_CHECK
30028	SELECT6 SELECT5_CHECK
30030	SELECT6 SELECT5_CHECK
30032	SELECT6 SELECT5_CHECK
30035	SELECT6 SELECT5_CHECK
30037	SELECT6 SELECT5_CHECK
30039	SELECT6 SELECT5_CHECK
30041	SELECT6 SELECT5_CHECK
30042	SELECT2_CONTINUE
30043	SELECT_NONE_1 SELECT1_1
30045	SELECT_NONE_1 SELECT1_1
30052	SELECT1_1 SELECT6 SELECT5_CHECK
30053	SELECT1_1
30054	SELECT2_CONTINUE
30055	SELECT2_CONTINUE
30056	SELECT2_CONTINUE
30061	SELECT2_CONTINUE
30101	SELECT1_1
30102	SELECT6 SELECT5_CHECK
30107	SELECT2_CONTINUE
30108	SELECT1_1 SELECT6 SELECT5_CHECK
30109	SELECT6 SELECT5_CHECK
30110	SELECT6 SELECT5_CHECK
30116	SELECT6 SELECT5_CHECK
30118	SELECT6 SELECT5_CHECK
30120	SELECT6 SELECT5_CHECK
30122	SELECT6 SELECT5_CHECK
30124	SELECT6 SELECT5_CHECK
30126	SELECT6 SELECT5_CHECK
30128	SELECT6 SELECT5_CHECK
30130	SELECT6 SELECT5_CHECK
30132	SELECT6 SELECT5_CHECK
30135	SELECT6 SELECT5_CHECK
30137	SELECT6 SELECT5_CHECK
30139	SELECT6 SELECT5_CHECK
30141	SELECT6 SELECT5_CHECK
30142	SELECT2_CONTINUE
30143	SELECT_NONE_1 SELECT1_1
30145	SELECT_NONE_1 SELECT1_1
30152	SELECT1_1 SELECT6 SELECT5_CHECK
30154	SELECT1_1 SELECT2_CONTINUE
30155	SELECT6 SELECT2_CONTINUE
30156	SELECT2_CONTINUE
30157	SELECT2_CONTINUE
30161	SELECT2_CONTINUE
30201	SELECT6 SELECT5_CHECK
30202	SELECT2_CONTINUE
30205	SELECT6 SELECT5_CHECK
30206	SELECT6 SELECT5_CHECK
30207	SELECT6 SELECT5_CHECK
30208	SELECT1_1 SELECT1_1_1
30211	SELECT_NONE_1
30212	SELECT6 SELECT5_CHECK
30214	SELECT6 SELECT5_CHECK
30215	SELECT6 SELECT5_CHECK
30217	SELECT1_1 SELECT1_1_1 SELECT2_CONTINUE
30222	SELECT1_1
30223	SELECT1_1 SELECT6 SELECT5_CHECK
30225	SELECT6 SELECT5_CHECK
30226	SELECT6 SELECT5_CHECK
30227	SELECT1_1
30228	SELECT6 SELECT5_CHECK
30229	SELECT6 SELECT5_CHECK
30230	SELECT6 SELECT5_CHECK
30231	SELECT6 SELECT5_CHECK
30233	SELECT6 SELECT5_CHECK
30235	SELECT6
30236	SELECT6
30237	SELECT6
30238	SELECT6
30239	SELECT6
30240	SELECT6
30241	SELECT6
30242	SELECT6
30243	SELECT6
30247	SELECT6
30248	SELECT6
30249	SELECT6
30250	SELECT6
30256	SELECT1_1
30261	SELECT2_CONTINUE
30265	SELECT2_CONTINUE
30276	SELECT2_CONTINUE
30278	SELECT1_1
30301	SELECT6 SELECT5_CHECK
30302	SELECT2_CONTINUE
30305	SELECT6 SELECT5_CHECK
30306	SELECT6 SELECT5_CHECK
30307	SELECT6 SELECT5_CHECK
30308	SELECT1_1 SELECT1_1_1
30311	SELECT_NONE_1
30312	SELECT6 SELECT5_CHECK
30314	SELECT6 SELECT5_CHECK
30315	SELECT6 SELECT5_CHECK
30317	SELECT1_1 SELECT1_1_1 SELECT2_CONTINUE
30323	SELECT1_1 SELECT6 SELECT5_CHECK
30325	SELECT6 SELECT5_CHECK
30326	SELECT6 SELECT5_CHECK
30327	SELECT1_1
30328	SELECT6 SELECT5_CHECK
30329	SELECT6 SELECT5_CHECK
30330	SELECT6 SELECT5_CHECK
30331	SELECT6 SELECT5_CHECK
30333	SELECT6 SELECT5_CHECK
30335	SELECT6
30336	SELECT6
30337	SELECT6
30338	SELECT6
30339	SELECT6
30340	SELECT6
30341	SELECT6
30342	SELECT6
30343	SELECT6
30347	SELECT6
30348	SELECT6
30349	SELECT6
30350	SELECT6
30356	SELECT1_1
30361	SELECT2_CONTINUE
30364	SELECT2_CONTINUE
30365	SELECT2_CONTINUE
30376	SELECT2_CONTINUE
30378	SELECT1_1
30401	SELECT2_CONTINUE SELECT5_CHECK_SIMPLE
30404	SELECT5_CHECK_SIMPLE
30408	SELECT5_CHECK_SIMPLE
30414	SELECT1_1
30415	SELECT5_CHECK_SIMPLE
30416	SELECT1_1 SELECT6 SELECT2_CONTINUE SELECT5_CHECK
30417	SELECT1_1
30418	SELECT1_1
30421	SELECT5_CHECK_SIMPLE
30451	SELECT2_CONTINUE SELECT5_CHECK_SIMPLE
30454	SELECT5_CHECK_SIMPLE
30458	SELECT5_CHECK_SIMPLE
30459	SELECT5_CHECK_SIMPLE
30464	SELECT1_1
30465	SELECT1_1
30466	SELECT6 SELECT5_CHECK_SIMPLE
30467	SELECT1_1 SELECT6 SELECT2_CONTINUE SELECT5_CHECK
30468	SELECT1_1
30469	SELECT1_1
30472	SELECT5_CHECK_SIMPLE
30502	SELECT6
30510	SELECT5_CHECK_SIMPLE
30511	SELECT5_CHECK_SIMPLE
30513	SELECT5_CHECK_SIMPLE
30552	SELECT6
30559	SELECT5_CHECK_SIMPLE
30561	SELECT5_CHECK_SIMPLE
30563	SELECT5_CHECK_SIMPLE
30602	SELECT5_CHECK_SIMPLE
30612	SELECT5_CHECK_SIMPLE
30700	SELECT6
30701	SELECT2_CONTINUE
30706	SELECT1_1 SELECT5_CHECK_SIMPLE
30711	SELECT2_CONTINUE
30712	SELECT5_CHECK_SIMPLE
30721	SELECT1_1 SELECT2_CONTINUE
30750	SELECT6
30751	SELECT2_CONTINUE
30756	SELECT1_1 SELECT5_CHECK_SIMPLE
30761	SELECT2_CONTINUE
30762	SELECT5_CHECK_SIMPLE
30771	SELECT1_1 SELECT2_CONTINUE
30810	SELECT1_1 SELECT2_CONTINUE
35007	SELECT6 SELECT5_CHECK
35008	SELECT6 SELECT5_CHECK
35010	SELECT2_CONTINUE
35011	SELECT2_CONTINUE
35014	SELECT6 SELECT5_CHECK
35015	SELECT6 SELECT5_CHECK
35017	SELECT2_CONTINUE
35018	SELECT2_CONTINUE
35021	SELECT6 SELECT5_CHECK
35022	SELECT6 SELECT5_CHECK
35024	SELECT2_CONTINUE
35025	SELECT2_CONTINUE
35026	SELECT2_CONTINUE
35027	SELECT2_CONTINUE
35028	SELECT2_CONTINUE
35029	SELECT2_CONTINUE
35030	SELECT2_CONTINUE
35031	SELECT6 SELECT5_CHECK
35032	SELECT6 SELECT5_CHECK
35033	SELECT6 SELECT5_CHECK
35034	SELECT6 SELECT5_CHECK
35039	SELECT6 SELECT5_CHECK
35040	SELECT6 SELECT5_CHECK
35041	SELECT6 SELECT5_CHECK
35042	SELECT6 SELECT5_CHECK
35045	SELECT6 SELECT5_CHECK
35046	SELECT6 SELECT5_CHECK
35047	SELECT6 SELECT5_CHECK
35048	SELECT6 SELECT5_CHECK
35053	SELECT5_CHECK_SIMPLE
35054	SELECT5_CHECK_SIMPLE
35055	SELECT1_1
35056	SELECT1_1
35057	SELECT1_1
35066	SELECT2_CONTINUE
35067	SELECT2_CONTINUE
35101	SELECT1_1
35102	SELECT1_1
35103	SELECT1_1
35104	SELECT1_1
35105	SELECT1_1
35106	SELECT1_1
35107	SELECT1_1
35108	SELECT1_1
35109	SELECT1_1
35110	SELECT1_1
35111	SELECT1_1
35112	SELECT1_1
35604	SELECT1_1
35605	SELECT1_1
35606	SELECT1_1
35607	SELECT1_1
35608	SELECT1_1
35609	SELECT1_1
35610	SELECT1_1
35611	SELECT1_1
36015	SELECT6 SELECT5_CHECK
36016	SELECT6 SELECT5_CHECK
36017	SELECT6 SELECT5_CHECK
36503	SELECT6 SELECT5_CHECK
36509	SELECT6 SELECT5_CHECK
36515	SELECT6 SELECT5_CHECK
36519	SELECT6 SELECT5_CHECK
36520	SELECT6 SELECT5_CHECK
36522	SELECT6 SELECT5_CHECK
36524	SELECT6 SELECT5_CHECK
36525	SELECT6 SELECT5_CHECK
36527	SELECT6 SELECT5_CHECK
36528	SELECT6 SELECT5_CHECK
36529	SELECT5_CHECK_SIMPLE
36530	SELECT5_CHECK_SIMPLE
36537	SELECT5_CHECK_SIMPLE
36538	SELECT5_CHECK_SIMPLE
36600	SELECT1_1
36601	SELECT1_1
36602	SELECT1_1
36603	SELECT1_1
37000	SELECT6 SELECT5_CHECK
37001	SELECT6 SELECT5_CHECK
37005	SELECT6 SELECT5_CHECK
37008	SELECT6 SELECT5_CHECK
37100	SELECT6 SELECT5_CHECK
37107	SELECT6 SELECT5_CHECK
37114	SELECT6 SELECT5_CHECK
37500	SELECT6 SELECT5_CHECK
37501	SELECT6 SELECT5_CHECK
37502	SELECT6 SELECT5_CHECK
37503	SELECT6 SELECT5_CHECK
38500	SELECT6 SELECT5_CHECK
38501	SELECT6 SELECT5_CHECK
38502	SELECT6 SELECT5_CHECK
38503	SELECT6 SELECT5_CHECK
38504	SELECT6 SELECT5_CHECK
38505	SELECT6 SELECT5_CHECK
38506	SELECT6 SELECT5_CHECK
38507	SELECT6 SELECT5_CHECK
39003	SELECT2_CONTINUE
39601	SELECT6 SELECT5_CHECK
39603	SELECT6 SELECT5_CHECK
39605	SELECT6 SELECT5_CHECK
39608	SELECT6 SELECT5_CHECK
39610	SELECT6 SELECT5_CHECK
39611	SELECT6 SELECT5_CHECK
39614	SELECT2_CONTINUE
39616	SELECT6 SELECT5_CHECK
39619	SELECT2_CONTINUE
39701	SELECT6 SELECT5_CHECK
39708	SELECT6 SELECT5_CHECK
39709	SELECT6 SELECT5_CHECK
39714	SELECT2_CONTINUE
39719	SELECT2_CONTINUE
41110	SELECT2_CONTINUE
41111	SELECT5_CHECK_SIMPLE
41161	SELECT5_CHECK_SIMPLE
41164	SELECT5_CHECK_SIMPLE
41165	SELECT5_CHECK_SIMPLE
41168	SELECT5_CHECK_SIMPLE
41169	SELECT2_CONTINUE
41171	SELECT5_CHECK_SIMPLE
41175	SELECT5_CHECK_SIMPLE
41187	SELECT5_CHECK_SIMPLE
41201	SELECT5_CHECK_SIMPLE
41203	SELECT5_CHECK_SIMPLE
41211	SELECT5_CHECK_SIMPLE
41216	SELECT5_CHECK_SIMPLE
41219	SELECT5_CHECK_SIMPLE
41251	SELECT5_CHECK_SIMPLE
41256	SELECT5_CHECK_SIMPLE
41257	SELECT5_CHECK_SIMPLE
41262	SELECT5_CHECK_SIMPLE
41268	SELECT5_CHECK_SIMPLE
41269	SELECT5_CHECK_SIMPLE
41270	SELECT2_CONTINUE
41301	SELECT5_CHECK_SIMPLE
41302	SELECT5_CHECK_SIMPLE
41305	SELECT5_CHECK_SIMPLE
41351	SELECT5_CHECK_SIMPLE
41450	SELECT6
41451	SELECT5_CHECK_SIMPLE
41452	SELECT2_CONTINUE SELECT5_CHECK_SIMPLE
41453	SELECT5_CHECK_SIMPLE
41454	SELECT5_CHECK_SIMPLE
41463	SELECT5_CHECK_SIMPLE
41464	SELECT5_CHECK_SIMPLE
41465	SELECT5_CHECK_SIMPLE
41466	SELECT5_CHECK_SIMPLE
41467	SELECT5_CHECK_SIMPLE
41468	SELECT5_CHECK_SIMPLE
41501	SELECT5_CHECK_SIMPLE
41510	SELECT5_CHECK_SIMPLE
41512	SELECT5_CHECK_SIMPLE
41520	SELECT5_CHECK_SIMPLE
41528	SELECT5_CHECK_SIMPLE
41532	SELECT5_CHECK_SIMPLE
41535	SELECT5_CHECK_SIMPLE
41539	SELECT5_CHECK_SIMPLE
41543	SELECT5_CHECK_SIMPLE
41553	SELECT2_CONTINUE
41554	SELECT5_CHECK_SIMPLE
41560	SELECT5_CHECK_SIMPLE
41561	SELECT5_CHECK_SIMPLE
41562	SELECT5_CHECK_SIMPLE
41563	SELECT5_CHECK_SIMPLE
41564	SELECT5_CHECK_SIMPLE
41565	SELECT5_CHECK_SIMPLE
41572	SELECT5_CHECK_SIMPLE
41574	SELECT5_CHECK_SIMPLE
41575	SELECT2_CONTINUE
41580	SELECT5_CHECK_SIMPLE
41584	SELECT5_CHECK_SIMPLE
41592	SELECT5_CHECK_SIMPLE
41594	SELECT5_CHECK_SIMPLE
41596	SELECT5_CHECK_SIMPLE
41597	SELECT5_CHECK_SIMPLE
41598	SELECT5_CHECK_SIMPLE
45007	SELECT6 SELECT5_CHECK
45008	SELECT6 SELECT5_CHECK
45010	SELECT2_CONTINUE
45011	SELECT2_CONTINUE
45014	SELECT6 SELECT5_CHECK
45015	SELECT6 SELECT5_CHECK
45017	SELECT2_CONTINUE
45018	SELECT2_CONTINUE
45021	SELECT6 SELECT5_CHECK
45022	SELECT6 SELECT5_CHECK
45024	SELECT2_CONTINUE
45025	SELECT2_CONTINUE
45026	SELECT2_CONTINUE
45027	SELECT2_CONTINUE
45028	SELECT2_CONTINUE
45030	SELECT2_CONTINUE
45031	SELECT6 SELECT5_CHECK
45032	SELECT6 SELECT5_CHECK
45033	SELECT6 SELECT5_CHECK
45034	SELECT6 SELECT5_CHECK
45039	SELECT6 SELECT5_CHECK
45040	SELECT6 SELECT5_CHECK
45041	SELECT6 SELECT5_CHECK
45042	SELECT6 SELECT5_CHECK
45045	SELECT6 SELECT5_CHECK
45046	SELECT6 SELECT5_CHECK
45047	SELECT6 SELECT5_CHECK
45048	SELECT6 SELECT5_CHECK
45053	SELECT5_CHECK_SIMPLE
45054	SELECT5_CHECK_SIMPLE
45055	SELECT1_1
45056	SELECT1_1
45057	SELECT1_1
45066	SELECT2_CONTINUE
45067	SELECT2_CONTINUE
45101	SELECT1_1
45102	SELECT1_1
45103	SELECT1_1
45104	SELECT1_1
45105	SELECT1_1
45106	SELECT1_1
45107	SELECT1_1
45108	SELECT1_1
45109	SELECT1_1
45110	SELECT1_1
45111	SELECT1_1
45112	SELECT1_1
45604	SELECT1_1
45605	SELECT1_1
45606	SELECT1_1
45607	SELECT1_1
45608	SELECT1_1
45609	SELECT1_1
45610	SELECT1_1
45611	SELECT1_1
46015	SELECT6 SELECT5_CHECK
46016	SELECT6 SELECT5_CHECK
46017	SELECT6 SELECT5_CHECK
46503	SELECT6 SELECT5_CHECK
46509	SELECT6 SELECT5_CHECK
46515	SELECT6 SELECT5_CHECK
46519	SELECT6 SELECT5_CHECK
46521	SELECT6 SELECT5_CHECK
46524	SELECT6 SELECT5_CHECK
46525	SELECT6 SELECT5_CHECK
46526	SELECT6 SELECT5_CHECK
46528	SELECT6 SELECT5_CHECK
46529	SELECT5_CHECK_SIMPLE
46530	SELECT5_CHECK_SIMPLE
46537	SELECT5_CHECK_SIMPLE
46538	SELECT5_CHECK_SIMPLE
46600	SELECT1_1
46601	SELECT1_1
46602	SELECT1_1
46603	SELECT1_1
47000	SELECT6 SELECT5_CHECK
47002	SELECT6 SELECT5_CHECK
47005	SELECT6 SELECT5_CHECK
47100	SELECT6 SELECT5_CHECK
47107	SELECT6 SELECT5_CHECK
47112	SELECT6 SELECT5_CHECK
47500	SELECT6 SELECT5_CHECK
47501	SELECT6 SELECT5_CHECK
47502	SELECT6 SELECT5_CHECK
47503	SELECT6 SELECT5_CHECK
48500	SELECT6 SELECT5_CHECK
48501	SELECT6 SELECT5_CHECK
48502	SELECT6 SELECT5_CHECK
48503	SELECT6 SELECT5_CHECK
48504	SELECT6 SELECT5_CHECK
48505	SELECT6 SELECT5_CHECK
48506	SELECT6 SELECT5_CHECK
48507	SELECT6 SELECT5_CHECK
49000	SELECT2_CONTINUE
49003	SELECT2_CONTINUE
49601	SELECT6 SELECT5_CHECK
49603	SELECT6 SELECT5_CHECK
49605	SELECT6 SELECT5_CHECK
49608	SELECT6 SELECT5_CHECK
49610	SELECT6 SELECT5_CHECK
49611	SELECT6 SELECT5_CHECK
49614	SELECT2_CONTINUE
49616	SELECT6 SELECT5_CHECK
49619	SELECT2_CONTINUE
49701	SELECT6 SELECT5_CHECK
49708	SELECT6 SELECT5_CHECK
49709	SELECT6 SELECT5_CHECK
49714	SELECT2_CONTINUE
49719	SELECT2_CONTINUE
50002	SELECT1_1 SELECT6 SELECT2_CONTINUE SELECT5_CHECK
50003	SELECT1_1 SELECT6 SELECT2_CONTINUE SELECT5_CHECK
50004	SELECT1_1 SELECT6 SELECT2_CONTINUE SELECT5_CHECK
50007	SELECT5_CHECK_SIMPLE
50010	SELECT1_1
50011	SELECT5_CHECK_SIMPLE
50012	SELECT5_CHECK_SIMPLE
50017	SELECT5_CHECK_SIMPLE
50018	SELECT5_CHECK_SIMPLE
50021	SELECT5_CHECK
50022	SELECT5_CHECK
50024	SELECT5_CHECK_SIMPLE
50025	SELECT5_CHECK_SIMPLE
50026	SELECT5_CHECK_SIMPLE
50027	SELECT5_CHECK_SIMPLE
50028	SELECT5_CHECK_SIMPLE
50029	SELECT5_CHECK_SIMPLE
50030	SELECT5_CHECK_SIMPLE
50035	SELECT5_CHECK_SIMPLE
50036	SELECT5_CHECK_SIMPLE
50037	SELECT5_CHECK_SIMPLE
50039	SELECT5_CHECK_SIMPLE
50042	SELECT5_CHECK_SIMPLE
50043	SELECT5_CHECK_SIMPLE
50044	SELECT5_CHECK_SIMPLE
50045	SELECT5_CHECK_SIMPLE
50046	SELECT5_CHECK_SIMPLE
50047	SELECT5_CHECK_SIMPLE
50049	SELECT5_CHECK_SIMPLE
50050	SELECT5_CHECK_SIMPLE
50051	SELECT5_CHECK_SIMPLE
50102	SELECT1_1
50103	SELECT1_1
51002	SELECT1_1 SELECT6 SELECT2_CONTINUE SELECT5_CHECK
51003	SELECT1_1 SELECT6 SELECT2_CONTINUE SELECT5_CHECK
51004	SELECT1_1 SELECT6 SELECT2_CONTINUE SELECT5_CHECK
51007	SELECT5_CHECK_SIMPLE
51010	SELECT1_1
51011	SELECT5_CHECK_SIMPLE
51012	SELECT5_CHECK_SIMPLE
51017	SELECT5_CHECK_SIMPLE
51018	SELECT5_CHECK_SIMPLE
51021	SELECT5_CHECK
51022	SELECT5_CHECK
51024	SELECT5_CHECK_SIMPLE
51025	SELECT5_CHECK_SIMPLE
51026	SELECT5_CHECK_SIMPLE
51027	SELECT5_CHECK_SIMPLE
51028	SELECT5_CHECK_SIMPLE
51029	SELECT5_CHECK_SIMPLE
51030	SELECT5_CHECK_SIMPLE
51035	SELECT5_CHECK_SIMPLE
51036	SELECT5_CHECK_SIMPLE
51037	SELECT5_CHECK_SIMPLE
51039	SELECT5_CHECK_SIMPLE
51042	SELECT5_CHECK_SIMPLE
51043	SELECT5_CHECK_SIMPLE
51044	SELECT5_CHECK_SIMPLE
51045	SELECT5_CHECK_SIMPLE
51046	SELECT5_CHECK_SIMPLE
51049	SELECT5_CHECK_SIMPLE
51050	SELECT5_CHECK_SIMPLE
51051	SELECT5_CHECK_SIMPLE
80002	SELECT6 SELECT5_CHECK
80003	SELECT6 SELECT5_CHECK
80004	SELECT6 SELECT5_CHECK
80005	SELECT6 SELECT5_CHECK
80006	SELECT6 SELECT5_CHECK
80007	SELECT6 SELECT5_CHECK
80012	SELECT6 SELECT5_CHECK
80015	SELECT6 SELECT5_CHECK
80016	SELECT6 SELECT5_CHECK
80017	SELECT6 SELECT5_CHECK
80018	SELECT6 SELECT5_CHECK
80019	SELECT6 SELECT5_CHECK
80020	SELECT2_CONTINUE
80021	SELECT2_CONTINUE
80022	SELECT6 SELECT5_CHECK
80023	SELECT6 SELECT5_CHECK
80024	SELECT6 SELECT5_CHECK
80025	SELECT6 SELECT5_CHECK
80026	SELECT6 SELECT5_CHECK
80027	SELECT6 SELECT5_CHECK
80030	SELECT6
80033	SELECT6
80034	SELECT6 SELECT5_CHECK
80035	SELECT6 SELECT5_CHECK
80036	SELECT6 SELECT5_CHECK
80037	SELECT6 SELECT5_CHECK
80038	SELECT6 SELECT5_CHECK
80039	SELECT6 SELECT5_CHECK
80040	SELECT6 SELECT5_CHECK
80041	SELECT6 SELECT5_CHECK
80042	SELECT6 SELECT5_CHECK
80043	SELECT6 SELECT5_CHECK
80044	SELECT6 SELECT5_CHECK
80045	SELECT6 SELECT5_CHECK
80046	SELECT6 SELECT5_CHECK
80047	SELECT6 SELECT5_CHECK
80048	SELECT6 SELECT5_CHECK
80049	SELECT6 SELECT5_CHECK
80050	SELECT6 SELECT5_CHECK
80051	SELECT6 SELECT5_CHECK
80052	SELECT6 SELECT5_CHECK
80053	SELECT6 SELECT5_CHECK
80054	SELECT6 SELECT5_CHECK
80055	SELECT6 SELECT5_CHECK
80056	SELECT6 SELECT5_CHECK
80057	SELECT6 SELECT5_CHECK
80058	SELECT6 SELECT5_CHECK
80059	SELECT6 SELECT5_CHECK
80060	SELECT6 SELECT5_CHECK
80061	SELECT6 SELECT5_CHECK
80062	SELECT6 SELECT5_CHECK
80063	SELECT6 SELECT5_CHECK
80064	SELECT6 SELECT5_CHECK
80065	SELECT6 SELECT5_CHECK
80066	SELECT6 SELECT5_CHECK
80067	SELECT6 SELECT5_CHECK
80068	SELECT6 SELECT5_CHECK
80069	SELECT6 SELECT5_CHECK
80070	SELECT2_CONTINUE
80071	SELECT2_CONTINUE
80072	SELECT6 SELECT5_CHECK
80073	SELECT6 SELECT5_CHECK
80074	SELECT6 SELECT5_CHECK
80075	SELECT6 SELECT5_CHECK
80076	SELECT6 SELECT5_CHECK
80077	SELECT6 SELECT5_CHECK
80078	SELECT6 SELECT5_CHECK
80079	SELECT6 SELECT5_CHECK
80080	SELECT6 SELECT5_CHECK
80081	SELECT6 SELECT5_CHECK
80082	SELECT6 SELECT5_CHECK
80083	SELECT6 SELECT5_CHECK
80084	SELECT6 SELECT5_CHECK
80085	SELECT6 SELECT5_CHECK
80086	SELECT6 SELECT5_CHECK
80087	SELECT6 SELECT5_CHECK
80088	SELECT6 SELECT5_CHECK
80089	SELECT6 SELECT5_CHECK
80090	SELECT6 SELECT5_CHECK
80091	SELECT6 SELECT5_CHECK
80092	SELECT6 SELECT5_CHECK
80093	SELECT6 SELECT5_CHECK
80094	SELECT6 SELECT5_CHECK
80095	SELECT6 SELECT5_CHECK
80096	SELECT6 SELECT5_CHECK
80097	SELECT6 SELECT5_CHECK
80098	SELECT6 SELECT5_CHECK
80099	SELECT6 SELECT5_CHECK
80100	SELECT6 SELECT5_CHECK
80101	SELECT6 SELECT5_CHECK
80102	SELECT6 SELECT5_CHECK
80103	SELECT6 SELECT5_CHECK
80104	SELECT6 SELECT5_CHECK
80105	SELECT6 SELECT5_CHECK
80106	SELECT6 SELECT5_CHECK
80107	SELECT6 SELECT5_CHECK
80108	SELECT6 SELECT5_CHECK
80109	SELECT6 SELECT5_CHECK
80110	SELECT6 SELECT5_CHECK
80111	SELECT6 SELECT5_CHECK
80112	SELECT6 SELECT5_CHECK
80113	SELECT6 SELECT5_CHECK
80114	SELECT6 SELECT5_CHECK
80115	SELECT6 SELECT5_CHECK
80116	SELECT6 SELECT5_CHECK
80117	SELECT6 SELECT5_CHECK
80118	SELECT6 SELECT5_CHECK
80119	SELECT6 SELECT5_CHECK
80120	SELECT6 SELECT5_CHECK
80121	SELECT6 SELECT5_CHECK
80122	SELECT6 SELECT5_CHECK
80123	SELECT6 SELECT5_CHECK
80124	SELECT6 SELECT5_CHECK
80125	SELECT6 SELECT5_CHECK
80126	SELECT6 SELECT5_CHECK
80127	SELECT6 SELECT5_CHECK
80128	SELECT6 SELECT5_CHECK
80129	SELECT6 SELECT5_CHECK
80130	SELECT6 SELECT5_CHECK
80131	SELECT6 SELECT5_CHECK
80132	SELECT6 SELECT5_CHECK
80133	SELECT6 SELECT5_CHECK
80134	SELECT1_1 SELECT6 SELECT5_CHECK
80136	SELECT1_1 SELECT6 SELECT5_CHECK
80138	SELECT1_1 SELECT6 SELECT5_CHECK
80140	SELECT1_1 SELECT6 SELECT5_CHECK
80142	SELECT1_1 SELECT6 SELECT5_CHECK
80144	SELECT1_1 SELECT6 SELECT5_CHECK
80146	SELECT1_1 SELECT6 SELECT5_CHECK
80148	SELECT1_1 SELECT6 SELECT5_CHECK
80150	SELECT6 SELECT5_CHECK
80151	SELECT6 SELECT5_CHECK
80152	SELECT6 SELECT5_CHECK
80153	SELECT6 SELECT5_CHECK
80154	SELECT6 SELECT5_CHECK
80155	SELECT6 SELECT5_CHECK
80156	SELECT6 SELECT5_CHECK
80157	SELECT6 SELECT5_CHECK
80158	SELECT1_1 SELECT6 SELECT5_CHECK
80159	SELECT6 SELECT5_CHECK
80160	SELECT1_1 SELECT6 SELECT5_CHECK
80161	SELECT6 SELECT5_CHECK
80162	SELECT6 SELECT5_CHECK
80163	SELECT6 SELECT5_CHECK
80164	SELECT6 SELECT5_CHECK
80165	SELECT6 SELECT5_CHECK
80166	SELECT6 SELECT5_CHECK
80167	SELECT6 SELECT5_CHECK
80168	SELECT6 SELECT5_CHECK
80169	SELECT6 SELECT5_CHECK
80170	SELECT6 SELECT5_CHECK
80171	SELECT6 SELECT5_CHECK
80175	SELECT5_CHECK_SIMPLE
80179	SELECT5_CHECK_SIMPLE
80182	SELECT2_CONTINUE
80183	SELECT6 SELECT5_CHECK
80186	SELECT2_CONTINUE
80187	SELECT6 SELECT5_CHECK
80191	SELECT6 SELECT5_CHECK
80195	SELECT6 SELECT5_CHECK
80196	SELECT6 SELECT5_CHECK
80197	SELECT2_CONTINUE
80199	SELECT1_1 SELECT2_CONTINUE
80200	SELECT6 SELECT5_CHECK
80201	SELECT2_CONTINUE
80203	SELECT1_1 SELECT2_CONTINUE
80204	SELECT2_CONTINUE
80206	SELECT6 SELECT5_CHECK
80208	SELECT2_CONTINUE
80210	SELECT6 SELECT5_CHECK
80213	SELECT6 SELECT5_CHECK
80222	SELECT6 SELECT5_CHECK
80231	SELECT6 SELECT5_CHECK
80232	SELECT6 SELECT5_CHECK
80233	SELECT6 SELECT5_CHECK
80234	SELECT6 SELECT5_CHECK
80235	SELECT6 SELECT5_CHECK
80236	SELECT6 SELECT5_CHECK
80237	SELECT6 SELECT5_CHECK
80238	SELECT6 SELECT5_CHECK
80239	SELECT6 SELECT5_CHECK
80240	SELECT6 SELECT5_CHECK
80241	SELECT6 SELECT5_CHECK
80242	SELECT6 SELECT5_CHECK
80243	SELECT6 SELECT5_CHECK
80244	SELECT6 SELECT5_CHECK
80245	SELECT6 SELECT5_CHECK
80246	SELECT6 SELECT5_CHECK
80247	SELECT6 SELECT5_CHECK
80248	SELECT6 SELECT5_CHECK
80249	SELECT6 SELECT5_CHECK
80250	SELECT6 SELECT5_CHECK
80251	SELECT6 SELECT5_CHECK
80252	SELECT6 SELECT5_CHECK
80253	SELECT6 SELECT5_CHECK
80254	SELECT6 SELECT5_CHECK
80257	SELECT1_1 SELECT6
80258	SELECT1_1 SELECT6
80259	SELECT1_1 SELECT6
80260	SELECT1_1 SELECT6
80261	SELECT1_1 SELECT6
80262	SELECT1_1 SELECT6
80263	SELECT1_1 SELECT6
80264	SELECT1_1 SELECT6
80265	SELECT1_1 SELECT6
80266	SELECT1_1 SELECT6
80282	SELECT6 SELECT5_CHECK
80284	SELECT6 SELECT5_CHECK
80285	SELECT6 SELECT5_CHECK
80286	SELECT6 SELECT5_CHECK
80287	SELECT6 SELECT5_CHECK
80288	SELECT6 SELECT5_CHECK
80289	SELECT6 SELECT5_CHECK
80290	SELECT6 SELECT5_CHECK
80292	SELECT1_1 SELECT1_1_1
80293	SELECT1_1 SELECT1_1_1
80294	SELECT6 SELECT5_CHECK
80296	SELECT1_1 SELECT1_1_1
80297	SELECT1_1 SELECT1_1_1
80298	SELECT1_1
80299	SELECT1_1
80302	SELECT5_CHECK
80303	SELECT5_CHECK
80304	SELECT1_1
80305	SELECT1_1
80308	SELECT5_CHECK
80309	SELECT5_CHECK
80312	SELECT2_CONTINUE
80314	SELECT6 SELECT5_CHECK
80316	SELECT6 SELECT5_CHECK
80317	SELECT6 SELECT5_CHECK
80318	SELECT2_CONTINUE
80320	SELECT6 SELECT5_CHECK
80322	SELECT6 SELECT5_CHECK
80323	SELECT6 SELECT5_CHECK
80345	SELECT6 SELECT5_CHECK
80346	SELECT6 SELECT5_CHECK
80347	SELECT6 SELECT5_CHECK
80348	SELECT6 SELECT5_CHECK
80349	SELECT6 SELECT5_CHECK
80350	SELECT6 SELECT5_CHECK
80352	SELECT6 SELECT5_CHECK
80356	SELECT6 SELECT5_CHECK_SIMPLE
80357	SELECT6 SELECT5_CHECK_SIMPLE
80358	SELECT6 SELECT5_CHECK_SIMPLE
80359	SELECT6 SELECT5_CHECK_SIMPLE
80361	SELECT6 SELECT5_CHECK
80365	SELECT6 SELECT5_CHECK_SIMPLE
80366	SELECT6 SELECT5_CHECK_SIMPLE
80367	SELECT6 SELECT5_CHECK_SIMPLE
80368	SELECT6 SELECT5_CHECK_SIMPLE
80405	SELECT6 SELECT5_CHECK
80424	SELECT6 SELECT5_CHECK
80438	SELECT6 SELECT5_CHECK
80457	SELECT6 SELECT5_CHECK
80458	SELECT6 SELECT5_CHECK
80459	SELECT6 SELECT5_CHECK
80460	SELECT6 SELECT5_CHECK
80461	SELECT6 SELECT5_CHECK
80462	SELECT6 SELECT5_CHECK
80463	SELECT6 SELECT5_CHECK
80464	SELECT6 SELECT5_CHECK
80465	SELECT6 SELECT5_CHECK
80466	SELECT6 SELECT5_CHECK
80473	SELECT6 SELECT5_CHECK
80474	SELECT6 SELECT5_CHECK
80475	SELECT6 SELECT5_CHECK
80476	SELECT6 SELECT5_CHECK
80477	SELECT6 SELECT5_CHECK
80478	SELECT6 SELECT5_CHECK
80479	SELECT2_CONTINUE
80480	SELECT6 SELECT5_CHECK
80482	SELECT6 SELECT5_CHECK
80483	SELECT2_CONTINUE
80484	SELECT6 SELECT5_CHECK
80486	SELECT6 SELECT5_CHECK
80539	SELECT6 SELECT5_CHECK
80540	SELECT6 SELECT5_CHECK
80541	SELECT5_CHECK_SIMPLE
80542	SELECT5_CHECK_SIMPLE
80543	SELECT5_CHECK_SIMPLE
80544	SELECT5_CHECK_SIMPLE
80554	SELECT6 SELECT5_CHECK
80555	SELECT6 SELECT5_CHECK
80558	SELECT6 SELECT5_CHECK
80559	SELECT6 SELECT5_CHECK
80561	SELECT5_CHECK_SIMPLE
80562	SELECT5_CHECK_SIMPLE
80563	SELECT5_CHECK_SIMPLE
80564	SELECT5_CHECK_SIMPLE
80565	SELECT6 SELECT5_CHECK
80566	SELECT6 SELECT5_CHECK
80567	SELECT6 SELECT5_CHECK
80568	SELECT6 SELECT5_CHECK
80569	SELECT6 SELECT5_CHECK
80570	SELECT6 SELECT5_CHECK
80571	SELECT6 SELECT5_CHECK
80572	SELECT6 SELECT5_CHECK
80573	SELECT6 SELECT5_CHECK
80574	SELECT6 SELECT5_CHECK
80576	SELECT5_CHECK_SIMPLE
80579	SELECT5_CHECK_SIMPLE
80581	SELECT6 SELECT5_CHECK
80582	SELECT6 SELECT5_CHECK
80583	SELECT6 SELECT5_CHECK
80584	SELECT6 SELECT5_CHECK
80585	SELECT5_CHECK_SIMPLE
80587	SELECT5_CHECK_SIMPLE
80589	SELECT5_CHECK_SIMPLE
80590	SELECT5_CHECK_SIMPLE
80592	SELECT5_CHECK_SIMPLE
80594	SELECT5_CHECK_SIMPLE
80595	SELECT6 SELECT5_CHECK
80596	SELECT6 SELECT5_CHECK
80597	SELECT6 SELECT5_CHECK
80598	SELECT6 SELECT5_CHECK
80599	SELECT6 SELECT5_CHECK
80600	SELECT6 SELECT5_CHECK
80612	SELECT6 SELECT5_CHECK
80614	SELECT6 SELECT5_CHECK
80617	SELECT1_1 SELECT6 SELECT5_CHECK
80618	SELECT1_1 SELECT6 SELECT5_CHECK
80619	SELECT1_1 SELECT6 SELECT5_CHECK
80620	SELECT1_1 SELECT6 SELECT5_CHECK
80621	SELECT1_1 SELECT6 SELECT5_CHECK
80622	SELECT1_1 SELECT6 SELECT5_CHECK
80625	SELECT5_CHECK_SIMPLE
80626	SELECT5_CHECK_SIMPLE
80627	SELECT5_CHECK_SIMPLE
80628	SELECT5_CHECK_SIMPLE
80629	SELECT5_CHECK_SIMPLE
80630	SELECT5_CHECK_SIMPLE
80631	SELECT5_CHECK_SIMPLE
80632	SELECT5_CHECK_SIMPLE
80633	SELECT5_CHECK_SIMPLE
80634	SELECT5_CHECK_SIMPLE
80635	SELECT6 SELECT5_CHECK
80636	SELECT6 SELECT5_CHECK
80637	SELECT6 SELECT5_CHECK
80638	SELECT6 SELECT5_CHECK
80639	SELECT6 SELECT5_CHECK
80640	SELECT6 SELECT5_CHECK
80641	SELECT6 SELECT5_CHECK
80642	SELECT6 SELECT5_CHECK
80643	SELECT6 SELECT5_CHECK
80644	SELECT6 SELECT5_CHECK
80645	SELECT6 SELECT5_CHECK
80646	SELECT6 SELECT5_CHECK
80647	SELECT6 SELECT5_CHECK
80648	SELECT6 SELECT5_CHECK
80649	SELECT6 SELECT5_CHECK
80650	SELECT6 SELECT5_CHECK
80651	SELECT6 SELECT5_CHECK
80652	SELECT6 SELECT5_CHECK
80653	SELECT6 SELECT5_CHECK
80654	SELECT6 SELECT5_CHECK
80655	SELECT6 SELECT5_CHECK
80656	SELECT6 SELECT5_CHECK
80657	SELECT6 SELECT5_CHECK
80658	SELECT6 SELECT5_CHECK
80659	SELECT6 SELECT5_CHECK
80660	SELECT6 SELECT5_CHECK
80661	SELECT6 SELECT5_CHECK
80662	SELECT6 SELECT5_CHECK
80663	SELECT6 SELECT5_CHECK
80664	SELECT6 SELECT5_CHECK
80665	SELECT6 SELECT5_CHECK
80666	SELECT6 SELECT5_CHECK
80667	SELECT6 SELECT5_CHECK
80668	SELECT6 SELECT5_CHECK
80669	SELECT6 SELECT5_CHECK
80670	SELECT6 SELECT5_CHECK
80671	SELECT6 SELECT5_CHECK
80672	SELECT6 SELECT5_CHECK
80673	SELECT5_CHECK_SIMPLE
80674	SELECT5_CHECK_SIMPLE
80675	SELECT5_CHECK_SIMPLE
80676	SELECT5_CHECK_SIMPLE
80677	SELECT5_CHECK_SIMPLE
80678	SELECT5_CHECK_SIMPLE
80679	SELECT5_CHECK_SIMPLE
80680	SELECT5_CHECK_SIMPLE
80681	SELECT5_CHECK_SIMPLE
80682	SELECT5_CHECK_SIMPLE
80685	SELECT5_CHECK_SIMPLE
80688	SELECT5_CHECK_SIMPLE
80697	SELECT5_CHECK_SIMPLE
80698	SELECT5_CHECK_SIMPLE
80699	SELECT5_CHECK_SIMPLE
80700	SELECT5_CHECK_SIMPLE
80701	SELECT5_CHECK_SIMPLE
80702	SELECT5_CHECK_SIMPLE
80703	SELECT5_CHECK_SIMPLE
80704	SELECT5_CHECK_SIMPLE
80705	SELECT5_CHECK_SIMPLE
80706	SELECT5_CHECK_SIMPLE
80716	SELECT6 SELECT5_CHECK
80717	SELECT6 SELECT5_CHECK
80718	SELECT6 SELECT5_CHECK
80720	SELECT6 SELECT5_CHECK
80738	SELECT1_1 SELECT6 SELECT5_CHECK
80751	SELECT5_CHECK_SIMPLE
80753	SELECT5_CHECK_SIMPLE
80762	SELECT6 SELECT5_CHECK
80763	SELECT5_CHECK_SIMPLE
80764	SELECT5_CHECK_SIMPLE
80765	SELECT5_CHECK_SIMPLE
80767	SELECT6 SELECT5_CHECK
80768	SELECT5_CHECK_SIMPLE
80769	SELECT5_CHECK_SIMPLE
80770	SELECT5_CHECK_SIMPLE
80989	SELECT_NONE_1
99002	SELECT5_CHECK_SIMPLE
