quest_id,condition,step_section,counter_section,required,source_type,monster_count,monsters
1740,Progress(SECTION_0==0; SECTION_1<3),0,1,3,simpleQuest,10,ab1_1131_guard_da_c_1 ab1_1131_guard_da_c_2 ab1_1131_guard_da_c_3 ab1_1131_guard_da_c_4 ab1_1131_guard_da_c_5 ab1_1131_guard_dr_c_1 ab1_1131_guard_dr_c_2 ab1_1131_guard_dr_c_3 ab1_1131_guard_dr_c_4 ab1_1131_guard_dr_c_5
1770,Progress(SECTION_0==0; SECTION_1<1),0,1,1,simpleQuest,1,ab1_1251_nagaqnamed_35_an
1869,Progress(SECTION_0==0; SECTION_1<6),0,1,6,simpleQuest,1,ab1_lizardmanfighter_46_ae ab1_lizardmanfighter_47_ae ab1_lizardmanranger_46_ae ab1_lizardmanranger_47_ae ab1_lizardmanassassin_46_ae ab1_lizardmanassassin_47_ae ab1_lizardmanpriest_46_ae ab1_lizardmanpriest_47_ae
2740,Progress(SECTION_0==0; SECTION_1<3),0,1,3,simpleQuest,10,ab1_1131_guard_li_c_1 ab1_1131_guard_li_c_2 ab1_1131_guard_li_c_3 ab1_1131_guard_li_c_4 ab1_1131_guard_li_c_5 ab1_1131_guard_dr_c_1 ab1_1131_guard_dr_c_2 ab1_1131_guard_dr_c_3 ab1_1131_guard_dr_c_4 ab1_1131_guard_dr_c_5
2768,Progress(SECTION_0==0; SECTION_1<1),0,1,1,simpleQuest,1,ab1_1251_nagaqnamed_35_an
2869,Progress(SECTION_0==0; SECTION_1<6),0,1,6,simpleQuest,1,ab1_lizardmanfighter_46_ae ab1_lizardmanfighter_47_ae ab1_lizardmanranger_46_ae ab1_lizardmanranger_47_ae ab1_lizardmanassassin_46_ae ab1_lizardmanassassin_47_ae ab1_lizardmanpriest_46_ae ab1_lizardmanpriest_47_ae
3122,Progress(SECTION_0==0; SECTION_1<1),0,1,1,simpleQuest,1,adma_t_pot_sp
3123,Progress(SECTION_0==0; SECTION_1<1),0,1,1,simpleQuest,1,idlf2a_t_odestone_sp
3726,Progress(SECTION_0==0; SECTION_1<1),0,1,1,simpleQuest,1,iddreadgion_02_drakanbox_q3721
3727,Progress(SECTION_0==0; SECTION_1<6),0,1,6,simpleQuest,1,iddreadgion_02_drakanfihigh_55_ae
3728,Progress(SECTION_0==0; SECTION_1<1),0,1,1,simpleQuest,2,iddreadgion_02_surkana_1 iddreadgion_02_surkana_2
3980,Progress(SECTION_0==0; SECTION_1<8),0,1,8,simpleQuest,10,idlf1_nm_watergolem1_50_ah idlf1_nm_watergolem1_50_ah_sp idlf1_nm_watergolem2_50_ah idlf1_nm_watergolem2_50_ah_sp idlf1_nm_watergolem3_50_ah idlf1_nm_watergolem3_50_ah_sp idlf1_f_spaller_50_ah idlf1_f_spaller_50_ah_sp idlf1_f_spaller2_50_ah idlf1_f_spaller2_50_ah_sp idlf1_f_spaller3_50_ah idlf1_f_spaller3_50_ah_sp idlf1_bioniccpu_50_ah idlf1_bioniccpu_50_ah_sp test_bionicarms_40_n idlf1_generator1_50_ah idlf1_generator1_50_ah_sp idlf1_generator2_50_ah idlf1_generator2_50_ah_sp idlf1_generator3_50_ah idlf1_generator3_50_ah_sp
3981,Progress(SECTION_0==0; SECTION_1<1),0,1,1,simpleQuest,9,idlf1_sgrade_dragon_50_ah_sp idlf1_agrade_dragon_50_ah_sp idlf1_bgrade_drakanwi_50_ah_sp idlf1_cgrade_drakankn_50_ah_sp idlf1_dgrade_draky_50_ah_sp idlf1_sgrade_dragon_epicless_50_ah_sp idlf1_master_sgrade_dragon_50_ah_sp idlf1_master_agrade_dragon_50_ah_sp idlf1_master_sgrade_dragon_epicless_50_ah_sp
4122,Progress(SECTION_0==0; SECTION_1<1),0,1,1,simpleQuest,1,adma_t_pot_sp
4123,Progress(SECTION_0==0; SECTION_1<1),0,1,1,simpleQuest,1,idlf2a_t_odestone_sp
4726,Progress(SECTION_0==0; SECTION_1<1),0,1,1,simpleQuest,1,iddreadgion_02_drakanbox_q3721
4727,Progress(SECTION_0==0; SECTION_1<6),0,1,6,simpleQuest,1,iddreadgion_02_drakanfihigh_55_ae
4728,Progress(SECTION_0==0; SECTION_1<1),0,1,1,simpleQuest,2,iddreadgion_02_surkana_1 iddreadgion_02_surkana_2
4980,Progress(SECTION_0==0; SECTION_1<8),0,1,8,simpleQuest,10,idlf1_nm_watergolem1_50_ah idlf1_nm_watergolem1_50_ah_sp idlf1_nm_watergolem2_50_ah idlf1_nm_watergolem2_50_ah_sp idlf1_nm_watergolem3_50_ah idlf1_nm_watergolem3_50_ah_sp idlf1_f_spaller_50_ah idlf1_f_spaller_50_ah_sp idlf1_f_spaller2_50_ah idlf1_f_spaller2_50_ah_sp idlf1_f_spaller3_50_ah idlf1_f_spaller3_50_ah_sp idlf1_bioniccpu_50_ah idlf1_bioniccpu_50_ah_sp test_bionicarms_40_n idlf1_generator1_50_ah idlf1_generator1_50_ah_sp idlf1_generator2_50_ah idlf1_generator2_50_ah_sp idlf1_generator3_50_ah idlf1_generator3_50_ah_sp
4981,Progress(SECTION_0==0; SECTION_1<1),0,1,1,simpleQuest,9,idlf1_sgrade_dragon_50_ah_sp idlf1_agrade_dragon_50_ah_sp idlf1_bgrade_drakanwi_50_ah_sp idlf1_cgrade_drakankn_50_ah_sp idlf1_dgrade_draky_50_ah_sp idlf1_sgrade_dragon_epicless_50_ah_sp idlf1_master_sgrade_dragon_50_ah_sp idlf1_master_agrade_dragon_50_ah_sp idlf1_master_sgrade_dragon_epicless_50_ah_sp
9574,Progress(SECTION_0==0; SECTION_1<1),0,1,1,simpleQuest,1,lf6_c_6_named_frogfighter_68_ah
9639,Progress(SECTION_0==0; SECTION_1<2),0,1,2,simpleQuest,1,cherubiml_1_n
9657,Progress(SECTION_0==0; SECTION_1<5),0,1,5,simpleQuest,1,cherubiml_2_n
9660,Progress(SECTION_0==0; SECTION_1<5),0,1,5,simpleQuest,1,cherubiml_2_n
9664,Progress(SECTION_0==0; SECTION_1<5),0,1,5,simpleQuest,1,cherubiml_2_n
9665,Progress(SECTION_0==0; SECTION_1<5),0,1,5,simpleQuest,1,cherubiml_2_n
9700,Progress(SECTION_0==0; SECTION_1<3),0,1,3,simpleQuest,2,shellizard_33_an shellizard_34_an
9701,Progress(SECTION_0==0; SECTION_1<3),0,1,3,simpleQuest,2,shellizard_33_an shellizard_34_an
9702,Progress(SECTION_0==0; SECTION_1<3),0,1,3,simpleQuest,2,vespa_22_n vespa_23_n
9703,Progress(SECTION_0==0; SECTION_1<5),0,1,5,simpleQuest,2,iddramata_drakanschigh_55_ae iddramata_drakanclhigh_55_ae
11332,Progress(SECTION_0==0; SECTION_1<1),0,1,1,simpleQuest,1,f4_raid_drakan_boss_55_ah
11333,Progress(SECTION_0==0; SECTION_1<1),0,1,1,simpleQuest,1,f4_craid_4th_fanatic_fi_boss_55_al
11334,Progress(SECTION_0==0; SECTION_1<1),0,1,1,simpleQuest,1,df4_field_raid_boss_55_al
11340,Progress(SECTION_0==0; SECTION_1<5),0,1,5,simpleQuest,5,lf4_occupy_spot_q_v01_vritra_fi_51_an lf4_occupy_spot_q_v01_vritra_as_51_an lf4_occupy_spot_q_v01_vritra_ra_51_an lf4_occupy_spot_q_v01_vritra_wi_51_an lf4_occupy_spot_q_v01_vritra_pr_51_an
11341,Progress(SECTION_0==0; SECTION_1<5),0,1,5,simpleQuest,5,lf4_occupy_spot_q_v01_da_fi_51_an lf4_occupy_spot_q_v01_da_as_51_an lf4_occupy_spot_q_v01_da_ra_51_an lf4_occupy_spot_q_v01_da_wi_51_an lf4_occupy_spot_q_v01_da_pr_51_an
11342,Progress(SECTION_0==0; SECTION_1<5),0,1,5,simpleQuest,5,lf4_occupy_spot_q_v02_vritra_fi_52_an lf4_occupy_spot_q_v02_vritra_as_52_an lf4_occupy_spot_q_v02_vritra_ra_52_an lf4_occupy_spot_q_v02_vritra_wi_52_an lf4_occupy_spot_q_v02_vritra_pr_52_an
11343,Progress(SECTION_0==0; SECTION_1<5),0,1,5,simpleQuest,5,lf4_occupy_spot_q_v02_da_fi_52_an lf4_occupy_spot_q_v02_da_as_52_an lf4_occupy_spot_q_v02_da_ra_52_an lf4_occupy_spot_q_v02_da_wi_52_an lf4_occupy_spot_q_v02_da_pr_52_an
11344,Progress(SECTION_0==0; SECTION_1<5),0,1,5,simpleQuest,5,lf4_occupy_spot_q_v03_vritra_fi_53_an lf4_occupy_spot_q_v03_vritra_as_53_an lf4_occupy_spot_q_v03_vritra_ra_53_an lf4_occupy_spot_q_v03_vritra_wi_53_an lf4_occupy_spot_q_v03_vritra_pr_53_an
11345,Progress(SECTION_0==0; SECTION_1<5),0,1,5,simpleQuest,5,lf4_occupy_spot_q_v03_da_fi_53_an lf4_occupy_spot_q_v03_da_as_53_an lf4_occupy_spot_q_v03_da_ra_53_an lf4_occupy_spot_q_v03_da_wi_53_an lf4_occupy_spot_q_v03_da_pr_53_an
11346,Progress(SECTION_0==0; SECTION_1<5),0,1,5,simpleQuest,5,lf4_occupy_spot_q_v04_vritra_fi_53_an lf4_occupy_spot_q_v04_vritra_as_53_an lf4_occupy_spot_q_v04_vritra_ra_53_an lf4_occupy_spot_q_v04_vritra_wi_53_an lf4_occupy_spot_q_v04_vritra_pr_53_an
11347,Progress(SECTION_0==0; SECTION_1<5),0,1,5,simpleQuest,5,lf4_occupy_spot_q_v04_da_fi_53_an lf4_occupy_spot_q_v04_da_as_53_an lf4_occupy_spot_q_v04_da_ra_53_an lf4_occupy_spot_q_v04_da_wi_53_an lf4_occupy_spot_q_v04_da_pr_53_an
11348,Progress(SECTION_0==0; SECTION_1<5),0,1,5,simpleQuest,5,lf4_occupy_spot_q_v05_vritra_fi_54_an lf4_occupy_spot_q_v05_vritra_as_54_an lf4_occupy_spot_q_v05_vritra_ra_54_an lf4_occupy_spot_q_v05_vritra_wi_54_an lf4_occupy_spot_q_v05_vritra_pr_54_an
11349,Progress(SECTION_0==0; SECTION_1<5),0,1,5,simpleQuest,5,lf4_occupy_spot_q_v05_da_fi_54_an lf4_occupy_spot_q_v05_da_as_54_an lf4_occupy_spot_q_v05_da_ra_54_an lf4_occupy_spot_q_v05_da_wi_54_an lf4_occupy_spot_q_v05_da_pr_54_an
11350,Progress(SECTION_0==0; SECTION_1<5),0,1,5,simpleQuest,5,lf4_occupy_spot_q_v06_vritra_fi_55_an lf4_occupy_spot_q_v06_vritra_as_55_an lf4_occupy_spot_q_v06_vritra_ra_55_an lf4_occupy_spot_q_v06_vritra_wi_55_an lf4_occupy_spot_q_v06_vritra_pr_55_an
11351,Progress(SECTION_0==0; SECTION_1<5),0,1,5,simpleQuest,5,lf4_occupy_spot_q_v06_da_fi_55_an lf4_occupy_spot_q_v06_da_as_55_an lf4_occupy_spot_q_v06_da_ra_55_an lf4_occupy_spot_q_v06_da_wi_55_an lf4_occupy_spot_q_v06_da_pr_55_an
11352,Progress(SECTION_0==0; SECTION_1<5),0,1,5,simpleQuest,5,lf4_occupy_spot_q_v07_vritra_fi_55_an lf4_occupy_spot_q_v07_vritra_as_55_an lf4_occupy_spot_q_v07_vritra_ra_55_an lf4_occupy_spot_q_v07_vritra_wi_55_an lf4_occupy_spot_q_v07_vritra_pr_55_an
11353,Progress(SECTION_0==0; SECTION_1<5),0,1,5,simpleQuest,5,lf4_occupy_spot_q_v07_da_fi_55_an lf4_occupy_spot_q_v07_da_as_55_an lf4_occupy_spot_q_v07_da_ra_55_an lf4_occupy_spot_q_v07_da_wi_55_an lf4_occupy_spot_q_v07_da_pr_55_an
11370,Progress(SECTION_0==0; SECTION_1<5),0,1,5,simpleQuest,5,df4_occupy_spot_q_v01_vritra_fi_51_an df4_occupy_spot_q_v01_vritra_as_51_an df4_occupy_spot_q_v01_vritra_ra_51_an df4_occupy_spot_q_v01_vritra_wi_51_an df4_occupy_spot_q_v01_vritra_pr_51_an
11371,Progress(SECTION_0==0; SECTION_1<5),0,1,5,simpleQuest,5,df4_occupy_spot_q_v01_da_fi_51_an df4_occupy_spot_q_v01_da_as_51_an df4_occupy_spot_q_v01_da_ra_51_an df4_occupy_spot_q_v01_da_wi_51_an df4_occupy_spot_q_v01_da_pr_51_an
11372,Progress(SECTION_0==0; SECTION_1<5),0,1,5,simpleQuest,5,df4_occupy_spot_q_v02_vritra_fi_52_an df4_occupy_spot_q_v02_vritra_as_52_an df4_occupy_spot_q_v02_vritra_ra_52_an df4_occupy_spot_q_v02_vritra_wi_52_an df4_occupy_spot_q_v02_vritra_pr_52_an
11373,Progress(SECTION_0==0; SECTION_1<5),0,1,5,simpleQuest,5,df4_occupy_spot_q_v02_da_fi_52_an df4_occupy_spot_q_v02_da_as_52_an df4_occupy_spot_q_v02_da_ra_52_an df4_occupy_spot_q_v02_da_wi_52_an df4_occupy_spot_q_v02_da_pr_52_an
11374,Progress(SECTION_0==0; SECTION_1<5),0,1,5,simpleQuest,5,df4_occupy_spot_q_v03_vritra_fi_53_an df4_occupy_spot_q_v03_vritra_as_53_an df4_occupy_spot_q_v03_vritra_ra_53_an df4_occupy_spot_q_v03_vritra_wi_53_an df4_occupy_spot_q_v03_vritra_pr_53_an
11375,Progress(SECTION_0==0; SECTION_1<5),0,1,5,simpleQuest,5,df4_occupy_spot_q_v03_da_fi_53_an df4_occupy_spot_q_v03_da_as_53_an df4_occupy_spot_q_v03_da_ra_53_an df4_occupy_spot_q_v03_da_wi_53_an df4_occupy_spot_q_v03_da_pr_53_an
11376,Progress(SECTION_0==0; SECTION_1<5),0,1,5,simpleQuest,5,df4_occupy_spot_q_v04_vritra_fi_53_an df4_occupy_spot_q_v04_vritra_as_53_an df4_occupy_spot_q_v04_vritra_ra_53_an df4_occupy_spot_q_v04_vritra_wi_53_an df4_occupy_spot_q_v04_vritra_pr_53_an
11377,Progress(SECTION_0==0; SECTION_1<5),0,1,5,simpleQuest,5,df4_occupy_spot_q_v04_da_fi_53_an df4_occupy_spot_q_v04_da_as_53_an df4_occupy_spot_q_v04_da_ra_53_an df4_occupy_spot_q_v04_da_wi_53_an df4_occupy_spot_q_v04_da_pr_53_an
11378,Progress(SECTION_0==0; SECTION_1<5),0,1,5,simpleQuest,5,df4_occupy_spot_q_v05_vritra_fi_54_an df4_occupy_spot_q_v05_vritra_as_54_an df4_occupy_spot_q_v05_vritra_ra_54_an df4_occupy_spot_q_v05_vritra_wi_54_an df4_occupy_spot_q_v05_vritra_pr_54_an
11379,Progress(SECTION_0==0; SECTION_1<5),0,1,5,simpleQuest,5,df4_occupy_spot_q_v05_da_fi_54_an df4_occupy_spot_q_v05_da_as_54_an df4_occupy_spot_q_v05_da_ra_54_an df4_occupy_spot_q_v05_da_wi_54_an df4_occupy_spot_q_v05_da_pr_54_an
11380,Progress(SECTION_0==0; SECTION_1<5),0,1,5,simpleQuest,5,df4_occupy_spot_q_v06_vritra_fi_55_an df4_occupy_spot_q_v06_vritra_as_55_an df4_occupy_spot_q_v06_vritra_ra_55_an df4_occupy_spot_q_v06_vritra_wi_55_an df4_occupy_spot_q_v06_vritra_pr_55_an
11381,Progress(SECTION_0==0; SECTION_1<5),0,1,5,simpleQuest,5,df4_occupy_spot_q_v06_da_fi_55_an df4_occupy_spot_q_v06_da_as_55_an df4_occupy_spot_q_v06_da_ra_55_an df4_occupy_spot_q_v06_da_wi_55_an df4_occupy_spot_q_v06_da_pr_55_an
11382,Progress(SECTION_0==0; SECTION_1<5),0,1,5,simpleQuest,5,df4_occupy_spot_q_v07_vritra_fi_55_an df4_occupy_spot_q_v07_vritra_as_55_an df4_occupy_spot_q_v07_vritra_ra_55_an df4_occupy_spot_q_v07_vritra_wi_55_an df4_occupy_spot_q_v07_vritra_pr_55_an
11383,Progress(SECTION_0==0; SECTION_1<5),0,1,5,simpleQuest,5,df4_occupy_spot_q_v07_da_fi_55_an df4_occupy_spot_q_v07_da_as_55_an df4_occupy_spot_q_v07_da_ra_55_an df4_occupy_spot_q_v07_da_wi_55_an df4_occupy_spot_q_v07_da_pr_55_an
11401,Progress(SECTION_0==0; SECTION_1<5),0,1,5,simpleQuest,2,iddramata_drakanschigh_55_ae iddramata_drakanclhigh_55_ae
11402,Progress(SECTION_0==0; SECTION_1<1),0,1,1,simpleQuest,1,iddramata_dramata_55_al iddramata_sp_dramata_55_al
11470,Progress(SECTION_0==0; SECTION_1<1),0,1,1,simpleQuest,1,idelim_3f_komadenm_53_ae idelim_sp_3f_komadenm_53_ae
13758,Progress(SECTION_0==0; SECTION_1<5),0,1,5,simpleQuest,2,ldf4_advance_a_dachapire_fi_65_an ldf4_advance_a_dachapire_as_65_an
13759,Progress(SECTION_0==0; SECTION_1<5),0,1,5,simpleQuest,1,ldf4_advance_a_dachapire_wi_65_n
13760,Progress(SECTION_0==0; SECTION_1<5),0,1,5,simpleQuest,1,ldf4_advance_a_dachapire_pr_65_n
13761,Progress(SECTION_0==0; SECTION_1<5),0,1,5,simpleQuest,2,ldf4_advance_d_dachapire_fi_65_an ldf4_advance_d_dachapire_as_65_an
13762,Progress(SECTION_0==0; SECTION_1<5),0,1,5,simpleQuest,1,ldf4_advance_d_dachapire_wi_65_n
13763,Progress(SECTION_0==0; SECTION_1<5),0,1,5,simpleQuest,1,ldf4_advance_d_dachapire_pr_65_n
13764,Progress(SECTION_0==0; SECTION_1<5),0,1,5,simpleQuest,2,ldf4_advance_b_dachapire_fi_65_an ldf4_advance_b_dachapire_as_65_an
13765,Progress(SECTION_0==0; SECTION_1<5),0,1,5,simpleQuest,1,ldf4_advance_b_dachapire_wi_65_n
13766,Progress(SECTION_0==0; SECTION_1<5),0,1,5,simpleQuest,1,ldf4_advance_b_dachapire_pr_65_n
13767,Progress(SECTION_0==0; SECTION_1<5),0,1,5,simpleQuest,2,ldf4_advance_c_dachapire_fi_65_an ldf4_advance_c_dachapire_as_65_an
13768,Progress(SECTION_0==0; SECTION_1<5),0,1,5,simpleQuest,1,ldf4_advance_c_dachapire_wi_65_n
13769,Progress(SECTION_0==0; SECTION_1<5),0,1,5,simpleQuest,1,ldf4_advance_c_dachapire_pr_65_n
13770,Progress(SECTION_0==0; SECTION_1<12),0,1,12,simpleQuest,4,ldf4_advance_k_dachapire_fi_65_an ldf4_advance_k_dachapire_as_65_an ldf4_advance_k_dachapire_pr_65_n ldf4_advance_k_dachapire_wi_65_n
13840,Progress(SECTION_0==0; SECTION_1<1),0,1,1,simpleQuest,1,ab1_1131_boss_dr_1 ab1_1131_boss_dr_2 ab1_1131_boss_dr_3 ab1_1131_boss_dr_4 ab1_1131_boss_dr_5 ab1_1131_boss_dr_1_ma ab1_1131_boss_dr_2_ma ab1_1131_boss_dr_3_ma ab1_1131_boss_dr_4_ma ab1_1131_boss_dr_5_ma
13841,Progress(SECTION_0==0; SECTION_1<40),0,1,40,simpleQuest,2,leftciel_lizardfi_35_an leftciel_lizardas_35_an leftciel_lizardra_35_an leftciel_lizardpr_35_an leftciel_nagafighter_35_ae leftciel_nagamage_35_ae leftciel_nagapriest_35_ae leftciel_nagawinamedq_35_ah
13844,Progress(SECTION_0==0; SECTION_1<1),0,1,1,simpleQuest,1,ab1_1132_boss_dr_1 ab1_1132_boss_dr_2 ab1_1132_boss_dr_3 ab1_1132_boss_dr_4 ab1_1132_boss_dr_5 ab1_1132_boss_dr_1_ma ab1_1132_boss_dr_2_ma ab1_1132_boss_dr_3_ma ab1_1132_boss_dr_4_ma ab1_1132_boss_dr_5_ma
13845,Progress(SECTION_0==0; SECTION_1<40),0,1,40,simpleQuest,1,rightciel_lizardfi_35_ae rightciel_lizardas_35_ae rightciel_lizardra_35_ae rightciel_lizardpr_35_ae rightciel_lizardfiarmor_35_ae rightciel_nagamage_35_ae rightciel_nagapriest_35_ae rightciel_nagafighter_35_ae
13848,Progress(SECTION_0==0; SECTION_1<1),0,1,1,simpleQuest,1,ab1_1141_boss_dr_1 ab1_1141_boss_dr_2 ab1_1141_boss_dr_3 ab1_1141_boss_dr_4 ab1_1141_boss_dr_5 ab1_1141_boss_dr_1_ma ab1_1141_boss_dr_2_ma ab1_1141_boss_dr_3_ma ab1_1141_boss_dr_4_ma ab1_1141_boss_dr_5_ma
13849,Progress(SECTION_0==0; SECTION_1<40),0,1,40,simpleQuest,1,divine_lizardfired_35_ae divine_lizardasred_35_ae divine_lizardrared_35_ae divine_lizardprred_35_ae divine_nagafighter_35_ae divine_nagapriest_35_ae divine_nagamage_35_ae
13860,Progress(SECTION_0==0; SECTION_1<1),0,1,1,simpleQuest,1,ab1_1221_boss_dr_1 ab1_1221_boss_dr_2 ab1_1221_boss_dr_3 ab1_1221_boss_dr_4 ab1_1221_boss_dr_5
13861,Progress(SECTION_0==0; SECTION_1<1),0,1,1,simpleQuest,1,crotan_drakanbossnamed_65_ah
13864,Progress(SECTION_0==0; SECTION_1<1),0,1,1,simpleQuest,1,ab1_1241_boss_dr_1 ab1_1241_boss_dr_2 ab1_1241_boss_dr_3 ab1_1241_boss_dr_4 ab1_1241_boss_dr_5
13865,Progress(SECTION_0==0; SECTION_1<1),0,1,1,simpleQuest,1,lamiren_drakanbossnamed_65_ah
13868,Progress(SECTION_0==0; SECTION_1<1),0,1,1,simpleQuest,1,ab1_1231_boss_dr_1 ab1_1231_boss_dr_2 ab1_1231_boss_dr_3 ab1_1231_boss_dr_4 ab1_1231_boss_dr_5
13869,Progress(SECTION_0==0; SECTION_1<1),0,1,1,simpleQuest,1,dkisas_drakanbossnamed_65_ah
13880,Progress(SECTION_0==0; SECTION_1<1),0,1,1,simpleQuest,1,ldf5_fortress_7011_boss_dr_1 ldf5_fortress_7011_boss_dr_2 ldf5_fortress_7011_boss_dr_3 ldf5_fortress_7011_boss_dr_4 ldf5_fortress_7011_boss_dr_5
13920,Progress(SECTION_0==0; SECTION_1<10),0,1,10,simpleQuest,10,ab1_1131_guard_dr_a_1 ab1_1131_guard_dr_a_2 ab1_1131_guard_dr_a_3 ab1_1131_guard_dr_a_4 ab1_1131_guard_dr_a_5 ab1_1131_guard_dr_b_1 ab1_1131_guard_dr_b_2 ab1_1131_guard_dr_b_3 ab1_1131_guard_dr_b_4 ab1_1131_guard_dr_b_5
13921,Progress(SECTION_0==0; SECTION_1<3),0,1,3,simpleQuest,10,ab1_1131_guardh_dr_a_1 ab1_1131_guardh_dr_a_2 ab1_1131_guardh_dr_a_3 ab1_1131_guardh_dr_a_4 ab1_1131_guardh_dr_a_5 ab1_1131_guardh_dr_b_1 ab1_1131_guardh_dr_b_2 ab1_1131_guardh_dr_b_3 ab1_1131_guardh_dr_b_4 ab1_1131_guardh_dr_b_5
13922,Progress(SECTION_0==0; SECTION_1<1),0,1,1,simpleQuest,2,ab1_1131_door_dr ab1_1131_door_dr_ma ab1_1131_door_f_dr ab1_1131_door_f_dr_ma
13923,Progress(SECTION_0==0; SECTION_1<10),0,1,10,simpleQuest,10,ab1_1132_guard_dr_a_1 ab1_1132_guard_dr_a_2 ab1_1132_guard_dr_a_3 ab1_1132_guard_dr_a_4 ab1_1132_guard_dr_a_5 ab1_1132_guard_dr_b_1 ab1_1132_guard_dr_b_2 ab1_1132_guard_dr_b_3 ab1_1132_guard_dr_b_4 ab1_1132_guard_dr_b_5
13924,Progress(SECTION_0==0; SECTION_1<3),0,1,3,simpleQuest,10,ab1_1132_guardh_dr_a_1 ab1_1132_guardh_dr_a_2 ab1_1132_guardh_dr_a_3 ab1_1132_guardh_dr_a_4 ab1_1132_guardh_dr_a_5 ab1_1132_guardh_dr_b_1 ab1_1132_guardh_dr_b_2 ab1_1132_guardh_dr_b_3 ab1_1132_guardh_dr_b_4 ab1_1132_guardh_dr_b_5
13925,Progress(SECTION_0==0; SECTION_1<1),0,1,1,simpleQuest,2,ab1_1132_door_dr ab1_1132_door_dr_ma ab1_1132_door_f_dr ab1_1132_door_f_dr_ma
13926,Progress(SECTION_0==0; SECTION_1<10),0,1,10,simpleQuest,20,ab1_1141_guard_dr_a_1 ab1_1141_guard_dr_a_2 ab1_1141_guard_dr_a_3 ab1_1141_guard_dr_a_4 ab1_1141_guard_dr_a_5 ab1_1141_guard_dr_b_1 ab1_1141_guard_dr_b_2 ab1_1141_guard_dr_b_3 ab1_1141_guard_dr_b_4 ab1_1141_guard_dr_b_5 ab1_1142_guard_dr_a_5 ab1_1142_guard_dr_b_5 ab1_1143_guard_dr_a_5 ab1_1143_guard_dr_b_5 ab1_1144_guard_dr_a_5 ab1_1144_guard_dr_b_5 ab1_1145_guard_dr_a_5 ab1_1145_guard_dr_b_5 ab1_1146_guard_dr_a_5 ab1_1146_guard_dr_b_5
13927,Progress(SECTION_0==0; SECTION_1<3),0,1,3,simpleQuest,5,ab1_1141_guardh_dr_a_1 ab1_1141_guardh_dr_a_2 ab1_1141_guardh_dr_a_3 ab1_1141_guardh_dr_a_4 ab1_1141_guardh_dr_a_5
13928,Progress(SECTION_0==0; SECTION_1<1),0,1,1,simpleQuest,2,ab1_1141_door_dr ab1_1141_door_dr_ma ab1_1141_door_f_dr ab1_1141_door_f_dr_ma
13930,Progress(SECTION_0==0; SECTION_1<10),0,1,10,simpleQuest,5,ab1_carrierdrop_ra_1 ab1_carrierdroph_ra_1 ab1_1221_guard_g_r_65_new1 ab1_carrierdrop_ra_2 ab1_carrierdroph_ra_2 ab1_1221_guard_g_r_65_new2 ab1_carrierdrop_ra_3 ab1_carrierdroph_ra_3 ab1_1221_guard_g_r_65_new3 ab1_carrierdrop_ra_4 ab1_carrierdroph_ra_4 ab1_1221_guard_g_r_65_new4 ab1_carrierdrop_ra_5 ab1_carrierdroph_ra_5 ab1_1221_guard_g_r_65_new5
13931,Progress(SECTION_0==0; SECTION_1<3),0,1,3,simpleQuest,5,ab1_1221_commander_g_a_65_new1 ab1_1221_commander_g_a_65_new2 ab1_1221_commander_g_a_65_new3 ab1_1221_commander_g_a_65_new4 ab1_1221_commander_g_a_65_new5
13932,Progress(SECTION_0==0; SECTION_1<1),0,1,1,simpleQuest,1,ab1_1221_door_dr
13933,Progress(SECTION_0==0; SECTION_1<10),0,1,10,simpleQuest,5,ab1_1241_guard_g_r_65_new1 ab1_1241_guard_g_r_65_new2 ab1_1241_guard_g_r_65_new3 ab1_1241_guard_g_r_65_new4 ab1_1241_guard_g_r_65_new5
13934,Progress(SECTION_0==0; SECTION_1<3),0,1,3,simpleQuest,5,ab1_1241_commander_g_a_65_new1 ab1_1241_commander_g_a_65_new2 ab1_1241_commander_g_a_65_new3 ab1_1241_commander_g_a_65_new4 ab1_1241_commander_g_a_65_new5
13935,Progress(SECTION_0==0; SECTION_1<1),0,1,1,simpleQuest,1,ab1_1241_door_dr
13936,Progress(SECTION_0==0; SECTION_1<10),0,1,10,simpleQuest,5,ab1_1231_guard_g_r_65_new1 ab1_1231_guard_g_r_65_new2 ab1_1231_guard_g_r_65_new3 ab1_1231_guard_g_r_65_new4 ab1_1231_guard_g_r_65_new5
13937,Progress(SECTION_0==0; SECTION_1<3),0,1,3,simpleQuest,5,ab1_1231_commander_g_a_65_new1 ab1_1231_commander_g_a_65_new2 ab1_1231_commander_g_a_65_new3 ab1_1231_commander_g_a_65_new4 ab1_1231_commander_g_a_65_new5
13938,Progress(SECTION_0==0; SECTION_1<1),0,1,1,simpleQuest,1,ab1_1231_door_dr
13940,Progress(SECTION_0==0; SECTION_1<10),0,1,10,simpleQuest,6,ldf5_fortress_7011_guard_kn_miston_dr_1 ldf5_fortress_7011_guard_kn_miston_dr_2 ldf5_fortress_7011_guard_kn_miston_dr_3 ldf5_fortress_7011_guard_kn_miston_dr_4 ldf5_fortress_7011_guard_kn_miston_dr_5 ldf5_fortress_guardbase_dr_kn_65_ae
13941,Progress(SECTION_0==0; SECTION_1<1),0,1,1,simpleQuest,3,ldf5_fortress_7011_gbboss_fi_dr_65_ah ldf5_fortress_7011_gbboss_fi_1_dr_65_ah ldf5_fortress_7011_gbboss_ra_dr_65_ah ldf5_fortress_7011_gbboss_ra_1_dr_65_ah ldf5_fortress_7011_gbboss_wi_dr_65_ah ldf5_fortress_7011_gbboss_wi_1_dr_65_ah
13942,Progress(SECTION_0==0; SECTION_1<1),0,1,1,simpleQuest,1,ldf5_fortress_7011_door_dr
13943,Progress(SECTION_0==0; SECTION_1<10),0,1,10,simpleQuest,6,ab1_1011_outside_guard_as_dr_1 ab1_1011_outside_guard_as_dr_2 ab1_1011_outside_guard_as_dr_3 ab1_1011_outside_guard_as_dr_4 ab1_1011_outside_guard_as_dr_5 ab1_1011_outside_guard_ra_dr_1 ab1_1011_outside_guard_ra_dr_2 ab1_1011_outside_guard_ra_dr_3 ab1_1011_outside_guard_ra_dr_4 ab1_1011_outside_guard_ra_dr_5 ab1_1011_outside_guard_wi_dr_1 ab1_1011_outside_guard_wi_dr_2 ab1_1011_outside_guard_wi_dr_3 ab1_1011_outside_guard_wi_dr_4 ab1_1011_outside_guard_wi_dr_5 ab1_1011_inside_guard_as_dr_1 ab1_1011_inside_guard_as_dr_2 ab1_1011_inside_guard_as_dr_3 ab1_1011_inside_guard_as_dr_4 ab1_1011_inside_guard_as_dr_5 ab1_1011_inside_guard_ra_dr_1 ab1_1011_inside_guard_ra_dr_2 ab1_1011_inside_guard_ra_dr_3 ab1_1011_inside_guard_ra_dr_4 ab1_1011_inside_guard_ra_dr_5 ab1_1011_inside_guard_wi_dr_1 ab1_1011_inside_guard_wi_dr_2 ab1_1011_inside_guard_wi_dr_3 ab1_1011_inside_guard_wi_dr_4 ab1_1011_inside_guard_wi_dr_5
13944,Progress(SECTION_0==0; SECTION_1<3),0,1,3,simpleQuest,2,ab1_1011_outside_guard_fi_dr_1 ab1_1011_outside_guard_fi_dr_2 ab1_1011_outside_guard_fi_dr_3 ab1_1011_outside_guard_fi_dr_4 ab1_1011_outside_guard_fi_dr_5 ab1_1011_inside_guard_fi_dr_1 ab1_1011_inside_guard_fi_dr_2 ab1_1011_inside_guard_fi_dr_3 ab1_1011_inside_guard_fi_dr_4 ab1_1011_inside_guard_fi_dr_5
13946,Progress(SECTION_0==0; SECTION_1<1),0,1,1,simpleQuest,5,ab1_1011_boss_dr_1 ab1_1011_boss_dr_2 ab1_1011_boss_dr_3 ab1_1011_boss_dr_4 ab1_1011_boss_dr_5
13947,Progress(SECTION_0==0; SECTION_1<1),0,1,1,simpleQuest,4,ab1_1011_page2_guard_fi_dr ab1_1011_page2_guard_wi_dr ab1_1011_page2_guard_as_dr ab1_1011_page2_guard_ra_dr
13955,Progress(SECTION_0==0; SECTION_1<5),0,1,5,simpleQuest,1,idab1_ere_4floor_drakan_fi_73_an idab1_ere_3floor_drakan_fi_73_an idab1_ere_2floor_drakan_fi_73_an idab1_ere_1floor_drakan_fi_73_an idab1_ere_4key_drakan_fi_73_an idab1_ere_3key_drakan_fi_73_an idab1_ere_2key_drakan_fi_73_an idab1_ere_1key_drakan_fi_73_an idab1_ere_abuse_drakan_fi_73_an idab1_ere_drakan_prison_fi_73_an idab1_ere_drakan_talk_fi_73_an idab1_ere_drakan_torture_fi_73_an idab1_ere_drakan_sleep_fi_73_an idab1_ere_drakan_box_fi_73_an idab1_ere_drakan_woker_fi_74_ae idab1_ere_1round_4key_d_fi_73_an
13963,Progress(SECTION_0==0; SECTION_1<1),0,1,1,simpleQuest,2,ideternity_war_6_buff_named_75_ah ideternity_war_12_buff_named_75_ah
13964,Progress(SECTION_0==0; SECTION_1<1),0,1,1,simpleQuest,1,ideternity_war_opboss_d_kn_75_al
13966,Progress(SECTION_0==0; SECTION_1<1),0,1,1,simpleQuest,2,ideternity_war_score_named_01_75_ah ideternity_war_score_named_02_75_ah
13973,Progress(SECTION_0==0; SECTION_1<1),0,1,1,simpleQuest,2,ideternity_war_6_buff_named_55_ah ideternity_war_12_buff_named_55_ah
13974,Progress(SECTION_0==0; SECTION_1<1),0,1,1,simpleQuest,1,ideternity_war_opboss_d_kn_55_al
13976,Progress(SECTION_0==0; SECTION_1<1),0,1,1,simpleQuest,2,ideternity_war_score_named_01_55_ah ideternity_war_score_named_02_55_ah
14203,Progress(SECTION_0==0; SECTION_1<8),0,1,8,simpleQuest,2,lf2a_statuet_49_an lf2a_statuet_50_an
14204,Progress(SECTION_0==0; SECTION_1<8),0,1,8,simpleQuest,2,lf2a_tauric_47_an lf2a_tauric_48_an
14252,Progress(SECTION_0==0; SECTION_1<1),0,1,1,simpleQuest,1,iddf3_nagawiengineernamedd_47_ae_sp
14277,Progress(SECTION_0==0; SECTION_1<7),0,1,7,simpleQuest,1,souledstonedrenmd_34_ae souledstonearenmd_35_ae shadowstalkerrenamed_34_ae shadowstalkernamedd_35_ae samnamedd_35_ae rollingwhillnamedd_36_ae gargoyledf2named_36_ae
15001,Progress(SECTION_0==0; SECTION_1<5),0,1,5,simpleQuest,2,lf5_a_varanus_55_n lf5_a_varanus_56_n
15014,Progress(SECTION_0==0; SECTION_1<7),0,1,7,simpleQuest,2,lf5_b_varanus_56_an lf5_b_varanus_57_an
15020,Progress(SECTION_0==0; SECTION_1<5),0,1,5,simpleQuest,1,lf5_c_newspecies_fi_57_an
15024,Progress(SECTION_0==0; SECTION_1<5),0,1,5,simpleQuest,2,lf5_c_harpy_57_an lf5_c_harpy_58_an
15032,Progress(SECTION_0==0; SECTION_1<10),0,1,10,simpleQuest,8,lf5_p1_sharkspecies_wi_58_ah lf5_p1_sharkspecies_wi_59_ah lf5_p1_sharkspecies_wi_60_ah lf5_p1_sharkspecies_pr_58_ah lf5_p1_sharkspecies_pr_59_ah lf5_p1_sharkspecies_pr_60_ah lf5_p1_sharkspecies_fi_58_ah lf5_p1_sharkspecies_fi_59_ah lf5_p1_sharkspecies_fi_60_ah lf5_p1_sharkspecies_as_58_ah lf5_p1_sharkspecies_as_58_hide_ah lf5_p1_sharkspecies_as_59_ah lf5_p1_sharkspecies_as_59_hide_ah lf5_p1_sharkspecies_as_60_ah lf5_p1_sharkspecies_as_60_hide_ah
15033,Progress(SECTION_0==0; SECTION_1<1),0,1,1,simpleQuest,1,lf5_p1_itemnm_sharkspecies_fi_65_ah
15040,Progress(SECTION_0==0; SECTION_1<9),0,1,9,simpleQuest,1,lf5_d_neutfly_58_n
15041,Progress(SECTION_0==0; SECTION_1<8),0,1,8,simpleQuest,4,lf5_d_brohum_m_forest_58_an lf5_d_brohum_m_forest_59_an lf5_d_brohum_m_young_forest_58_an lf5_d_brohum_m_young_forest_59_an
15050,Progress(SECTION_0==0; SECTION_1<7),0,1,7,simpleQuest,2,lf5_e_nepilim_59_an lf5_e_nepilim_60_an
15051,Progress(SECTION_0==0; SECTION_1<5),0,1,5,simpleQuest,1,lf5_q_e_vri_strike_gu_62_an
15054,Progress(SECTION_0==0; SECTION_1<5),0,1,5,simpleQuest,1,lf5_e_gargoyle_59_an
15060,Progress(SECTION_0==0; SECTION_1<8),0,1,8,simpleQuest,2,lf5_f_drakan_60_an lf5_f_drakan_61_an
15062,Progress(SECTION_0==0; SECTION_1<7),0,1,7,simpleQuest,2,lf5_f_xipeto_60_an lf5_f_xipeto_61_an
15065,Progress(SECTION_0==0; SECTION_1<10),0,1,10,simpleQuest,4,lf5_f_nagawarrior_60_an lf5_f_nagawarrior_61_an lf5_f_nagamage_60_an lf5_f_nagamage_61_an blf6_nagamage_b2_66_d blf6_nagamage_b2_67_d blf6_nagamage_b2_68_d blf6_nagamage_b2_69_d blf6_nagamage_b2_70_d blf6_nagamage_b2_71_d blf6_nagamage_b2_72_d blf6_nagamage_b2_73_d blf6_nagamage_b2_74_d blf6_nagamage_b2_75_d
15073,Progress(SECTION_0==0; SECTION_1<5),0,1,5,simpleQuest,2,lf5_h_lizardmanfighter_61_an lf5_h_lizardmanfighter_62_an
15074,Progress(SECTION_0==0; SECTION_1<8),0,1,8,simpleQuest,2,lf5_h_sheluk_61_an lf5_h_sheluk_62_an
15081,Progress(SECTION_0==0; SECTION_1<8),0,1,8,simpleQuest,2,lf5_i_guardian_63_an lf5_i_guardian_64_an
15082,Progress(SECTION_0==0; SECTION_1<8),0,1,8,simpleQuest,2,lf5_i_hippolizard_63_an lf5_i_hippolizard_64_an
15083,Progress(SECTION_0==0; SECTION_1<1),0,1,1,simpleQuest,1,lf5_i_itemnm_tiamatagent_60_af
15091,Progress(SECTION_0==0; SECTION_1<5),0,1,5,simpleQuest,2,lf5_p2_cyclops_63_an lf5_p2_cyclops_strong_65_an
15092,Progress(SECTION_0==0; SECTION_1<10),0,1,10,simpleQuest,18,lf5_p2_ice_h_vritra_fi_63_ae lf5_p2_ice_h_vritra_ra_63_ae lf5_p2_ice_h_vritra_kn_63_ae lf5_p2_ice_h_vritra_gu_63_ae lf5_p2_ice_h_vritra_wi_63_ae lf5_p2_ice_h_vritra_as_63_hide_ae lf5_p2_ice_h_vritra_fi_64_ae lf5_p2_ice_h_vritra_ra_64_ae
15100,Progress(SECTION_0==0; SECTION_1<5),0,1,5,simpleQuest,2,lf5_j_octaside_64_an lf5_j_octaside_65_an
15104,Progress(SECTION_0==0; SECTION_1<5),0,1,5,simpleQuest,2,lf5_j_sandshark_64_an lf5_j_sandshark_65_an
15201,Progress(SECTION_0==0; SECTION_1<10),0,1,10,simpleQuest,6,lf5_p1_sharkspecies_wi_58_ah lf5_p1_sharkspecies_wi_59_ah lf5_p1_sharkspecies_wi_60_ah lf5_p1_sharkspecies_pr_58_ah lf5_p1_sharkspecies_pr_59_ah lf5_p1_sharkspecies_pr_60_ah
15202,Progress(SECTION_0==0; SECTION_1<10),0,1,10,simpleQuest,2,lf5_p1_sharkspecies_fi_58_ah lf5_p1_sharkspecies_fi_59_ah lf5_p1_sharkspecies_fi_60_ah lf5_p1_sharkspecies_as_58_ah lf5_p1_sharkspecies_as_58_hide_ah lf5_p1_sharkspecies_as_59_ah lf5_p1_sharkspecies_as_59_hide_ah lf5_p1_sharkspecies_as_60_ah lf5_p1_sharkspecies_as_60_hide_ah
15203,Progress(SECTION_0==0; SECTION_1<5),0,1,5,simpleQuest,1,lf5_p1_varanus_58_n
15324,Progress(SECTION_0==0; SECTION_1<20),0,1,20,simpleQuest,7,lf5_j_tauricre_64_an lf5_j_tauricre_65_an lf5_j_octaside_64_an lf5_j_octaside_65_an lf5_j_sandshark_64_an lf5_j_sandshark_65_an lf5_j_worm_horn_64_an
15325,Progress(SECTION_0==0; SECTION_1<30),0,1,30,simpleQuest,5,lf4_c5_drakanfi_vil_55_ae lf4_c5_drakanfi_vil_talk_55_ae lf4_c5_drakanfi_vil_order_55_ae lf4_c5_drakanfi_vil_65_ae lf4_c5_drakanfi_vil_talk_65_ae lf4_c5_drakanfi_vil_order_65_ae lf4_sp_c5_drakanfi_vil_55_ae lf4_sp_c5_drakanfi_vil_talk_55_ae lf4_sp_c5_drakanfi_vil_order_55_ae lf4_c5_drakanas_vil_65_ae lf4_c5_drakanas_vil_talk_65_ae lf4_c5_drakanas_vil_order_65_ae lf4_sp_c5_drakanas_vil_55_ae lf4_sp_c5_drakanas_vil_talk_55_ae lf4_sp_c5_drakanas_vil_order_55_ae lf4_c5_drakanra_vil_65_ae lf4_c5_drakanra_vil_talk_65_ae lf4_c5_drakanra_vil_order_65_ae lf4_sp_c5_drakanra_vil_55_ae lf4_sp_c5_drakanra_vil_talk_55_ae lf4_sp_c5_drakanra_vil_order_55_ae lf4_c5_drakanwi_vil_65_ae lf4_c5_drakanwi_vil_talk_65_ae lf4_c5_drakanwi_vil_read_65_ae lf4_sp_c5_drakanwi_vil_55_ae lf4_sp_c5_drakanwi_vil_talk_55_ae lf4_sp_c5_drakanwi_vil_read_55_ae lf4_c5_drakanpr_vil_65_ae lf4_c5_drakanpr_vil_talk_65_ae lf4_c5_drakanpr_vil_read_65_ae lf4_sp_c5_drakanpr_vil_55_ae lf4_sp_c5_drakanpr_vil_talk_55_ae lf4_sp_c5_drakanpr_vil_read_55_ae
15326,Progress(SECTION_0==0; SECTION_1<10),0,1,10,simpleQuest,6,df5_p1_cellatu_strong_65_ae df5_p1_driton_strong_65_ae df5_p2_lobster_strong_65_ae df5_p2_tesinon_strong_65_ae df5_i_nepilim1_strong_65_ae df5_i_nepilim2_strong_65_ae
15406,Progress(SECTION_0==0; SECTION_1<4),0,1,4,simpleQuest,1,ab1_fieldctrl_eresh_wi_65_ae
15407,Progress(SECTION_0==0; SECTION_1<4),0,1,4,simpleQuest,1,ab1_fieldctrl_vritra_ra_65_ae
15408,Progress(SECTION_0==0; SECTION_1<4),0,1,4,simpleQuest,1,ab1_fieldctrl_vritra_2_ra_65_ae
15409,Progress(SECTION_0==0; SECTION_1<1),0,1,1,simpleQuest,1,ab1_worldraid_boss_tank_hard_65_al
15410,Progress(SECTION_0==0; SECTION_1<1),0,1,1,simpleQuest,1,ab1_worldraid_boss_tank_hard_65_2_al
15411,Progress(SECTION_0==0; SECTION_1<2),0,1,2,simpleQuest,6,ab1_new_kuillus_rune_2_n_65_an ab1_new_graveknight_equip_2_n_65_ae ab1_new_drake_horn_2_65_ae ab1_new_gargoylenamed_2_65_ae ab1_new_graveknight_equip_3_n_65_ae ab1_new_drake_horn_3_65_ae
15412,Progress(SECTION_0==0; SECTION_1<2),0,1,2,simpleQuest,6,ab1_new_neuth2named_2_65_ah ab1_new_kuillus_rune_3_n_65_an ab1_new_drakenamed_2_65_ah ab1_new_drakenamed_3_65_ah ab1_new_neuth2named_3_65_ah ab1_new_kuillus_rune_4_n_65_an
15413,Progress(SECTION_0==0; SECTION_1<2),0,1,2,simpleQuest,6,ab1_new_brohum_m_sea_2_n_65_an ab1_new_brohum_m_sea_3_n_65_an ab1_new_brohum_m_sea_4_n_65_an ab1_new_graveknight_equip_4_n_65_ae ab1_new_gargoylenamed_3_65_ae ab1_new_gargoylenamed_4_65_ae
15414,Progress(SECTION_0==0; SECTION_1<5),0,1,5,simpleQuest,5,ab1_v01ctrl_da_fi_65_ae ab1_v01ctrl_da_pr_65_ae ab1_v01ctrl_da_ra_65_ae ab1_v01ctrl_da_as_65_ae ab1_v01ctrl_da_wi_65_ae
15415,Progress(SECTION_0==0; SECTION_1<5),0,1,5,simpleQuest,5,ab1_v02ctrl_da_fi_65_ae ab1_v02ctrl_da_pr_65_ae ab1_v02ctrl_da_ra_65_ae ab1_v02ctrl_da_as_65_ae ab1_v02ctrl_da_wi_65_ae
15416,Progress(SECTION_0==0; SECTION_1<5),0,1,5,simpleQuest,5,ab1_v03ctrl_da_fi_65_ae ab1_v03ctrl_da_pr_65_ae ab1_v03ctrl_da_ra_65_ae ab1_v03ctrl_da_as_65_ae ab1_v03ctrl_da_wi_65_ae
15417,Progress(SECTION_0==0; SECTION_1<5),0,1,5,simpleQuest,5,ab1_v04ctrl_da_fi_65_ae ab1_v04ctrl_da_pr_65_ae ab1_v04ctrl_da_ra_65_ae ab1_v04ctrl_da_as_65_ae ab1_v04ctrl_da_wi_65_ae
15418,Progress(SECTION_0==0; SECTION_1<5),0,1,5,simpleQuest,5,ab1_v05ctrl_da_fi_65_ae ab1_v05ctrl_da_pr_65_ae ab1_v05ctrl_da_ra_65_ae ab1_v05ctrl_da_as_65_ae ab1_v05ctrl_da_wi_65_ae
15419,Progress(SECTION_0==0; SECTION_1<5),0,1,5,simpleQuest,5,ab1_v06ctrl_da_fi_65_ae ab1_v06ctrl_da_pr_65_ae ab1_v06ctrl_da_ra_65_ae ab1_v06ctrl_da_as_65_ae ab1_v06ctrl_da_wi_65_ae
15420,Progress(SECTION_0==0; SECTION_1<5),0,1,5,simpleQuest,5,ab1_v13ctrl_da_fi_65_ae ab1_v13ctrl_da_pr_65_ae ab1_v13ctrl_da_ra_65_ae ab1_v13ctrl_da_as_65_ae ab1_v13ctrl_da_wi_65_ae
15421,Progress(SECTION_0==0; SECTION_1<5),0,1,5,simpleQuest,5,ab1_v14ctrl_da_fi_65_ae ab1_v14ctrl_da_pr_65_ae ab1_v14ctrl_da_ra_65_ae ab1_v14ctrl_da_as_65_ae ab1_v14ctrl_da_wi_65_ae
15422,Progress(SECTION_0==0; SECTION_1<5),0,1,5,simpleQuest,5,ab1_v15ctrl_da_fi_65_ae ab1_crotan_v_da_fi_65_01_ae ab1_ramiren_v_da_fi_65_01_ae ab1_crotan_v_da_fi_65_02_ae ab1_ramiren_v_da_fi_65_02_ae ab1_crotan_v_da_fi_65_03_ae ab1_ramiren_v_da_fi_65_03_ae ab1_crotan_v_da_fi_65_04_ae ab1_ramiren_v_da_fi_65_04_ae ab1_crotan_v_da_fi_65_05_ae ab1_ramiren_v_da_fi_65_05_ae ab1_crotan_v_da_fi_65_06_ae ab1_ramiren_v_da_fi_65_06_ae ab1_ramiren_test_da_fi_65_06_ae ab1_v15ctrl_da_pr_65_ae ab1_crotan_v_da_pr_65_01_ae ab1_ramiren_v_da_pr_65_01_ae ab1_crotan_v_da_pr_65_02_ae ab1_ramiren_v_da_pr_65_02_ae ab1_crotan_v_da_pr_65_03_ae ab1_ramiren_v_da_pr_65_03_ae ab1_crotan_v_da_pr_65_04_ae ab1_ramiren_v_da_pr_65_04_ae ab1_crotan_v_da_pr_65_05_ae ab1_ramiren_v_da_pr_65_05_ae ab1_crotan_v_da_pr_65_06_ae ab1_ramiren_v_da_pr_65_06_ae ab1_ramiren_test_da_pr_65_06_ae ab1_v15ctrl_da_ra_65_ae ab1_crotan_v_da_ra_65_01_ae ab1_ramiren_v_da_ra_65_01_ae ab1_crotan_v_da_ra_65_02_ae ab1_ramiren_v_da_ra_65_02_ae ab1_crotan_v_da_ra_65_03_ae ab1_ramiren_v_da_ra_65_03_ae ab1_crotan_v_da_ra_65_04_ae ab1_ramiren_v_da_ra_65_04_ae ab1_crotan_v_da_ra_65_05_ae ab1_ramiren_v_da_ra_65_05_ae ab1_crotan_v_da_ra_65_06_ae ab1_ramiren_v_da_ra_65_06_ae ab1_ramiren_test_da_ra_65_06_ae ab1_v15ctrl_da_as_65_ae ab1_crotan_v_da_as_65_01_ae ab1_ramiren_v_da_as_65_01_ae ab1_crotan_v_da_as_65_02_ae ab1_ramiren_v_da_as_65_02_ae ab1_crotan_v_da_as_65_03_ae ab1_ramiren_v_da_as_65_03_ae ab1_crotan_v_da_as_65_04_ae ab1_ramiren_v_da_as_65_04_ae ab1_crotan_v_da_as_65_05_ae ab1_ramiren_v_da_as_65_05_ae ab1_crotan_v_da_as_65_06_ae ab1_ramiren_v_da_as_65_06_ae ab1_ramiren_test_da_as_65_06_ae ab1_v15ctrl_da_wi_65_ae ab1_crotan_v_da_wi_65_01_ae ab1_ramiren_v_da_wi_65_01_ae ab1_crotan_v_da_wi_65_02_ae ab1_ramiren_v_da_wi_65_02_ae ab1_crotan_v_da_wi_65_03_ae ab1_ramiren_v_da_wi_65_03_ae ab1_crotan_v_da_wi_65_04_ae ab1_ramiren_v_da_wi_65_04_ae ab1_crotan_v_da_wi_65_05_ae ab1_ramiren_v_da_wi_65_05_ae ab1_crotan_v_da_wi_65_06_ae ab1_ramiren_v_da_wi_65_06_ae ab1_ramiren_test_da_wi_65_06_ae
15423,Progress(SECTION_0==0; SECTION_1<5),0,1,5,simpleQuest,5,ab1_v16ctrl_da_fi_65_ae ab1_v16ctrl_da_pr_65_ae ab1_v16ctrl_da_ra_65_ae ab1_v16ctrl_da_as_65_ae ab1_v16ctrl_da_wi_65_ae
15424,Progress(SECTION_0==0; SECTION_1<5),0,1,5,simpleQuest,5,ab1_v07ctrl_da_fi_65_ae ab1_v07ctrl_da_pr_65_ae ab1_v07ctrl_da_ra_65_ae ab1_v07ctrl_da_as_65_ae ab1_v07ctrl_da_wi_65_ae
15425,Progress(SECTION_0==0; SECTION_1<5),0,1,5,simpleQuest,5,ab1_v08ctrl_da_fi_65_ae ab1_v08ctrl_da_pr_65_ae ab1_v08ctrl_da_ra_65_ae ab1_v08ctrl_da_as_65_ae ab1_v08ctrl_da_wi_65_ae
15426,Progress(SECTION_0==0; SECTION_1<5),0,1,5,simpleQuest,5,ab1_v09ctrl_da_fi_65_ae ab1_v09ctrl_da_pr_65_ae ab1_v09ctrl_da_ra_65_ae ab1_v09ctrl_da_as_65_ae ab1_v09ctrl_da_wi_65_ae
15427,Progress(SECTION_0==0; SECTION_1<5),0,1,5,simpleQuest,5,ab1_v10ctrl_da_fi_65_ae ab1_v10ctrl_da_pr_65_ae ab1_v10ctrl_da_ra_65_ae ab1_v10ctrl_da_as_65_ae ab1_v10ctrl_da_wi_65_ae
15428,Progress(SECTION_0==0; SECTION_1<5),0,1,5,simpleQuest,5,ab1_v11ctrl_da_fi_65_ae ab1_v11ctrl_da_pr_65_ae ab1_v11ctrl_da_ra_65_ae ab1_v11ctrl_da_as_65_ae ab1_v11ctrl_da_wi_65_ae
15429,Progress(SECTION_0==0; SECTION_1<5),0,1,5,simpleQuest,5,ab1_v12ctrl_da_fi_65_ae ab1_v12ctrl_da_pr_65_ae ab1_v12ctrl_da_ra_65_ae ab1_v12ctrl_da_as_65_ae ab1_v12ctrl_da_wi_65_ae
15430,Progress(SECTION_0==0; SECTION_1<5),0,1,5,simpleQuest,5,ab1_v01ctrl_eresh_fi_65_ae ab1_v01ctrl_eresh_pr_65_ae ab1_v01ctrl_eresh_ra_65_ae ab1_v01ctrl_eresh_as_65_ae ab1_v01ctrl_eresh_wi_65_ae
15431,Progress(SECTION_0==0; SECTION_1<5),0,1,5,simpleQuest,5,ab1_v02ctrl_eresh_fi_65_ae ab1_v02ctrl_eresh_pr_65_ae ab1_v02ctrl_eresh_ra_65_ae ab1_v02ctrl_eresh_as_65_ae ab1_v02ctrl_eresh_wi_65_ae
15432,Progress(SECTION_0==0; SECTION_1<5),0,1,5,simpleQuest,5,ab1_v03ctrl_eresh_fi_65_ae ab1_v03ctrl_eresh_pr_65_ae ab1_v03ctrl_eresh_ra_65_ae ab1_v03ctrl_eresh_as_65_ae ab1_v03ctrl_eresh_wi_65_ae
15433,Progress(SECTION_0==0; SECTION_1<5),0,1,5,simpleQuest,5,ab1_v04ctrl_eresh_fi_65_ae ab1_v04ctrl_eresh_pr_65_ae ab1_v04ctrl_eresh_ra_65_ae ab1_v04ctrl_eresh_as_65_ae ab1_v04ctrl_eresh_wi_65_ae
15434,Progress(SECTION_0==0; SECTION_1<5),0,1,5,simpleQuest,5,ab1_v05ctrl_eresh_fi_65_ae ab1_v05ctrl_eresh_pr_65_ae ab1_v05ctrl_eresh_ra_65_ae ab1_v05ctrl_eresh_as_65_ae ab1_v05ctrl_eresh_wi_65_ae
15435,Progress(SECTION_0==0; SECTION_1<5),0,1,5,simpleQuest,5,ab1_v06ctrl_eresh_fi_65_ae ab1_v06ctrl_eresh_pr_65_ae ab1_v06ctrl_eresh_ra_65_ae ab1_v06ctrl_eresh_as_65_ae ab1_v06ctrl_eresh_wi_65_ae
15436,Progress(SECTION_0==0; SECTION_1<5),0,1,5,simpleQuest,5,ab1_v13ctrl_eresh_fi_65_ae ab1_v13ctrl_eresh_pr_65_ae ab1_v13ctrl_eresh_ra_65_ae ab1_v13ctrl_eresh_as_65_ae ab1_v13ctrl_eresh_wi_65_ae
15437,Progress(SECTION_0==0; SECTION_1<5),0,1,5,simpleQuest,5,ab1_v14ctrl_eresh_fi_65_ae ab1_att_eresh_fi_65_ae ab1_v14ctrl_eresh_pr_65_ae ab1_att_eresh_pr_65_ae ab1_v14ctrl_eresh_ra_65_ae ab1_att_eresh_ra_65_ae ab1_v14ctrl_eresh_as_65_ae ab1_att_eresh_as_65_ae ab1_v14ctrl_eresh_wi_65_ae ab1_att_eresh_wi_65_ae
15438,Progress(SECTION_0==0; SECTION_1<5),0,1,5,simpleQuest,5,ab1_v15ctrl_eresh_fi_65_ae ab1_v15ctrl_eresh_pr_65_ae ab1_v15ctrl_eresh_ra_65_ae ab1_v15ctrl_eresh_as_65_ae ab1_v15ctrl_eresh_wi_65_ae
15439,Progress(SECTION_0==0; SECTION_1<5),0,1,5,simpleQuest,5,ab1_v16ctrl_eresh_fi_65_ae ab1_v16ctrl_eresh_pr_65_ae ab1_v16ctrl_eresh_ra_65_ae ab1_v16ctrl_eresh_as_65_ae ab1_v16ctrl_eresh_wi_65_ae
15440,Progress(SECTION_0==0; SECTION_1<5),0,1,5,simpleQuest,5,ab1_v07ctrl_vritra_fi_65_ae ab1_v07ctrl_vritra_pr_65_ae ab1_v07ctrl_vritra_ra_65_ae ab1_v07ctrl_vritra_as_65_ae ab1_v07ctrl_vritra_wi_65_ae
15441,Progress(SECTION_0==0; SECTION_1<5),0,1,5,simpleQuest,5,ab1_v08ctrl_vritra_fi_65_ae ab1_v08ctrl_vritra_pr_65_ae ab1_v08ctrl_vritra_ra_65_ae ab1_v08ctrl_vritra_as_65_ae ab1_v08ctrl_vritra_wi_65_ae
15442,Progress(SECTION_0==0; SECTION_1<5),0,1,5,simpleQuest,5,ab1_v09ctrl_vritra_fi_65_ae ab1_v09ctrl_vritra_pr_65_ae ab1_v09ctrl_vritra_ra_65_ae ab1_v09ctrl_vritra_as_65_ae ab1_v09ctrl_vritra_wi_65_ae
15443,Progress(SECTION_0==0; SECTION_1<5),0,1,5,simpleQuest,5,ab1_v10ctrl_vritra_fi_65_ae ab1_v10ctrl_vritra_pr_65_ae ab1_v10ctrl_vritra_ra_65_ae ab1_v10ctrl_vritra_as_65_ae ab1_v10ctrl_vritra_wi_65_ae
15444,Progress(SECTION_0==0; SECTION_1<5),0,1,5,simpleQuest,5,ab1_v11ctrl_vritra_fi_65_ae ab1_v11ctrl_vritra_pr_65_ae ab1_v11ctrl_vritra_ra_65_ae ab1_v11ctrl_vritra_as_65_ae ab1_v11ctrl_vritra_wi_65_ae
15445,Progress(SECTION_0==0; SECTION_1<5),0,1,5,simpleQuest,5,ab1_v12ctrl_vritra_fi_65_ae ab1_v12ctrl_vritra_pr_65_ae ab1_v12ctrl_vritra_ra_65_ae ab1_v12ctrl_vritra_as_65_ae ab1_v12ctrl_vritra_wi_65_ae
15471,Progress(SECTION_0==0; SECTION_1<1),0,1,1,simpleQuest,12,ab1_v01_da_fi_boss_65_ae ab1_v03_da_fi_boss_65_ae ab1_v05_da_fi_boss_65_ae ab1_v01_eresh_fi_boss_65_ae ab1_v03_eresh_fi_boss_65_ae ab1_v05_eresh_fi_boss_65_ae ab1_v01_da_pr_65_ae ab1_v03_da_pr_65_ae ab1_v05_da_pr_65_ae ab1_v01_eresh_pr_65_ae ab1_v03_eresh_pr_65_ae ab1_v05_eresh_pr_65_ae
15472,Progress(SECTION_0==0; SECTION_1<1),0,1,1,simpleQuest,12,ab1_v02_da_fi_boss_65_ae ab1_v04_da_fi_boss_65_ae ab1_v06_da_fi_boss_65_ae ab1_v02_eresh_fi_boss_65_ae ab1_v04_eresh_fi_boss_65_ae ab1_v06_eresh_fi_boss_65_ae ab1_v02_da_pr_65_ae ab1_v04_da_pr_65_ae ab1_v06_da_pr_65_ae ab1_v02_eresh_pr_65_ae ab1_v04_eresh_pr_65_ae ab1_v06_eresh_pr_65_ae
15473,Progress(SECTION_0==0; SECTION_1<1),0,1,1,simpleQuest,16,ab1_1224_boss_da_1 ab1_1224_boss_da_2 ab1_1224_boss_da_3 ab1_1224_boss_da_4 ab1_1224_boss_da_5 ab1_1401_boss_da_1 ab1_1401_boss_da_2 ab1_1401_boss_da_3 ab1_1401_boss_da_4 ab1_1401_boss_da_5 ab1_1402_boss_da_1 ab1_1402_boss_da_2 ab1_1402_boss_da_3 ab1_1402_boss_da_4 ab1_1402_boss_da_5 ab1_1403_boss_da_1 ab1_1403_boss_da_2 ab1_1403_boss_da_3 ab1_1403_boss_da_4 ab1_1403_boss_da_5 ab1_1224_boss_dr_1 ab1_1224_boss_dr_2 ab1_1224_boss_dr_3 ab1_1224_boss_dr_4 ab1_1224_boss_dr_5 ab1_1401_boss_dr_1 ab1_1401_boss_dr_2 ab1_1401_boss_dr_3 ab1_1401_boss_dr_4 ab1_1401_boss_dr_5 ab1_1402_boss_dr_1 ab1_1402_boss_dr_2 ab1_1402_boss_dr_3 ab1_1402_boss_dr_4 ab1_1402_boss_dr_5 ab1_1403_boss_dr_1 ab1_1403_boss_dr_2 ab1_1403_boss_dr_3 ab1_1403_boss_dr_4 ab1_1403_boss_dr_5 ab1_v13_da_pr_65_ae ab1_v14_da_pr_65_ae ab1_v15_da_pr_65_ae ab1_v16_da_pr_65_ae ab1_v13_eresh_pr_65_ae ab1_v14_eresh_pr_65_ae ab1_v15_eresh_pr_65_ae ab1_v16_eresh_pr_65_ae
15474,Progress(SECTION_0==0; SECTION_1<1),0,1,1,simpleQuest,12,ab1_v07_da_fi_boss_65_ae ab1_v08_da_fi_boss_65_ae ab1_v09_da_fi_boss_65_ae ab1_v07_vritra_fi_boss_65_ae ab1_v08_vritra_fi_boss_65_ae ab1_v09_vritra_fi_boss_65_ae ab1_v07_da_pr_65_ae ab1_v08_da_pr_65_ae ab1_v09_da_pr_65_ae ab1_v07_vritra_pr_65_ae ab1_v08_vritra_pr_65_ae ab1_v09_vritra_pr_65_ae
15475,Progress(SECTION_0==0; SECTION_1<1),0,1,1,simpleQuest,12,ab1_v10_da_fi_boss_65_ae ab1_v11_da_fi_boss_65_ae ab1_v12_da_fi_boss_65_ae ab1_v10_vritra_fi_boss_65_ae ab1_v11_vritra_fi_boss_65_ae ab1_v12_vritra_fi_boss_65_ae ab1_v10_da_pr_65_ae ab1_v11_da_pr_65_ae ab1_v12_da_pr_65_ae ab1_v10_vritra_pr_65_ae ab1_v11_vritra_pr_65_ae ab1_v12_vritra_pr_65_ae
15476,Progress(SECTION_0==0; SECTION_1<8),0,1,8,simpleQuest,5,ab1_new_gargoyle_65_an ab1_new_gargoyleb_65_an ab1_new_drake_horn_65_an ab1_new_lich_equip_65_an ab1_new_graveknight_equip_65_an
15477,Progress(SECTION_0==0; SECTION_1<8),0,1,8,simpleQuest,5,ab1_new_brohum_m_sea_65_an ab1_new_brohum_m_young_sea_65_an ab1_new_lobster_sea_65_an ab1_new_millipedere_65_an ab1_new_cyclops_sea_65_an
15480,Progress(SECTION_0==0; SECTION_1<1),0,1,1,simpleQuest,18,ab1_new_kuillus_rune_2_n_65_an ab1_new_graveknight_equip_2_n_65_ae ab1_new_drake_horn_2_65_ae ab1_new_gargoylenamed_2_65_ae ab1_new_graveknight_equip_3_n_65_ae ab1_new_drake_horn_3_65_ae ab1_new_neuth2named_2_65_ah ab1_new_kuillus_rune_3_n_65_an ab1_new_drakenamed_2_65_ah ab1_new_drakenamed_3_65_ah ab1_new_neuth2named_3_65_ah ab1_new_kuillus_rune_4_n_65_an ab1_new_brohum_m_sea_2_n_65_an ab1_new_brohum_m_sea_3_n_65_an ab1_new_brohum_m_sea_4_n_65_an ab1_new_graveknight_equip_4_n_65_ae ab1_new_gargoylenamed_3_65_ae ab1_new_gargoylenamed_4_65_ae
15500,Progress(SECTION_0==0; SECTION_1<20),0,1,20,simpleQuest,5,lf6_elementallightf_a_66_n lf6_elementallightf_a_67_n lf6_t_elementallightf_a_66_n lf6_t_elementallightf_a_67_n lf6_newmerman_a_66_n lf6_newmerman_a_67_n lf6_t_newmerman_a_66_n lf6_t_newmerman_a_67_n lf6_trico_a_66_n lf6_trico_a_67_n lf6_t_trico_a_66_n lf6_t_trico_a_67_n lf6_baku_a_66_n lf6_baku_a_67_n lf6_t_baku_a_66_n lf6_t_baku_a_67_n lf6_daru_a_66_n lf6_daru_a_67_n lf6_t_daru_a_66_n lf6_t_daru_a_67_n
15501,Progress(SECTION_0==0; SECTION_1<30),0,1,30,simpleQuest,6,df6_a1_elementallightf_66_n df6_a1_elementallightf_67_n df6_t_a1_elementallightf_66_n df6_t_a1_elementallightf_67_n df6_a1_bookie_66_n df6_a1_bookie_67_n df6_t_a1_bookie_66_n df6_t_a1_bookie_67_n df6_a1_trico_66_n df6_a1_trico_67_n df6_t_a1_trico_66_n df6_t_a1_trico_67_n df6_a1_woodtesinon_66_an df6_a1_woodtesinon_67_an df6_t_a1_woodtesinon_66_an df6_t_a1_woodtesinon_67_an df6_a1_popoku_as_66_an df6_a1_popoku_as_67_an df6_t_a1_popoku_as_66_an df6_t_a1_popoku_as_67_an df6_i_starturtle_66_n df6_i_starturtle_67_n df6_t_i_starturtle_66_n df6_t_i_starturtle_67_n
15503,Progress(SECTION_0==0; SECTION_1<20),0,1,20,simpleQuest,7,lf6_elementallight_m_spring_a2_67_n lf6_elementallight_m_spring_a2_68_n lf6_t_elementallight_m_spring_a2_67_n lf6_t_elementallight_m_spring_a2_68_n lf6_vespa_a2_67_n lf6_vespa_a2_68_n lf6_t_vespa_a2_67_n lf6_t_vespa_a2_68_n lf6_dionaea_a2_67_n lf6_dionaea_a2_68_n lf6_t_dionaea_a2_67_n lf6_t_dionaea_a2_68_n lf6_trico_a2_67_n lf6_trico_a2_68_n lf6_t_trico_a2_67_n lf6_t_trico_a2_68_n lf6_popoku_as_a2_67_n lf6_popoku_as_a2_68_n lf6_t_popoku_as_a2_67_n lf6_t_popoku_as_a2_68_n lf6_woodtesinon_a2_67_n lf6_woodtesinon_a2_68_n lf6_t_woodtesinon_a2_67_n lf6_t_woodtesinon_a2_68_n lf6_newmerman_a2_67_n lf6_newmerman_a2_68_n lf6_t_newmerman_a2_67_n lf6_t_newmerman_a2_68_n
15504,Progress(SECTION_0==0; SECTION_1<30),0,1,30,simpleQuest,6,df6_a2_elementallightm_67_n df6_a2_elementallightm_68_n df6_t_a2_elementallightm_67_n df6_t_a2_elementallightm_68_n df6_a2_hiiv_67_n df6_a2_hiiv_68_n df6_t_a2_hiiv_67_n df6_t_a2_hiiv_68_n df6_a2_mudthorn_67_an df6_a2_mudthorn_68_an df6_t_a2_mudthorn_67_an df6_t_a2_mudthorn_68_an df6_a2_guardian_67_an df6_a2_guardian_68_an df6_t_a2_guardian_67_an df6_t_a2_guardian_68_an df6_a2_baku_67_an df6_a2_baku_68_an df6_t_a2_baku_67_an df6_t_a2_baku_68_an df6_a2_daru_67_n df6_a2_daru_68_n df6_t_a2_daru_67_n df6_t_a2_daru_68_n
15506,Progress(SECTION_0==0; SECTION_1<30),0,1,30,simpleQuest,24,lf6_cures_b_68_n lf6_cures_b_69_n lf6_t_cures_b_72_n lf6_t_cures_b_73_n lf6_t_cures_b_74_n lf6_varanus_b_68_n lf6_varanus_b_69_n lf6_t_varanus_b_72_n lf6_t_varanus_b_73_n lf6_t_varanus_b_74_n lf6_wilddrake_b_68_n lf6_wilddrake_b_69_n lf6_t_wilddrake_b_72_n lf6_t_wilddrake_b_73_n lf6_t_wilddrake_b_74_n lf6_tesinon_b_68_d lf6_tesinon_b_69_d lf6_tesinon_b_70_d lf6_tesinon_b_71_d lf6_tesinon_b_72_d lf6_tesinon_b_73_d lf6_t_tesinon_b_74_d lf6_t_tesinon_b_75_d lf6_t_tesinon_b_76_d lf6_t_tesinon_b_77_d lf6_lepisma_b_68_d lf6_lepisma_b_69_d lf6_lepisma_b_70_d lf6_lepisma_b_71_d lf6_lepisma_b_72_d lf6_lepisma_b_73_d lf6_t_lepisma_b_74_d lf6_t_lepisma_b_75_d lf6_t_lepisma_b_76_d lf6_t_lepisma_b_77_d lf6_cyclops_b_68_d lf6_cyclops_b_69_d lf6_cyclops_b_70_d lf6_cyclops_b_71_d lf6_cyclops_b_72_d lf6_cyclops_b_73_d lf6_cyclops_b_68_d_md lf6_cyclops_b_69_d_md lf6_cyclops_b_70_d_md lf6_cyclops_b_71_d_md lf6_cyclops_b_72_d_md lf6_cyclops_b_73_d_md lf6_t_cyclops_b_74_d lf6_t_cyclops_b_75_d lf6_t_cyclops_b_76_d lf6_t_cyclops_b_77_d lf6_t_cyclops_b_74_d_md lf6_t_cyclops_b_75_d_md lf6_t_cyclops_b_76_d_md lf6_t_cyclops_b_77_d_md lf6_tesinon_b_68_d_str lf6_tesinon_b_69_d_str lf6_tesinon_b_70_d_str lf6_tesinon_b_71_d_str lf6_tesinon_b_72_d_str lf6_tesinon_b_73_d_str lf6_t_tesinon_b_74_d_str lf6_t_tesinon_b_75_d_str lf6_t_tesinon_b_76_d_str lf6_t_tesinon_b_77_d_str lf6_tesinon_b_68_d_str_geno lf6_tesinon_b_69_d_str_geno lf6_tesinon_b_70_d_str_geno lf6_tesinon_b_71_d_str_geno lf6_tesinon_b_72_d_str_geno lf6_tesinon_b_73_d_str_geno lf6_tesinon_b_68_d_md lf6_tesinon_b_69_d_md lf6_tesinon_b_70_d_md lf6_tesinon_b_71_d_md lf6_tesinon_b_72_d_md lf6_tesinon_b_73_d_md lf6_t_tesinon_b_74_d_md lf6_t_tesinon_b_75_d_md lf6_t_tesinon_b_76_d_md lf6_t_tesinon_b_77_d_md lf6_tesinon_b_68_d_pd lf6_tesinon_b_69_d_pd lf6_tesinon_b_70_d_pd lf6_tesinon_b_71_d_pd lf6_tesinon_b_72_d_pd lf6_tesinon_b_73_d_pd lf6_t_tesinon_b_74_d_pd lf6_t_tesinon_b_75_d_pd lf6_t_tesinon_b_76_d_pd lf6_t_tesinon_b_77_d_pd lf6_tesinon_b_68_d_low lf6_tesinon_b_69_d_low lf6_tesinon_b_70_d_low lf6_tesinon_b_71_d_low lf6_tesinon_b_72_d_low lf6_tesinon_b_73_d_low lf6_t_tesinon_b_74_d_low lf6_t_tesinon_b_75_d_low lf6_t_tesinon_b_76_d_low lf6_t_tesinon_b_77_d_low lf6_tesinon_b_68_d_random lf6_tesinon_b_69_d_random lf6_tesinon_b_70_d_random lf6_tesinon_b_71_d_random lf6_tesinon_b_72_d_random lf6_tesinon_b_73_d_random lf6_lepisma_b_68_d_str lf6_lepisma_b_69_d_str lf6_lepisma_b_70_d_str lf6_lepisma_b_71_d_str lf6_lepisma_b_72_d_str lf6_lepisma_b_73_d_str lf6_t_lepisma_b_74_d_str lf6_t_lepisma_b_75_d_str lf6_t_lepisma_b_76_d_str lf6_t_lepisma_b_77_d_str lf6_lepisma_b_68_d_str_geno lf6_lepisma_b_69_d_str_geno lf6_lepisma_b_70_d_str_geno lf6_lepisma_b_71_d_str_geno lf6_lepisma_b_72_d_str_geno lf6_lepisma_b_73_d_str_geno lf6_lepisma_b_68_d_md lf6_lepisma_b_69_d_md lf6_lepisma_b_70_d_md lf6_lepisma_b_71_d_md lf6_lepisma_b_72_d_md lf6_lepisma_b_73_d_md lf6_t_lepisma_b_74_d_md lf6_t_lepisma_b_75_d_md lf6_t_lepisma_b_76_d_md lf6_t_lepisma_b_77_d_md lf6_lepisma_b_68_d_pd lf6_lepisma_b_69_d_pd lf6_lepisma_b_70_d_pd lf6_lepisma_b_71_d_pd lf6_lepisma_b_72_d_pd lf6_lepisma_b_73_d_pd lf6_t_lepisma_b_74_d_pd lf6_t_lepisma_b_75_d_pd lf6_t_lepisma_b_76_d_pd lf6_t_lepisma_b_77_d_pd lf6_lepisma_b_68_d_low lf6_lepisma_b_69_d_low lf6_lepisma_b_70_d_low lf6_lepisma_b_71_d_low lf6_lepisma_b_72_d_low lf6_lepisma_b_73_d_low lf6_t_lepisma_b_74_d_low lf6_t_lepisma_b_75_d_low lf6_t_lepisma_b_76_d_low lf6_t_lepisma_b_77_d_low lf6_lepisma_b_68_d_random lf6_lepisma_b_69_d_random lf6_lepisma_b_70_d_random lf6_lepisma_b_71_d_random lf6_lepisma_b_72_d_random lf6_lepisma_b_73_d_random lf6_cyclops_b_68_d_str lf6_cyclops_b_69_d_str lf6_cyclops_b_70_d_str lf6_cyclops_b_71_d_str lf6_cyclops_b_72_d_str lf6_cyclops_b_73_d_str lf6_t_cyclops_b_74_d_str lf6_t_cyclops_b_75_d_str lf6_t_cyclops_b_76_d_str lf6_t_cyclops_b_77_d_str lf6_cyclops_b_68_d_str_geno lf6_cyclops_b_69_d_str_geno lf6_cyclops_b_70_d_str_geno lf6_cyclops_b_71_d_str_geno lf6_cyclops_b_72_d_str_geno lf6_cyclops_b_73_d_str_geno lf6_cyclops_b_68_d_pd lf6_cyclops_b_69_d_pd lf6_cyclops_b_70_d_pd lf6_cyclops_b_71_d_pd lf6_cyclops_b_72_d_pd lf6_cyclops_b_73_d_pd lf6_cyclops_b_68_d_low lf6_cyclops_b_69_d_low lf6_cyclops_b_70_d_low lf6_cyclops_b_71_d_low lf6_cyclops_b_72_d_low lf6_cyclops_b_73_d_low lf6_t_cyclops_b_74_d_pd lf6_t_cyclops_b_75_d_pd lf6_t_cyclops_b_76_d_pd lf6_t_cyclops_b_77_d_pd lf6_t_cyclops_b_74_d_low lf6_t_cyclops_b_75_d_low lf6_t_cyclops_b_76_d_low lf6_t_cyclops_b_77_d_low lf6_cyclops_b_68_d_random lf6_cyclops_b_69_d_random lf6_cyclops_b_70_d_random lf6_cyclops_b_71_d_random lf6_cyclops_b_72_d_random lf6_cyclops_b_73_d_random
15507,Progress(SECTION_0==0; SECTION_1<30),0,1,30,simpleQuest,25,df6_b1_crestlich_68_n df6_b1_crestlich_69_n df6_t_b1_crestlich_72_n df6_t_b1_crestlich_73_n df6_t_b1_crestlich_74_n df6_b1_worm_68_an df6_b1_worm_69_an df6_t_b1_worm_72_an df6_t_b1_worm_73_an df6_t_b1_worm_74_an df6_b1_lizardman_fi_68_an df6_b1_lizardman_fi_69_an df6_t_b1_lizardman_fi_72_an df6_t_b1_lizardman_fi_73_an df6_t_b1_lizardman_fi_74_an df6_b1_hive_68_n df6_b1_hive_69_n df6_t_b1_hive_72_n df6_t_b1_hive_73_n df6_t_b1_hive_74_n df6_b_neuth_68_an df6_b_neuth_69_an df6_b_neuth_70_an df6_b_neuth_71_an df6_b_neuth_72_an df6_b_neuth_73_an df6_t_b_neuth_74_an df6_t_b_neuth_75_an df6_t_b_neuth_76_an df6_t_b_neuth_77_an df6_b_tauric_68_an df6_b_tauric_69_an df6_b_tauric_70_an df6_b_tauric_71_an df6_b_tauric_72_an df6_b_tauric_73_an df6_t_b_tauric_74_an df6_t_b_tauric_75_an df6_t_b_tauric_76_an df6_t_b_tauric_77_an df6_b_popoku_fi_68_an df6_b_popoku_fi_69_an df6_b_popoku_fi_70_an df6_b_popoku_fi_71_an df6_b_popoku_fi_72_an df6_b_popoku_fi_73_an df6_t_b_popoku_fi_74_an df6_t_b_popoku_fi_75_an df6_t_b_popoku_fi_76_an df6_t_b_popoku_fi_77_an df6_b_aneuth_str_68_an df6_b_aneuth_str_69_an df6_b_aneuth_str_70_an df6_b_aneuth_str_71_an df6_b_aneuth_str_72_an df6_b_aneuth_str_73_an df6_t_b_aneuth_str_74_an df6_t_b_aneuth_str_75_an df6_t_b_aneuth_str_76_an df6_t_b_aneuth_str_77_an df6_b_aneuth_str_geno_68_an df6_b_aneuth_str_geno_69_an df6_b_aneuth_str_geno_70_an df6_b_aneuth_str_geno_71_an df6_b_aneuth_str_geno_72_an df6_b_aneuth_str_geno_73_an df6_b_aneuth_md_68_an df6_b_aneuth_md_69_an df6_b_aneuth_md_70_an df6_b_aneuth_md_71_an df6_b_aneuth_md_72_an df6_b_aneuth_md_73_an df6_t_b_aneuth_md_74_an df6_t_b_aneuth_md_75_an df6_t_b_aneuth_md_76_an df6_t_b_aneuth_md_77_an df6_b_aneuth_68_pd_an df6_b_aneuth_69_pd_an df6_b_aneuth_70_pd_an df6_b_aneuth_71_pd_an df6_b_aneuth_72_pd_an df6_b_aneuth_73_pd_an df6_t_b_aneuth_74_pd_an df6_t_b_aneuth_75_pd_an df6_t_b_aneuth_76_pd_an df6_t_b_aneuth_77_pd_an df6_b_aneuth_low_68_an df6_b_aneuth_low_69_an df6_b_aneuth_low_70_an df6_b_aneuth_low_71_an df6_b_aneuth_low_72_an df6_b_aneuth_low_73_an df6_t_b_aneuth_low_74_an df6_t_b_aneuth_low_75_an df6_t_b_aneuth_low_76_an df6_t_b_aneuth_low_77_an df6_b_aneuth_random_68_an df6_b_aneuth_random_69_an df6_b_aneuth_random_70_an df6_b_aneuth_random_71_an df6_b_aneuth_random_72_an df6_b_aneuth_random_73_an df6_b_tauric_str_68_an df6_b_tauric_str_69_an df6_b_tauric_str_70_an df6_b_tauric_str_71_an df6_b_tauric_str_72_an df6_b_tauric_str_73_an df6_t_b_tauric_str_74_an df6_t_b_tauric_str_75_an df6_t_b_tauric_str_76_an df6_t_b_tauric_str_77_an df6_b_tauric_str_geno_68_an df6_b_tauric_str_geno_69_an df6_b_tauric_str_geno_70_an df6_b_tauric_str_geno_71_an df6_b_tauric_str_geno_72_an df6_b_tauric_str_geno_73_an df6_b_tauric_md_68_an df6_b_tauric_md_69_an df6_b_tauric_md_70_an df6_b_tauric_md_71_an df6_b_tauric_md_72_an df6_b_tauric_md_73_an df6_t_b_tauric_md_74_an df6_t_b_tauric_md_75_an df6_t_b_tauric_md_76_an df6_t_b_tauric_md_77_an df6_b_tauric_pd_68_an df6_b_tauric_pd_69_an df6_b_tauric_pd_70_an df6_b_tauric_pd_71_an df6_b_tauric_pd_72_an df6_b_tauric_pd_73_an df6_t_b_tauric_pd_74_an df6_t_b_tauric_pd_75_an df6_t_b_tauric_pd_76_an df6_t_b_tauric_pd_77_an df6_b_tauric_low_68_an df6_b_tauric_low_69_an df6_b_tauric_low_70_an df6_b_tauric_low_71_an df6_b_tauric_low_72_an df6_b_tauric_low_73_an df6_t_b_tauric_low_74_an df6_t_b_tauric_low_75_an df6_t_b_tauric_low_76_an df6_t_b_tauric_low_77_an df6_b_tauric_random_68_an df6_b_tauric_random_69_an df6_b_tauric_random_70_an df6_b_tauric_random_71_an df6_b_tauric_random_72_an df6_b_tauric_random_73_an df6_b_popoku_fi_str_68_an df6_b_popoku_fi_str_69_an df6_b_popoku_fi_str_70_an df6_b_popoku_fi_str_71_an df6_b_popoku_fi_str_72_an df6_b_popoku_fi_str_73_an df6_t_b_popoku_fi_str_74_an df6_t_b_popoku_fi_str_75_an df6_t_b_popoku_fi_str_76_an df6_t_b_popoku_fi_str_77_an df6_b_popoku_fi_str_geno_68_an df6_b_popoku_fi_str_geno_69_an df6_b_popoku_fi_str_geno_70_an df6_b_popoku_fi_str_geno_71_an df6_b_popoku_fi_str_geno_72_an df6_b_popoku_fi_str_geno_73_an df6_b_popoku_fi_md_68_an df6_b_popoku_fi_md_69_an df6_b_popoku_fi_md_70_an df6_b_popoku_fi_md_71_an df6_b_popoku_fi_md_72_an df6_b_popoku_fi_md_73_an df6_t_b_popoku_fi_md_74_an df6_t_b_popoku_fi_md_75_an df6_t_b_popoku_fi_md_76_an df6_t_b_popoku_fi_md_77_an df6_b_popoku_fi_pd_68_an df6_b_popoku_fi_pd_69_an df6_b_popoku_fi_pd_70_an df6_b_popoku_fi_pd_71_an df6_b_popoku_fi_pd_72_an df6_b_popoku_fi_pd_73_an df6_t_b_popoku_fi_pd_74_an df6_t_b_popoku_fi_pd_75_an df6_t_b_popoku_fi_pd_76_an df6_t_b_popoku_fi_pd_77_an df6_b_popoku_fi_low_68_an df6_b_popoku_fi_low_69_an df6_b_popoku_fi_low_70_an df6_b_popoku_fi_low_71_an df6_b_popoku_fi_low_72_an df6_b_popoku_fi_low_73_an df6_t_b_popoku_fi_low_74_an df6_t_b_popoku_fi_low_75_an df6_t_b_popoku_fi_low_76_an df6_t_b_popoku_fi_low_77_an df6_b_popoku_fi_random_68_an df6_b_popoku_fi_random_69_an df6_b_popoku_fi_random_70_an df6_b_popoku_fi_random_71_an df6_b_popoku_fi_random_72_an df6_b_popoku_fi_random_73_an
15509,Progress(SECTION_0==0; SECTION_1<30),0,1,30,simpleQuest,24,lf6_startutle_b2_69_n lf6_startutle_b2_67_n lf6_t_startutle_b2_75_n lf6_t_startutle_b2_76_n lf6_t_startutle_b2_77_n lf6_rafflesiasea_b2_69_n lf6_rafflesiasea_b2_70_n lf6_t_rafflesiasea_b2_75_n lf6_t_rafflesiasea_b2_76_n lf6_t_rafflesiasea_b2_77_n lf6_beholder_b2_69_n lf6_beholder_b2_70_n lf6_t_beholder_b2_75_n lf6_t_beholder_b2_76_n lf6_t_beholder_b2_77_n lf6_drakan_worker_b2_69_d lf6_drakan_worker_b2_70_d lf6_drakan_worker_b2_71_d lf6_drakan_worker_b2_72_d lf6_drakan_worker_b2_73_d lf6_drakan_worker_b2_74_d lf6_drakan_worker_b2_75_d lf6_t_drakan_worker_b2_77_d lf6_t_drakan_worker_b2_78_d lf6_t_drakan_worker_b2_79_d lf6_t_drakan_worker_b2_80_d lf6_nagamage_b2_69_d lf6_nagamage_b2_70_d lf6_nagamage_b2_71_d lf6_nagamage_b2_72_d lf6_nagamage_b2_73_d lf6_nagamage_b2_74_d lf6_nagamage_b2_75_d lf6_t_nagamage_b2_77_d lf6_t_nagamage_b2_78_d lf6_t_nagamage_b2_79_d lf6_t_nagamage_b2_80_d lf6_cyclops_b2_69_d lf6_cyclops_b2_70_d lf6_cyclops_b2_71_d lf6_cyclops_b2_72_d lf6_cyclops_b2_73_d lf6_cyclops_b2_74_d lf6_cyclops_b2_75_d lf6_cyclops_b2_69_d_md lf6_cyclops_b2_70_d_md lf6_cyclops_b2_71_d_md lf6_cyclops_b2_72_d_md lf6_cyclops_b2_73_d_md lf6_cyclops_b2_74_d_md lf6_cyclops_b2_75_d_md lf6_t_cyclops_b2_77_d lf6_t_cyclops_b2_78_d lf6_t_cyclops_b2_79_d lf6_t_cyclops_b2_80_d lf6_t_cyclops_b2_77_d_md lf6_t_cyclops_b2_78_d_md lf6_t_cyclops_b2_79_d_md lf6_t_cyclops_b2_80_d_md lf6_drakan_worker_b2_69_d_str lf6_drakan_worker_b2_70_d_str lf6_drakan_worker_b2_71_d_str lf6_drakan_worker_b2_72_d_str lf6_drakan_worker_b2_73_d_str lf6_drakan_worker_b2_74_d_str lf6_drakan_worker_b2_75_d_str lf6_t_drakan_worker_b2_77_d_str lf6_t_drakan_worker_b2_78_d_str lf6_t_drakan_worker_b2_79_d_str lf6_t_drakan_worker_b2_80_d_str lf6_drakan_worker_b2_69_d_str_geno lf6_drakan_worker_b2_70_d_str_geno lf6_drakan_worker_b2_71_d_str_geno lf6_drakan_worker_b2_72_d_str_geno lf6_drakan_worker_b2_73_d_str_geno lf6_drakan_worker_b2_74_d_str_geno lf6_drakan_worker_b2_75_d_str_geno lf6_drakan_worker_b2_69_d_md lf6_drakan_worker_b2_70_d_md lf6_drakan_worker_b2_71_d_md lf6_drakan_worker_b2_72_d_md lf6_drakan_worker_b2_73_d_md lf6_drakan_worker_b2_74_d_md lf6_drakan_worker_b2_75_d_md lf6_t_drakan_worker_b2_77_d_md lf6_t_drakan_worker_b2_78_d_md lf6_t_drakan_worker_b2_79_d_md lf6_t_drakan_worker_b2_80_d_md lf6_drakan_worker_b2_69_d_pd lf6_drakan_worker_b2_70_d_pd lf6_drakan_worker_b2_71_d_pd lf6_drakan_worker_b2_72_d_pd lf6_drakan_worker_b2_73_d_pd lf6_drakan_worker_b2_74_d_pd lf6_drakan_worker_b2_75_d_pd lf6_t_drakan_worker_b2_77_d_pd lf6_t_drakan_worker_b2_78_d_pd lf6_t_drakan_worker_b2_79_d_pd lf6_t_drakan_worker_b2_80_d_pd lf6_drakan_worker_b2_69_d_low lf6_drakan_worker_b2_70_d_low lf6_drakan_worker_b2_71_d_low lf6_drakan_worker_b2_72_d_low lf6_drakan_worker_b2_73_d_low lf6_drakan_worker_b2_74_d_low lf6_drakan_worker_b2_75_d_low lf6_t_drakan_worker_b2_77_d_low lf6_t_drakan_worker_b2_78_d_low lf6_t_drakan_worker_b2_79_d_low lf6_t_drakan_worker_b2_80_d_low lf6_drakan_worker_b2_69_d_random lf6_drakan_worker_b2_70_d_random lf6_drakan_worker_b2_71_d_random lf6_drakan_worker_b2_72_d_random lf6_drakan_worker_b2_73_d_random lf6_drakan_worker_b2_74_d_random lf6_drakan_worker_b2_75_d_random lf6_nagamage_b2_69_d_str lf6_nagamage_b2_70_d_str lf6_nagamage_b2_71_d_str lf6_nagamage_b2_72_d_str lf6_nagamage_b2_73_d_str lf6_nagamage_b2_74_d_str lf6_nagamage_b2_75_d_str lf6_t_nagamage_b2_77_d_str lf6_t_nagamage_b2_78_d_str lf6_t_nagamage_b2_79_d_str lf6_t_nagamage_b2_80_d_str lf6_nagamage_b2_69_d_str_geno lf6_nagamage_b2_70_d_str_geno lf6_nagamage_b2_71_d_str_geno lf6_nagamage_b2_72_d_str_geno lf6_nagamage_b2_73_d_str_geno lf6_nagamage_b2_74_d_str_geno lf6_nagamage_b2_75_d_str_geno lf6_nagamage_b2_69_d_md lf6_nagamage_b2_70_d_md lf6_nagamage_b2_71_d_md lf6_nagamage_b2_72_d_md lf6_nagamage_b2_73_d_md lf6_nagamage_b2_74_d_md lf6_nagamage_b2_75_d_md lf6_t_nagamage_b2_77_d_md lf6_t_nagamage_b2_78_d_md lf6_t_nagamage_b2_79_d_md lf6_t_nagamage_b2_80_d_md lf6_nagamage_b2_69_d_pd lf6_nagamage_b2_70_d_pd lf6_nagamage_b2_71_d_pd lf6_nagamage_b2_72_d_pd lf6_nagamage_b2_73_d_pd lf6_nagamage_b2_74_d_pd lf6_nagamage_b2_75_d_pd lf6_t_nagamage_b2_77_d_pd lf6_t_nagamage_b2_78_d_pd lf6_t_nagamage_b2_79_d_pd lf6_t_nagamage_b2_80_d_pd lf6_nagamage_b2_69_d_low lf6_nagamage_b2_70_d_low lf6_nagamage_b2_71_d_low lf6_nagamage_b2_72_d_low lf6_nagamage_b2_73_d_low lf6_nagamage_b2_74_d_low lf6_nagamage_b2_75_d_low lf6_t_nagamage_b2_77_d_low lf6_t_nagamage_b2_78_d_low lf6_t_nagamage_b2_79_d_low lf6_t_nagamage_b2_80_d_low lf6_nagamage_b2_69_d_random lf6_nagamage_b2_70_d_random lf6_nagamage_b2_71_d_random lf6_nagamage_b2_72_d_random lf6_nagamage_b2_73_d_random lf6_nagamage_b2_74_d_random lf6_nagamage_b2_75_d_random lf6_cyclops_b2_69_d_str lf6_cyclops_b2_70_d_str lf6_cyclops_b2_71_d_str lf6_cyclops_b2_72_d_str lf6_cyclops_b2_73_d_str lf6_cyclops_b2_74_d_str lf6_cyclops_b2_75_d_str lf6_t_cyclops_b2_77_d_str lf6_t_cyclops_b2_78_d_str lf6_t_cyclops_b2_79_d_str lf6_t_cyclops_b2_80_d_str lf6_cyclops_b2_69_d_str_geno lf6_cyclops_b2_70_d_str_geno lf6_cyclops_b2_71_d_str_geno lf6_cyclops_b2_72_d_str_geno lf6_cyclops_b2_73_d_str_geno lf6_cyclops_b2_74_d_str_geno lf6_cyclops_b2_75_d_str_geno lf6_cyclops_b2_69_d_pd lf6_cyclops_b2_70_d_pd lf6_cyclops_b2_71_d_pd lf6_cyclops_b2_72_d_pd lf6_cyclops_b2_73_d_pd lf6_cyclops_b2_74_d_pd lf6_cyclops_b2_75_d_pd lf6_cyclops_b2_69_d_low lf6_cyclops_b2_70_d_low lf6_cyclops_b2_71_d_low lf6_cyclops_b2_72_d_low lf6_cyclops_b2_73_d_low lf6_cyclops_b2_74_d_low lf6_cyclops_b2_75_d_low lf6_t_cyclops_b2_77_d_pd lf6_t_cyclops_b2_78_d_pd lf6_t_cyclops_b2_79_d_pd lf6_t_cyclops_b2_80_d_pd lf6_t_cyclops_b2_77_d_low lf6_t_cyclops_b2_78_d_low lf6_t_cyclops_b2_79_d_low lf6_t_cyclops_b2_80_d_low lf6_cyclops_b2_69_d_random lf6_cyclops_b2_70_d_random lf6_cyclops_b2_71_d_random lf6_cyclops_b2_72_d_random lf6_cyclops_b2_73_d_random lf6_cyclops_b2_74_d_random lf6_cyclops_b2_75_d_random
15510,Progress(SECTION_0==0; SECTION_1<30),0,1,30,simpleQuest,24,df6_b2_flowerworm_69_an df6_b2_flowerworm_70_an df6_t_b2_flowerworm_75_an df6_t_b2_flowerworm_76_an df6_t_b2_flowerworm_77_an df6_b2_displacer_69_an df6_b2_displacer_70_an df6_t_b2_displacer_75_an df6_t_b2_displacer_76_an df6_t_b2_displacer_77_an df6_b2_drake_69_an df6_b2_drake_70_an df6_t_b2_drake_75_an df6_t_b2_drake_76_an df6_t_b2_drake_77_an df6_b2_tesinon_69_an df6_b2_tesinon_70_an df6_b2_tesinon_71_an df6_b2_tesinon_72_an df6_b2_tesinon_73_an df6_b2_tesinon_74_an df6_b2_tesinon_75_an df6_t_b2_tesinon_77_an df6_t_b2_tesinon_78_an df6_t_b2_tesinon_79_an df6_t_b2_tesinon_80_an df6_b2_nomesh_69_an df6_b2_nomesh_70_an df6_b2_nomesh_71_an df6_b2_nomesh_72_an df6_b2_nomesh_73_an df6_b2_nomesh_74_an df6_b2_nomesh_75_an df6_t_b2_nomesh_77_an df6_t_b2_nomesh_78_an df6_t_b2_nomesh_79_an df6_t_b2_nomesh_80_an df6_b2_cyclops_69_n df6_b2_cyclops_70_n df6_b2_cyclops_71_n df6_b2_cyclops_72_n df6_b2_cyclops_73_n df6_b2_cyclops_74_n df6_b2_cyclops_75_n df6_b2_cyclops_md_69_an df6_b2_cyclops_md_70_an df6_b2_cyclops_md_71_an df6_b2_cyclops_md_72_an df6_b2_cyclops_md_73_an df6_b2_cyclops_md_74_an df6_b2_cyclops_md_75_an df6_t_b2_cyclops_77_n df6_t_b2_cyclops_78_n df6_t_b2_cyclops_79_n df6_t_b2_cyclops_80_n df6_t_b2_cyclops_md_77_an df6_t_b2_cyclops_md_78_an df6_t_b2_cyclops_md_79_an df6_t_b2_cyclops_md_80_an df6_b2_tesinon_str_69_an df6_b2_tesinon_str_70_an df6_b2_tesinon_str_71_an df6_b2_tesinon_str_72_an df6_b2_tesinon_str_73_an df6_b2_tesinon_str_74_an df6_b2_tesinon_str_75_an df6_t_b2_tesinon_str_77_an df6_t_b2_tesinon_str_78_an df6_t_b2_tesinon_str_79_an df6_t_b2_tesinon_str_80_an df6_b2_tesinon_str_geno_69_an df6_b2_tesinon_str_geno_70_an df6_b2_tesinon_str_geno_71_an df6_b2_tesinon_str_geno_72_an df6_b2_tesinon_str_geno_73_an df6_b2_tesinon_str_geno_74_an df6_b2_tesinon_str_geno_75_an df6_b2_tesinon_md_69_an df6_b2_tesinon_md_70_an df6_b2_tesinon_md_71_an df6_b2_tesinon_md_72_an df6_b2_tesinon_md_73_an df6_b2_tesinon_md_74_an df6_b2_tesinon_md_75_an df6_t_b2_tesinon_md_77_an df6_t_b2_tesinon_md_78_an df6_t_b2_tesinon_md_79_an df6_t_b2_tesinon_md_80_an df6_b2_tesinon_pd_69_an df6_b2_tesinon_pd_70_an df6_b2_tesinon_pd_71_an df6_b2_tesinon_pd_72_an df6_b2_tesinon_pd_73_an df6_b2_tesinon_pd_74_an df6_b2_tesinon_pd_75_an df6_t_b2_tesinon_pd_77_an df6_t_b2_tesinon_pd_78_an df6_t_b2_tesinon_pd_79_an df6_t_b2_tesinon_pd_80_an df6_b2_tesinon_low_69_an df6_b2_tesinon_low_70_an df6_b2_tesinon_low_71_an df6_b2_tesinon_low_72_an df6_b2_tesinon_low_73_an df6_b2_tesinon_low_74_an df6_b2_tesinon_low_75_an df6_t_b2_tesinon_low_77_an df6_t_b2_tesinon_low_78_an df6_t_b2_tesinon_low_79_an df6_t_b2_tesinon_low_80_an df6_b2_tesinon_random_69_an df6_b2_tesinon_random_70_an df6_b2_tesinon_random_71_an df6_b2_tesinon_random_72_an df6_b2_tesinon_random_73_an df6_b2_tesinon_random_74_an df6_b2_tesinon_random_75_an df6_b2_anomesh_str_69_an df6_b2_anomesh_str_70_an df6_b2_anomesh_str_71_an df6_b2_anomesh_str_72_an df6_b2_anomesh_str_73_an df6_b2_anomesh_str_74_an df6_b2_anomesh_str_75_an df6_t_b2_anomesh_str_77_an df6_t_b2_anomesh_str_78_an df6_t_b2_anomesh_str_79_an df6_t_b2_anomesh_str_80_an df6_b2_anomesh_str_geno_69_an df6_b2_anomesh_str_geno_70_an df6_b2_anomesh_str_geno_71_an df6_b2_anomesh_str_geno_72_an df6_b2_anomesh_str_geno_73_an df6_b2_anomesh_str_geno_74_an df6_b2_anomesh_str_geno_75_an df6_b2_anomesh_md_69_an df6_b2_anomesh_md_70_an df6_b2_anomesh_md_71_an df6_b2_anomesh_md_72_an df6_b2_anomesh_md_73_an df6_b2_anomesh_md_74_an df6_b2_anomesh_md_75_an df6_t_b2_anomesh_md_77_an df6_t_b2_anomesh_md_78_an df6_t_b2_anomesh_md_79_an df6_t_b2_anomesh_md_80_an df6_b2_anomesh_pd_69_an df6_b2_anomesh_pd_70_an df6_b2_anomesh_pd_71_an df6_b2_anomesh_pd_72_an df6_b2_anomesh_pd_73_an df6_b2_anomesh_pd_74_an df6_b2_anomesh_pd_75_an df6_t_b2_anomesh_pd_77_an df6_t_b2_anomesh_pd_78_an df6_t_b2_anomesh_pd_79_an df6_t_b2_anomesh_pd_80_an df6_b2_anomesh_low_69_an df6_b2_anomesh_low_70_an df6_b2_anomesh_low_71_an df6_b2_anomesh_low_72_an df6_b2_anomesh_low_73_an df6_b2_anomesh_low_74_an df6_b2_anomesh_low_75_an df6_t_b2_anomesh_low_77_an df6_t_b2_anomesh_low_78_an df6_t_b2_anomesh_low_79_an df6_t_b2_anomesh_low_80_an df6_b2_anomesh_random_69_an df6_b2_anomesh_random_70_an df6_b2_anomesh_random_71_an df6_b2_anomesh_random_72_an df6_b2_anomesh_random_73_an df6_b2_anomesh_random_74_an df6_b2_anomesh_random_75_an df6_b2_cyclops_str_69_an df6_b2_cyclops_str_70_an df6_b2_cyclops_str_71_an df6_b2_cyclops_str_72_an df6_b2_cyclops_str_73_an df6_b2_cyclops_str_74_an df6_b2_cyclops_str_75_an df6_t_b2_cyclops_str_77_an df6_t_b2_cyclops_str_78_an df6_t_b2_cyclops_str_79_an df6_t_b2_cyclops_str_80_an df6_b2_cyclops_str_geno_69_an df6_b2_cyclops_str_geno_70_an df6_b2_cyclops_str_geno_71_an df6_b2_cyclops_str_geno_72_an df6_b2_cyclops_str_geno_73_an df6_b2_cyclops_str_geno_74_an df6_b2_cyclops_str_geno_75_an df6_b2_cyclops_pd_69_an df6_b2_cyclops_pd_70_an df6_b2_cyclops_pd_71_an df6_b2_cyclops_pd_72_an df6_b2_cyclops_pd_73_an df6_b2_cyclops_pd_74_an df6_b2_cyclops_pd_75_an df6_b2_cyclops_low_69_an df6_b2_cyclops_low_70_an df6_b2_cyclops_low_71_an df6_b2_cyclops_low_72_an df6_b2_cyclops_low_73_an df6_b2_cyclops_low_74_an df6_b2_cyclops_low_75_an df6_t_b2_cyclops_pd_77_an df6_t_b2_cyclops_pd_78_an df6_t_b2_cyclops_pd_79_an df6_t_b2_cyclops_pd_80_an df6_t_b2_cyclops_low_77_an df6_t_b2_cyclops_low_78_an df6_t_b2_cyclops_low_79_an df6_t_b2_cyclops_low_80_an df6_b2_cyclops_random_69_an df6_b2_cyclops_random_70_an df6_b2_cyclops_random_71_an df6_b2_cyclops_random_72_an df6_b2_cyclops_random_73_an df6_b2_cyclops_random_74_an df6_b2_cyclops_random_75_an
15512,Progress(SECTION_0==0; SECTION_1<30),0,1,30,simpleQuest,25,lf6_mammoth_c_67_n lf6_mammoth_c_68_n lf6_t_mammoth_c_69_n lf6_t_mammoth_c_70_n lf6_t_mammoth_c_71_n lf6_hiiv_c_67_n lf6_hiiv_c_68_n lf6_t_hiiv_c_69_n lf6_t_hiiv_c_70_n lf6_t_hiiv_c_71_n lf6_flowerfairy_c_67_n lf6_flowerfairy_c_68_n lf6_t_flowerfairy_c_69_n lf6_t_flowerfairy_c_70_n lf6_t_flowerfairy_c_71_n lf6_c_flowerworm_67_an lf6_c_flowerworm_68_an lf6_t_c_flowerworm_69_an lf6_t_c_flowerworm_70_an lf6_t_c_flowerworm_71_an lf6_mimic_c_67_d lf6_mimic_c_68_d lf6_mimic_c_69_d lf6_mimic_c_70_d lf6_mimic_c_71_d lf6_t_mimic_c_71_d lf6_t_mimic_c_72_d lf6_t_mimic_c_73_d lf6_t_mimic_c_74_d lf6_empty_c_67_d lf6_empty_c_68_d lf6_empty_c_69_d lf6_empty_c_70_d lf6_empty_c_71_d lf6_t_empty_c_71_d lf6_t_empty_c_72_d lf6_t_empty_c_73_d lf6_t_empty_c_74_d lf6_tauric_c_67_d lf6_tauric_c_68_d lf6_tauric_c_69_d lf6_tauric_c_70_d lf6_tauric_c_71_d lf6_t_tauric_c_71_d lf6_t_tauric_c_72_d lf6_t_tauric_c_73_d lf6_t_tauric_c_74_d lf6_mimic_c_67_d_str lf6_mimic_c_68_d_str lf6_mimic_c_69_d_str lf6_mimic_c_70_d_str lf6_mimic_c_71_d_str lf6_t_mimic_c_71_d_str lf6_t_mimic_c_72_d_str lf6_t_mimic_c_73_d_str lf6_t_mimic_c_74_d_str lf6_mimic_c_67_d_str_geno lf6_mimic_c_68_d_str_geno lf6_mimic_c_69_d_str_geno lf6_mimic_c_70_d_str_geno lf6_mimic_c_71_d_str_geno lf6_mimic_c_67_d_md lf6_mimic_c_68_d_md lf6_mimic_c_69_d_md lf6_mimic_c_70_d_md lf6_mimic_c_71_d_md lf6_t_mimic_c_71_d_md lf6_t_mimic_c_72_d_md lf6_t_mimic_c_73_d_md lf6_t_mimic_c_74_d_md lf6_mimic_c_67_d_pd lf6_mimic_c_68_d_pd lf6_mimic_c_69_d_pd lf6_mimic_c_70_d_pd lf6_mimic_c_71_d_pd lf6_t_mimic_c_71_d_pd lf6_t_mimic_c_72_d_pd lf6_t_mimic_c_73_d_pd lf6_t_mimic_c_74_d_pd lf6_mimic_c_67_d_low lf6_mimic_c_68_d_low lf6_mimic_c_69_d_low lf6_mimic_c_70_d_low lf6_mimic_c_71_d_low lf6_t_mimic_c_71_d_low lf6_t_mimic_c_72_d_low lf6_t_mimic_c_73_d_low lf6_t_mimic_c_74_d_low lf6_mimic_c_67_d_random lf6_mimic_c_68_d_random lf6_mimic_c_69_d_random lf6_mimic_c_70_d_random lf6_mimic_c_71_d_random lf6_empty_c_67_d_str lf6_empty_c_68_d_str lf6_empty_c_69_d_str lf6_empty_c_70_d_str lf6_empty_c_71_d_str lf6_t_empty_c_71_d_str lf6_t_empty_c_72_d_str lf6_t_empty_c_73_d_str lf6_t_empty_c_74_d_str lf6_empty_c_67_d_str_geno lf6_empty_c_68_d_str_geno lf6_empty_c_69_d_str_geno lf6_empty_c_70_d_str_geno lf6_empty_c_71_d_str_geno lf6_empty_c_67_d_md lf6_empty_c_68_d_md lf6_empty_c_69_d_md lf6_empty_c_70_d_md lf6_empty_c_71_d_md lf6_t_empty_c_71_d_md lf6_t_empty_c_72_d_md lf6_t_empty_c_73_d_md lf6_t_empty_c_74_d_md lf6_empty_c_67_d_pd lf6_empty_c_68_d_pd lf6_empty_c_69_d_pd lf6_empty_c_70_d_pd lf6_empty_c_71_d_pd lf6_t_empty_c_71_d_pd lf6_t_empty_c_72_d_pd lf6_t_empty_c_73_d_pd lf6_t_empty_c_74_d_pd lf6_empty_c_67_d_low lf6_empty_c_68_d_low lf6_empty_c_69_d_low lf6_empty_c_70_d_low lf6_empty_c_71_d_low lf6_t_empty_c_71_d_low lf6_t_empty_c_72_d_low lf6_t_empty_c_73_d_low lf6_t_empty_c_74_d_low lf6_empty_c_67_d_random lf6_empty_c_68_d_random lf6_empty_c_69_d_random lf6_empty_c_70_d_random lf6_empty_c_71_d_random lf6_tauric_c_67_d_str lf6_tauric_c_68_d_str lf6_tauric_c_69_d_str lf6_tauric_c_70_d_str lf6_tauric_c_71_d_str lf6_t_tauric_c_71_d_str lf6_t_tauric_c_72_d_str lf6_t_tauric_c_73_d_str lf6_t_tauric_c_74_d_str lf6_tauric_c_67_d_str_geno lf6_tauric_c_68_d_str_geno lf6_tauric_c_69_d_str_geno lf6_tauric_c_70_d_str_geno lf6_tauric_c_71_d_str_geno lf6_tauric_c_67_d_md lf6_tauric_c_68_d_md lf6_tauric_c_69_d_md lf6_tauric_c_70_d_md lf6_tauric_c_71_d_md lf6_t_tauric_c_71_d_md lf6_t_tauric_c_72_d_md lf6_t_tauric_c_73_d_md lf6_t_tauric_c_74_d_md lf6_tauric_c_67_d_pd lf6_tauric_c_68_d_pd lf6_tauric_c_69_d_pd lf6_tauric_c_70_d_pd lf6_tauric_c_71_d_pd lf6_t_tauric_c_71_d_pd lf6_t_tauric_c_72_d_pd lf6_t_tauric_c_73_d_pd lf6_t_tauric_c_74_d_pd lf6_tauric_c_67_d_low lf6_tauric_c_68_d_low lf6_tauric_c_69_d_low lf6_tauric_c_70_d_low lf6_tauric_c_71_d_low lf6_t_tauric_c_71_d_low lf6_t_tauric_c_72_d_low lf6_t_tauric_c_73_d_low lf6_t_tauric_c_74_d_low lf6_tauric_c_67_d_random lf6_tauric_c_68_d_random lf6_tauric_c_69_d_random lf6_tauric_c_70_d_random lf6_tauric_c_71_d_random
15513,Progress(SECTION_0==0; SECTION_1<30),0,1,30,simpleQuest,24,df6_c_vampiretree_67_an df6_c_vampiretree_68_an df6_t_c_vampiretree_69_an df6_t_c_vampiretree_70_an df6_t_c_vampiretree_71_an df6_c_octaside_67_n df6_c_octaside_68_n df6_t_c_octaside_69_n df6_t_c_octaside_70_n df6_t_c_octaside_71_n df6_c_flowerworm_67_an df6_c_flowerworm_68_an df6_t_c_flowerworm_69_an df6_t_c_flowerworm_70_an df6_t_c_flowerworm_71_an df6_c_zaif_67_an df6_c_zaif_68_an df6_c_zaif_69_an df6_c_zaif_70_an df6_c_zaif_71_an df6_t_c_zaif_71_an df6_t_c_zaif_72_an df6_t_c_zaif_73_an df6_t_c_zaif_74_an df6_c_lizard_pr_67_an df6_c_lizard_pr_68_an df6_c_lizard_pr_69_an df6_c_lizard_pr_70_an df6_c_lizard_pr_71_an df6_t_c_lizard_pr_71_an df6_t_c_lizard_pr_72_an df6_t_c_lizard_pr_73_an df6_t_c_lizard_pr_74_an df6_c_mosbear_67_an df6_c_mosbear_68_an df6_c_mosbear_69_an df6_c_mosbear_70_an df6_c_mosbear_71_an df6_t_c_mosbear_71_an df6_t_c_mosbear_72_an df6_t_c_mosbear_73_an df6_t_c_mosbear_74_an df6_c_zaif_str_67_an df6_c_zaif_str_68_an df6_c_zaif_str_69_an df6_c_zaif_str_70_an df6_c_zaif_str_71_an df6_t_c_zaif_str_71_an df6_t_c_zaif_str_72_an df6_t_c_zaif_str_73_an df6_t_c_zaif_str_74_an df6_c_zaif_str_geno_67_an df6_c_zaif_str_geno_68_an df6_c_zaif_str_geno_69_an df6_c_zaif_str_geno_70_an df6_c_zaif_str_geno_71_an df6_c_zaif_md_67_an df6_c_zaif_md_68_an df6_c_zaif_md_69_an df6_c_zaif_md_70_an df6_c_zaif_md_71_an df6_t_c_zaif_md_71_an df6_t_c_zaif_md_72_an df6_t_c_zaif_md_73_an df6_t_c_zaif_md_74_an df6_c_zaif_pd_67_an df6_c_zaif_pd_68_an df6_c_zaif_pd_69_an df6_c_zaif_pd_70_an df6_c_zaif_pd_71_an df6_t_c_zaif_pd_71_an df6_t_c_zaif_pd_72_an df6_t_c_zaif_pd_73_an df6_t_c_zaif_pd_74_an df6_c_zaif_low_67_an df6_c_zaif_low_68_an df6_c_zaif_low_69_an df6_c_zaif_low_70_an df6_c_zaif_low_71_an df6_t_c_zaif_low_71_an df6_t_c_zaif_low_72_an df6_t_c_zaif_low_73_an df6_t_c_zaif_low_74_an df6_c_zaif_random_67_an df6_c_zaif_random_68_an df6_c_zaif_random_69_an df6_c_zaif_random_70_an df6_c_zaif_random_71_an df6_c_lizard_pr_str_67_an df6_c_lizard_pr_str_68_an df6_c_lizard_pr_str_69_an df6_c_lizard_pr_str_70_an df6_c_lizard_pr_str_71_an df6_t_c_lizard_pr_str_71_an df6_t_c_lizard_pr_str_72_an df6_t_c_lizard_pr_str_73_an df6_t_c_lizard_pr_str_74_an df6_c_lizard_pr_str_geno_67_an df6_c_lizard_pr_str_geno_68_an df6_c_lizard_pr_str_geno_69_an df6_c_lizard_pr_str_geno_70_an df6_c_lizard_pr_str_geno_71_an df6_c_lizard_pr_md_67_an df6_c_lizard_pr_md_68_an df6_c_lizard_pr_md_69_an df6_c_lizard_pr_md_70_an df6_c_lizard_pr_md_71_an df6_t_c_lizard_pr_md_71_an df6_t_c_lizard_pr_md_72_an df6_t_c_lizard_pr_md_73_an df6_t_c_lizard_pr_md_74_an df6_c_lizard_pr_pd_67_an df6_c_lizard_pr_pd_68_an df6_c_lizard_pr_pd_69_an df6_c_lizard_pr_pd_70_an df6_c_lizard_pr_pd_71_an df6_t_c_lizard_pr_pd_71_an df6_t_c_lizard_pr_pd_72_an df6_t_c_lizard_pr_pd_73_an df6_t_c_lizard_pr_pd_74_an df6_c_lizard_pr_low_67_an df6_c_lizard_pr_low_68_an df6_c_lizard_pr_low_69_an df6_c_lizard_pr_low_70_an df6_c_lizard_pr_low_71_an df6_t_c_lizard_pr_low_71_an df6_t_c_lizard_pr_low_72_an df6_t_c_lizard_pr_low_73_an df6_t_c_lizard_pr_low_74_an df6_c_lizard_pr_random_67_an df6_c_lizard_pr_random_68_an df6_c_lizard_pr_random_69_an df6_c_lizard_pr_random_70_an df6_c_lizard_pr_random_71_an df6_c_mosbear_str_67_an df6_c_mosbear_str_68_an df6_c_mosbear_str_69_an df6_c_mosbear_str_70_an df6_c_mosbear_str_71_an df6_t_c_mosbear_str_71_an df6_t_c_mosbear_str_72_an df6_t_c_mosbear_str_73_an df6_t_c_mosbear_str_74_an df6_c_mosbear_str_geno_67_an df6_c_mosbear_str_geno_68_an df6_c_mosbear_str_geno_69_an df6_c_mosbear_str_geno_70_an df6_c_mosbear_str_geno_71_an df6_c_mosbear_md_67_an df6_c_mosbear_md_68_an df6_c_mosbear_md_69_an df6_c_mosbear_md_70_an df6_c_mosbear_md_71_an df6_t_c_mosbear_md_71_an df6_t_c_mosbear_md_72_an df6_t_c_mosbear_md_73_an df6_t_c_mosbear_md_74_an df6_c_mosbear_pd_67_an df6_c_mosbear_pd_68_an df6_c_mosbear_pd_69_an df6_c_mosbear_pd_70_an df6_c_mosbear_pd_71_an df6_t_c_mosbear_pd_71_an df6_t_c_mosbear_pd_72_an df6_t_c_mosbear_pd_73_an df6_t_c_mosbear_pd_74_an df6_c_mosbear_low_67_an df6_c_mosbear_low_68_an df6_c_mosbear_low_69_an df6_c_mosbear_low_70_an df6_c_mosbear_low_71_an df6_t_c_mosbear_low_71_an df6_t_c_mosbear_low_72_an df6_t_c_mosbear_low_73_an df6_t_c_mosbear_low_74_an df6_c_mosbear_random_67_an df6_c_mosbear_random_68_an df6_c_mosbear_random_69_an df6_c_mosbear_random_70_an df6_c_mosbear_random_71_an
15515,Progress(SECTION_0==0; SECTION_1<30),0,1,30,simpleQuest,12,lf6_vampire_d_68_n lf6_vampire_d_69_n lf6_t_vampire_d_72_n lf6_t_vampire_d_73_n lf6_t_vampire_d_74_n lf6_mudthorn_d_68_n lf6_mudthorn_d_67_n lf6_t_mudthorn_d_72_n lf6_t_mudthorn_d_73_n lf6_t_mudthorn_d_74_n lf6_zaif_d_68_n lf6_zaif_d_69_n lf6_t_zaif_d_72_n lf6_t_zaif_d_73_n lf6_t_zaif_d_74_n lf6_d_flowerworm_68_an lf6_d_flowerworm_69_an lf6_t_d_flowerworm_72_an lf6_t_d_flowerworm_73_an lf6_t_d_flowerworm_74_an lf6_owllau_fi_d_68_d lf6_owllau_fi_d_69_d lf6_owllau_fi_d_70_d lf6_owllau_fi_d_71_d lf6_owllau_fi_d_72_d lf6_owllau_fi_d_73_d lf6_t_owllau_fi_d_74_d lf6_t_owllau_fi_d_75_d lf6_t_owllau_fi_d_76_d lf6_t_owllau_fi_d_77_d lf6_t_talk_owllau_fi_d_74_d lf6_t_talk_owllau_fi_d_75_d lf6_t_talk_owllau_fi_d_76_d lf6_t_talk_owllau_fi_d_77_d lf6_t_sleep_owllau_fi_d_74_d lf6_t_sleep_owllau_fi_d_75_d lf6_t_sleep_owllau_fi_d_76_d lf6_t_sleep_owllau_fi_d_77_d lf6_owllau_as_d_68_d lf6_owllau_as_d_69_d lf6_owllau_as_d_70_d lf6_owllau_as_d_71_d lf6_owllau_as_d_72_d lf6_owllau_as_d_73_d lf6_t_owllau_as_d_74_d lf6_t_owllau_as_d_75_d lf6_t_owllau_as_d_76_d lf6_t_owllau_as_d_77_d lf6_t_talk_owllau_as_d_74_d lf6_t_talk_owllau_as_d_75_d lf6_t_talk_owllau_as_d_76_d lf6_t_talk_owllau_as_d_77_d lf6_t_sleep_owllau_as_d_74_d lf6_t_sleep_owllau_as_d_75_d lf6_t_sleep_owllau_as_d_76_d lf6_t_sleep_owllau_as_d_77_d lf6_owllau_wi_d_68_d lf6_owllau_wi_d_69_d lf6_owllau_wi_d_70_d lf6_owllau_wi_d_71_d lf6_owllau_wi_d_72_d lf6_owllau_wi_d_73_d lf6_t_owllau_wi_d_74_d lf6_t_owllau_wi_d_75_d lf6_t_owllau_wi_d_76_d lf6_t_owllau_wi_d_77_d lf6_t_talk_owllau_wi_d_74_d lf6_t_talk_owllau_wi_d_75_d lf6_t_talk_owllau_wi_d_76_d lf6_t_talk_owllau_wi_d_77_d lf6_t_sleep_owllau_wi_d_74_d lf6_t_sleep_owllau_wi_d_75_d lf6_t_sleep_owllau_wi_d_76_d lf6_t_sleep_owllau_wi_d_77_d lf6_owllau_pr_d_68_d lf6_owllau_pr_d_69_d lf6_owllau_pr_d_70_d lf6_owllau_pr_d_71_d lf6_owllau_pr_d_72_d lf6_owllau_pr_d_73_d lf6_t_owllau_pr_d_74_d lf6_t_owllau_pr_d_75_d lf6_t_owllau_pr_d_76_d lf6_t_owllau_pr_d_77_d lf6_t_talk_owllau_pr_d_74_d lf6_t_talk_owllau_pr_d_75_d lf6_t_talk_owllau_pr_d_76_d lf6_t_talk_owllau_pr_d_77_d lf6_t_sleep_owllau_pr_d_74_d lf6_t_sleep_owllau_pr_d_75_d lf6_t_sleep_owllau_pr_d_76_d lf6_t_sleep_owllau_pr_d_77_d lf6_owllau_fi_d_68_d_str lf6_owllau_fi_d_69_d_str lf6_owllau_fi_d_70_d_str lf6_owllau_fi_d_71_d_str lf6_owllau_fi_d_72_d_str lf6_owllau_fi_d_73_d_str lf6_owllau_fi_d_68_d_str_geno lf6_owllau_fi_d_69_d_str_geno lf6_owllau_fi_d_70_d_str_geno lf6_owllau_fi_d_71_d_str_geno lf6_owllau_fi_d_72_d_str_geno lf6_owllau_fi_d_73_d_str_geno lf6_owllau_fi_d_68_d_md lf6_owllau_fi_d_69_d_md lf6_owllau_fi_d_70_d_md lf6_owllau_fi_d_71_d_md lf6_owllau_fi_d_72_d_md lf6_owllau_fi_d_73_d_md lf6_owllau_fi_d_68_d_pd lf6_owllau_fi_d_69_d_pd lf6_owllau_fi_d_70_d_pd lf6_owllau_fi_d_71_d_pd lf6_owllau_fi_d_72_d_pd lf6_owllau_fi_d_73_d_pd lf6_owllau_fi_d_68_d_low lf6_owllau_fi_d_69_d_low lf6_owllau_fi_d_70_d_low lf6_owllau_fi_d_71_d_low lf6_owllau_fi_d_72_d_low lf6_owllau_fi_d_73_d_low lf6_owllau_fi_d_68_d_random lf6_owllau_fi_d_69_d_random lf6_owllau_fi_d_70_d_random lf6_owllau_fi_d_71_d_random lf6_owllau_fi_d_72_d_random lf6_owllau_fi_d_73_d_random lf6_t_owllau_fi_d_74_d_str lf6_t_owllau_fi_d_75_d_str lf6_t_owllau_fi_d_76_d_str lf6_t_owllau_fi_d_77_d_str lf6_t_owllau_fi_d_74_d_md lf6_t_owllau_fi_d_75_d_md lf6_t_owllau_fi_d_76_d_md lf6_t_owllau_fi_d_77_d_md lf6_t_owllau_fi_d_74_d_pd lf6_t_owllau_fi_d_75_d_pd lf6_t_owllau_fi_d_76_d_pd lf6_t_owllau_fi_d_77_d_pd lf6_t_owllau_fi_d_74_d_low lf6_t_owllau_fi_d_75_d_low lf6_t_owllau_fi_d_76_d_low lf6_t_owllau_fi_d_77_d_low lf6_t_talk_owllau_fi_d_74_d_str lf6_t_talk_owllau_fi_d_75_d_str lf6_t_talk_owllau_fi_d_76_d_str lf6_t_talk_owllau_fi_d_77_d_str lf6_t_talk_owllau_fi_d_74_d_md lf6_t_talk_owllau_fi_d_75_d_md lf6_t_talk_owllau_fi_d_76_d_md lf6_t_talk_owllau_fi_d_77_d_md lf6_t_talk_owllau_fi_d_74_d_pd lf6_t_talk_owllau_fi_d_75_d_pd lf6_t_talk_owllau_fi_d_76_d_pd lf6_t_talk_owllau_fi_d_77_d_pd lf6_t_talk_owllau_fi_d_74_d_low lf6_t_talk_owllau_fi_d_75_d_low lf6_t_talk_owllau_fi_d_76_d_low lf6_t_talk_owllau_fi_d_77_d_low lf6_t_sleep_owllau_fi_d_74_d_str lf6_t_sleep_owllau_fi_d_75_d_str lf6_t_sleep_owllau_fi_d_76_d_str lf6_t_sleep_owllau_fi_d_77_d_str lf6_t_sleep_owllau_fi_d_74_d_md lf6_t_sleep_owllau_fi_d_75_d_md lf6_t_sleep_owllau_fi_d_76_d_md lf6_t_sleep_owllau_fi_d_77_d_md lf6_t_sleep_owllau_fi_d_74_d_pd lf6_t_sleep_owllau_fi_d_75_d_pd lf6_t_sleep_owllau_fi_d_76_d_pd lf6_t_sleep_owllau_fi_d_77_d_pd lf6_t_sleep_owllau_fi_d_74_d_low lf6_t_sleep_owllau_fi_d_75_d_low lf6_t_sleep_owllau_fi_d_76_d_low lf6_t_sleep_owllau_fi_d_77_d_low lf6_owllau_as_d_68_d_str lf6_owllau_as_d_69_d_str lf6_owllau_as_d_70_d_str lf6_owllau_as_d_71_d_str lf6_owllau_as_d_72_d_str lf6_owllau_as_d_73_d_str lf6_owllau_as_d_68_d_str_geno lf6_owllau_as_d_69_d_str_geno lf6_owllau_as_d_70_d_str_geno lf6_owllau_as_d_71_d_str_geno lf6_owllau_as_d_72_d_str_geno lf6_owllau_as_d_73_d_str_geno lf6_owllau_as_d_68_d_md lf6_owllau_as_d_69_d_md lf6_owllau_as_d_70_d_md lf6_owllau_as_d_71_d_md lf6_owllau_as_d_72_d_md lf6_owllau_as_d_73_d_md lf6_owllau_as_d_68_d_pd lf6_owllau_as_d_69_d_pd lf6_owllau_as_d_70_d_pd lf6_owllau_as_d_71_d_pd lf6_owllau_as_d_72_d_pd lf6_owllau_as_d_73_d_pd lf6_owllau_as_d_68_d_low lf6_owllau_as_d_69_d_low lf6_owllau_as_d_70_d_low lf6_owllau_as_d_71_d_low lf6_owllau_as_d_72_d_low lf6_owllau_as_d_73_d_low lf6_owllau_as_d_68_d_random lf6_owllau_as_d_69_d_random lf6_owllau_as_d_70_d_random lf6_owllau_as_d_71_d_random lf6_owllau_as_d_72_d_random lf6_owllau_as_d_73_d_random lf6_t_owllau_as_d_74_d_str lf6_t_owllau_as_d_75_d_str lf6_t_owllau_as_d_76_d_str lf6_t_owllau_as_d_77_d_str lf6_t_owllau_as_d_74_d_md lf6_t_owllau_as_d_75_d_md lf6_t_owllau_as_d_76_d_md lf6_t_owllau_as_d_77_d_md lf6_t_owllau_as_d_74_d_pd lf6_t_owllau_as_d_75_d_pd lf6_t_owllau_as_d_76_d_pd lf6_t_owllau_as_d_77_d_pd lf6_t_owllau_as_d_74_d_low lf6_t_owllau_as_d_75_d_low lf6_t_owllau_as_d_76_d_low lf6_t_owllau_as_d_77_d_low lf6_t_talk_owllau_as_d_74_d_str lf6_t_talk_owllau_as_d_75_d_str lf6_t_talk_owllau_as_d_76_d_str lf6_t_talk_owllau_as_d_77_d_str lf6_t_talk_owllau_as_d_74_d_md lf6_t_talk_owllau_as_d_75_d_md lf6_t_talk_owllau_as_d_76_d_md lf6_t_talk_owllau_as_d_77_d_md lf6_t_talk_owllau_as_d_74_d_pd lf6_t_talk_owllau_as_d_75_d_pd lf6_t_talk_owllau_as_d_76_d_pd lf6_t_talk_owllau_as_d_77_d_pd lf6_t_talk_owllau_as_d_74_d_low lf6_t_talk_owllau_as_d_75_d_low lf6_t_talk_owllau_as_d_76_d_low lf6_t_talk_owllau_as_d_77_d_low lf6_t_sleep_owllau_as_d_74_d_str lf6_t_sleep_owllau_as_d_75_d_str lf6_t_sleep_owllau_as_d_76_d_str lf6_t_sleep_owllau_as_d_77_d_str lf6_t_sleep_owllau_as_d_74_d_md lf6_t_sleep_owllau_as_d_75_d_md lf6_t_sleep_owllau_as_d_76_d_md lf6_t_sleep_owllau_as_d_77_d_md lf6_t_sleep_owllau_as_d_74_d_pd lf6_t_sleep_owllau_as_d_75_d_pd lf6_t_sleep_owllau_as_d_76_d_pd lf6_t_sleep_owllau_as_d_77_d_pd lf6_t_sleep_owllau_as_d_74_d_low lf6_t_sleep_owllau_as_d_75_d_low lf6_t_sleep_owllau_as_d_76_d_low lf6_t_sleep_owllau_as_d_77_d_low lf6_owllau_wi_d_68_d_str lf6_owllau_wi_d_69_d_str lf6_owllau_wi_d_70_d_str lf6_owllau_wi_d_71_d_str lf6_owllau_wi_d_72_d_str lf6_owllau_wi_d_73_d_str lf6_owllau_wi_d_68_d_str_geno lf6_owllau_wi_d_69_d_str_geno lf6_owllau_wi_d_70_d_str_geno lf6_owllau_wi_d_71_d_str_geno lf6_owllau_wi_d_72_d_str_geno lf6_owllau_wi_d_73_d_str_geno lf6_owllau_wi_d_68_d_md lf6_owllau_wi_d_69_d_md lf6_owllau_wi_d_70_d_md lf6_owllau_wi_d_71_d_md lf6_owllau_wi_d_72_d_md lf6_owllau_wi_d_73_d_md lf6_owllau_wi_d_68_d_pd lf6_owllau_wi_d_69_d_pd lf6_owllau_wi_d_70_d_pd lf6_owllau_wi_d_71_d_pd lf6_owllau_wi_d_72_d_pd lf6_owllau_wi_d_73_d_pd lf6_owllau_wi_d_68_d_low lf6_owllau_wi_d_69_d_low lf6_owllau_wi_d_70_d_low lf6_owllau_wi_d_71_d_low lf6_owllau_wi_d_72_d_low lf6_owllau_wi_d_73_d_low lf6_owllau_wi_d_68_d_random lf6_owllau_wi_d_69_d_random lf6_owllau_wi_d_70_d_random lf6_owllau_wi_d_71_d_random lf6_owllau_wi_d_72_d_random lf6_owllau_wi_d_73_d_random lf6_t_owllau_wi_d_74_d_str lf6_t_owllau_wi_d_75_d_str lf6_t_owllau_wi_d_76_d_str lf6_t_owllau_wi_d_77_d_str lf6_t_owllau_wi_d_74_d_md lf6_t_owllau_wi_d_75_d_md lf6_t_owllau_wi_d_76_d_md lf6_t_owllau_wi_d_77_d_md lf6_t_owllau_wi_d_74_d_pd lf6_t_owllau_wi_d_75_d_pd lf6_t_owllau_wi_d_76_d_pd lf6_t_owllau_wi_d_77_d_pd lf6_t_owllau_wi_d_74_d_low lf6_t_owllau_wi_d_75_d_low lf6_t_owllau_wi_d_76_d_low lf6_t_owllau_wi_d_77_d_low lf6_t_talk_owllau_wi_d_74_d_str lf6_t_talk_owllau_wi_d_75_d_str lf6_t_talk_owllau_wi_d_76_d_str lf6_t_talk_owllau_wi_d_77_d_str lf6_t_talk_owllau_wi_d_74_d_md lf6_t_talk_owllau_wi_d_75_d_md lf6_t_talk_owllau_wi_d_76_d_md lf6_t_talk_owllau_wi_d_77_d_md lf6_t_talk_owllau_wi_d_74_d_pd lf6_t_talk_owllau_wi_d_75_d_pd lf6_t_talk_owllau_wi_d_76_d_pd lf6_t_talk_owllau_wi_d_77_d_pd lf6_t_talk_owllau_wi_d_74_d_low lf6_t_talk_owllau_wi_d_75_d_low lf6_t_talk_owllau_wi_d_76_d_low lf6_t_talk_owllau_wi_d_77_d_low lf6_t_sleep_owllau_wi_d_74_d_str lf6_t_sleep_owllau_wi_d_75_d_str lf6_t_sleep_owllau_wi_d_76_d_str lf6_t_sleep_owllau_wi_d_77_d_str lf6_t_sleep_owllau_wi_d_74_d_md lf6_t_sleep_owllau_wi_d_75_d_md lf6_t_sleep_owllau_wi_d_76_d_md lf6_t_sleep_owllau_wi_d_77_d_md lf6_t_sleep_owllau_wi_d_74_d_pd lf6_t_sleep_owllau_wi_d_75_d_pd lf6_t_sleep_owllau_wi_d_76_d_pd lf6_t_sleep_owllau_wi_d_77_d_pd lf6_t_sleep_owllau_wi_d_74_d_low lf6_t_sleep_owllau_wi_d_75_d_low lf6_t_sleep_owllau_wi_d_76_d_low lf6_t_sleep_owllau_wi_d_77_d_low lf6_owllau_pr_d_68_d_str lf6_owllau_pr_d_69_d_str lf6_owllau_pr_d_70_d_str lf6_owllau_pr_d_71_d_str lf6_owllau_pr_d_72_d_str lf6_owllau_pr_d_73_d_str lf6_owllau_pr_d_68_d_str_geno lf6_owllau_pr_d_69_d_str_geno lf6_owllau_pr_d_70_d_str_geno lf6_owllau_pr_d_71_d_str_geno lf6_owllau_pr_d_72_d_str_geno lf6_owllau_pr_d_73_d_str_geno lf6_owllau_pr_d_68_d_md lf6_owllau_pr_d_69_d_md lf6_owllau_pr_d_70_d_md lf6_owllau_pr_d_71_d_md lf6_owllau_pr_d_72_d_md lf6_owllau_pr_d_73_d_md lf6_owllau_pr_d_68_d_pd lf6_owllau_pr_d_69_d_pd lf6_owllau_pr_d_70_d_pd lf6_owllau_pr_d_71_d_pd lf6_owllau_pr_d_72_d_pd lf6_owllau_pr_d_73_d_pd lf6_owllau_pr_d_68_d_low lf6_owllau_pr_d_69_d_low lf6_owllau_pr_d_70_d_low lf6_owllau_pr_d_71_d_low lf6_owllau_pr_d_72_d_low lf6_owllau_pr_d_73_d_low lf6_owllau_pr_d_68_d_random lf6_owllau_pr_d_69_d_random lf6_owllau_pr_d_70_d_random lf6_owllau_pr_d_71_d_random lf6_owllau_pr_d_72_d_random lf6_owllau_pr_d_73_d_random lf6_t_owllau_pr_d_74_d_str lf6_t_owllau_pr_d_75_d_str lf6_t_owllau_pr_d_76_d_str lf6_t_owllau_pr_d_77_d_str lf6_t_owllau_pr_d_74_d_md lf6_t_owllau_pr_d_75_d_md lf6_t_owllau_pr_d_76_d_md lf6_t_owllau_pr_d_77_d_md lf6_t_owllau_pr_d_74_d_pd lf6_t_owllau_pr_d_75_d_pd lf6_t_owllau_pr_d_76_d_pd lf6_t_owllau_pr_d_77_d_pd lf6_t_owllau_pr_d_74_d_low lf6_t_owllau_pr_d_75_d_low lf6_t_owllau_pr_d_76_d_low lf6_t_owllau_pr_d_77_d_low lf6_t_talk_owllau_pr_d_74_d_str lf6_t_talk_owllau_pr_d_75_d_str lf6_t_talk_owllau_pr_d_76_d_str lf6_t_talk_owllau_pr_d_77_d_str lf6_t_talk_owllau_pr_d_74_d_md lf6_t_talk_owllau_pr_d_75_d_md lf6_t_talk_owllau_pr_d_76_d_md lf6_t_talk_owllau_pr_d_77_d_md lf6_t_talk_owllau_pr_d_74_d_pd lf6_t_talk_owllau_pr_d_75_d_pd lf6_t_talk_owllau_pr_d_76_d_pd lf6_t_talk_owllau_pr_d_77_d_pd lf6_t_talk_owllau_pr_d_74_d_low lf6_t_talk_owllau_pr_d_75_d_low lf6_t_talk_owllau_pr_d_76_d_low lf6_t_talk_owllau_pr_d_77_d_low lf6_t_sleep_owllau_pr_d_74_d_str lf6_t_sleep_owllau_pr_d_75_d_str lf6_t_sleep_owllau_pr_d_76_d_str lf6_t_sleep_owllau_pr_d_77_d_str lf6_t_sleep_owllau_pr_d_74_d_md lf6_t_sleep_owllau_pr_d_75_d_md lf6_t_sleep_owllau_pr_d_76_d_md lf6_t_sleep_owllau_pr_d_77_d_md lf6_t_sleep_owllau_pr_d_74_d_pd lf6_t_sleep_owllau_pr_d_75_d_pd lf6_t_sleep_owllau_pr_d_76_d_pd lf6_t_sleep_owllau_pr_d_77_d_pd lf6_t_sleep_owllau_pr_d_74_d_low lf6_t_sleep_owllau_pr_d_75_d_low lf6_t_sleep_owllau_pr_d_76_d_low lf6_t_sleep_owllau_pr_d_77_d_low
15516,Progress(SECTION_0==0; SECTION_1<30),0,1,30,simpleQuest,13,df6_d_varanus_68_n df6_d_varanus_69_n df6_t_d_varanus_72_n df6_t_d_varanus_73_n df6_t_d_varanus_74_n df6_d_scorpion_68_an df6_d_scorpion_69_an df6_t_d_scorpion_72_an df6_t_d_scorpion_73_an df6_t_d_scorpion_74_an df6_d_neutfly_68_n df6_d_neutfly_69_n df6_t_d_neutfly_72_n df6_t_d_neutfly_73_n df6_t_d_neutfly_74_n df6_d_tog_68_an df6_d_tog_69_an df6_t_d_tog_72_an df6_t_d_tog_73_an df6_t_d_tog_74_an df6_d_flowerworm_68_an df6_d_flowerworm_69_an df6_t_d_flowerworm_72_an df6_t_d_flowerworm_73_an df6_t_d_flowerworm_74_an df6_d_calydon_fi_68_an df6_d_calydon_fi_69_an df6_d_calydon_fi_70_an df6_d_calydon_fi_71_an df6_d_calydon_fi_72_an df6_d_calydon_fi_73_an df6_t_d_calydon_fi_74_an df6_t_d_calydon_fi_75_an df6_t_d_calydon_fi_76_an df6_t_d_calydon_fi_77_an df6_t_d_dance_calydon_fi_74_an df6_t_d_dance_calydon_fi_75_an df6_t_d_dance_calydon_fi_76_an df6_t_d_dance_calydon_fi_77_an df6_d_calydon_as_68_an df6_d_calydon_as_69_an df6_d_calydon_as_70_an df6_d_calydon_as_71_an df6_d_calydon_as_72_an df6_d_calydon_as_73_an df6_t_d_calydon_as_74_an df6_t_d_calydon_as_75_an df6_t_d_calydon_as_76_an df6_t_d_calydon_as_77_an df6_t_d_sleeping_calydon_as_74_an df6_t_d_sleeping_calydon_as_75_an df6_t_d_sleeping_calydon_as_76_an df6_t_d_sleeping_calydon_as_77_an df6_d_calydon_wi_68_an df6_d_calydon_wi_69_an df6_d_calydon_wi_70_an df6_d_calydon_wi_71_an df6_d_calydon_wi_72_an df6_d_calydon_wi_73_an df6_t_d_calydon_wi_74_an df6_t_d_calydon_wi_75_an df6_t_d_calydon_wi_76_an df6_t_d_calydon_wi_77_an df6_t_d_talk_calydon_wi_74_an df6_t_d_talk_calydon_wi_75_an df6_t_d_talk_calydon_wi_76_an df6_t_d_talk_calydon_wi_77_an df6_d_calydon_pr_68_an df6_d_calydon_pr_69_an df6_d_calydon_pr_70_an df6_d_calydon_pr_71_an df6_d_calydon_pr_72_an df6_d_calydon_pr_73_an df6_t_d_calydon_pr_74_an df6_t_d_calydon_pr_75_an df6_t_d_calydon_pr_76_an df6_t_d_calydon_pr_77_an df6_t_d_talk_calydon_pr_74_an df6_t_d_talk_calydon_pr_75_an df6_t_d_talk_calydon_pr_76_an df6_t_d_talk_calydon_pr_77_an df6_d_calydon_fi_str_68_an df6_d_calydon_fi_str_69_an df6_d_calydon_fi_str_70_an df6_d_calydon_fi_str_71_an df6_d_calydon_fi_str_72_an df6_d_calydon_fi_str_73_an df6_d_calydon_fi_str_geno_68_an df6_d_calydon_fi_str_geno_69_an df6_d_calydon_fi_str_geno_70_an df6_d_calydon_fi_str_geno_71_an df6_d_calydon_fi_str_geno_72_an df6_d_calydon_fi_str_geno_73_an df6_d_calydon_fi_md_68_an df6_d_calydon_fi_md_69_an df6_d_calydon_fi_md_70_an df6_d_calydon_fi_md_71_an df6_d_calydon_fi_md_72_an df6_d_calydon_fi_md_73_an df6_d_calydon_fi_pd_68_an df6_d_calydon_fi_pd_69_an df6_d_calydon_fi_pd_70_an df6_d_calydon_fi_pd_71_an df6_d_calydon_fi_pd_72_an df6_d_calydon_fi_pd_73_an df6_d_calydon_fi_low_68_an df6_d_calydon_fi_low_69_an df6_d_calydon_fi_low_70_an df6_d_calydon_fi_low_71_an df6_d_calydon_fi_low_72_an df6_d_calydon_fi_low_73_an df6_d_calydon_fi_random_68_an df6_d_calydon_fi_random_69_an df6_d_calydon_fi_random_70_an df6_d_calydon_fi_random_71_an df6_d_calydon_fi_random_72_an df6_d_calydon_fi_random_73_an df6_t_d_calydon_fi_str_74_an df6_t_d_calydon_fi_str_75_an df6_t_d_calydon_fi_str_76_an df6_t_d_calydon_fi_str_77_an df6_t_d_calydon_fi_md_74_an df6_t_d_calydon_fi_md_75_an df6_t_d_calydon_fi_md_76_an df6_t_d_calydon_fi_md_77_an df6_t_d_calydon_fi_pd_74_an df6_t_d_calydon_fi_pd_75_an df6_t_d_calydon_fi_pd_76_an df6_t_d_calydon_fi_pd_77_an df6_t_d_calydon_fi_low_74_an df6_t_d_calydon_fi_low_75_an df6_t_d_calydon_fi_low_76_an df6_t_d_calydon_fi_low_77_an df6_t_d_dance_calydon_fi_str_74_an df6_t_d_dance_calydon_fi_str_75_an df6_t_d_dance_calydon_fi_str_76_an df6_t_d_dance_calydon_fi_str_77_an df6_t_d_dance_calydon_fi_md_74_an df6_t_d_dance_calydon_fi_md_75_an df6_t_d_dance_calydon_fi_md_76_an df6_t_d_dance_calydon_fi_md_77_an df6_t_d_dance_calydon_fi_pd_74_an df6_t_d_dance_calydon_fi_pd_75_an df6_t_d_dance_calydon_fi_pd_76_an df6_t_d_dance_calydon_fi_pd_77_an df6_t_d_dance_calydon_fi_low_74_an df6_t_d_dance_calydon_fi_low_75_an df6_t_d_dance_calydon_fi_low_76_an df6_t_d_dance_calydon_fi_low_77_an df6_d_calydon_as_str_68_an df6_d_calydon_as_str_69_an df6_d_calydon_as_str_70_an df6_d_calydon_as_str_71_an df6_d_calydon_as_str_72_an df6_d_calydon_as_str_73_an df6_d_calydon_as_str_geno_68_an df6_d_calydon_as_str_geno_69_an df6_d_calydon_as_str_geno_70_an df6_d_calydon_as_str_geno_71_an df6_d_calydon_as_str_geno_72_an df6_d_calydon_as_str_geno_73_an df6_d_calydon_as_md_68_an df6_d_calydon_as_md_69_an df6_d_calydon_as_md_70_an df6_d_calydon_as_md_71_an df6_d_calydon_as_md_72_an df6_d_calydon_as_md_73_an df6_d_calydon_as_pd_68_an df6_d_calydon_as_pd_69_an df6_d_calydon_as_pd_70_an df6_d_calydon_as_pd_71_an df6_d_calydon_as_pd_72_an df6_d_calydon_as_pd_73_an df6_d_calydon_as_low_68_an df6_d_calydon_as_low_69_an df6_d_calydon_as_low_70_an df6_d_calydon_as_low_71_an df6_d_calydon_as_low_72_an df6_d_calydon_as_low_73_an df6_d_calydon_as_random_68_an df6_d_calydon_as_random_69_an df6_d_calydon_as_random_70_an df6_d_calydon_as_random_71_an df6_d_calydon_as_random_72_an df6_d_calydon_as_random_73_an df6_t_d_calydon_as_str_74_an df6_t_d_calydon_as_str_75_an df6_t_d_calydon_as_str_76_an df6_t_d_calydon_as_str_77_an df6_t_d_calydon_as_md_74_an df6_t_d_calydon_as_md_75_an df6_t_d_calydon_as_md_76_an df6_t_d_calydon_as_md_77_an df6_t_d_calydon_as_pd_74_an df6_t_d_calydon_as_pd_75_an df6_t_d_calydon_as_pd_76_an df6_t_d_calydon_as_pd_77_an df6_t_d_calydon_as_low_74_an df6_t_d_calydon_as_low_75_an df6_t_d_calydon_as_low_76_an df6_t_d_calydon_as_low_77_an df6_t_d_sleeping_calydon_as_str_74_an df6_t_d_sleeping_calydon_as_str_75_an df6_t_d_sleeping_calydon_as_str_76_an df6_t_d_sleeping_calydon_as_str_77_an df6_t_d_sleeping_calydon_as_md_74_an df6_t_d_sleeping_calydon_as_md_75_an df6_t_d_sleeping_calydon_as_md_76_an df6_t_d_sleeping_calydon_as_md_77_an df6_t_d_sleeping_calydon_as_pd_74_an df6_t_d_sleeping_calydon_as_pd_75_an df6_t_d_sleeping_calydon_as_pd_76_an df6_t_d_sleeping_calydon_as_pd_77_an df6_t_d_sleeping_calydon_as_low_74_an df6_t_d_sleeping_calydon_as_low_75_an df6_t_d_sleeping_calydon_as_low_76_an df6_t_d_sleeping_calydon_as_low_77_an df6_d_calydon_wi_str_68_an df6_d_calydon_wi_str_69_an df6_d_calydon_wi_str_70_an df6_d_calydon_wi_str_71_an df6_d_calydon_wi_str_72_an df6_d_calydon_wi_str_73_an df6_d_calydon_wi_str_geno_68_an df6_d_calydon_wi_str_geno_69_an df6_d_calydon_wi_str_geno_70_an df6_d_calydon_wi_str_geno_71_an df6_d_calydon_wi_str_geno_72_an df6_d_calydon_wi_str_geno_73_an df6_d_calydon_wi_md_68_an df6_d_calydon_wi_md_69_an df6_d_calydon_wi_md_70_an df6_d_calydon_wi_md_71_an df6_d_calydon_wi_md_72_an df6_d_calydon_wi_md_73_an df6_d_calydon_wi_pd_68_an df6_d_calydon_wi_pd_69_an df6_d_calydon_wi_pd_70_an df6_d_calydon_wi_pd_71_an df6_d_calydon_wi_pd_72_an df6_d_calydon_wi_pd_73_an df6_d_calydon_wi_low_68_an df6_d_calydon_wi_low_69_an df6_d_calydon_wi_low_70_an df6_d_calydon_wi_low_71_an df6_d_calydon_wi_low_72_an df6_d_calydon_wi_low_73_an df6_d_calydon_wi_random_68_an df6_d_calydon_wi_random_69_an df6_d_calydon_wi_random_70_an df6_d_calydon_wi_random_71_an df6_d_calydon_wi_random_72_an df6_d_calydon_wi_random_73_an df6_t_d_calydon_wi_str_74_an df6_t_d_calydon_wi_str_75_an df6_t_d_calydon_wi_str_76_an df6_t_d_calydon_wi_str_77_an df6_t_d_calydon_wi_md_74_an df6_t_d_calydon_wi_md_75_an df6_t_d_calydon_wi_md_76_an df6_t_d_calydon_wi_md_77_an df6_t_d_calydon_wi_pd_74_an df6_t_d_calydon_wi_pd_75_an df6_t_d_calydon_wi_pd_76_an df6_t_d_calydon_wi_pd_77_an df6_t_d_calydon_wi_low_74_an df6_t_d_calydon_wi_low_75_an df6_t_d_calydon_wi_low_76_an df6_t_d_calydon_wi_low_77_an df6_t_d_talk_calydon_wi_str_74_an df6_t_d_talk_calydon_wi_str_75_an df6_t_d_talk_calydon_wi_str_76_an df6_t_d_talk_calydon_wi_str_77_an df6_t_d_talk_calydon_wi_md_74_an df6_t_d_talk_calydon_wi_md_75_an df6_t_d_talk_calydon_wi_md_76_an df6_t_d_talk_calydon_wi_md_77_an df6_t_d_talk_calydon_wi_pd_74_an df6_t_d_talk_calydon_wi_pd_75_an df6_t_d_talk_calydon_wi_pd_76_an df6_t_d_talk_calydon_wi_pd_77_an df6_t_d_talk_calydon_wi_low_74_an df6_t_d_talk_calydon_wi_low_75_an df6_t_d_talk_calydon_wi_low_76_an df6_t_d_talk_calydon_wi_low_77_an df6_d_calydon_pr_str_68_an df6_d_calydon_pr_str_69_an df6_d_calydon_pr_str_70_an df6_d_calydon_pr_str_71_an df6_d_calydon_pr_str_72_an df6_d_calydon_pr_str_73_an df6_d_calydon_pr_str_geno_68_an df6_d_calydon_pr_str_geno_69_an df6_d_calydon_pr_str_geno_70_an df6_d_calydon_pr_str_geno_71_an df6_d_calydon_pr_str_geno_72_an df6_d_calydon_pr_str_geno_73_an df6_d_calydon_pr_md_68_an df6_d_calydon_pr_md_69_an df6_d_calydon_pr_md_70_an df6_d_calydon_pr_md_71_an df6_d_calydon_pr_md_72_an df6_d_calydon_pr_md_73_an df6_d_calydon_pr_pd_68_an df6_d_calydon_pr_pd_69_an df6_d_calydon_pr_pd_70_an df6_d_calydon_pr_pd_71_an df6_d_calydon_pr_pd_72_an df6_d_calydon_pr_pd_73_an df6_d_calydon_pr_low_68_an df6_d_calydon_pr_low_69_an df6_d_calydon_pr_low_70_an df6_d_calydon_pr_low_71_an df6_d_calydon_pr_low_72_an df6_d_calydon_pr_low_73_an df6_d_calydon_pr_random_68_an df6_d_calydon_pr_random_69_an df6_d_calydon_pr_random_70_an df6_d_calydon_pr_random_71_an df6_d_calydon_pr_random_72_an df6_d_calydon_pr_random_73_an df6_t_d_calydon_pr_str_74_an df6_t_d_calydon_pr_str_75_an df6_t_d_calydon_pr_str_76_an df6_t_d_calydon_pr_str_77_an df6_t_d_calydon_pr_md_74_an df6_t_d_calydon_pr_md_75_an df6_t_d_calydon_pr_md_76_an df6_t_d_calydon_pr_md_77_an df6_t_d_calydon_pr_pd_74_an df6_t_d_calydon_pr_pd_75_an df6_t_d_calydon_pr_pd_76_an df6_t_d_calydon_pr_pd_77_an df6_t_d_calydon_pr_low_74_an df6_t_d_calydon_pr_low_75_an df6_t_d_calydon_pr_low_76_an df6_t_d_calydon_pr_low_77_an df6_t_d_talk_calydon_pr_str_74_an df6_t_d_talk_calydon_pr_str_75_an df6_t_d_talk_calydon_pr_str_76_an df6_t_d_talk_calydon_pr_str_77_an df6_t_d_talk_calydon_pr_md_74_an df6_t_d_talk_calydon_pr_md_75_an df6_t_d_talk_calydon_pr_md_76_an df6_t_d_talk_calydon_pr_md_77_an df6_t_d_talk_calydon_pr_pd_74_an df6_t_d_talk_calydon_pr_pd_75_an df6_t_d_talk_calydon_pr_pd_76_an df6_t_d_talk_calydon_pr_pd_77_an df6_t_d_talk_calydon_pr_low_74_an df6_t_d_talk_calydon_pr_low_75_an df6_t_d_talk_calydon_pr_low_76_an df6_t_d_talk_calydon_pr_low_77_an
15518,Progress(SECTION_0==0; SECTION_1<30),0,1,30,simpleQuest,24,lf6_rottentree_e_67_n lf6_rottentree_e_68_n lf6_t_rottentree_e_69_n lf6_t_rottentree_e_70_n lf6_t_rottentree_e_71_n lf6_elementalwater4_e_67_n lf6_elementalwater4_e_68_n lf6_t_elementalwater4_e_69_n lf6_t_elementalwater4_e_70_n lf6_t_elementalwater4_e_71_n lf6_e_flowerworm_67_an lf6_e_flowerworm_68_an lf6_t_e_flowerworm_69_an lf6_t_e_flowerworm_70_an lf6_t_e_flowerworm_71_an lf6_stropoku_e_67_d lf6_stropoku_e_68_d lf6_stropoku_e_69_d lf6_stropoku_e_70_d lf6_stropoku_e_71_d lf6_t_stropoku_e_71_d lf6_t_stropoku_e_72_d lf6_t_stropoku_e_73_d lf6_t_stropoku_e_74_d lf6_zaif_e_67_d lf6_zaif_e_68_d lf6_zaif_e_69_d lf6_zaif_e_70_d lf6_zaif_e_71_d lf6_t_zaif_e_71_d lf6_t_zaif_e_72_d lf6_t_zaif_e_73_d lf6_t_zaif_e_74_d lf6_neuth_e_67_d lf6_neuth_e_68_d lf6_neuth_e_69_d lf6_neuth_e_70_d lf6_neuth_e_71_d lf6_t_neuth_e_71_d lf6_t_neuth_e_72_d lf6_t_neuth_e_73_d lf6_t_neuth_e_74_d lf6_stropoku_e_67_d_str lf6_stropoku_e_68_d_str lf6_stropoku_e_69_d_str lf6_stropoku_e_70_d_str lf6_stropoku_e_71_d_str lf6_t_stropoku_e_71_d_str lf6_t_stropoku_e_72_d_str lf6_t_stropoku_e_73_d_str lf6_t_stropoku_e_74_d_str lf6_stropoku_e_67_d_str_geno lf6_stropoku_e_68_d_str_geno lf6_stropoku_e_69_d_str_geno lf6_stropoku_e_70_d_str_geno lf6_stropoku_e_71_d_str_geno lf6_stropoku_e_67_d_md lf6_stropoku_e_68_d_md lf6_stropoku_e_69_d_md lf6_stropoku_e_70_d_md lf6_stropoku_e_71_d_md lf6_t_stropoku_e_71_d_md lf6_t_stropoku_e_72_d_md lf6_t_stropoku_e_73_d_md lf6_t_stropoku_e_74_d_md lf6_stropoku_e_67_d_pd lf6_stropoku_e_68_d_pd lf6_stropoku_e_69_d_pd lf6_stropoku_e_70_d_pd lf6_stropoku_e_71_d_pd lf6_t_stropoku_e_71_d_pd lf6_t_stropoku_e_72_d_pd lf6_t_stropoku_e_73_d_pd lf6_t_stropoku_e_74_d_pd lf6_stropoku_e_67_d_low lf6_stropoku_e_68_d_low lf6_stropoku_e_69_d_low lf6_stropoku_e_70_d_low lf6_stropoku_e_71_d_low lf6_t_stropoku_e_71_d_low lf6_t_stropoku_e_72_d_low lf6_t_stropoku_e_73_d_low lf6_t_stropoku_e_74_d_low lf6_stropoku_e_67_d_random lf6_stropoku_e_68_d_random lf6_stropoku_e_69_d_random lf6_stropoku_e_70_d_random lf6_stropoku_e_71_d_random lf6_zaif_e_67_d_str lf6_zaif_e_68_d_str lf6_zaif_e_69_d_str lf6_zaif_e_70_d_str lf6_zaif_e_71_d_str lf6_t_zaif_e_71_d_str lf6_t_zaif_e_72_d_str lf6_t_zaif_e_73_d_str lf6_t_zaif_e_74_d_str lf6_zaif_e_67_d_str_geno lf6_zaif_e_68_d_str_geno lf6_zaif_e_69_d_str_geno lf6_zaif_e_70_d_str_geno lf6_zaif_e_71_d_str_geno lf6_zaif_e_67_d_md lf6_zaif_e_68_d_md lf6_zaif_e_69_d_md lf6_zaif_e_70_d_md lf6_zaif_e_71_d_md lf6_t_zaif_e_71_d_md lf6_t_zaif_e_72_d_md lf6_t_zaif_e_73_d_md lf6_t_zaif_e_74_d_md lf6_zaif_e_67_d_pd lf6_zaif_e_68_d_pd lf6_zaif_e_69_d_pd lf6_zaif_e_70_d_pd lf6_zaif_e_71_d_pd lf6_t_zaif_e_71_d_pd lf6_t_zaif_e_72_d_pd lf6_t_zaif_e_73_d_pd lf6_t_zaif_e_74_d_pd lf6_zaif_e_67_d_low lf6_zaif_e_68_d_low lf6_zaif_e_69_d_low lf6_zaif_e_70_d_low lf6_zaif_e_71_d_low lf6_t_zaif_e_71_d_low lf6_t_zaif_e_72_d_low lf6_t_zaif_e_73_d_low lf6_t_zaif_e_74_d_low lf6_zaif_e_67_d_random lf6_zaif_e_68_d_random lf6_zaif_e_69_d_random lf6_zaif_e_70_d_random lf6_zaif_e_71_d_random lf6_neuth_e_67_d_str lf6_neuth_e_68_d_str lf6_neuth_e_69_d_str lf6_neuth_e_70_d_str lf6_neuth_e_71_d_str lf6_t_neuth_e_71_d_str lf6_t_neuth_e_72_d_str lf6_t_neuth_e_73_d_str lf6_t_neuth_e_74_d_str lf6_neuth_e_67_d_str_geno lf6_neuth_e_68_d_str_geno lf6_neuth_e_69_d_str_geno lf6_neuth_e_70_d_str_geno lf6_neuth_e_71_d_str_geno lf6_neuth_e_67_d_md lf6_neuth_e_68_d_md lf6_neuth_e_69_d_md lf6_neuth_e_70_d_md lf6_neuth_e_71_d_md lf6_t_neuth_e_71_d_md lf6_t_neuth_e_72_d_md lf6_t_neuth_e_73_d_md lf6_t_neuth_e_74_d_md lf6_neuth_e_67_d_pd lf6_neuth_e_68_d_pd lf6_neuth_e_69_d_pd lf6_neuth_e_70_d_pd lf6_neuth_e_71_d_pd lf6_t_neuth_e_71_d_pd lf6_t_neuth_e_72_d_pd lf6_t_neuth_e_73_d_pd lf6_t_neuth_e_74_d_pd lf6_neuth_e_67_d_low lf6_neuth_e_68_d_low lf6_neuth_e_69_d_low lf6_neuth_e_70_d_low lf6_neuth_e_71_d_low lf6_t_neuth_e_71_d_low lf6_t_neuth_e_72_d_low lf6_t_neuth_e_73_d_low lf6_t_neuth_e_74_d_low lf6_neuth_e_67_d_random lf6_neuth_e_68_d_random lf6_neuth_e_69_d_random lf6_neuth_e_70_d_random lf6_neuth_e_71_d_random
15519,Progress(SECTION_0==0; SECTION_1<30),0,1,30,simpleQuest,28,df6_e_locust_67_an df6_e_locust_68_an df6_t_e_locust_69_an df6_t_e_locust_70_an df6_t_e_locust_71_an df6_e_flowerworm_67_an df6_e_flowerworm_68_an df6_t_e_flowerworm_69_an df6_t_e_flowerworm_70_an df6_t_e_flowerworm_71_an df6_e_griffo_67_an df6_e_griffo_68_an df6_e_fanatic_wi_67_an df6_e_fanatic_wi_68_an df6_t_e_fanatic_wi_69_an df6_t_e_fanatic_wi_70_an df6_t_e_fanatic_wi_71_an df6_e_fanatic_el_67_an df6_e_fanatic_el_68_an df6_t_e_fanatic_el_69_an df6_t_e_fanatic_el_70_an df6_t_e_fanatic_el_71_an df6_e_spectre_67_an df6_e_spectre_68_an df6_t_e_spectre_69_an df6_t_e_spectre_70_an df6_t_e_spectre_71_an df6_e_mosbear_67_an df6_e_mosbear_68_an df6_e_mosbear_69_an df6_e_mosbear_70_an df6_e_mosbear_71_an df6_t_e_mosbear_71_an df6_t_e_mosbear_72_an df6_t_e_mosbear_73_an df6_t_e_mosbear_74_an df6_e_cyclops_67_n df6_e_cyclops_68_n df6_e_cyclops_69_n df6_e_cyclops_70_n df6_e_cyclops_71_n df6_e_cyclops_md_67_an df6_e_cyclops_md_68_an df6_e_cyclops_md_69_an df6_e_cyclops_md_70_an df6_e_cyclops_md_71_an df6_t_e_cyclops_71_n df6_t_e_cyclops_72_n df6_t_e_cyclops_73_n df6_t_e_cyclops_74_n df6_t_e_cyclops_md_71_an df6_t_e_cyclops_md_72_an df6_t_e_cyclops_md_73_an df6_t_e_cyclops_md_74_an df6_e_lepisma_67_n df6_e_lepisma_68_n df6_e_lepisma_69_n df6_e_lepisma_70_n df6_e_lepisma_71_n df6_t_e_lepisma_71_n df6_t_e_lepisma_72_n df6_t_e_lepisma_73_n df6_t_e_lepisma_74_n df6_e_mosbear_str_67_an df6_e_mosbear_str_68_an df6_e_mosbear_str_69_an df6_e_mosbear_str_70_an df6_e_mosbear_str_71_an df6_t_e_mosbear_str_71_an df6_t_e_mosbear_str_72_an df6_t_e_mosbear_str_73_an df6_t_e_mosbear_str_74_an df6_e_mosbear_str_geno_67_an df6_e_mosbear_str_geno_68_an df6_e_mosbear_str_geno_69_an df6_e_mosbear_str_geno_70_an df6_e_mosbear_str_geno_71_an df6_e_mosbear_md_67_an df6_e_mosbear_md_68_an df6_e_mosbear_md_69_an df6_e_mosbear_md_70_an df6_e_mosbear_md_71_an df6_t_e_mosbear_md_71_an df6_t_e_mosbear_md_72_an df6_t_e_mosbear_md_73_an df6_t_e_mosbear_md_74_an df6_e_mosbear_pd_67_an df6_e_mosbear_pd_68_an df6_e_mosbear_pd_69_an df6_e_mosbear_pd_70_an df6_e_mosbear_pd_71_an df6_t_e_mosbear_pd_71_an df6_t_e_mosbear_pd_72_an df6_t_e_mosbear_pd_73_an df6_t_e_mosbear_pd_74_an df6_e_mosbear_low_67_an df6_e_mosbear_low_68_an df6_e_mosbear_low_69_an df6_e_mosbear_low_70_an df6_e_mosbear_low_71_an df6_t_e_mosbear_low_71_an df6_t_e_mosbear_low_72_an df6_t_e_mosbear_low_73_an df6_t_e_mosbear_low_74_an df6_e_mosbear_random_67_an df6_e_mosbear_random_68_an df6_e_mosbear_random_69_an df6_e_mosbear_random_70_an df6_e_mosbear_random_71_an df6_e_cyclops_str_67_an df6_e_cyclops_str_68_an df6_e_cyclops_str_69_an df6_e_cyclops_str_70_an df6_e_cyclops_str_71_an df6_t_e_cyclops_str_71_an df6_t_e_cyclops_str_72_an df6_t_e_cyclops_str_73_an df6_t_e_cyclops_str_74_an df6_e_cyclops_str_geno_67_an df6_e_cyclops_str_geno_68_an df6_e_cyclops_str_geno_69_an df6_e_cyclops_str_geno_70_an df6_e_cyclops_str_geno_71_an df6_e_cyclops_pd_67_an df6_e_cyclops_pd_68_an df6_e_cyclops_pd_69_an df6_e_cyclops_pd_70_an df6_e_cyclops_pd_71_an df6_e_cyclops_low_67_an df6_e_cyclops_low_68_an df6_e_cyclops_low_69_an df6_e_cyclops_low_70_an df6_e_cyclops_low_71_an df6_t_e_cyclops_pd_71_an df6_t_e_cyclops_pd_72_an df6_t_e_cyclops_pd_73_an df6_t_e_cyclops_pd_74_an df6_t_e_cyclops_low_71_an df6_t_e_cyclops_low_72_an df6_t_e_cyclops_low_73_an df6_t_e_cyclops_low_74_an df6_e_cyclops_random_67_an df6_e_cyclops_random_68_an df6_e_cyclops_random_69_an df6_e_cyclops_random_70_an df6_e_cyclops_random_71_an df6_e_lepisma_str_67_an df6_e_lepisma_str_68_an df6_e_lepisma_str_69_an df6_e_lepisma_str_70_an df6_e_lepisma_str_71_an df6_t_e_lepisma_str_71_an df6_t_e_lepisma_str_72_an df6_t_e_lepisma_str_73_an df6_t_e_lepisma_str_74_an df6_e_lepisma_str_geno_67_an df6_e_lepisma_str_geno_68_an df6_e_lepisma_str_geno_69_an df6_e_lepisma_str_geno_70_an df6_e_lepisma_str_geno_71_an df6_e_lepisma_md_67_an df6_e_lepisma_md_68_an df6_e_lepisma_md_69_an df6_e_lepisma_md_70_an df6_e_lepisma_md_71_an df6_t_e_lepisma_md_71_an df6_t_e_lepisma_md_72_an df6_t_e_lepisma_md_73_an df6_t_e_lepisma_md_74_an df6_e_lepisma_pd_67_an df6_e_lepisma_pd_68_an df6_e_lepisma_pd_69_an df6_e_lepisma_pd_70_an df6_e_lepisma_pd_71_an df6_t_e_lepisma_pd_71_an df6_t_e_lepisma_pd_72_an df6_t_e_lepisma_pd_73_an df6_t_e_lepisma_pd_74_an df6_e_lepisma_low_67_an df6_e_lepisma_low_68_an df6_e_lepisma_low_69_an df6_e_lepisma_low_70_an df6_e_lepisma_low_71_an df6_t_e_lepisma_low_71_an df6_t_e_lepisma_low_72_an df6_t_e_lepisma_low_73_an df6_t_e_lepisma_low_74_an df6_e_lepisma_random_67_an df6_e_lepisma_random_68_an df6_e_lepisma_random_69_an df6_e_lepisma_random_70_an df6_e_lepisma_random_71_an df6_e_prison_undead_67_an df6_e_prison_undead_68_an df6_t_e_prison_undead_69_an df6_t_e_prison_undead_70_an df6_t_e_prison_undead_71_an
15520,Progress(SECTION_0==0; SECTION_1<10),0,1,10,simpleQuest,1,lf6_fobj_vined_deva_q15520a
15521,Progress(SECTION_0==0; SECTION_1<30),0,1,30,simpleQuest,24,lf6_fellialdr_f_68_n lf6_fellialdr_f_69_n lf6_t_fellialdr_f_72_n lf6_t_fellialdr_f_73_n lf6_t_fellialdr_f_74_n lf6_lizardmanfighter_f_68_n lf6_lizardmanfighter_f_69_n lf6_t_lizardmanfighter_f_72_n lf6_t_lizardmanfighter_f_73_n lf6_t_lizardmanfighter_f_74_n lf6_brohum_m_young_f_68_d lf6_brohum_m_young_f_69_d lf6_brohum_m_young_f_70_d lf6_brohum_m_young_f_71_d lf6_brohum_m_young_f_72_d lf6_brohum_m_young_f_73_d lf6_t_brohum_m_young_f_74_d lf6_t_brohum_m_young_f_75_d lf6_t_brohum_m_young_f_76_d lf6_t_brohum_m_young_f_77_d lf6_babymosbear_f_68_d lf6_babymosbear_f_69_d lf6_babymosbear_f_70_d lf6_babymosbear_f_71_d lf6_babymosbear_f_72_d lf6_babymosbear_f_73_d lf6_t_babymosbear_f_74_d lf6_t_babymosbear_f_75_d lf6_t_babymosbear_f_76_d lf6_t_babymosbear_f_77_d lf6_manduriflame_f_68_d lf6_manduriflame_f_69_d lf6_manduriflame_f_70_d lf6_manduriflame_f_71_d lf6_manduriflame_f_72_d lf6_manduriflame_f_73_d lf6_t_manduriflame_f_74_d lf6_t_manduriflame_f_75_d lf6_t_manduriflame_f_76_d lf6_t_manduriflame_f_77_d lf6_t_rottentree_f_72_an lf6_t_rottentree_f_73_an lf6_t_rottentree_f_74_an lf6_brohum_m_young_f_68_d_str lf6_brohum_m_young_f_69_d_str lf6_brohum_m_young_f_70_d_str lf6_brohum_m_young_f_71_d_str lf6_brohum_m_young_f_72_d_str lf6_brohum_m_young_f_73_d_str lf6_t_brohum_m_young_f_74_d_str lf6_t_brohum_m_young_f_75_d_str lf6_t_brohum_m_young_f_76_d_str lf6_t_brohum_m_young_f_77_d_str lf6_brohum_m_young_f_68_d_str_geno lf6_brohum_m_young_f_69_d_str_geno lf6_brohum_m_young_f_70_d_str_geno lf6_brohum_m_young_f_71_d_str_geno lf6_brohum_m_young_f_72_d_str_geno lf6_brohum_m_young_f_73_d_str_geno lf6_brohum_m_young_f_68_d_md lf6_brohum_m_young_f_69_d_md lf6_brohum_m_young_f_70_d_md lf6_brohum_m_young_f_71_d_md lf6_brohum_m_young_f_72_d_md lf6_brohum_m_young_f_73_d_md lf6_t_brohum_m_young_f_74_d_md lf6_t_brohum_m_young_f_75_d_md lf6_t_brohum_m_young_f_76_d_md lf6_t_brohum_m_young_f_77_d_md lf6_brohum_m_young_f_68_d_pd lf6_brohum_m_young_f_69_d_pd lf6_brohum_m_young_f_70_d_pd lf6_brohum_m_young_f_71_d_pd lf6_brohum_m_young_f_72_d_pd lf6_brohum_m_young_f_73_d_pd lf6_t_brohum_m_young_f_74_d_pd lf6_t_brohum_m_young_f_75_d_pd lf6_t_brohum_m_young_f_76_d_pd lf6_t_brohum_m_young_f_77_d_pd lf6_brohum_m_young_f_68_d_low lf6_brohum_m_young_f_69_d_low lf6_brohum_m_young_f_70_d_low lf6_brohum_m_young_f_71_d_low lf6_brohum_m_young_f_72_d_low lf6_brohum_m_young_f_73_d_low lf6_t_brohum_m_young_f_74_d_low lf6_t_brohum_m_young_f_75_d_low lf6_t_brohum_m_young_f_76_d_low lf6_t_brohum_m_young_f_77_d_low lf6_brohum_m_young_f_68_d_random lf6_brohum_m_young_f_69_d_random lf6_brohum_m_young_f_70_d_random lf6_brohum_m_young_f_71_d_random lf6_brohum_m_young_f_72_d_random lf6_brohum_m_young_f_73_d_random lf6_babymosbear_f_68_d_str lf6_babymosbear_f_69_d_str lf6_babymosbear_f_70_d_str lf6_babymosbear_f_71_d_str lf6_babymosbear_f_72_d_str lf6_babymosbear_f_73_d_str lf6_t_babymosbear_f_74_d_str lf6_t_babymosbear_f_75_d_str lf6_t_babymosbear_f_76_d_str lf6_t_babymosbear_f_77_d_str lf6_babymosbear_f_68_d_str_geno lf6_babymosbear_f_69_d_str_geno lf6_babymosbear_f_70_d_str_geno lf6_babymosbear_f_71_d_str_geno lf6_babymosbear_f_72_d_str_geno lf6_babymosbear_f_73_d_str_geno lf6_babymosbear_f_68_d_md lf6_babymosbear_f_69_d_md lf6_babymosbear_f_70_d_md lf6_babymosbear_f_71_d_md lf6_babymosbear_f_72_d_md lf6_babymosbear_f_73_d_md lf6_t_babymosbear_f_74_d_md lf6_t_babymosbear_f_75_d_md lf6_t_babymosbear_f_76_d_md lf6_t_babymosbear_f_77_d_md lf6_babymosbear_f_68_d_pd lf6_babymosbear_f_69_d_pd lf6_babymosbear_f_70_d_pd lf6_babymosbear_f_71_d_pd lf6_babymosbear_f_72_d_pd lf6_babymosbear_f_73_d_pd lf6_t_babymosbear_f_74_d_pd lf6_t_babymosbear_f_75_d_pd lf6_t_babymosbear_f_76_d_pd lf6_t_babymosbear_f_77_d_pd lf6_babymosbear_f_68_d_low lf6_babymosbear_f_69_d_low lf6_babymosbear_f_70_d_low lf6_babymosbear_f_71_d_low lf6_babymosbear_f_72_d_low lf6_babymosbear_f_73_d_low lf6_t_babymosbear_f_74_d_low lf6_t_babymosbear_f_75_d_low lf6_t_babymosbear_f_76_d_low lf6_t_babymosbear_f_77_d_low lf6_babymosbear_f_68_d_random lf6_babymosbear_f_69_d_random lf6_babymosbear_f_70_d_random lf6_babymosbear_f_71_d_random lf6_babymosbear_f_72_d_random lf6_babymosbear_f_73_d_random lf6_manduriflame_f_68_d_str lf6_manduriflame_f_69_d_str lf6_manduriflame_f_70_d_str lf6_manduriflame_f_71_d_str lf6_manduriflame_f_72_d_str lf6_manduriflame_f_73_d_str lf6_t_manduriflame_f_74_d_str lf6_t_manduriflame_f_75_d_str lf6_t_manduriflame_f_76_d_str lf6_t_manduriflame_f_77_d_str lf6_manduriflame_f_68_d_str_geno lf6_manduriflame_f_69_d_str_geno lf6_manduriflame_f_70_d_str_geno lf6_manduriflame_f_71_d_str_geno lf6_manduriflame_f_72_d_str_geno lf6_manduriflame_f_73_d_str_geno lf6_manduriflame_f_68_d_md lf6_manduriflame_f_69_d_md lf6_manduriflame_f_70_d_md lf6_manduriflame_f_71_d_md lf6_manduriflame_f_72_d_md lf6_manduriflame_f_73_d_md lf6_t_manduriflame_f_74_d_md lf6_t_manduriflame_f_75_d_md lf6_t_manduriflame_f_76_d_md lf6_t_manduriflame_f_77_d_md lf6_manduriflame_f_68_d_pd lf6_manduriflame_f_69_d_pd lf6_manduriflame_f_70_d_pd lf6_manduriflame_f_71_d_pd lf6_manduriflame_f_72_d_pd lf6_manduriflame_f_73_d_pd lf6_t_manduriflame_f_74_d_pd lf6_t_manduriflame_f_75_d_pd lf6_t_manduriflame_f_76_d_pd lf6_t_manduriflame_f_77_d_pd lf6_manduriflame_f_68_d_low lf6_manduriflame_f_69_d_low lf6_manduriflame_f_70_d_low lf6_manduriflame_f_71_d_low lf6_manduriflame_f_72_d_low lf6_manduriflame_f_73_d_low lf6_t_manduriflame_f_74_d_low lf6_t_manduriflame_f_75_d_low lf6_t_manduriflame_f_76_d_low lf6_t_manduriflame_f_77_d_low lf6_manduriflame_f_68_d_random lf6_manduriflame_f_69_d_random lf6_manduriflame_f_70_d_random lf6_manduriflame_f_71_d_random lf6_manduriflame_f_72_d_random lf6_manduriflame_f_73_d_random
15522,Progress(SECTION_0==0; SECTION_1<30),0,1,30,simpleQuest,25,df6_f1_flowerworm_68_an df6_f1_flowerworm_69_an df6_t_f1_flowerworm_72_an df6_t_f1_flowerworm_73_an df6_t_f1_flowerworm_74_an df6_f1_catos_68_an df6_f1_catos_69_an df6_t_f1_catos_72_an df6_t_f1_catos_73_an df6_t_f1_catos_74_an df6_f1_elementalwater4_68_n df6_f1_elementalwater4_69_n df6_t_f1_elementalwater4_72_n df6_t_f1_elementalwater4_73_n df6_t_f1_elementalwater4_74_n df6_f1_starturtle_68_an df6_f1_starturtle_69_an df6_t_f1_starturtle_72_an df6_t_f1_starturtle_73_an df6_t_f1_starturtle_74_an df6_f_brohumyoung_68_an df6_f_brohumyoung_69_an df6_f_brohumyoung_70_an df6_f_brohumyoung_71_an df6_f_brohumyoung_72_an df6_f_brohumyoung_73_an df6_t_f_brohumyoung_74_an df6_t_f_brohumyoung_75_an df6_t_f_brohumyoung_76_an df6_t_f_brohumyoung_77_an df6_f_elementalearth2_68_n df6_f_elementalearth2_69_n df6_f_elementalearth2_70_n df6_f_elementalearth2_71_n df6_f_elementalearth2_72_n df6_f_elementalearth2_73_n df6_t_f_elementalearth2_74_n df6_t_f_elementalearth2_75_n df6_t_f_elementalearth2_76_n df6_t_f_elementalearth2_77_n df6_f_manduri_68_an df6_f_manduri_69_an df6_f_manduri_70_an df6_f_manduri_71_an df6_f_manduri_72_an df6_f_manduri_73_an df6_t_f_manduri_74_an df6_t_f_manduri_75_an df6_t_f_manduri_76_an df6_t_f_manduri_77_an df6_f_brohumyoung_str_68_an df6_f_brohumyoung_str_69_an df6_f_brohumyoung_str_70_an df6_f_brohumyoung_str_71_an df6_f_brohumyoung_str_72_an df6_f_brohumyoung_str_73_an df6_t_f_brohumyoung_str_74_an df6_t_f_brohumyoung_str_75_an df6_t_f_brohumyoung_str_76_an df6_t_f_brohumyoung_str_77_an df6_f_brohumyoung_str_geno_68_an df6_f_brohumyoung_str_geno_69_an df6_f_brohumyoung_str_geno_70_an df6_f_brohumyoung_str_geno_71_an df6_f_brohumyoung_str_geno_72_an df6_f_brohumyoung_str_geno_73_an df6_f_brohumyoung_md_68_an df6_f_brohumyoung_md_69_an df6_f_brohumyoung_md_70_an df6_f_brohumyoung_md_71_an df6_f_brohumyoung_md_72_an df6_f_brohumyoung_md_73_an df6_t_f_brohumyoung_md_74_an df6_t_f_brohumyoung_md_75_an df6_t_f_brohumyoung_md_76_an df6_t_f_brohumyoung_md_77_an df6_f_brohumyoung_pd_68_an df6_f_brohumyoung_pd_69_an df6_f_brohumyoung_pd_70_an df6_f_brohumyoung_pd_71_an df6_f_brohumyoung_pd_72_an df6_f_brohumyoung_pd_73_an df6_t_f_brohumyoung_pd_74_an df6_t_f_brohumyoung_pd_75_an df6_t_f_brohumyoung_pd_76_an df6_t_f_brohumyoung_pd_77_an df6_f_brohumyoung_low_68_an df6_f_brohumyoung_low_69_an df6_f_brohumyoung_low_70_an df6_f_brohumyoung_low_71_an df6_f_brohumyoung_low_72_an df6_f_brohumyoung_low_73_an df6_t_f_brohumyoung_low_74_an df6_t_f_brohumyoung_low_75_an df6_t_f_brohumyoung_low_76_an df6_t_f_brohumyoung_low_77_an df6_f_brohumyoung_random_68_an df6_f_brohumyoung_random_69_an df6_f_brohumyoung_random_70_an df6_f_brohumyoung_random_71_an df6_f_brohumyoung_random_72_an df6_f_brohumyoung_random_73_an df6_f_elementalearth2_str_68_an df6_f_elementalearth2_str_69_an df6_f_elementalearth2_str_70_an df6_f_elementalearth2_str_71_an df6_f_elementalearth2_str_72_an df6_f_elementalearth2_str_73_an df6_t_f_elementalearth2_str_74_an df6_t_f_elementalearth2_str_75_an df6_t_f_elementalearth2_str_76_an df6_t_f_elementalearth2_str_77_an df6_f_elementalearth2_str_geno_68_an df6_f_elementalearth2_str_geno_69_an df6_f_elementalearth2_str_geno_70_an df6_f_elementalearth2_str_geno_71_an df6_f_elementalearth2_str_geno_72_an df6_f_elementalearth2_str_geno_73_an df6_f_elementalearth2_md_68_an df6_f_elementalearth2_md_69_an df6_f_elementalearth2_md_70_an df6_f_elementalearth2_md_71_an df6_f_elementalearth2_md_72_an df6_f_elementalearth2_md_73_an df6_t_f_elementalearth2_md_74_an df6_t_f_elementalearth2_md_75_an df6_t_f_elementalearth2_md_76_an df6_t_f_elementalearth2_md_77_an df6_f_elementalearth2_pd_68_an df6_f_elementalearth2_pd_69_an df6_f_elementalearth2_pd_70_an df6_f_elementalearth2_pd_71_an df6_f_elementalearth2_pd_72_an df6_f_elementalearth2_pd_73_an df6_t_f_elementalearth2_pd_74_an df6_t_f_elementalearth2_pd_75_an df6_t_f_elementalearth2_pd_76_an df6_t_f_elementalearth2_pd_77_an df6_f_elementalearth2_low_68_an df6_f_elementalearth2_low_69_an df6_f_elementalearth2_low_70_an df6_f_elementalearth2_low_71_an df6_f_elementalearth2_low_72_an df6_f_elementalearth2_low_73_an df6_t_f_elementalearth2_low_74_an df6_t_f_elementalearth2_low_75_an df6_t_f_elementalearth2_low_76_an df6_t_f_elementalearth2_low_77_an df6_f_elementalearth2_random_68_an df6_f_elementalearth2_random_69_an df6_f_elementalearth2_random_70_an df6_f_elementalearth2_random_71_an df6_f_elementalearth2_random_72_an df6_f_elementalearth2_random_73_an df6_f_manduri_str_68_an df6_f_manduri_str_69_an df6_f_manduri_str_70_an df6_f_manduri_str_71_an df6_f_manduri_str_72_an df6_f_manduri_str_73_an df6_t_f_manduri_str_74_an df6_t_f_manduri_str_75_an df6_t_f_manduri_str_76_an df6_t_f_manduri_str_77_an df6_f_manduri_str_geno_68_an df6_f_manduri_str_geno_69_an df6_f_manduri_str_geno_70_an df6_f_manduri_str_geno_71_an df6_f_manduri_str_geno_72_an df6_f_manduri_str_geno_73_an df6_f_manduri_md_68_an df6_f_manduri_md_69_an df6_f_manduri_md_70_an df6_f_manduri_md_71_an df6_f_manduri_md_72_an df6_f_manduri_md_73_an df6_t_f_manduri_md_74_an df6_t_f_manduri_md_75_an df6_t_f_manduri_md_76_an df6_t_f_manduri_md_77_an df6_f_manduri_pd_68_an df6_f_manduri_pd_69_an df6_f_manduri_pd_70_an df6_f_manduri_pd_71_an df6_f_manduri_pd_72_an df6_f_manduri_pd_73_an df6_t_f_manduri_pd_74_an df6_t_f_manduri_pd_75_an df6_t_f_manduri_pd_76_an df6_t_f_manduri_pd_77_an df6_f_manduri_low_68_an df6_f_manduri_low_69_an df6_f_manduri_low_70_an df6_f_manduri_low_71_an df6_f_manduri_low_72_an df6_f_manduri_low_73_an df6_t_f_manduri_low_74_an df6_t_f_manduri_low_75_an df6_t_f_manduri_low_76_an df6_t_f_manduri_low_77_an df6_f_manduri_random_68_an df6_f_manduri_random_69_an df6_f_manduri_random_70_an df6_f_manduri_random_71_an df6_f_manduri_random_72_an df6_f_manduri_random_73_an
15524,Progress(SECTION_0==0; SECTION_1<30),0,1,30,simpleQuest,10,lf6_ettin_f2_69_n lf6_ettin_f2_70_n lf6_t_ettin_f2_75_n lf6_t_ettin_f2_76_n lf6_t_ettin_f2_77_n lf6_elementalwater4_f2_69_n lf6_elementalwater4_f2_70_n lf6_t_elementalwater4_f2_75_n lf6_t_elementalwater4_f2_76_n lf6_t_elementalwater4_f2_77_n lf6_tesinon_f2_69_d lf6_tesinon_f2_70_d lf6_tesinon_f2_71_d lf6_tesinon_f2_72_d lf6_tesinon_f2_73_d lf6_tesinon_f2_74_d lf6_tesinon_f2_75_d lf6_t_tesinon_f2_77_d lf6_t_tesinon_f2_78_d lf6_t_tesinon_f2_79_d lf6_t_tesinon_f2_80_d lf6_frillfaimam_f2_69_d lf6_frillfaimam_f2_70_d lf6_frillfaimam_f2_71_d lf6_frillfaimam_f2_72_d lf6_frillfaimam_f2_73_d lf6_frillfaimam_f2_74_d lf6_frillfaimam_f2_75_d lf6_t_frillfaimam_f2_77_d lf6_t_frillfaimam_f2_78_d lf6_t_frillfaimam_f2_79_d lf6_t_frillfaimam_f2_80_d lf6_saam_f2_69_d lf6_saam_f2_70_d lf6_saam_f2_71_d lf6_saam_f2_72_d lf6_saam_f2_73_d lf6_saam_f2_74_d lf6_saam_f2_75_d lf6_t_saam_f2_77_d lf6_t_saam_f2_78_d lf6_t_saam_f2_79_d lf6_t_saam_f2_80_d lf6_neuth_f2_69_d lf6_neuth_f2_70_d lf6_neuth_f2_71_d lf6_neuth_f2_72_d lf6_neuth_f2_73_d lf6_neuth_f2_74_d lf6_neuth_f2_75_d lf6_t_neuth_f2_77_d lf6_t_neuth_f2_78_d lf6_t_neuth_f2_79_d lf6_t_neuth_f2_80_d lf6_tesinon_f2_69_d_str lf6_tesinon_f2_70_d_str lf6_tesinon_f2_71_d_str lf6_tesinon_f2_72_d_str lf6_tesinon_f2_73_d_str lf6_tesinon_f2_74_d_str lf6_tesinon_f2_75_d_str lf6_tesinon_f2_69_d_str_geno lf6_tesinon_f2_70_d_str_geno lf6_tesinon_f2_71_d_str_geno lf6_tesinon_f2_72_d_str_geno lf6_tesinon_f2_73_d_str_geno lf6_tesinon_f2_74_d_str_geno lf6_tesinon_f2_75_d_str_geno lf6_tesinon_f2_69_d_md lf6_tesinon_f2_70_d_md lf6_tesinon_f2_71_d_md lf6_tesinon_f2_72_d_md lf6_tesinon_f2_73_d_md lf6_tesinon_f2_74_d_md lf6_tesinon_f2_75_d_md lf6_tesinon_f2_69_d_pd lf6_tesinon_f2_70_d_pd lf6_tesinon_f2_71_d_pd lf6_tesinon_f2_72_d_pd lf6_tesinon_f2_73_d_pd lf6_tesinon_f2_74_d_pd lf6_tesinon_f2_75_d_pd lf6_tesinon_f2_69_d_low lf6_tesinon_f2_70_d_low lf6_tesinon_f2_71_d_low lf6_tesinon_f2_72_d_low lf6_tesinon_f2_73_d_low lf6_tesinon_f2_74_d_low lf6_tesinon_f2_75_d_low lf6_tesinon_f2_69_d_random lf6_tesinon_f2_70_d_random lf6_tesinon_f2_71_d_random lf6_tesinon_f2_72_d_random lf6_tesinon_f2_73_d_random lf6_tesinon_f2_74_d_random lf6_tesinon_f2_75_d_random lf6_t_tesinon_f2_77_d_str lf6_t_tesinon_f2_78_d_str lf6_t_tesinon_f2_79_d_str lf6_t_tesinon_f2_80_d_str lf6_t_tesinon_f2_77_d_md lf6_t_tesinon_f2_78_d_md lf6_t_tesinon_f2_79_d_md lf6_t_tesinon_f2_80_d_md lf6_t_tesinon_f2_77_d_pd lf6_t_tesinon_f2_78_d_pd lf6_t_tesinon_f2_79_d_pd lf6_t_tesinon_f2_80_d_pd lf6_t_tesinon_f2_77_d_low lf6_t_tesinon_f2_78_d_low lf6_t_tesinon_f2_79_d_low lf6_t_tesinon_f2_80_d_low lf6_frillfaimam_f2_69_d_str lf6_frillfaimam_f2_70_d_str lf6_frillfaimam_f2_71_d_str lf6_frillfaimam_f2_72_d_str lf6_frillfaimam_f2_73_d_str lf6_frillfaimam_f2_74_d_str lf6_frillfaimam_f2_75_d_str lf6_frillfaimam_f2_69_d_str_geno lf6_frillfaimam_f2_70_d_str_geno lf6_frillfaimam_f2_71_d_str_geno lf6_frillfaimam_f2_72_d_str_geno lf6_frillfaimam_f2_73_d_str_geno lf6_frillfaimam_f2_74_d_str_geno lf6_frillfaimam_f2_75_d_str_geno lf6_frillfaimam_f2_69_d_md lf6_frillfaimam_f2_70_d_md lf6_frillfaimam_f2_71_d_md lf6_frillfaimam_f2_72_d_md lf6_frillfaimam_f2_73_d_md lf6_frillfaimam_f2_74_d_md lf6_frillfaimam_f2_75_d_md lf6_frillfaimam_f2_69_d_pd lf6_frillfaimam_f2_70_d_pd lf6_frillfaimam_f2_71_d_pd lf6_frillfaimam_f2_72_d_pd lf6_frillfaimam_f2_73_d_pd lf6_frillfaimam_f2_74_d_pd lf6_frillfaimam_f2_75_d_pd lf6_frillfaimam_f2_69_d_low lf6_frillfaimam_f2_70_d_low lf6_frillfaimam_f2_71_d_low lf6_frillfaimam_f2_72_d_low lf6_frillfaimam_f2_73_d_low lf6_frillfaimam_f2_74_d_low lf6_frillfaimam_f2_75_d_low lf6_frillfaimam_f2_69_d_random lf6_frillfaimam_f2_70_d_random lf6_frillfaimam_f2_71_d_random lf6_frillfaimam_f2_72_d_random lf6_frillfaimam_f2_73_d_random lf6_frillfaimam_f2_74_d_random lf6_frillfaimam_f2_75_d_random lf6_t_frillfaimam_f2_77_d_str lf6_t_frillfaimam_f2_78_d_str lf6_t_frillfaimam_f2_79_d_str lf6_t_frillfaimam_f2_80_d_str lf6_t_frillfaimam_f2_77_d_md lf6_t_frillfaimam_f2_78_d_md lf6_t_frillfaimam_f2_79_d_md lf6_t_frillfaimam_f2_80_d_md lf6_t_frillfaimam_f2_77_d_pd lf6_t_frillfaimam_f2_78_d_pd lf6_t_frillfaimam_f2_79_d_pd lf6_t_frillfaimam_f2_80_d_pd lf6_t_frillfaimam_f2_77_d_low lf6_t_frillfaimam_f2_78_d_low lf6_t_frillfaimam_f2_79_d_low lf6_t_frillfaimam_f2_80_d_low lf6_saam_f2_69_d_str lf6_saam_f2_70_d_str lf6_saam_f2_71_d_str lf6_saam_f2_72_d_str lf6_saam_f2_73_d_str lf6_saam_f2_74_d_str lf6_saam_f2_75_d_str lf6_saam_f2_69_d_str_geno lf6_saam_f2_70_d_str_geno lf6_saam_f2_71_d_str_geno lf6_saam_f2_72_d_str_geno lf6_saam_f2_73_d_str_geno lf6_saam_f2_74_d_str_geno lf6_saam_f2_75_d_str_geno lf6_saam_f2_69_d_md lf6_saam_f2_70_d_md lf6_saam_f2_71_d_md lf6_saam_f2_72_d_md lf6_saam_f2_73_d_md lf6_saam_f2_74_d_md lf6_saam_f2_75_d_md lf6_saam_f2_69_d_pd lf6_saam_f2_70_d_pd lf6_saam_f2_71_d_pd lf6_saam_f2_72_d_pd lf6_saam_f2_73_d_pd lf6_saam_f2_74_d_pd lf6_saam_f2_75_d_pd lf6_saam_f2_69_d_low lf6_saam_f2_70_d_low lf6_saam_f2_71_d_low lf6_saam_f2_72_d_low lf6_saam_f2_73_d_low lf6_saam_f2_74_d_low lf6_saam_f2_75_d_low lf6_saam_f2_69_d_random lf6_saam_f2_70_d_random lf6_saam_f2_71_d_random lf6_saam_f2_72_d_random lf6_saam_f2_73_d_random lf6_saam_f2_74_d_random lf6_saam_f2_75_d_random lf6_t_saam_f2_77_d_str lf6_t_saam_f2_78_d_str lf6_t_saam_f2_79_d_str lf6_t_saam_f2_80_d_str lf6_t_saam_f2_77_d_md lf6_t_saam_f2_78_d_md lf6_t_saam_f2_79_d_md lf6_t_saam_f2_80_d_md lf6_t_saam_f2_77_d_pd lf6_t_saam_f2_78_d_pd lf6_t_saam_f2_79_d_pd lf6_t_saam_f2_80_d_pd lf6_t_saam_f2_77_d_low lf6_t_saam_f2_78_d_low lf6_t_saam_f2_79_d_low lf6_t_saam_f2_80_d_low lf6_neuth_f2_69_d_str lf6_neuth_f2_70_d_str lf6_neuth_f2_71_d_str lf6_neuth_f2_72_d_str lf6_neuth_f2_73_d_str lf6_neuth_f2_74_d_str lf6_neuth_f2_75_d_str lf6_neuth_f2_69_d_str_geno lf6_neuth_f2_70_d_str_geno lf6_neuth_f2_71_d_str_geno lf6_neuth_f2_72_d_str_geno lf6_neuth_f2_73_d_str_geno lf6_neuth_f2_74_d_str_geno lf6_neuth_f2_75_d_str_geno lf6_neuth_f2_69_d_md lf6_neuth_f2_70_d_md lf6_neuth_f2_71_d_md lf6_neuth_f2_72_d_md lf6_neuth_f2_73_d_md lf6_neuth_f2_74_d_md lf6_neuth_f2_75_d_md lf6_neuth_f2_69_d_pd lf6_neuth_f2_70_d_pd lf6_neuth_f2_71_d_pd lf6_neuth_f2_72_d_pd lf6_neuth_f2_73_d_pd lf6_neuth_f2_74_d_pd lf6_neuth_f2_75_d_pd lf6_neuth_f2_69_d_low lf6_neuth_f2_70_d_low lf6_neuth_f2_71_d_low lf6_neuth_f2_72_d_low lf6_neuth_f2_73_d_low lf6_neuth_f2_74_d_low lf6_neuth_f2_75_d_low lf6_neuth_f2_69_d_random lf6_neuth_f2_70_d_random lf6_neuth_f2_71_d_random lf6_neuth_f2_72_d_random lf6_neuth_f2_73_d_random lf6_neuth_f2_74_d_random lf6_neuth_f2_75_d_random lf6_t_neuth_f2_77_d_str lf6_t_neuth_f2_78_d_str lf6_t_neuth_f2_79_d_str lf6_t_neuth_f2_80_d_str lf6_t_neuth_f2_77_d_md lf6_t_neuth_f2_78_d_md lf6_t_neuth_f2_79_d_md lf6_t_neuth_f2_80_d_md lf6_t_neuth_f2_77_d_pd lf6_t_neuth_f2_78_d_pd lf6_t_neuth_f2_79_d_pd lf6_t_neuth_f2_80_d_pd lf6_t_neuth_f2_77_d_low lf6_t_neuth_f2_78_d_low lf6_t_neuth_f2_79_d_low lf6_t_neuth_f2_80_d_low
15525,Progress(SECTION_0==0; SECTION_1<30),0,1,30,simpleQuest,11,df6_f2_zaif_69_an df6_f2_zaif_70_an df6_t_f2_zaif_75_an df6_t_f2_zaif_76_an df6_t_f2_zaif_77_an df6_f2_elementalwater4_69_n df6_f2_elementalwater4_70_n df6_t_f2_elementalwater4_75_n df6_t_f2_elementalwater4_76_n df6_t_f2_elementalwater4_77_n df6_f2_sam_69_an df6_f2_sam_70_an df6_t_f2_sam_75_an df6_t_f2_sam_76_an df6_t_f2_sam_77_an df6_f2_tesinon_69_an df6_f2_tesinon_70_an df6_f2_tesinon_71_an df6_f2_tesinon_72_an df6_f2_tesinon_73_an df6_f2_tesinon_74_an df6_f2_tesinon_75_an df6_t_f2_tesinon_77_an df6_t_f2_tesinon_78_an df6_t_f2_tesinon_79_an df6_t_f2_tesinon_80_an df6_f2_frillfaimam_69_an df6_f2_frillfaimam_70_an df6_f2_frillfaimam_71_an df6_f2_frillfaimam_72_an df6_f2_frillfaimam_73_an df6_f2_frillfaimam_74_an df6_f2_frillfaimam_75_an df6_t_f2_frillfaimam_77_an df6_t_f2_frillfaimam_78_an df6_t_f2_frillfaimam_79_an df6_t_f2_frillfaimam_80_an df6_f2_saam_69_an df6_f2_saam_70_an df6_f2_saam_71_an df6_f2_saam_72_an df6_f2_saam_73_an df6_f2_saam_74_an df6_f2_saam_75_an df6_t_f2_saam_77_an df6_t_f2_saam_78_an df6_t_f2_saam_79_an df6_t_f2_saam_80_an df6_f2_drakanworker_fi_69_an df6_f2_drakanworker_fi_70_an df6_f2_drakanworker_fi_71_an df6_f2_drakanworker_fi_72_an df6_f2_drakanworker_fi_73_an df6_f2_drakanworker_fi_74_an df6_f2_drakanworker_fi_75_an df6_t_f2_drakanworker_fi_77_an df6_t_f2_drakanworker_fi_78_an df6_t_f2_drakanworker_fi_79_an df6_t_f2_drakanworker_fi_80_an df6_f2_tesinon_str_69_an df6_f2_tesinon_str_70_an df6_f2_tesinon_str_71_an df6_f2_tesinon_str_72_an df6_f2_tesinon_str_73_an df6_f2_tesinon_str_74_an df6_f2_tesinon_str_75_an df6_f2_tesinon_str_geno_69_an df6_f2_tesinon_str_geno_70_an df6_f2_tesinon_str_geno_71_an df6_f2_tesinon_str_geno_72_an df6_f2_tesinon_str_geno_73_an df6_f2_tesinon_str_geno_74_an df6_f2_tesinon_str_geno_75_an df6_f2_tesinon_md_69_an df6_f2_tesinon_md_70_an df6_f2_tesinon_md_71_an df6_f2_tesinon_md_72_an df6_f2_tesinon_md_73_an df6_f2_tesinon_md_74_an df6_f2_tesinon_md_75_an df6_f2_tesinon_pd_69_an df6_f2_tesinon_pd_70_an df6_f2_tesinon_pd_71_an df6_f2_tesinon_pd_72_an df6_f2_tesinon_pd_73_an df6_f2_tesinon_pd_74_an df6_f2_tesinon_pd_75_an df6_f2_tesinon_low_69_an df6_f2_tesinon_low_70_an df6_f2_tesinon_low_71_an df6_f2_tesinon_low_72_an df6_f2_tesinon_low_73_an df6_f2_tesinon_low_74_an df6_f2_tesinon_low_75_an df6_f2_tesinon_random_69_an df6_f2_tesinon_random_70_an df6_f2_tesinon_random_71_an df6_f2_tesinon_random_72_an df6_f2_tesinon_random_73_an df6_f2_tesinon_random_74_an df6_f2_tesinon_random_75_an df6_t_f2_tesinon_str_77_an df6_t_f2_tesinon_str_78_an df6_t_f2_tesinon_str_79_an df6_t_f2_tesinon_str_80_an df6_t_f2_tesinon_md_77_an df6_t_f2_tesinon_md_78_an df6_t_f2_tesinon_md_79_an df6_t_f2_tesinon_md_80_an df6_t_f2_tesinon_pd_77_an df6_t_f2_tesinon_pd_78_an df6_t_f2_tesinon_pd_79_an df6_t_f2_tesinon_pd_80_an df6_t_f2_tesinon_low_77_an df6_t_f2_tesinon_low_78_an df6_t_f2_tesinon_low_79_an df6_t_f2_tesinon_low_80_an df6_f2_frillfaimam_str_69_an df6_f2_frillfaimam_str_70_an df6_f2_frillfaimam_str_71_an df6_f2_frillfaimam_str_72_an df6_f2_frillfaimam_str_73_an df6_f2_frillfaimam_str_74_an df6_f2_frillfaimam_str_75_an df6_f2_frillfaimam_str_geno_69_an df6_f2_frillfaimam_str_geno_70_an df6_f2_frillfaimam_str_geno_71_an df6_f2_frillfaimam_str_geno_72_an df6_f2_frillfaimam_str_geno_73_an df6_f2_frillfaimam_str_geno_74_an df6_f2_frillfaimam_str_geno_75_an df6_f2_frillfaimam_md_69_an df6_f2_frillfaimam_md_70_an df6_f2_frillfaimam_md_71_an df6_f2_frillfaimam_md_72_an df6_f2_frillfaimam_md_73_an df6_f2_frillfaimam_md_74_an df6_f2_frillfaimam_md_75_an df6_f2_frillfaimam_pd_69_an df6_f2_frillfaimam_pd_70_an df6_f2_frillfaimam_pd_71_an df6_f2_frillfaimam_pd_72_an df6_f2_frillfaimam_pd_73_an df6_f2_frillfaimam_pd_74_an df6_f2_frillfaimam_pd_75_an df6_f2_frillfaimam_low_69_an df6_f2_frillfaimam_low_70_an df6_f2_frillfaimam_low_71_an df6_f2_frillfaimam_low_72_an df6_f2_frillfaimam_low_73_an df6_f2_frillfaimam_low_74_an df6_f2_frillfaimam_low_75_an df6_f2_frillfaimam_random_69_an df6_f2_frillfaimam_random_70_an df6_f2_frillfaimam_random_71_an df6_f2_frillfaimam_random_72_an df6_f2_frillfaimam_random_73_an df6_f2_frillfaimam_random_74_an df6_f2_frillfaimam_random_75_an df6_t_f2_frillfaimam_str_77_an df6_t_f2_frillfaimam_str_78_an df6_t_f2_frillfaimam_str_79_an df6_t_f2_frillfaimam_str_80_an df6_t_f2_frillfaimam_md_77_an df6_t_f2_frillfaimam_md_78_an df6_t_f2_frillfaimam_md_79_an df6_t_f2_frillfaimam_md_80_an df6_t_f2_frillfaimam_pd_77_an df6_t_f2_frillfaimam_pd_78_an df6_t_f2_frillfaimam_pd_79_an df6_t_f2_frillfaimam_pd_80_an df6_t_f2_frillfaimam_low_77_an df6_t_f2_frillfaimam_low_78_an df6_t_f2_frillfaimam_low_79_an df6_t_f2_frillfaimam_low_80_an df6_f2_saam_str_69_an df6_f2_saam_str_70_an df6_f2_saam_str_71_an df6_f2_saam_str_72_an df6_f2_saam_str_73_an df6_f2_saam_str_74_an df6_f2_saam_str_75_an df6_f2_saam_str_geno_69_an df6_f2_saam_str_geno_70_an df6_f2_saam_str_geno_71_an df6_f2_saam_str_geno_72_an df6_f2_saam_str_geno_73_an df6_f2_saam_str_geno_74_an df6_f2_saam_str_geno_75_an df6_f2_saam_md_69_an df6_f2_saam_md_70_an df6_f2_saam_md_71_an df6_f2_saam_md_72_an df6_f2_saam_md_73_an df6_f2_saam_md_74_an df6_f2_saam_md_75_an df6_f2_saam_pd_69_an df6_f2_saam_pd_70_an df6_f2_saam_pd_71_an df6_f2_saam_pd_72_an df6_f2_saam_pd_73_an df6_f2_saam_pd_74_an df6_f2_saam_pd_75_an df6_f2_saam_low_69_an df6_f2_saam_low_70_an df6_f2_saam_low_71_an df6_f2_saam_low_72_an df6_f2_saam_low_73_an df6_f2_saam_low_74_an df6_f2_saam_low_75_an df6_f2_saam_random_69_an df6_f2_saam_random_70_an df6_f2_saam_random_71_an df6_f2_saam_random_72_an df6_f2_saam_random_73_an df6_f2_saam_random_74_an df6_f2_saam_random_75_an df6_t_f2_saam_str_77_an df6_t_f2_saam_str_78_an df6_t_f2_saam_str_79_an df6_t_f2_saam_str_80_an df6_t_f2_saam_md_77_an df6_t_f2_saam_md_78_an df6_t_f2_saam_md_79_an df6_t_f2_saam_md_80_an df6_t_f2_saam_pd_77_an df6_t_f2_saam_pd_78_an df6_t_f2_saam_pd_79_an df6_t_f2_saam_pd_80_an df6_t_f2_saam_low_77_an df6_t_f2_saam_low_78_an df6_t_f2_saam_low_79_an df6_t_f2_saam_low_80_an df6_f2_drakanworker_fi_str_69_an df6_f2_drakanworker_fi_str_70_an df6_f2_drakanworker_fi_str_71_an df6_f2_drakanworker_fi_str_72_an df6_f2_drakanworker_fi_str_73_an df6_f2_drakanworker_fi_str_74_an df6_f2_drakanworker_fi_str_75_an df6_f2_drakanworker_fi_str_geno_69_an df6_f2_drakanworker_fi_str_geno_70_an df6_f2_drakanworker_fi_str_geno_71_an df6_f2_drakanworker_fi_str_geno_72_an df6_f2_drakanworker_fi_str_geno_73_an df6_f2_drakanworker_fi_str_geno_74_an df6_f2_drakanworker_fi_str_geno_75_an df6_f2_drakanworker_fi_md_69_an df6_f2_drakanworker_fi_md_70_an df6_f2_drakanworker_fi_md_71_an df6_f2_drakanworker_fi_md_72_an df6_f2_drakanworker_fi_md_73_an df6_f2_drakanworker_fi_md_74_an df6_f2_drakanworker_fi_md_75_an df6_f2_drakanworker_fi_pd_69_an df6_f2_drakanworker_fi_pd_70_an df6_f2_drakanworker_fi_pd_71_an df6_f2_drakanworker_fi_pd_72_an df6_f2_drakanworker_fi_pd_73_an df6_f2_drakanworker_fi_pd_74_an df6_f2_drakanworker_fi_pd_75_an df6_f2_drakanworker_fi_low_69_an df6_f2_drakanworker_fi_low_70_an df6_f2_drakanworker_fi_low_71_an df6_f2_drakanworker_fi_low_72_an df6_f2_drakanworker_fi_low_73_an df6_f2_drakanworker_fi_low_74_an df6_f2_drakanworker_fi_low_75_an df6_f2_drakanworker_fi_random_69_an df6_f2_drakanworker_fi_random_70_an df6_f2_drakanworker_fi_random_71_an df6_f2_drakanworker_fi_random_72_an df6_f2_drakanworker_fi_random_73_an df6_f2_drakanworker_fi_random_74_an df6_f2_drakanworker_fi_random_75_an df6_t_f2_drakanworker_fi_str_77_an df6_t_f2_drakanworker_fi_str_78_an df6_t_f2_drakanworker_fi_str_79_an df6_t_f2_drakanworker_fi_str_80_an df6_t_f2_drakanworker_fi_md_77_an df6_t_f2_drakanworker_fi_md_78_an df6_t_f2_drakanworker_fi_md_79_an df6_t_f2_drakanworker_fi_md_80_an df6_t_f2_drakanworker_fi_pd_77_an df6_t_f2_drakanworker_fi_pd_78_an df6_t_f2_drakanworker_fi_pd_79_an df6_t_f2_drakanworker_fi_pd_80_an df6_t_f2_drakanworker_fi_low_77_an df6_t_f2_drakanworker_fi_low_78_an df6_t_f2_drakanworker_fi_low_79_an df6_t_f2_drakanworker_fi_low_80_an
15527,Progress(SECTION_0==0; SECTION_1<30),0,1,30,simpleQuest,25,lf6_octaside_red_g_67_n lf6_octaside_red_g_68_n lf6_t_octaside_red_g_69_n lf6_t_octaside_red_g_70_n lf6_t_octaside_red_g_71_n lf6_element_earth2re_g_67_n lf6_element_earth2re_g_68_n lf6_t_element_earth2re_g_69_n lf6_t_element_earth2re_g_70_n lf6_t_element_earth2re_g_71_n lf6_mosbear_g_67_n lf6_mosbear_g_68_n lf6_t_mosbear_g_69_n lf6_t_mosbear_g_70_n lf6_t_mosbear_g_71_n lf6_g_flowerworm_67_an lf6_g_flowerworm_68_an lf6_t_g_flowerworm_69_an lf6_t_g_flowerworm_70_an lf6_t_g_flowerworm_71_an lf6_kuillus_g_67_d lf6_kuillus_g_68_d lf6_kuillus_g_69_d lf6_kuillus_g_70_d lf6_kuillus_g_71_d lf6_t_kuillus_g_71_d lf6_t_kuillus_g_72_d lf6_t_kuillus_g_73_d lf6_t_kuillus_g_74_d lf6_babymosbear_g_67_d lf6_babymosbear_g_68_d lf6_babymosbear_g_69_d lf6_babymosbear_g_70_d lf6_babymosbear_g_71_d lf6_t_babymosbear_g_71_d lf6_t_babymosbear_g_72_d lf6_t_babymosbear_g_73_d lf6_t_babymosbear_g_74_d lf6_lizardman_pr_g_67_d lf6_lizardman_pr_g_68_d lf6_lizardman_pr_g_69_d lf6_lizardman_pr_g_70_d lf6_lizardman_pr_g_71_d lf6_t_lizardman_pr_g_71_d lf6_t_lizardman_pr_g_72_d lf6_t_lizardman_pr_g_73_d lf6_t_lizardman_pr_g_74_d lf6_kuillus_g_67_d_str lf6_kuillus_g_68_d_str lf6_kuillus_g_69_d_str lf6_kuillus_g_70_d_str lf6_kuillus_g_71_d_str lf6_t_kuillus_g_71_d_str lf6_t_kuillus_g_72_d_str lf6_t_kuillus_g_73_d_str lf6_t_kuillus_g_74_d_str lf6_kuillus_g_67_d_str_geno lf6_kuillus_g_68_d_str_geno lf6_kuillus_g_69_d_str_geno lf6_kuillus_g_70_d_str_geno lf6_kuillus_g_71_d_str_geno lf6_kuillus_g_67_d_md lf6_kuillus_g_68_d_md lf6_kuillus_g_69_d_md lf6_kuillus_g_70_d_md lf6_kuillus_g_71_d_md lf6_t_kuillus_g_71_d_md lf6_t_kuillus_g_72_d_md lf6_t_kuillus_g_73_d_md lf6_t_kuillus_g_74_d_md lf6_kuillus_g_67_d_pd lf6_kuillus_g_68_d_pd lf6_kuillus_g_69_d_pd lf6_kuillus_g_70_d_pd lf6_kuillus_g_71_d_pd lf6_t_kuillus_g_71_d_pd lf6_t_kuillus_g_72_d_pd lf6_t_kuillus_g_73_d_pd lf6_t_kuillus_g_74_d_pd lf6_kuillus_g_67_d_low lf6_kuillus_g_68_d_low lf6_kuillus_g_69_d_low lf6_kuillus_g_70_d_low lf6_kuillus_g_71_d_low lf6_t_kuillus_g_71_d_low lf6_t_kuillus_g_72_d_low lf6_t_kuillus_g_73_d_low lf6_t_kuillus_g_74_d_low lf6_kuillus_g_67_d_random lf6_kuillus_g_68_d_random lf6_kuillus_g_69_d_random lf6_kuillus_g_70_d_random lf6_kuillus_g_71_d_random lf6_babymosbear_g_67_d_str lf6_babymosbear_g_68_d_str lf6_babymosbear_g_69_d_str lf6_babymosbear_g_70_d_str lf6_babymosbear_g_71_d_str lf6_t_babymosbear_g_71_d_str lf6_t_babymosbear_g_72_d_str lf6_t_babymosbear_g_73_d_str lf6_t_babymosbear_g_74_d_str lf6_babymosbear_g_67_d_str_geno lf6_babymosbear_g_68_d_str_geno lf6_babymosbear_g_69_d_str_geno lf6_babymosbear_g_70_d_str_geno lf6_babymosbear_g_71_d_str_geno lf6_babymosbear_g_67_d_md lf6_babymosbear_g_68_d_md lf6_babymosbear_g_69_d_md lf6_babymosbear_g_70_d_md lf6_babymosbear_g_71_d_md lf6_t_babymosbear_g_71_d_md lf6_t_babymosbear_g_72_d_md lf6_t_babymosbear_g_73_d_md lf6_t_babymosbear_g_74_d_md lf6_babymosbear_g_67_d_pd lf6_babymosbear_g_68_d_pd lf6_babymosbear_g_69_d_pd lf6_babymosbear_g_70_d_pd lf6_babymosbear_g_71_d_pd lf6_t_babymosbear_g_71_d_pd lf6_t_babymosbear_g_72_d_pd lf6_t_babymosbear_g_73_d_pd lf6_t_babymosbear_g_74_d_pd lf6_babymosbear_g_67_d_low lf6_babymosbear_g_68_d_low lf6_babymosbear_g_69_d_low lf6_babymosbear_g_70_d_low lf6_babymosbear_g_71_d_low lf6_t_babymosbear_g_71_d_low lf6_t_babymosbear_g_72_d_low lf6_t_babymosbear_g_73_d_low lf6_t_babymosbear_g_74_d_low lf6_babymosbear_g_67_d_random lf6_babymosbear_g_68_d_random lf6_babymosbear_g_69_d_random lf6_babymosbear_g_70_d_random lf6_babymosbear_g_71_d_random lf6_lizardman_pr_g_67_d_str lf6_lizardman_pr_g_68_d_str lf6_lizardman_pr_g_69_d_str lf6_lizardman_pr_g_70_d_str lf6_lizardman_pr_g_71_d_str lf6_t_lizardman_pr_g_71_d_str lf6_t_lizardman_pr_g_72_d_str lf6_t_lizardman_pr_g_73_d_str lf6_t_lizardman_pr_g_74_d_str lf6_lizardman_pr_g_67_d_str_geno lf6_lizardman_pr_g_68_d_str_geno lf6_lizardman_pr_g_69_d_str_geno lf6_lizardman_pr_g_70_d_str_geno lf6_lizardman_pr_g_71_d_str_geno lf6_lizardman_pr_g_67_d_md lf6_lizardman_pr_g_68_d_md lf6_lizardman_pr_g_69_d_md lf6_lizardman_pr_g_70_d_md lf6_lizardman_pr_g_71_d_md lf6_t_lizardman_pr_g_71_d_md lf6_t_lizardman_pr_g_72_d_md lf6_t_lizardman_pr_g_73_d_md lf6_t_lizardman_pr_g_74_d_md lf6_lizardman_pr_g_67_d_pd lf6_lizardman_pr_g_68_d_pd lf6_lizardman_pr_g_69_d_pd lf6_lizardman_pr_g_70_d_pd lf6_lizardman_pr_g_71_d_pd lf6_t_lizardman_pr_g_71_d_pd lf6_t_lizardman_pr_g_72_d_pd lf6_t_lizardman_pr_g_73_d_pd lf6_t_lizardman_pr_g_74_d_pd lf6_lizardman_pr_g_67_d_low lf6_lizardman_pr_g_68_d_low lf6_lizardman_pr_g_69_d_low lf6_lizardman_pr_g_70_d_low lf6_lizardman_pr_g_71_d_low lf6_t_lizardman_pr_g_71_d_low lf6_t_lizardman_pr_g_72_d_low lf6_t_lizardman_pr_g_73_d_low lf6_t_lizardman_pr_g_74_d_low lf6_lizardman_pr_g_67_d_random lf6_lizardman_pr_g_68_d_random lf6_lizardman_pr_g_69_d_random lf6_lizardman_pr_g_70_d_random lf6_lizardman_pr_g_71_d_random
15528,Progress(SECTION_0==0; SECTION_1<30),0,1,30,simpleQuest,25,df6_g_driton_67_n df6_g_driton_68_n df6_t_g_driton_69_n df6_t_g_driton_70_n df6_t_g_driton_71_n df6_g_comade_67_an df6_g_comade_68_an df6_t_g_comade_69_an df6_t_g_comade_70_an df6_t_g_comade_71_an df6_g_cyclops_67_an df6_g_cyclops_68_an df6_t_g_cyclops_69_an df6_t_g_cyclops_70_an df6_t_g_cyclops_71_an df6_g_dionaea_67_an df6_g_dionaea_68_an df6_t_g_dionaea_69_an df6_t_g_dionaea_70_an df6_t_g_dionaea_71_an df6_g_nagamage_67_an df6_g_nagamage_68_an df6_g_nagamage_69_an df6_g_nagamage_70_an df6_g_nagamage_71_an df6_t_g_nagamage_71_an df6_t_g_nagamage_72_an df6_t_g_nagamage_73_an df6_t_g_nagamage_74_an df6_g_cellatu_67_an df6_g_cellatu_68_an df6_g_cellatu_69_an df6_g_cellatu_70_an df6_g_cellatu_71_an df6_t_g_cellatu_71_an df6_t_g_cellatu_72_an df6_t_g_cellatu_73_an df6_t_g_cellatu_74_an df6_g_brax_67_n df6_g_brax_68_n df6_g_brax_69_n df6_g_brax_70_n df6_g_brax_71_n df6_t_g_brax_71_n df6_t_g_brax_72_n df6_t_g_brax_73_n df6_t_g_brax_74_n df6_g_anagamage_str_67_an df6_g_anagamage_str_68_an df6_g_anagamage_str_69_an df6_g_anagamage_str_70_an df6_g_anagamage_str_71_an df6_t_g_anagamage_str_71_an df6_t_g_anagamage_str_72_an df6_t_g_anagamage_str_73_an df6_t_g_anagamage_str_74_an df6_g_anagamage_str_geno_67_an df6_g_anagamage_str_geno_68_an df6_g_anagamage_str_geno_69_an df6_g_anagamage_str_geno_70_an df6_g_anagamage_str_geno_71_an df6_g_anagamage_md_67_an df6_g_anagamage_md_68_an df6_g_anagamage_md_69_an df6_g_anagamage_md_70_an df6_g_anagamage_md_71_an df6_t_g_anagamage_md_71_an df6_t_g_anagamage_md_72_an df6_t_g_anagamage_md_73_an df6_t_g_anagamage_md_74_an df6_g_anagamage_pd_67_an df6_g_anagamage_pd_68_an df6_g_anagamage_pd_69_an df6_g_anagamage_pd_70_an df6_g_anagamage_pd_71_an df6_t_g_anagamage_pd_71_an df6_t_g_anagamage_pd_72_an df6_t_g_anagamage_pd_73_an df6_t_g_anagamage_pd_74_an df6_g_anagamage_low_67_an df6_g_anagamage_low_68_an df6_g_anagamage_low_69_an df6_g_anagamage_low_70_an df6_g_anagamage_low_71_an df6_t_g_anagamage_low_71_an df6_t_g_anagamage_low_72_an df6_t_g_anagamage_low_73_an df6_t_g_anagamage_low_74_an df6_g_anagamage_random_67_an df6_g_anagamage_random_68_an df6_g_anagamage_random_69_an df6_g_anagamage_random_70_an df6_g_anagamage_random_71_an df6_g_cellatu_str_67_an df6_g_cellatu_str_68_an df6_g_cellatu_str_69_an df6_g_cellatu_str_70_an df6_g_cellatu_str_71_an df6_t_g_cellatu_str_71_an df6_t_g_cellatu_str_72_an df6_t_g_cellatu_str_73_an df6_t_g_cellatu_str_74_an df6_g_cellatu_str_geno_67_an df6_g_cellatu_str_geno_68_an df6_g_cellatu_str_geno_69_an df6_g_cellatu_str_geno_70_an df6_g_cellatu_str_geno_71_an df6_g_cellatu_md_67_an df6_g_cellatu_md_68_an df6_g_cellatu_md_69_an df6_g_cellatu_md_70_an df6_g_cellatu_md_71_an df6_t_g_cellatu_md_71_an df6_t_g_cellatu_md_72_an df6_t_g_cellatu_md_73_an df6_t_g_cellatu_md_74_an df6_g_cellatu_pd_67_an df6_g_cellatu_pd_68_an df6_g_cellatu_pd_69_an df6_g_cellatu_pd_70_an df6_g_cellatu_pd_71_an df6_t_g_cellatu_pd_71_an df6_t_g_cellatu_pd_72_an df6_t_g_cellatu_pd_73_an df6_t_g_cellatu_pd_74_an df6_g_cellatu_low_67_an df6_g_cellatu_low_68_an df6_g_cellatu_low_69_an df6_g_cellatu_low_70_an df6_g_cellatu_low_71_an df6_t_g_cellatu_low_71_an df6_t_g_cellatu_low_72_an df6_t_g_cellatu_low_73_an df6_t_g_cellatu_low_74_an df6_g_cellatu_random_67_an df6_g_cellatu_random_68_an df6_g_cellatu_random_69_an df6_g_cellatu_random_70_an df6_g_cellatu_random_71_an df6_g_brax_str_67_an df6_g_brax_str_68_an df6_g_brax_str_69_an df6_g_brax_str_70_an df6_g_brax_str_71_an df6_t_g_brax_str_71_an df6_t_g_brax_str_72_an df6_t_g_brax_str_73_an df6_t_g_brax_str_74_an df6_g_brax_str_geno_67_an df6_g_brax_str_geno_68_an df6_g_brax_str_geno_69_an df6_g_brax_str_geno_70_an df6_g_brax_str_geno_71_an df6_g_brax_md_67_an df6_g_brax_md_68_an df6_g_brax_md_69_an df6_g_brax_md_70_an df6_g_brax_md_71_an df6_t_g_brax_md_71_an df6_t_g_brax_md_72_an df6_t_g_brax_md_73_an df6_t_g_brax_md_74_an df6_g_brax_pd_67_an df6_g_brax_pd_68_an df6_g_brax_pd_69_an df6_g_brax_pd_70_an df6_g_brax_pd_71_an df6_t_g_brax_pd_71_an df6_t_g_brax_pd_72_an df6_t_g_brax_pd_73_an df6_t_g_brax_pd_74_an df6_g_brax_low_67_an df6_g_brax_low_68_an df6_g_brax_low_69_an df6_g_brax_low_70_an df6_g_brax_low_71_an df6_t_g_brax_low_71_an df6_t_g_brax_low_72_an df6_t_g_brax_low_73_an df6_t_g_brax_low_74_an df6_g_brax_random_67_an df6_g_brax_random_68_an df6_g_brax_random_69_an df6_g_brax_random_70_an df6_g_brax_random_71_an
15529,Progress(SECTION_0==0; SECTION_1<10),0,1,10,simpleQuest,1,lf6_fobj_birds_nest_q15529a
15530,Progress(SECTION_0==0; SECTION_1<30),0,1,30,simpleQuest,16,lf6_t_scorpion_h_72_n lf6_t_scorpion_h_73_n lf6_t_scorpion_h_74_n lf6_h_flowerworm_68_an lf6_h_flowerworm_69_an lf6_t_h_flowerworm_72_an lf6_t_h_flowerworm_73_an lf6_t_h_flowerworm_74_an lf6_krall_fi_h_68_d lf6_krall_fi_h_69_d lf6_krall_fi_h_70_d lf6_krall_fi_h_71_d lf6_krall_fi_h_72_d lf6_krall_fi_h_73_d lf6_t_krall_fi_h_74_d lf6_t_krall_fi_h_75_d lf6_t_krall_fi_h_76_d lf6_t_krall_fi_h_77_d lf6_krall_as_h_68_d lf6_krall_as_h_69_d lf6_krall_as_h_70_d lf6_krall_as_h_71_d lf6_krall_as_h_72_d lf6_krall_as_h_73_d lf6_t_krall_as_h_74_d lf6_t_krall_as_h_75_d lf6_t_krall_as_h_76_d lf6_t_krall_as_h_77_d lf6_krall_pr_h_68_d lf6_krall_pr_h_69_d lf6_krall_pr_h_70_d lf6_krall_pr_h_71_d lf6_krall_pr_h_72_d lf6_krall_pr_h_73_d lf6_t_krall_pr_h_74_d lf6_t_krall_pr_h_75_d lf6_t_krall_pr_h_76_d lf6_t_krall_pr_h_77_d lf6_krall_ra_h2_68_d lf6_krall_ra_h2_69_d lf6_krall_ra_h2_70_d lf6_krall_ra_h2_71_d lf6_krall_ra_h2_72_d lf6_krall_ra_h2_73_d lf6_t_krall_ra_h2_74_d lf6_t_krall_ra_h2_75_d lf6_t_krall_ra_h2_76_d lf6_t_krall_ra_h2_77_d lf6_krall_fi_h_68_d_str lf6_krall_fi_h_69_d_str lf6_krall_fi_h_70_d_str lf6_krall_fi_h_71_d_str lf6_krall_fi_h_72_d_str lf6_krall_fi_h_73_d_str lf6_krall_fi_h_68_d_str_geno lf6_krall_fi_h_69_d_str_geno lf6_krall_fi_h_70_d_str_geno lf6_krall_fi_h_71_d_str_geno lf6_krall_fi_h_72_d_str_geno lf6_krall_fi_h_73_d_str_geno lf6_krall_fi_h_68_d_md lf6_krall_fi_h_69_d_md lf6_krall_fi_h_70_d_md lf6_krall_fi_h_71_d_md lf6_krall_fi_h_72_d_md lf6_krall_fi_h_73_d_md lf6_krall_fi_h_68_d_pd lf6_krall_fi_h_69_d_pd lf6_krall_fi_h_70_d_pd lf6_krall_fi_h_71_d_pd lf6_krall_fi_h_72_d_pd lf6_krall_fi_h_73_d_pd lf6_krall_fi_h_68_d_low lf6_krall_fi_h_69_d_low lf6_krall_fi_h_70_d_low lf6_krall_fi_h_71_d_low lf6_krall_fi_h_72_d_low lf6_krall_fi_h_73_d_low lf6_krall_fi_h_68_d_random lf6_krall_fi_h_69_d_random lf6_krall_fi_h_70_d_random lf6_krall_fi_h_71_d_random lf6_krall_fi_h_72_d_random lf6_krall_fi_h_73_d_random lf6_t_krall_fi_h_74_d_str lf6_t_krall_fi_h_75_d_str lf6_t_krall_fi_h_76_d_str lf6_t_krall_fi_h_77_d_str lf6_t_krall_fi_h_74_d_md lf6_t_krall_fi_h_75_d_md lf6_t_krall_fi_h_76_d_md lf6_t_krall_fi_h_77_d_md lf6_t_krall_fi_h_74_d_pd lf6_t_krall_fi_h_75_d_pd lf6_t_krall_fi_h_76_d_pd lf6_t_krall_fi_h_77_d_pd lf6_t_krall_fi_h_74_d_low lf6_t_krall_fi_h_75_d_low lf6_t_krall_fi_h_76_d_low lf6_t_krall_fi_h_77_d_low lf6_krall_ra_h2_68_d_str lf6_krall_ra_h2_69_d_str lf6_krall_ra_h2_70_d_str lf6_krall_ra_h2_71_d_str lf6_krall_ra_h2_72_d_str lf6_krall_ra_h2_73_d_str lf6_krall_ra_h2_68_d_str_geno lf6_krall_ra_h2_69_d_str_geno lf6_krall_ra_h2_70_d_str_geno lf6_krall_ra_h2_71_d_str_geno lf6_krall_ra_h2_72_d_str_geno lf6_krall_ra_h2_73_d_str_geno lf6_krall_ra_h2_68_d_md lf6_krall_ra_h2_69_d_md lf6_krall_ra_h2_70_d_md lf6_krall_ra_h2_71_d_md lf6_krall_ra_h2_72_d_md lf6_krall_ra_h2_73_d_md lf6_krall_ra_h2_68_d_pd lf6_krall_ra_h2_69_d_pd lf6_krall_ra_h2_70_d_pd lf6_krall_ra_h2_71_d_pd lf6_krall_ra_h2_72_d_pd lf6_krall_ra_h2_73_d_pd lf6_krall_ra_h2_68_d_low lf6_krall_ra_h2_69_d_low lf6_krall_ra_h2_70_d_low lf6_krall_ra_h2_71_d_low lf6_krall_ra_h2_72_d_low lf6_krall_ra_h2_73_d_low lf6_krall_ra_h2_68_d_random lf6_krall_ra_h2_69_d_random lf6_krall_ra_h2_70_d_random lf6_krall_ra_h2_71_d_random lf6_krall_ra_h2_72_d_random lf6_krall_ra_h2_73_d_random lf6_t_krall_ra_h2_74_d_str lf6_t_krall_ra_h2_75_d_str lf6_t_krall_ra_h2_76_d_str lf6_t_krall_ra_h2_77_d_str lf6_t_krall_ra_h2_74_d_md lf6_t_krall_ra_h2_75_d_md lf6_t_krall_ra_h2_76_d_md lf6_t_krall_ra_h2_77_d_md lf6_t_krall_ra_h2_74_d_pd lf6_t_krall_ra_h2_75_d_pd lf6_t_krall_ra_h2_76_d_pd lf6_t_krall_ra_h2_77_d_pd lf6_t_krall_ra_h2_74_d_low lf6_t_krall_ra_h2_75_d_low lf6_t_krall_ra_h2_76_d_low lf6_t_krall_ra_h2_77_d_low lf6_krall_as_h_68_d_str lf6_krall_as_h_69_d_str lf6_krall_as_h_70_d_str lf6_krall_as_h_71_d_str lf6_krall_as_h_72_d_str lf6_krall_as_h_73_d_str lf6_krall_as_h_68_d_str_geno lf6_krall_as_h_69_d_str_geno lf6_krall_as_h_70_d_str_geno lf6_krall_as_h_71_d_str_geno lf6_krall_as_h_72_d_str_geno lf6_krall_as_h_73_d_str_geno lf6_krall_as_h_68_d_md lf6_krall_as_h_69_d_md lf6_krall_as_h_70_d_md lf6_krall_as_h_71_d_md lf6_krall_as_h_72_d_md lf6_krall_as_h_73_d_md lf6_krall_as_h_68_d_pd lf6_krall_as_h_69_d_pd lf6_krall_as_h_70_d_pd lf6_krall_as_h_71_d_pd lf6_krall_as_h_72_d_pd lf6_krall_as_h_73_d_pd lf6_krall_as_h_68_d_low lf6_krall_as_h_69_d_low lf6_krall_as_h_70_d_low lf6_krall_as_h_71_d_low lf6_krall_as_h_72_d_low lf6_krall_as_h_73_d_low lf6_krall_as_h_68_d_random lf6_krall_as_h_69_d_random lf6_krall_as_h_70_d_random lf6_krall_as_h_71_d_random lf6_krall_as_h_72_d_random lf6_krall_as_h_73_d_random lf6_t_krall_as_h_74_d_str lf6_t_krall_as_h_75_d_str lf6_t_krall_as_h_76_d_str lf6_t_krall_as_h_77_d_str lf6_t_krall_as_h_74_d_md lf6_t_krall_as_h_75_d_md lf6_t_krall_as_h_76_d_md lf6_t_krall_as_h_77_d_md lf6_t_krall_as_h_74_d_pd lf6_t_krall_as_h_75_d_pd lf6_t_krall_as_h_76_d_pd lf6_t_krall_as_h_77_d_pd lf6_t_krall_as_h_74_d_low lf6_t_krall_as_h_75_d_low lf6_t_krall_as_h_76_d_low lf6_t_krall_as_h_77_d_low lf6_krall_pr_h_68_d_str lf6_krall_pr_h_69_d_str lf6_krall_pr_h_70_d_str lf6_krall_pr_h_71_d_str lf6_krall_pr_h_72_d_str lf6_krall_pr_h_73_d_str lf6_krall_pr_h_68_d_str_geno lf6_krall_pr_h_69_d_str_geno lf6_krall_pr_h_70_d_str_geno lf6_krall_pr_h_71_d_str_geno lf6_krall_pr_h_72_d_str_geno lf6_krall_pr_h_73_d_str_geno lf6_krall_pr_h_68_d_md lf6_krall_pr_h_69_d_md lf6_krall_pr_h_70_d_md lf6_krall_pr_h_71_d_md lf6_krall_pr_h_72_d_md lf6_krall_pr_h_73_d_md lf6_krall_pr_h_68_d_pd lf6_krall_pr_h_69_d_pd lf6_krall_pr_h_70_d_pd lf6_krall_pr_h_71_d_pd lf6_krall_pr_h_72_d_pd lf6_krall_pr_h_73_d_pd lf6_krall_pr_h_68_d_low lf6_krall_pr_h_69_d_low lf6_krall_pr_h_70_d_low lf6_krall_pr_h_71_d_low lf6_krall_pr_h_72_d_low lf6_krall_pr_h_73_d_low lf6_krall_pr_h_68_d_random lf6_krall_pr_h_69_d_random lf6_krall_pr_h_70_d_random lf6_krall_pr_h_71_d_random lf6_krall_pr_h_72_d_random lf6_krall_pr_h_73_d_random lf6_t_krall_pr_h_74_d_str lf6_t_krall_pr_h_75_d_str lf6_t_krall_pr_h_76_d_str lf6_t_krall_pr_h_77_d_str lf6_t_krall_pr_h_74_d_md lf6_t_krall_pr_h_75_d_md lf6_t_krall_pr_h_76_d_md lf6_t_krall_pr_h_77_d_md lf6_t_krall_pr_h_74_d_pd lf6_t_krall_pr_h_75_d_pd lf6_t_krall_pr_h_76_d_pd lf6_t_krall_pr_h_77_d_pd lf6_t_krall_pr_h_74_d_low lf6_t_krall_pr_h_75_d_low lf6_t_krall_pr_h_76_d_low lf6_t_krall_pr_h_77_d_low lf6_browniem_fi_h2_68_d lf6_browniem_fi_h2_69_d lf6_browniem_fi_h2_70_d lf6_browniem_fi_h2_71_d lf6_browniem_fi_h2_72_d lf6_browniem_fi_h2_73_d lf6_t_browniem_fi_h2_74_d lf6_t_browniem_fi_h2_75_d lf6_t_browniem_fi_h2_76_d lf6_t_browniem_fi_h2_77_d lf6_brownief_ch_h2_68_d lf6_brownief_ch_h2_69_d lf6_brownief_ch_h2_70_d lf6_brownief_ch_h2_71_d lf6_brownief_ch_h2_72_d lf6_brownief_ch_h2_73_d lf6_t_brownief_ch_h2_74_d lf6_t_brownief_ch_h2_75_d lf6_t_brownief_ch_h2_76_d lf6_t_brownief_ch_h2_77_d lf6_brownief_fi_h2_68_d lf6_brownief_fi_h2_69_d lf6_brownief_fi_h2_70_d lf6_brownief_fi_h2_71_d lf6_brownief_fi_h2_72_d lf6_brownief_fi_h2_73_d lf6_t_brownief_fi_h2_74_d lf6_t_brownief_fi_h2_75_d lf6_t_brownief_fi_h2_76_d lf6_t_brownief_fi_h2_77_d lf6_brownief_fi_h2_68_d_str lf6_brownief_fi_h2_69_d_str lf6_brownief_fi_h2_70_d_str lf6_brownief_fi_h2_71_d_str lf6_brownief_fi_h2_72_d_str lf6_brownief_fi_h2_73_d_str lf6_brownief_fi_h2_68_d_str_geno lf6_brownief_fi_h2_69_d_str_geno lf6_brownief_fi_h2_70_d_str_geno lf6_brownief_fi_h2_71_d_str_geno lf6_brownief_fi_h2_72_d_str_geno lf6_brownief_fi_h2_73_d_str_geno lf6_brownief_fi_h2_68_d_md lf6_brownief_fi_h2_69_d_md lf6_brownief_fi_h2_70_d_md lf6_brownief_fi_h2_71_d_md lf6_brownief_fi_h2_72_d_md lf6_brownief_fi_h2_73_d_md lf6_brownief_fi_h2_68_d_pd lf6_brownief_fi_h2_69_d_pd lf6_brownief_fi_h2_70_d_pd lf6_brownief_fi_h2_71_d_pd lf6_brownief_fi_h2_72_d_pd lf6_brownief_fi_h2_73_d_pd lf6_brownief_fi_h2_68_d_low lf6_brownief_fi_h2_69_d_low lf6_brownief_fi_h2_70_d_low lf6_brownief_fi_h2_71_d_low lf6_brownief_fi_h2_72_d_low lf6_brownief_fi_h2_73_d_low lf6_brownief_fi_h2_68_d_random lf6_brownief_fi_h2_69_d_random lf6_brownief_fi_h2_70_d_random lf6_brownief_fi_h2_71_d_random lf6_brownief_fi_h2_72_d_random lf6_brownief_fi_h2_73_d_random lf6_t_brownief_fi_h2_74_d_str lf6_t_brownief_fi_h2_75_d_str lf6_t_brownief_fi_h2_76_d_str lf6_t_brownief_fi_h2_77_d_str lf6_t_brownief_fi_h2_74_d_md lf6_t_brownief_fi_h2_75_d_md lf6_t_brownief_fi_h2_76_d_md lf6_t_brownief_fi_h2_77_d_md lf6_t_brownief_fi_h2_74_d_pd lf6_t_brownief_fi_h2_75_d_pd lf6_t_brownief_fi_h2_76_d_pd lf6_t_brownief_fi_h2_77_d_pd lf6_t_brownief_fi_h2_74_d_low lf6_t_brownief_fi_h2_75_d_low lf6_t_brownief_fi_h2_76_d_low lf6_t_brownief_fi_h2_77_d_low lf6_browniem_fi_h2_68_d_str lf6_browniem_fi_h2_69_d_str lf6_browniem_fi_h2_70_d_str lf6_browniem_fi_h2_71_d_str lf6_browniem_fi_h2_72_d_str lf6_browniem_fi_h2_73_d_str lf6_browniem_fi_h2_68_d_str_geno lf6_browniem_fi_h2_69_d_str_geno lf6_browniem_fi_h2_70_d_str_geno lf6_browniem_fi_h2_71_d_str_geno lf6_browniem_fi_h2_72_d_str_geno lf6_browniem_fi_h2_73_d_str_geno lf6_browniem_fi_h2_68_d_md lf6_browniem_fi_h2_69_d_md lf6_browniem_fi_h2_70_d_md lf6_browniem_fi_h2_71_d_md lf6_browniem_fi_h2_72_d_md lf6_browniem_fi_h2_73_d_md lf6_browniem_fi_h2_68_d_pd lf6_browniem_fi_h2_69_d_pd lf6_browniem_fi_h2_70_d_pd lf6_browniem_fi_h2_71_d_pd lf6_browniem_fi_h2_72_d_pd lf6_browniem_fi_h2_73_d_pd lf6_browniem_fi_h2_68_d_low lf6_browniem_fi_h2_69_d_low lf6_browniem_fi_h2_70_d_low lf6_browniem_fi_h2_71_d_low lf6_browniem_fi_h2_72_d_low lf6_browniem_fi_h2_73_d_low lf6_browniem_fi_h2_68_d_random lf6_browniem_fi_h2_69_d_random lf6_browniem_fi_h2_70_d_random lf6_browniem_fi_h2_71_d_random lf6_browniem_fi_h2_72_d_random lf6_browniem_fi_h2_73_d_random lf6_t_browniem_fi_h2_74_d_str lf6_t_browniem_fi_h2_75_d_str lf6_t_browniem_fi_h2_76_d_str lf6_t_browniem_fi_h2_77_d_str lf6_t_browniem_fi_h2_74_d_md lf6_t_browniem_fi_h2_75_d_md lf6_t_browniem_fi_h2_76_d_md lf6_t_browniem_fi_h2_77_d_md lf6_t_browniem_fi_h2_74_d_pd lf6_t_browniem_fi_h2_75_d_pd lf6_t_browniem_fi_h2_76_d_pd lf6_t_browniem_fi_h2_77_d_pd lf6_t_browniem_fi_h2_74_d_low lf6_t_browniem_fi_h2_75_d_low lf6_t_browniem_fi_h2_76_d_low lf6_t_browniem_fi_h2_77_d_low lf6_brownief_ch_h2_68_d_str lf6_brownief_ch_h2_69_d_str lf6_brownief_ch_h2_70_d_str lf6_brownief_ch_h2_71_d_str lf6_brownief_ch_h2_72_d_str lf6_brownief_ch_h2_73_d_str lf6_brownief_ch_h2_68_d_str_geno lf6_brownief_ch_h2_69_d_str_geno lf6_brownief_ch_h2_70_d_str_geno lf6_brownief_ch_h2_71_d_str_geno lf6_brownief_ch_h2_72_d_str_geno lf6_brownief_ch_h2_73_d_str_geno lf6_brownief_ch_h2_68_d_md lf6_brownief_ch_h2_69_d_md lf6_brownief_ch_h2_70_d_md lf6_brownief_ch_h2_71_d_md lf6_brownief_ch_h2_72_d_md lf6_brownief_ch_h2_73_d_md lf6_brownief_ch_h2_68_d_pd lf6_brownief_ch_h2_69_d_pd lf6_brownief_ch_h2_70_d_pd lf6_brownief_ch_h2_71_d_pd lf6_brownief_ch_h2_72_d_pd lf6_brownief_ch_h2_73_d_pd lf6_brownief_ch_h2_68_d_low lf6_brownief_ch_h2_69_d_low lf6_brownief_ch_h2_70_d_low lf6_brownief_ch_h2_71_d_low lf6_brownief_ch_h2_72_d_low lf6_brownief_ch_h2_73_d_low lf6_brownief_ch_h2_68_d_random lf6_brownief_ch_h2_69_d_random lf6_brownief_ch_h2_70_d_random lf6_brownief_ch_h2_71_d_random lf6_brownief_ch_h2_72_d_random lf6_brownief_ch_h2_73_d_random lf6_t_brownief_ch_h2_74_d_str lf6_t_brownief_ch_h2_75_d_str lf6_t_brownief_ch_h2_76_d_str lf6_t_brownief_ch_h2_77_d_str lf6_t_brownief_ch_h2_74_d_md lf6_t_brownief_ch_h2_75_d_md lf6_t_brownief_ch_h2_76_d_md lf6_t_brownief_ch_h2_77_d_md lf6_t_brownief_ch_h2_74_d_pd lf6_t_brownief_ch_h2_75_d_pd lf6_t_brownief_ch_h2_76_d_pd lf6_t_brownief_ch_h2_77_d_pd lf6_t_brownief_ch_h2_74_d_low lf6_t_brownief_ch_h2_75_d_low lf6_t_brownief_ch_h2_76_d_low lf6_t_brownief_ch_h2_77_d_low
15531,Progress(SECTION_0==0; SECTION_1<30),0,1,30,simpleQuest,11,df6_h1_crestlich_68_n df6_h1_crestlich_69_n df6_t_h1_crestlich_72_n df6_t_h1_crestlich_73_n df6_t_h1_crestlich_74_n df6_h_flowerworm_68_an df6_h_flowerworm_69_an df6_t_h_flowerworm_72_an df6_t_h_flowerworm_73_an df6_t_h_flowerworm_74_an df6_h_zaif_68_an df6_h_zaif_69_an df6_t_h_zaif_72_an df6_t_h_zaif_73_an df6_t_h_zaif_74_an df6_h_lycan_fi_68_an df6_h_lycan_fi_69_an df6_h_lycan_fi_70_an df6_h_lycan_fi_71_an df6_h_lycan_fi_72_an df6_h_lycan_fi_73_an df6_t_h_lycan_fi_74_an df6_t_h_lycan_fi_75_an df6_t_h_lycan_fi_76_an df6_t_h_lycan_fi_77_an df6_h_lycan_fi_str_68_an df6_h_lycan_fi_str_69_an df6_h_lycan_fi_str_70_an df6_h_lycan_fi_str_71_an df6_h_lycan_fi_str_72_an df6_h_lycan_fi_str_73_an df6_h_lycan_fi_str_geno_68_an df6_h_lycan_fi_str_geno_69_an df6_h_lycan_fi_str_geno_70_an df6_h_lycan_fi_str_geno_71_an df6_h_lycan_fi_str_geno_72_an df6_h_lycan_fi_str_geno_73_an df6_h_lycan_fi_md_68_an df6_h_lycan_fi_md_69_an df6_h_lycan_fi_md_70_an df6_h_lycan_fi_md_71_an df6_h_lycan_fi_md_72_an df6_h_lycan_fi_md_73_an df6_h_lycan_fi_pd_68_an df6_h_lycan_fi_pd_69_an df6_h_lycan_fi_pd_70_an df6_h_lycan_fi_pd_71_an df6_h_lycan_fi_pd_72_an df6_h_lycan_fi_pd_73_an df6_h_lycan_fi_low_68_an df6_h_lycan_fi_low_69_an df6_h_lycan_fi_low_70_an df6_h_lycan_fi_low_71_an df6_h_lycan_fi_low_72_an df6_h_lycan_fi_low_73_an df6_h_lycan_fi_random_68_an df6_h_lycan_fi_random_69_an df6_h_lycan_fi_random_70_an df6_h_lycan_fi_random_71_an df6_h_lycan_fi_random_72_an df6_h_lycan_fi_random_73_an df6_t_h_lycan_fi_str_74_an df6_t_h_lycan_fi_str_75_an df6_t_h_lycan_fi_str_76_an df6_t_h_lycan_fi_str_77_an df6_t_h_lycan_fi_md_74_an df6_t_h_lycan_fi_md_75_an df6_t_h_lycan_fi_md_76_an df6_t_h_lycan_fi_md_77_an df6_t_h_lycan_fi_pd_74_an df6_t_h_lycan_fi_pd_75_an df6_t_h_lycan_fi_pd_76_an df6_t_h_lycan_fi_pd_77_an df6_t_h_lycan_fi_low_74_an df6_t_h_lycan_fi_low_75_an df6_t_h_lycan_fi_low_76_an df6_t_h_lycan_fi_low_77_an df6_h_lycan_as_68_an df6_h_lycan_as_69_an df6_h_lycan_as_70_an df6_h_lycan_as_71_an df6_h_lycan_as_72_an df6_h_lycan_as_73_an df6_t_h_lycan_as_74_an df6_t_h_lycan_as_75_an df6_t_h_lycan_as_76_an df6_t_h_lycan_as_77_an df6_h_lycan_as_str_68_an df6_h_lycan_as_str_69_an df6_h_lycan_as_str_70_an df6_h_lycan_as_str_71_an df6_h_lycan_as_str_72_an df6_h_lycan_as_str_73_an df6_h_lycan_as_str_geno_68_an df6_h_lycan_as_str_geno_69_an df6_h_lycan_as_str_geno_70_an df6_h_lycan_as_str_geno_71_an df6_h_lycan_as_str_geno_72_an df6_h_lycan_as_str_geno_73_an df6_h_lycan_as_md_68_an df6_h_lycan_as_md_69_an df6_h_lycan_as_md_70_an df6_h_lycan_as_md_71_an df6_h_lycan_as_md_72_an df6_h_lycan_as_md_73_an df6_h_lycan_as_pd_68_an df6_h_lycan_as_pd_69_an df6_h_lycan_as_pd_70_an df6_h_lycan_as_pd_71_an df6_h_lycan_as_pd_72_an df6_h_lycan_as_pd_73_an df6_h_lycan_as_low_68_an df6_h_lycan_as_low_69_an df6_h_lycan_as_low_70_an df6_h_lycan_as_low_71_an df6_h_lycan_as_low_72_an df6_h_lycan_as_low_73_an df6_h_lycan_as_random_68_an df6_h_lycan_as_random_69_an df6_h_lycan_as_random_70_an df6_h_lycan_as_random_71_an df6_h_lycan_as_random_72_an df6_h_lycan_as_random_73_an df6_t_h_lycan_as_str_74_an df6_t_h_lycan_as_str_75_an df6_t_h_lycan_as_str_76_an df6_t_h_lycan_as_str_77_an df6_t_h_lycan_as_md_74_an df6_t_h_lycan_as_md_75_an df6_t_h_lycan_as_md_76_an df6_t_h_lycan_as_md_77_an df6_t_h_lycan_as_pd_74_an df6_t_h_lycan_as_pd_75_an df6_t_h_lycan_as_pd_76_an df6_t_h_lycan_as_pd_77_an df6_t_h_lycan_as_low_74_an df6_t_h_lycan_as_low_75_an df6_t_h_lycan_as_low_76_an df6_t_h_lycan_as_low_77_an df6_h_lycan_ra_68_an df6_h_lycan_ra_69_an df6_h_lycan_ra_70_an df6_h_lycan_ra_71_an df6_h_lycan_ra_72_an df6_h_lycan_ra_73_an df6_t_h_lycan_ra_74_an df6_t_h_lycan_ra_75_an df6_t_h_lycan_ra_76_an df6_t_h_lycan_ra_77_an df6_h_lycan_ra_str_68_an df6_h_lycan_ra_str_69_an df6_h_lycan_ra_str_70_an df6_h_lycan_ra_str_71_an df6_h_lycan_ra_str_72_an df6_h_lycan_ra_str_73_an df6_h_lycan_ra_str_geno_68_an df6_h_lycan_ra_str_geno_69_an df6_h_lycan_ra_str_geno_70_an df6_h_lycan_ra_str_geno_71_an df6_h_lycan_ra_str_geno_72_an df6_h_lycan_ra_str_geno_73_an df6_h_lycan_ra_md_68_an df6_h_lycan_ra_md_69_an df6_h_lycan_ra_md_70_an df6_h_lycan_ra_md_71_an df6_h_lycan_ra_md_72_an df6_h_lycan_ra_md_73_an df6_h_lycan_ra_pd_68_an df6_h_lycan_ra_pd_69_an df6_h_lycan_ra_pd_70_an df6_h_lycan_ra_pd_71_an df6_h_lycan_ra_pd_72_an df6_h_lycan_ra_pd_73_an df6_h_lycan_ra_low_68_an df6_h_lycan_ra_low_69_an df6_h_lycan_ra_low_70_an df6_h_lycan_ra_low_71_an df6_h_lycan_ra_low_72_an df6_h_lycan_ra_low_73_an df6_h_lycan_ra_random_68_an df6_h_lycan_ra_random_69_an df6_h_lycan_ra_random_70_an df6_h_lycan_ra_random_71_an df6_h_lycan_ra_random_72_an df6_h_lycan_ra_random_73_an df6_t_h_lycan_ra_str_74_an df6_t_h_lycan_ra_str_75_an df6_t_h_lycan_ra_str_76_an df6_t_h_lycan_ra_str_77_an df6_t_h_lycan_ra_md_74_an df6_t_h_lycan_ra_md_75_an df6_t_h_lycan_ra_md_76_an df6_t_h_lycan_ra_md_77_an df6_t_h_lycan_ra_pd_74_an df6_t_h_lycan_ra_pd_75_an df6_t_h_lycan_ra_pd_76_an df6_t_h_lycan_ra_pd_77_an df6_t_h_lycan_ra_low_74_an df6_t_h_lycan_ra_low_75_an df6_t_h_lycan_ra_low_76_an df6_t_h_lycan_ra_low_77_an df6_h_lycan_wi_68_an df6_h_lycan_wi_69_an df6_h_lycan_wi_70_an df6_h_lycan_wi_71_an df6_h_lycan_wi_72_an df6_h_lycan_wi_73_an df6_t_h_lycan_wi_74_an df6_t_h_lycan_wi_75_an df6_t_h_lycan_wi_76_an df6_t_h_lycan_wi_77_an df6_h_lycan_wi_str_68_an df6_h_lycan_wi_str_69_an df6_h_lycan_wi_str_70_an df6_h_lycan_wi_str_71_an df6_h_lycan_wi_str_72_an df6_h_lycan_wi_str_73_an df6_h_lycan_wi_str_geno_68_an df6_h_lycan_wi_str_geno_69_an df6_h_lycan_wi_str_geno_70_an df6_h_lycan_wi_str_geno_71_an df6_h_lycan_wi_str_geno_72_an df6_h_lycan_wi_str_geno_73_an df6_h_lycan_wi_md_68_an df6_h_lycan_wi_md_69_an df6_h_lycan_wi_md_70_an df6_h_lycan_wi_md_71_an df6_h_lycan_wi_md_72_an df6_h_lycan_wi_md_73_an df6_h_lycan_wi_pd_68_an df6_h_lycan_wi_pd_69_an df6_h_lycan_wi_pd_70_an df6_h_lycan_wi_pd_71_an df6_h_lycan_wi_pd_72_an df6_h_lycan_wi_pd_73_an df6_h_lycan_wi_low_68_an df6_h_lycan_wi_low_69_an df6_h_lycan_wi_low_70_an df6_h_lycan_wi_low_71_an df6_h_lycan_wi_low_72_an df6_h_lycan_wi_low_73_an df6_h_lycan_wi_random_68_an df6_h_lycan_wi_random_69_an df6_h_lycan_wi_random_70_an df6_h_lycan_wi_random_71_an df6_h_lycan_wi_random_72_an df6_h_lycan_wi_random_73_an df6_t_h_lycan_wi_str_74_an df6_t_h_lycan_wi_str_75_an df6_t_h_lycan_wi_str_76_an df6_t_h_lycan_wi_str_77_an df6_t_h_lycan_wi_md_74_an df6_t_h_lycan_wi_md_75_an df6_t_h_lycan_wi_md_76_an df6_t_h_lycan_wi_md_77_an df6_t_h_lycan_wi_pd_74_an df6_t_h_lycan_wi_pd_75_an df6_t_h_lycan_wi_pd_76_an df6_t_h_lycan_wi_pd_77_an df6_t_h_lycan_wi_low_74_an df6_t_h_lycan_wi_low_75_an df6_t_h_lycan_wi_low_76_an df6_t_h_lycan_wi_low_77_an
15533,Progress(SECTION_0==0; SECTION_1<30),0,1,30,simpleQuest,24,lf6_shellizard_i_67_n lf6_shellizard_i_68_n lf6_t_shellizard_i_69_n lf6_t_shellizard_i_70_n lf6_t_shellizard_i_71_n lf6_fellial_i_67_n lf6_fellial_i_68_n lf6_t_fellial_i_69_n lf6_t_fellial_i_70_n lf6_t_fellial_i_71_n lf6_harpy_i_67_n lf6_harpy_i_68_n lf6_t_harpy_i_69_n lf6_t_harpy_i_70_n lf6_t_harpy_i_71_n lf6_bat_devil_i_67_d lf6_bat_devil_i_68_d lf6_bat_devil_i_69_d lf6_bat_devil_i_70_d lf6_bat_devil_i_71_d lf6_t_bat_devil_i_71_d lf6_t_bat_devil_i_72_d lf6_t_bat_devil_i_73_d lf6_t_bat_devil_i_74_d lf6_rottentree_i_67_d lf6_rottentree_i_68_d lf6_rottentree_i_69_d lf6_rottentree_i_70_d lf6_rottentree_i_71_d lf6_t_rottentree_i_71_d lf6_t_rottentree_i_72_d lf6_t_rottentree_i_73_d lf6_t_rottentree_i_74_d lf6_lepisma_i_67_d lf6_lepisma_i_68_d lf6_lepisma_i_69_d lf6_lepisma_i_70_d lf6_lepisma_i_71_d lf6_t_lepisma_i_71_d lf6_t_lepisma_i_72_d lf6_t_lepisma_i_73_d lf6_t_lepisma_i_74_d lf6_bat_devil_i_67_d_str lf6_bat_devil_i_68_d_str lf6_bat_devil_i_69_d_str lf6_bat_devil_i_70_d_str lf6_bat_devil_i_71_d_str lf6_t_bat_devil_i_71_d_str lf6_t_bat_devil_i_72_d_str lf6_t_bat_devil_i_73_d_str lf6_t_bat_devil_i_74_d_str lf6_bat_devil_i_67_d_str_geno lf6_bat_devil_i_68_d_str_geno lf6_bat_devil_i_69_d_str_geno lf6_bat_devil_i_70_d_str_geno lf6_bat_devil_i_71_d_str_geno lf6_bat_devil_i_67_d_md lf6_bat_devil_i_68_d_md lf6_bat_devil_i_69_d_md lf6_bat_devil_i_70_d_md lf6_bat_devil_i_71_d_md lf6_t_bat_devil_i_71_d_md lf6_t_bat_devil_i_72_d_md lf6_t_bat_devil_i_73_d_md lf6_t_bat_devil_i_74_d_md lf6_bat_devil_i_67_d_pd lf6_bat_devil_i_68_d_pd lf6_bat_devil_i_69_d_pd lf6_bat_devil_i_70_d_pd lf6_bat_devil_i_71_d_pd lf6_t_bat_devil_i_71_d_pd lf6_t_bat_devil_i_72_d_pd lf6_t_bat_devil_i_73_d_pd lf6_t_bat_devil_i_74_d_pd lf6_bat_devil_i_67_d_low lf6_bat_devil_i_68_d_low lf6_bat_devil_i_69_d_low lf6_bat_devil_i_70_d_low lf6_bat_devil_i_71_d_low lf6_t_bat_devil_i_71_d_low lf6_t_bat_devil_i_72_d_low lf6_t_bat_devil_i_73_d_low lf6_t_bat_devil_i_74_d_low lf6_bat_devil_i_67_d_random lf6_bat_devil_i_68_d_random lf6_bat_devil_i_69_d_random lf6_bat_devil_i_70_d_random lf6_bat_devil_i_71_d_random lf6_rottentree_i_67_d_str lf6_rottentree_i_68_d_str lf6_rottentree_i_69_d_str lf6_rottentree_i_70_d_str lf6_rottentree_i_71_d_str lf6_t_rottentree_i_71_d_str lf6_t_rottentree_i_72_d_str lf6_t_rottentree_i_73_d_str lf6_t_rottentree_i_74_d_str lf6_rottentree_i_67_d_str_geno lf6_rottentree_i_68_d_str_geno lf6_rottentree_i_69_d_str_geno lf6_rottentree_i_70_d_str_geno lf6_rottentree_i_71_d_str_geno lf6_rottentree_i_67_d_md lf6_rottentree_i_68_d_md lf6_rottentree_i_69_d_md lf6_rottentree_i_70_d_md lf6_rottentree_i_71_d_md lf6_t_rottentree_i_71_d_md lf6_t_rottentree_i_72_d_md lf6_t_rottentree_i_73_d_md lf6_t_rottentree_i_74_d_md lf6_rottentree_i_67_d_pd lf6_rottentree_i_68_d_pd lf6_rottentree_i_69_d_pd lf6_rottentree_i_70_d_pd lf6_rottentree_i_71_d_pd lf6_t_rottentree_i_71_d_pd lf6_t_rottentree_i_72_d_pd lf6_t_rottentree_i_73_d_pd lf6_t_rottentree_i_74_d_pd lf6_rottentree_i_67_d_low lf6_rottentree_i_68_d_low lf6_rottentree_i_69_d_low lf6_rottentree_i_70_d_low lf6_rottentree_i_71_d_low lf6_t_rottentree_i_71_d_low lf6_t_rottentree_i_72_d_low lf6_t_rottentree_i_73_d_low lf6_t_rottentree_i_74_d_low lf6_rottentree_i_67_d_random lf6_rottentree_i_68_d_random lf6_rottentree_i_69_d_random lf6_rottentree_i_70_d_random lf6_rottentree_i_71_d_random lf6_lepisma_i_67_d_str lf6_lepisma_i_68_d_str lf6_lepisma_i_69_d_str lf6_lepisma_i_70_d_str lf6_lepisma_i_71_d_str lf6_t_lepisma_i_71_d_str lf6_t_lepisma_i_72_d_str lf6_t_lepisma_i_73_d_str lf6_t_lepisma_i_74_d_str lf6_lepisma_i_67_d_str_geno lf6_lepisma_i_68_d_str_geno lf6_lepisma_i_69_d_str_geno lf6_lepisma_i_70_d_str_geno lf6_lepisma_i_71_d_str_geno lf6_lepisma_i_67_d_md lf6_lepisma_i_68_d_md lf6_lepisma_i_69_d_md lf6_lepisma_i_70_d_md lf6_lepisma_i_71_d_md lf6_t_lepisma_i_71_d_md lf6_t_lepisma_i_72_d_md lf6_t_lepisma_i_73_d_md lf6_t_lepisma_i_74_d_md lf6_lepisma_i_67_d_pd lf6_lepisma_i_68_d_pd lf6_lepisma_i_69_d_pd lf6_lepisma_i_70_d_pd lf6_lepisma_i_71_d_pd lf6_t_lepisma_i_71_d_pd lf6_t_lepisma_i_72_d_pd lf6_t_lepisma_i_73_d_pd lf6_t_lepisma_i_74_d_pd lf6_lepisma_i_67_d_low lf6_lepisma_i_68_d_low lf6_lepisma_i_69_d_low lf6_lepisma_i_70_d_low lf6_lepisma_i_71_d_low lf6_t_lepisma_i_71_d_low lf6_t_lepisma_i_72_d_low lf6_t_lepisma_i_73_d_low lf6_t_lepisma_i_74_d_low lf6_lepisma_i_67_d_random lf6_lepisma_i_68_d_random lf6_lepisma_i_69_d_random lf6_lepisma_i_70_d_random lf6_lepisma_i_71_d_random
15534,Progress(SECTION_0==0; SECTION_1<30),0,1,30,simpleQuest,23,df6_i_flowerworm_67_an df6_i_flowerworm_68_an df6_t_i_flowerworm_69_an df6_t_i_flowerworm_70_an df6_t_i_flowerworm_71_an df6_i_shellizard_67_n df6_i_shellizard_68_n df6_t_i_shellizard_69_n df6_t_i_shellizard_70_n df6_t_i_shellizard_71_n df6_i_popoku_fi_67_an df6_i_popoku_fi_68_an df6_i_popoku_fi_69_an df6_i_popoku_fi_70_an df6_i_popoku_fi_71_an df6_t_i_popoku_fi_71_an df6_t_i_popoku_fi_72_an df6_t_i_popoku_fi_73_an df6_t_i_popoku_fi_74_an df6_i_fungus_67_an df6_i_fungus_68_an df6_i_fungus_69_an df6_i_fungus_70_an df6_i_fungus_71_an df6_t_i_fungus_71_an df6_t_i_fungus_72_an df6_t_i_fungus_73_an df6_t_i_fungus_74_an df6_i_lepisma_67_n df6_i_lepisma_68_n df6_i_lepisma_69_n df6_i_lepisma_70_n df6_i_lepisma_71_n df6_t_i_lepisma_71_n df6_t_i_lepisma_72_n df6_t_i_lepisma_73_n df6_t_i_lepisma_74_n df6_i_popoku_fi_str_67_an df6_i_popoku_fi_str_68_an df6_i_popoku_fi_str_69_an df6_i_popoku_fi_str_70_an df6_i_popoku_fi_str_71_an df6_t_i_popoku_fi_str_71_an df6_t_i_popoku_fi_str_72_an df6_t_i_popoku_fi_str_73_an df6_t_i_popoku_fi_str_74_an df6_i_popoku_fi_str_geno_67_an df6_i_popoku_fi_str_geno_68_an df6_i_popoku_fi_str_geno_69_an df6_i_popoku_fi_str_geno_70_an df6_i_popoku_fi_str_geno_71_an df6_i_popoku_fi_md_67_an df6_i_popoku_fi_md_68_an df6_i_popoku_fi_md_69_an df6_i_popoku_fi_md_70_an df6_i_popoku_fi_md_71_an df6_t_i_popoku_fi_md_71_an df6_t_i_popoku_fi_md_72_an df6_t_i_popoku_fi_md_73_an df6_t_i_popoku_fi_md_74_an df6_i_popoku_fi_pd_67_an df6_i_popoku_fi_pd_68_an df6_i_popoku_fi_pd_69_an df6_i_popoku_fi_pd_70_an df6_i_popoku_fi_pd_71_an df6_t_i_popoku_fi_pd_71_an df6_t_i_popoku_fi_pd_72_an df6_t_i_popoku_fi_pd_73_an df6_t_i_popoku_fi_pd_74_an df6_i_popoku_fi_low_67_an df6_i_popoku_fi_low_68_an df6_i_popoku_fi_low_69_an df6_i_popoku_fi_low_70_an df6_i_popoku_fi_low_71_an df6_t_i_popoku_fi_low_71_an df6_t_i_popoku_fi_low_72_an df6_t_i_popoku_fi_low_73_an df6_t_i_popoku_fi_low_74_an df6_i_popoku_fi_random_67_an df6_i_popoku_fi_random_68_an df6_i_popoku_fi_random_69_an df6_i_popoku_fi_random_70_an df6_i_popoku_fi_random_71_an df6_i_fungus_str_67_an df6_i_fungus_str_68_an df6_i_fungus_str_69_an df6_i_fungus_str_70_an df6_i_fungus_str_71_an df6_t_i_fungus_str_71_an df6_t_i_fungus_str_72_an df6_t_i_fungus_str_73_an df6_t_i_fungus_str_74_an df6_i_fungus_str_geno_67_an df6_i_fungus_str_geno_68_an df6_i_fungus_str_geno_69_an df6_i_fungus_str_geno_70_an df6_i_fungus_str_geno_71_an df6_i_fungus_md_67_an df6_i_fungus_md_68_an df6_i_fungus_md_69_an df6_i_fungus_md_70_an df6_i_fungus_md_71_an df6_t_i_fungus_md_71_an df6_t_i_fungus_md_72_an df6_t_i_fungus_md_73_an df6_t_i_fungus_md_74_an df6_i_fungus_pd_67_an df6_i_fungus_pd_68_an df6_i_fungus_pd_69_an df6_i_fungus_pd_70_an df6_i_fungus_pd_71_an df6_t_i_fungus_pd_71_an df6_t_i_fungus_pd_72_an df6_t_i_fungus_pd_73_an df6_t_i_fungus_pd_74_an df6_i_fungus_low_67_an df6_i_fungus_low_68_an df6_i_fungus_low_69_an df6_i_fungus_low_70_an df6_i_fungus_low_71_an df6_t_i_fungus_low_71_an df6_t_i_fungus_low_72_an df6_t_i_fungus_low_73_an df6_t_i_fungus_low_74_an df6_i_fungus_random_67_an df6_i_fungus_random_68_an df6_i_fungus_random_69_an df6_i_fungus_random_70_an df6_i_fungus_random_71_an df6_i_lepisma_str_67_an df6_i_lepisma_str_68_an df6_i_lepisma_str_69_an df6_i_lepisma_str_70_an df6_i_lepisma_str_71_an df6_t_i_lepisma_str_71_an df6_t_i_lepisma_str_72_an df6_t_i_lepisma_str_73_an df6_t_i_lepisma_str_74_an df6_i_lepisma_str_geno_67_an df6_i_lepisma_str_geno_68_an df6_i_lepisma_str_geno_69_an df6_i_lepisma_str_geno_70_an df6_i_lepisma_str_geno_71_an df6_i_lepisma_md_67_an df6_i_lepisma_md_68_an df6_i_lepisma_md_69_an df6_i_lepisma_md_70_an df6_i_lepisma_md_71_an df6_t_i_lepisma_md_71_an df6_t_i_lepisma_md_72_an df6_t_i_lepisma_md_73_an df6_t_i_lepisma_md_74_an df6_i_lepisma_pd_67_an df6_i_lepisma_pd_68_an df6_i_lepisma_pd_69_an df6_i_lepisma_pd_70_an df6_i_lepisma_pd_71_an df6_t_i_lepisma_pd_71_an df6_t_i_lepisma_pd_72_an df6_t_i_lepisma_pd_73_an df6_t_i_lepisma_pd_74_an df6_i_lepisma_low_67_an df6_i_lepisma_low_68_an df6_i_lepisma_low_69_an df6_i_lepisma_low_70_an df6_i_lepisma_low_71_an df6_t_i_lepisma_low_71_an df6_t_i_lepisma_low_72_an df6_t_i_lepisma_low_73_an df6_t_i_lepisma_low_74_an df6_i_lepisma_random_67_an df6_i_lepisma_random_68_an df6_i_lepisma_random_69_an df6_i_lepisma_random_70_an df6_i_lepisma_random_71_an
15536,Progress(SECTION_0==0; SECTION_1<30),0,1,30,simpleQuest,17,lf6_t_re_h_flowerworm_72_an lf6_t_re_h_flowerworm_73_an lf6_t_re_h_flowerworm_74_an lf6_t_re_scorpion_h_72_n lf6_t_re_scorpion_h_73_n lf6_t_re_scorpion_h_74_n lf6_t_re_browniem_fi_h2_74_d lf6_t_re_browniem_fi_h2_75_d lf6_t_re_browniem_fi_h2_76_d lf6_t_re_browniem_fi_h2_77_d lf6_t_re_browniem_fi_h2_74_d_str lf6_t_re_browniem_fi_h2_75_d_str lf6_t_re_browniem_fi_h2_76_d_str lf6_t_re_browniem_fi_h2_77_d_str lf6_t_re_spawn_browniem_fi_h2_74_d_str lf6_t_re_spawn_browniem_fi_h2_75_d_str lf6_t_re_browniem_fi_h2_74_d_md lf6_t_re_browniem_fi_h2_75_d_md lf6_t_re_browniem_fi_h2_76_d_md lf6_t_re_browniem_fi_h2_77_d_md lf6_t_re_spawn_browniem_fi_h2_74_d_md lf6_t_re_spawn_browniem_fi_h2_75_d_md lf6_t_re_browniem_fi_h2_74_d_pd lf6_t_re_browniem_fi_h2_75_d_pd lf6_t_re_browniem_fi_h2_76_d_pd lf6_t_re_browniem_fi_h2_77_d_pd lf6_t_re_spawn_browniem_fi_h2_74_d_pd lf6_t_re_spawn_browniem_fi_h2_75_d_pd lf6_t_re_browniem_fi_h2_74_d_low lf6_t_re_browniem_fi_h2_75_d_low lf6_t_re_browniem_fi_h2_76_d_low lf6_t_re_browniem_fi_h2_77_d_low lf6_t_re_spawn_browniem_fi_h2_74_d_low lf6_t_re_spawn_browniem_fi_h2_75_d_low lf6_t_re_brownief_fi_h2_74_d lf6_t_re_brownief_fi_h2_75_d lf6_t_re_brownief_fi_h2_76_d lf6_t_re_brownief_fi_h2_77_d lf6_t_re_brownief_fi_h2_74_d_str lf6_t_re_brownief_fi_h2_75_d_str lf6_t_re_brownief_fi_h2_76_d_str lf6_t_re_brownief_fi_h2_77_d_str lf6_t_re_spawn_brownief_fi_h2_74_d_str lf6_t_re_spawn_brownief_fi_h2_75_d_str lf6_t_re_brownief_fi_h2_74_d_md lf6_t_re_brownief_fi_h2_75_d_md lf6_t_re_brownief_fi_h2_76_d_md lf6_t_re_brownief_fi_h2_77_d_md lf6_t_re_spawn_brownief_fi_h2_74_d_md lf6_t_re_spawn_brownief_fi_h2_75_d_md lf6_t_re_brownief_fi_h2_74_d_pd lf6_t_re_brownief_fi_h2_75_d_pd lf6_t_re_brownief_fi_h2_76_d_pd lf6_t_re_brownief_fi_h2_77_d_pd lf6_t_re_spawn_brownief_fi_h2_74_d_pd lf6_t_re_spawn_brownief_fi_h2_75_d_pd lf6_t_re_brownief_fi_h2_74_d_low lf6_t_re_brownief_fi_h2_75_d_low lf6_t_re_brownief_fi_h2_76_d_low lf6_t_re_brownief_fi_h2_77_d_low lf6_t_re_spawn_brownief_fi_h2_74_d_low lf6_t_re_spawn_brownief_fi_h2_75_d_low lf6_t_re_brownief_ch_h2_74_d lf6_t_re_brownief_ch_h2_75_d lf6_t_re_brownief_ch_h2_76_d lf6_t_re_brownief_ch_h2_77_d lf6_t_re_brownief_ch_h2_74_d_str lf6_t_re_brownief_ch_h2_75_d_str lf6_t_re_brownief_ch_h2_76_d_str lf6_t_re_brownief_ch_h2_77_d_str lf6_t_re_spawn_brownief_ch_h2_74_d_str lf6_t_re_spawn_brownief_ch_h2_75_d_str lf6_t_re_brownief_ch_h2_74_d_md lf6_t_re_brownief_ch_h2_75_d_md lf6_t_re_brownief_ch_h2_76_d_md lf6_t_re_brownief_ch_h2_77_d_md lf6_t_re_spawn_brownief_ch_h2_74_d_md lf6_t_re_spawn_brownief_ch_h2_75_d_md lf6_t_re_brownief_ch_h2_74_d_pd lf6_t_re_brownief_ch_h2_75_d_pd lf6_t_re_brownief_ch_h2_76_d_pd lf6_t_re_brownief_ch_h2_77_d_pd lf6_t_re_spawn_brownief_ch_h2_74_d_pd lf6_t_re_spawn_brownief_ch_h2_75_d_pd lf6_t_re_brownief_ch_h2_74_d_low lf6_t_re_brownief_ch_h2_75_d_low lf6_t_re_brownief_ch_h2_76_d_low lf6_t_re_brownief_ch_h2_77_d_low lf6_t_re_spawn_brownief_ch_h2_74_d_low lf6_t_re_spawn_brownief_ch_h2_75_d_low
15537,Progress(SECTION_0==0; SECTION_1<30),0,1,30,simpleQuest,9,df6_h2_flowerworm_68_an df6_h2_flowerworm_69_an df6_t_h2_flowerworm_72_an df6_t_h2_flowerworm_73_an df6_t_h2_flowerworm_74_an df6_h2_ratman_fi_68_an df6_h2_ratman_fi_69_an df6_h2_ratman_fi_70_an df6_h2_ratman_fi_71_an df6_h2_ratman_fi_72_an df6_h2_ratman_fi_73_an df6_t_h2_ratman_fi_74_an df6_t_h2_ratman_fi_75_an df6_t_h2_ratman_fi_76_an df6_t_h2_ratman_fi_77_an df6_h2_ratman_fi_str_68_an df6_h2_ratman_fi_str_69_an df6_h2_ratman_fi_str_70_an df6_h2_ratman_fi_str_71_an df6_h2_ratman_fi_str_72_an df6_h2_ratman_fi_str_73_an df6_h2_ratman_fi_str_geno_68_an df6_h2_ratman_fi_str_geno_69_an df6_h2_ratman_fi_str_geno_70_an df6_h2_ratman_fi_str_geno_71_an df6_h2_ratman_fi_str_geno_72_an df6_h2_ratman_fi_str_geno_73_an df6_h2_ratman_fi_md_68_an df6_h2_ratman_fi_md_69_an df6_h2_ratman_fi_md_70_an df6_h2_ratman_fi_md_71_an df6_h2_ratman_fi_md_72_an df6_h2_ratman_fi_md_73_an df6_h2_ratman_fi_pd_68_an df6_h2_ratman_fi_pd_69_an df6_h2_ratman_fi_pd_70_an df6_h2_ratman_fi_pd_71_an df6_h2_ratman_fi_pd_72_an df6_h2_ratman_fi_pd_73_an df6_h2_ratman_fi_low_68_an df6_h2_ratman_fi_low_69_an df6_h2_ratman_fi_low_70_an df6_h2_ratman_fi_low_71_an df6_h2_ratman_fi_low_72_an df6_h2_ratman_fi_low_73_an df6_h2_ratman_fi_random_68_an df6_h2_ratman_fi_random_69_an df6_h2_ratman_fi_random_70_an df6_h2_ratman_fi_random_71_an df6_h2_ratman_fi_random_72_an df6_h2_ratman_fi_random_73_an df6_t_h2_ratman_fi_str_74_an df6_t_h2_ratman_fi_str_75_an df6_t_h2_ratman_fi_str_76_an df6_t_h2_ratman_fi_str_77_an df6_t_h2_ratman_fi_md_74_an df6_t_h2_ratman_fi_md_75_an df6_t_h2_ratman_fi_md_76_an df6_t_h2_ratman_fi_md_77_an df6_t_h2_ratman_fi_pd_74_an df6_t_h2_ratman_fi_pd_75_an df6_t_h2_ratman_fi_pd_76_an df6_t_h2_ratman_fi_pd_77_an df6_t_h2_ratman_fi_low_74_an df6_t_h2_ratman_fi_low_75_an df6_t_h2_ratman_fi_low_76_an df6_t_h2_ratman_fi_low_77_an df6_h2_ratman_ra_68_an df6_h2_ratman_ra_69_an df6_h2_ratman_ra_70_an df6_h2_ratman_ra_71_an df6_h2_ratman_ra_72_an df6_h2_ratman_ra_73_an df6_t_h2_ratman_ra_74_an df6_t_h2_ratman_ra_75_an df6_t_h2_ratman_ra_76_an df6_t_h2_ratman_ra_77_an df6_h2_ratman_ra_str_68_an df6_h2_ratman_ra_str_69_an df6_h2_ratman_ra_str_70_an df6_h2_ratman_ra_str_71_an df6_h2_ratman_ra_str_72_an df6_h2_ratman_ra_str_73_an df6_h2_ratman_ra_str_geno_68_an df6_h2_ratman_ra_str_geno_69_an df6_h2_ratman_ra_str_geno_70_an df6_h2_ratman_ra_str_geno_71_an df6_h2_ratman_ra_str_geno_72_an df6_h2_ratman_ra_str_geno_73_an df6_h2_ratman_ra_md_68_an df6_h2_ratman_ra_md_69_an df6_h2_ratman_ra_md_70_an df6_h2_ratman_ra_md_71_an df6_h2_ratman_ra_md_72_an df6_h2_ratman_ra_md_73_an df6_h2_ratman_ra_pd_68_an df6_h2_ratman_ra_pd_69_an df6_h2_ratman_ra_pd_70_an df6_h2_ratman_ra_pd_71_an df6_h2_ratman_ra_pd_72_an df6_h2_ratman_ra_pd_73_an df6_h2_ratman_ra_low_68_an df6_h2_ratman_ra_low_69_an df6_h2_ratman_ra_low_70_an df6_h2_ratman_ra_low_71_an df6_h2_ratman_ra_low_72_an df6_h2_ratman_ra_low_73_an df6_h2_ratman_ra_random_68_an df6_h2_ratman_ra_random_69_an df6_h2_ratman_ra_random_70_an df6_h2_ratman_ra_random_71_an df6_h2_ratman_ra_random_72_an df6_h2_ratman_ra_random_73_an df6_t_h2_ratman_ra_str_74_an df6_t_h2_ratman_ra_str_75_an df6_t_h2_ratman_ra_str_76_an df6_t_h2_ratman_ra_str_77_an df6_t_h2_ratman_ra_md_74_an df6_t_h2_ratman_ra_md_75_an df6_t_h2_ratman_ra_md_76_an df6_t_h2_ratman_ra_md_77_an df6_t_h2_ratman_ra_pd_74_an df6_t_h2_ratman_ra_pd_75_an df6_t_h2_ratman_ra_pd_76_an df6_t_h2_ratman_ra_pd_77_an df6_t_h2_ratman_ra_low_74_an df6_t_h2_ratman_ra_low_75_an df6_t_h2_ratman_ra_low_76_an df6_t_h2_ratman_ra_low_77_an df6_h2_ratman_wife_68_n df6_h2_ratman_wife_69_n df6_h2_ratman_wife_70_n df6_h2_ratman_wife_71_n df6_h2_ratman_wife_72_n df6_h2_ratman_wife_73_n df6_t_h2_ratman_wife_74_n df6_t_h2_ratman_wife_75_n df6_t_h2_ratman_wife_76_n df6_t_h2_ratman_wife_77_n df6_h2_ratman_wife_str_68_an df6_h2_ratman_wife_str_69_an df6_h2_ratman_wife_str_70_an df6_h2_ratman_wife_str_71_an df6_h2_ratman_wife_str_72_an df6_h2_ratman_wife_str_73_an df6_h2_ratman_wife_str_geno_68_an df6_h2_ratman_wife_str_geno_69_an df6_h2_ratman_wife_str_geno_70_an df6_h2_ratman_wife_str_geno_71_an df6_h2_ratman_wife_str_geno_72_an df6_h2_ratman_wife_str_geno_73_an df6_h2_ratman_wife_md_68_an df6_h2_ratman_wife_md_69_an df6_h2_ratman_wife_md_70_an df6_h2_ratman_wife_md_71_an df6_h2_ratman_wife_md_72_an df6_h2_ratman_wife_md_73_an df6_h2_ratman_wife_pd_68_an df6_h2_ratman_wife_pd_69_an df6_h2_ratman_wife_pd_70_an df6_h2_ratman_wife_pd_71_an df6_h2_ratman_wife_pd_72_an df6_h2_ratman_wife_pd_73_an df6_h2_ratman_wife_low_68_an df6_h2_ratman_wife_low_69_an df6_h2_ratman_wife_low_70_an df6_h2_ratman_wife_low_71_an df6_h2_ratman_wife_low_72_an df6_h2_ratman_wife_low_73_an df6_h2_ratman_wife_random_68_an df6_h2_ratman_wife_random_69_an df6_h2_ratman_wife_random_70_an df6_h2_ratman_wife_random_71_an df6_h2_ratman_wife_random_72_an df6_h2_ratman_wife_random_73_an df6_t_h2_ratman_wife_str_74_an df6_t_h2_ratman_wife_str_75_an df6_t_h2_ratman_wife_str_76_an df6_t_h2_ratman_wife_str_77_an df6_t_h2_ratman_wife_md_74_an df6_t_h2_ratman_wife_md_75_an df6_t_h2_ratman_wife_md_76_an df6_t_h2_ratman_wife_md_77_an df6_t_h2_ratman_wife_pd_74_an df6_t_h2_ratman_wife_pd_75_an df6_t_h2_ratman_wife_pd_76_an df6_t_h2_ratman_wife_pd_77_an df6_t_h2_ratman_wife_low_74_an df6_t_h2_ratman_wife_low_75_an df6_t_h2_ratman_wife_low_76_an df6_t_h2_ratman_wife_low_77_an df6_t_re_h_lycan_ra_74_an df6_t_re_h_lycan_ra_76_an df6_t_re_h_lycan_ra_str_74_an df6_t_re_h_lycan_ra_md_75_an df6_t_re_h_lycan_ra_pd_76_an df6_t_re_h_lycan_ra_low_77_an df6_t_re_spawn_h_lycan_ra_str_74_an df6_t_re_spawn_h_lycan_ra_md_75_an df6_t_re_spawn_h_lycan_ra_pd_76_an df6_t_re_spawn_h_lycan_ra_low_77_an
15546,Progress(SECTION_0==0; SECTION_1<4),0,1,4,simpleQuest,1,lf6_elementallightf_a_66_n lf6_elementallightf_a_67_n lf6_t_elementallightf_a_66_n lf6_t_elementallightf_a_67_n
15560,Progress(SECTION_0==0; SECTION_1<3),0,1,3,simpleQuest,10,df6_b_event_g3_2s_fi_68_ah df6_b_event_g3_2s_wi_68_ah df6_b_event_g3_2s_as_68_ah df6_b_event_g3_2s_ra_68_ah df6_b2_event_g3_2s_fi_69_ah df6_b2_event_g3_2s_wi_69_ah df6_b2_event_g3_2s_as_69_ah df6_b2_event_g3_2s_ra_69_ah df6_c_event_g3_2s_fi_67_ah df6_c_event_g3_2s_wi_67_ah df6_c_event_g3_2s_as_67_ah df6_c_event_g3_2s_ra_67_ah df6_d_event_g3_2s_fi_68_ah df6_d_event_g3_2s_wi_68_ah df6_d_event_g3_2s_as_68_ah df6_d_event_g3_2s_ra_68_ah df6_e_event_g3_2s_fi_67_ah df6_e_event_g3_2s_wi_67_ah df6_e_event_g3_2s_as_67_ah df6_e_event_g3_2s_ra_67_ah df6_f_event_g3_2s_fi_68_ah df6_f_event_g3_2s_wi_68_ah df6_f_event_g3_2s_as_68_ah df6_f_event_g3_2s_ra_68_ah df6_f2_event_g3_2s_fi_69_ah df6_f2_event_g3_2s_wi_69_ah df6_f2_event_g3_2s_as_69_ah df6_f2_event_g3_2s_ra_69_ah df6_g_event_g3_2s_fi_67_ah df6_g_event_g3_2s_wi_67_ah df6_g_event_g3_2s_as_67_ah df6_g_event_g3_2s_ra_67_ah df6_h_event_g3_2s_fi_68_ah df6_h_event_g3_2s_wi_68_ah df6_h_event_g3_2s_as_68_ah df6_h_event_g3_2s_ra_68_ah df6_i_event_g3_2s_fi_67_ah df6_i_event_g3_2s_wi_67_ah df6_i_event_g3_2s_as_67_ah df6_i_event_g3_2s_ra_67_ah
15561,Progress(SECTION_0==0; SECTION_1<1),0,1,1,simpleQuest,10,df6_b_event_g3_5s_fi_69_ah df6_b_event_g3_5s_wi_69_ah df6_b_event_g3_5s_as_69_ah df6_b_event_g3_5s_ra_69_ah df6_b2_event_g3_5s_fi_70_ah df6_b2_event_g3_5s_wi_70_ah df6_b2_event_g3_5s_as_70_ah df6_b2_event_g3_5s_ra_70_ah df6_c_event_g3_5s_fi_68_ah df6_c_event_g3_5s_wi_68_ah df6_c_event_g3_5s_as_68_ah df6_c_event_g3_5s_ra_68_ah df6_d_event_g3_5s_fi_69_ah df6_d_event_g3_5s_wi_69_ah df6_d_event_g3_5s_as_69_ah df6_d_event_g3_5s_ra_69_ah df6_e_event_g3_5s_fi_68_ah df6_e_event_g3_5s_wi_68_ah df6_e_event_g3_5s_as_68_ah df6_e_event_g3_5s_ra_68_ah df6_f_event_g3_5s_fi_69_ah df6_f_event_g3_5s_wi_69_ah df6_f_event_g3_5s_as_69_ah df6_f_event_g3_5s_ra_69_ah df6_f2_event_g3_5s_fi_70_ah df6_f2_event_g3_5s_wi_70_ah df6_f2_event_g3_5s_as_70_ah df6_f2_event_g3_5s_ra_70_ah df6_g_event_g3_5s_fi_68_ah df6_g_event_g3_5s_wi_68_ah df6_g_event_g3_5s_as_68_ah df6_g_event_g3_5s_ra_68_ah df6_h_event_g3_5s_fi_69_ah df6_h_event_g3_5s_wi_69_ah df6_h_event_g3_5s_as_69_ah df6_h_event_g3_5s_ra_69_ah df6_i_event_g3_5s_fi_68_ah df6_i_event_g3_5s_wi_68_ah df6_i_event_g3_5s_as_68_ah df6_i_event_g3_5s_ra_68_ah
15562,Progress(SECTION_0==0; SECTION_1<1),0,1,1,simpleQuest,12,df6_event_g2_s1_kn_71_ah df6_event_g2_s1_ra_71_ah df6_event_g2_s1_wi_71_ah df6_event_g2_s1_pr_71_ah df6_event_g2_s1_kn_73_ah df6_event_g2_s1_ra_73_ah df6_event_g2_s1_wi_73_ah df6_event_g2_s1_pr_73_ah df6_event_g2_s1_kn_75_ah df6_event_g2_s1_ra_75_ah df6_event_g2_s1_wi_75_ah df6_event_g2_s1_pr_75_ah
15564,Progress(SECTION_0==0; SECTION_1<1),0,1,1,simpleQuest,3,df6_event_g1_boss_chief_kn_75_al df6_event_g1_boss_chief_wi_75_al df6_event_g1_boss_chief_pr_75_al
15565,Progress(SECTION_0==0; SECTION_1<10),0,1,10,simpleQuest,6,df6_invasion_op1_fi_70_ah df6_invasion_op1_as_70_ah df6_invasion_op2_fi_70_ah df6_invasion_op2_as_70_ah df6_invasion_op3_fi_70_ah df6_invasion_op3_as_70_ah
15570,Progress(SECTION_0==0; SECTION_1<10),0,1,10,simpleQuest,1,lf6_f_neut_68_an lf6_f_neut_69_an
15571,Progress(SECTION_0==0; SECTION_1<10),0,1,10,simpleQuest,2,lf6_b2_environment_specter_66_an lf6_b2_environment_lichequip_66_an
15572,Progress(SECTION_0==0; SECTION_1<10),0,1,10,simpleQuest,1,lf6_c_environment_cellatu_66_an
15573,Progress(SECTION_0==0; SECTION_1<10),0,1,10,simpleQuest,4,lf6_krall_fi_h_n_68_an lf6_krall_wi_h_n_68_an lf6_krall_as_h_n_68_an lf6_krall_pr_h_n_68_an
15574,Progress(SECTION_0==0; SECTION_1<10),0,1,10,simpleQuest,1,lf6_e_environment_octaside_66_an
15575,Progress(SECTION_0==0; SECTION_1<10),0,1,10,simpleQuest,1,lf6_rottentree_b_68_an lf6_rottentree_b_69_an
15576,Progress(SECTION_0==0; SECTION_1<10),0,1,10,simpleQuest,1,lf6_f2_environment_soulstone_66_an
15577,Progress(SECTION_0==0; SECTION_1<10),0,1,10,simpleQuest,1,lf6_harpy_g_71_n
15578,Progress(SECTION_0==0; SECTION_1<10),0,1,10,simpleQuest,4,lf6_owllau_fi_d_n_68_an lf6_owllau_as_d_n_68_an lf6_owllau_wi_d_n_68_an lf6_owllau_pr_d_n_68_an
15579,Progress(SECTION_0==0; SECTION_1<10),0,1,10,simpleQuest,1,lf6_i_environment_clodworm_66_an
15580,Progress(SECTION_0==0; SECTION_1<20),0,1,20,simpleQuest,4,df6_invasion_bonus_1st_fi_68_an df6_invasion2_bonus_1st_fi_68_an df6_invasion3_bonus_1st_fi_68_an df6_invasion4_bonus_1st_fi_68_an
15581,Progress(SECTION_0==0; SECTION_1<10),0,1,10,simpleQuest,2,df6_invasion2_bonus_1st_fi_68_an df6_invasion2_bonus_2nd_as_68_an
15582,Progress(SECTION_0==0; SECTION_1<10),0,1,10,simpleQuest,2,df6_invasion3_bonus_1st_fi_68_an df6_invasion3_bonus_2nd_as_68_an
15583,Progress(SECTION_0==0; SECTION_1<10),0,1,10,simpleQuest,2,df6_invasion4_bonus_1st_fi_68_an df6_invasion4_bonus_2nd_as_68_an
15620,Progress(SECTION_0==0; SECTION_1<1),0,1,1,simpleQuest,1,lf6_c_6_named_frogfighter_68_ah
15621,Progress(SECTION_0==0; SECTION_1<1),0,1,1,simpleQuest,1,lf6_e_6_named_spiderqueen_68_ah
15622,Progress(SECTION_0==0; SECTION_1<1),0,1,1,simpleQuest,1,lf6_g_6_named_eagle_68_ah
15623,Progress(SECTION_0==0; SECTION_1<1),0,1,1,simpleQuest,1,lf6_i_6_named_noname_68_ah
15632,Progress(SECTION_0==0; SECTION_1<3),0,1,3,simpleQuest,3,lf6_t_named_mammoth_c_74_an lf6_t_named_hiiv_c_74_an lf6_t_named_flowerfairy_c_74_an
15634,Progress(SECTION_0==0; SECTION_1<3),0,1,3,simpleQuest,3,lf6_t_named_foxlight_e_74_an lf6_t_named_rottentree_e_74_an lf6_t_named_elementalwater4_e_74_an
15637,Progress(SECTION_0==0; SECTION_1<3),0,1,3,simpleQuest,3,lf6_t_named_octaside_red_g_74_an lf6_t_named_element_earth2re_g_74_an lf6_t_named_mosbear_g_74_an
15639,Progress(SECTION_0==0; SECTION_1<3),0,1,3,simpleQuest,3,lf6_t_named_shellizard_i_74_an lf6_t_named_fellial_i_74_an lf6_t_named_harpy_i_74_an
15640,Progress(SECTION_0==0; SECTION_1<30),0,1,30,simpleQuest,12,lf6_mimic_c_67_d lf6_mimic_c_68_d lf6_mimic_c_69_d lf6_mimic_c_70_d lf6_mimic_c_71_d lf6_t_mimic_c_71_d lf6_t_mimic_c_72_d lf6_t_mimic_c_73_d lf6_t_mimic_c_74_d lf6_empty_c_67_d lf6_empty_c_68_d lf6_empty_c_69_d lf6_empty_c_70_d lf6_empty_c_71_d lf6_t_empty_c_71_d lf6_t_empty_c_72_d lf6_t_empty_c_73_d lf6_t_empty_c_74_d lf6_tauric_c_67_d lf6_tauric_c_68_d lf6_tauric_c_69_d lf6_tauric_c_70_d lf6_tauric_c_71_d lf6_t_tauric_c_71_d lf6_t_tauric_c_72_d lf6_t_tauric_c_73_d lf6_t_tauric_c_74_d lf6_stropoku_e_67_d lf6_stropoku_e_68_d lf6_stropoku_e_69_d lf6_stropoku_e_70_d lf6_stropoku_e_71_d lf6_t_stropoku_e_71_d lf6_t_stropoku_e_72_d lf6_t_stropoku_e_73_d lf6_t_stropoku_e_74_d lf6_zaif_e_67_d lf6_zaif_e_68_d lf6_zaif_e_69_d lf6_zaif_e_70_d lf6_zaif_e_71_d lf6_t_zaif_e_71_d lf6_t_zaif_e_72_d lf6_t_zaif_e_73_d lf6_t_zaif_e_74_d lf6_neuth_e_67_d lf6_neuth_e_68_d lf6_neuth_e_69_d lf6_neuth_e_70_d lf6_neuth_e_71_d lf6_t_neuth_e_71_d lf6_t_neuth_e_72_d lf6_t_neuth_e_73_d lf6_t_neuth_e_74_d lf6_kuillus_g_67_d lf6_kuillus_g_68_d lf6_kuillus_g_69_d lf6_kuillus_g_70_d lf6_kuillus_g_71_d lf6_t_kuillus_g_71_d lf6_t_kuillus_g_72_d lf6_t_kuillus_g_73_d lf6_t_kuillus_g_74_d lf6_babymosbear_g_67_d lf6_babymosbear_g_68_d lf6_babymosbear_g_69_d lf6_babymosbear_g_70_d lf6_babymosbear_g_71_d lf6_t_babymosbear_g_71_d lf6_t_babymosbear_g_72_d lf6_t_babymosbear_g_73_d lf6_t_babymosbear_g_74_d lf6_lizardman_pr_g_67_d lf6_lizardman_pr_g_68_d lf6_lizardman_pr_g_69_d lf6_lizardman_pr_g_70_d lf6_lizardman_pr_g_71_d lf6_t_lizardman_pr_g_71_d lf6_t_lizardman_pr_g_72_d lf6_t_lizardman_pr_g_73_d lf6_t_lizardman_pr_g_74_d lf6_bat_devil_i_67_d lf6_bat_devil_i_68_d lf6_bat_devil_i_69_d lf6_bat_devil_i_70_d lf6_bat_devil_i_71_d lf6_t_bat_devil_i_71_d lf6_t_bat_devil_i_72_d lf6_t_bat_devil_i_73_d lf6_t_bat_devil_i_74_d lf6_rottentree_i_67_d lf6_rottentree_i_68_d lf6_rottentree_i_69_d lf6_rottentree_i_70_d lf6_rottentree_i_71_d lf6_t_rottentree_i_71_d lf6_t_rottentree_i_72_d lf6_t_rottentree_i_73_d lf6_t_rottentree_i_74_d lf6_lepisma_i_67_d lf6_lepisma_i_68_d lf6_lepisma_i_69_d lf6_lepisma_i_70_d lf6_lepisma_i_71_d lf6_t_lepisma_i_71_d lf6_t_lepisma_i_72_d lf6_t_lepisma_i_73_d lf6_t_lepisma_i_74_d
15671,Progress(SECTION_0==0; SECTION_1<1),0,1,1,simpleQuest,1,f6_raid_drop_dark_sum_1_73_ae f6_raid_drop_dark_sum_2_73_ae f6_raid_drop_dark_sum_3_73_ae f6_raid_drop_dark_sum_4_73_ae
15672,Progress(SECTION_0==0; SECTION_1<1),0,1,1,simpleQuest,1,f6_raid_drop_dark_4th f6_raid_drop_dark_3rd f6_raid_drop_dark_2nd f6_raid_drop_dark_1st f6_raid_drop_dark_zero
15693,Progress(SECTION_0==0; SECTION_1<10),0,1,10,simpleQuest,1,df6_event_g3_2s_fi_67_ah
15694,Progress(SECTION_0==0; SECTION_1<5),0,1,5,simpleQuest,4,lf6_8024_dr_q_guard_fi_75_an lf6_8024_dr_q_guard_as_75_an lf6_8024_dr_q_guard_wi_75_an lf6_8024_dr_q_guard_pr_75_an
15695,Progress(SECTION_0==0; SECTION_1<5),0,1,5,simpleQuest,4,lf6_8024_da_q_guard_fi_75_an lf6_8024_da_q_guard_as_75_an lf6_8024_da_q_guard_wi_75_an lf6_8024_da_q_guard_pr_75_an
15696,Progress(SECTION_0==0; SECTION_1<5),0,1,5,simpleQuest,4,lf6_8023_dr_q_guard_fi_75_an lf6_8023_dr_q_guard_as_75_an lf6_8023_dr_q_guard_wi_75_an lf6_8023_dr_q_guard_pr_75_an
15697,Progress(SECTION_0==0; SECTION_1<5),0,1,5,simpleQuest,4,lf6_8023_da_q_guard_fi_75_an lf6_8023_da_q_guard_as_75_an lf6_8023_da_q_guard_wi_75_an lf6_8023_da_q_guard_pr_75_an
15698,Progress(SECTION_0==0; SECTION_1<5),0,1,5,simpleQuest,4,lf6_8021_dr_q_guard_fi_75_an lf6_8021_dr_q_guard_as_75_an lf6_8021_dr_q_guard_wi_75_an lf6_8021_dr_q_guard_pr_75_an
15699,Progress(SECTION_0==0; SECTION_1<5),0,1,5,simpleQuest,4,lf6_8021_da_q_guard_fi_75_an lf6_8021_da_q_guard_as_75_an lf6_8021_da_q_guard_wi_75_an lf6_8021_da_q_guard_pr_75_an
15700,Progress(SECTION_0==0; SECTION_1<5),0,1,5,simpleQuest,4,lf6_8022_dr_q_guard_fi_75_an lf6_8022_dr_q_guard_as_75_an lf6_8022_dr_q_guard_wi_75_an lf6_8022_dr_q_guard_pr_75_an
15701,Progress(SECTION_0==0; SECTION_1<5),0,1,5,simpleQuest,4,lf6_8022_da_q_guard_fi_75_an lf6_8022_da_q_guard_as_75_an lf6_8022_da_q_guard_wi_75_an lf6_8022_da_q_guard_pr_75_an
15702,Progress(SECTION_0==0; SECTION_1<5),0,1,5,simpleQuest,4,df6_9024_dr_q_guard_fi_75_an df6_9024_dr_q_guard_as_75_an df6_9024_dr_q_guard_wi_75_an df6_9024_dr_q_guard_pr_75_an
15703,Progress(SECTION_0==0; SECTION_1<5),0,1,5,simpleQuest,4,df6_9024_da_q_guard_fi_75_an df6_9024_da_q_guard_as_75_an df6_9024_da_q_guard_wi_75_an df6_9024_da_q_guard_pr_75_an
15704,Progress(SECTION_0==0; SECTION_1<5),0,1,5,simpleQuest,4,df6_9023_dr_q_guard_fi_75_an df6_9023_dr_q_guard_as_75_an df6_9023_dr_q_guard_wi_75_an df6_9023_dr_q_guard_pr_75_an
15705,Progress(SECTION_0==0; SECTION_1<5),0,1,5,simpleQuest,4,df6_9023_da_q_guard_fi_75_an df6_9023_da_q_guard_as_75_an df6_9023_da_q_guard_wi_75_an df6_9023_da_q_guard_pr_75_an
15706,Progress(SECTION_0==0; SECTION_1<5),0,1,5,simpleQuest,4,df6_9021_dr_q_guard_fi_75_an df6_9021_dr_q_guard_as_75_an df6_9021_dr_q_guard_wi_75_an df6_9021_dr_q_guard_pr_75_an
15707,Progress(SECTION_0==0; SECTION_1<5),0,1,5,simpleQuest,4,df6_9021_da_q_guard_fi_75_an df6_9021_da_q_guard_as_75_an df6_9021_da_q_guard_wi_75_an df6_9021_da_q_guard_pr_75_an
15708,Progress(SECTION_0==0; SECTION_1<5),0,1,5,simpleQuest,4,df6_9022_dr_q_guard_fi_75_an df6_9022_dr_q_guard_as_75_an df6_9022_dr_q_guard_wi_75_an df6_9022_dr_q_guard_pr_75_an
15709,Progress(SECTION_0==0; SECTION_1<5),0,1,5,simpleQuest,4,df6_9022_da_q_guard_fi_75_an df6_9022_da_q_guard_as_75_an df6_9022_da_q_guard_wi_75_an df6_9022_da_q_guard_pr_75_an
16801,Progress(SECTION_0==0; SECTION_1<30),0,1,30,simpleQuest,8,ideternity_01_leibo_fi_66_ae ideternity_01_leibo_as_66_ae ideternity_01_leibo_as_hide_66_ae ideternity_01_leibo_wi_66_ae ideternity_01_leibo_pr_66_ae ideternity_01_brohum_fi_66_ae ideternity_01_cube_as_66_ae ideternity_01_energy_wi_66_ae
16802,Progress(SECTION_0==0; SECTION_1<30),0,1,30,simpleQuest,8,ideternity_01_leibo_fi_68_ae ideternity_01_leibo_as_68_ae ideternity_01_leibo_as_hide_68_ae ideternity_01_leibo_wi_68_ae ideternity_01_leibo_pr_68_ae ideternity_01_brohum_fi_68_ae ideternity_01_cube_as_68_ae ideternity_01_energy_wi_68_ae
16803,Progress(SECTION_0==0; SECTION_1<30),0,1,30,simpleQuest,9,ideternity_01_leibo_fi_70_ae ideternity_01_leibo_as_70_ae ideternity_01_leibo_as_hide_70_ae ideternity_01_leibo_wi_70_ae ideternity_01_leibo_pr_70_ae ideternity_01_brohum_fi_70_ae ideternity_01_cube_as_70_ae ideternity_01_energy_wi_70_ae
16804,Progress(SECTION_0==0; SECTION_1<1),0,1,1,simpleQuest,3,bideternity_01_leibo_fire_zone_n_70_ah bideternity_01_leibo_wind_zone_n_70_ah bideternity_01_leibo_earth_zone_n_70_ah
16805,Progress(SECTION_0==0; SECTION_1<30),0,1,30,simpleQuest,8,ideternity_01_leibo_fi_66_ae ideternity_01_leibo_as_66_ae ideternity_01_leibo_as_hide_66_ae ideternity_01_leibo_wi_66_ae ideternity_01_leibo_pr_66_ae ideternity_01_brohum_fi_66_ae ideternity_01_cube_as_66_ae ideternity_01_energy_wi_66_ae
16806,Progress(SECTION_0==0; SECTION_1<30),0,1,30,simpleQuest,8,ideternity_01_leibo_fi_68_ae ideternity_01_leibo_as_68_ae ideternity_01_leibo_as_hide_68_ae ideternity_01_leibo_wi_68_ae ideternity_01_leibo_pr_68_ae ideternity_01_brohum_fi_68_ae ideternity_01_cube_as_68_ae ideternity_01_energy_wi_68_ae
16807,Progress(SECTION_0==0; SECTION_1<30),0,1,30,simpleQuest,9,ideternity_01_leibo_fi_70_ae ideternity_01_leibo_as_70_ae ideternity_01_leibo_as_hide_70_ae ideternity_01_leibo_wi_70_ae ideternity_01_leibo_pr_70_ae ideternity_01_brohum_fi_70_ae ideternity_01_cube_as_70_ae ideternity_01_energy_wi_70_ae
16808,Progress(SECTION_0==0; SECTION_1<1),0,1,1,simpleQuest,3,bideternity_01_leibo_fire_zone_n_70_ah bideternity_01_leibo_wind_zone_n_70_ah bideternity_01_leibo_earth_zone_n_70_ah
16823,Progress(SECTION_0==0; SECTION_1<5),0,1,5,simpleQuest,6,ideternity_02_event_guard_fi_da_01 ideternity_02_event_guard_fi_da_02 ideternity_02_event_guard_fi_da_03 ideternity_02_event_guard_fi_da_04 ideternity_02_event_guard_fi_da_05 ideternity_02_event_guard_fi_da_06
16824,Progress(SECTION_0==0; SECTION_1<1),0,1,1,simpleQuest,1,ideternity_02_tower_boss_75_ah
16825,Progress(SECTION_0==0; SECTION_1<1),0,1,1,simpleQuest,2,ideternity_02_nepilim_boss_75_ah ideternity_02_c_key_ra_75_ae
16826,Progress(SECTION_0==0; SECTION_1<1),0,1,1,simpleQuest,1,ideternity_02_snakem_fly_75_ah
16828,Progress(SECTION_0==0; SECTION_1<5),0,1,5,simpleQuest,5,ideternity_02_a_guardian_fi_sn1_72_ae ideternity_02_a_guardian_fi_sn2_72_ae ideternity_02_a_guardian_fi_sn3_72_ae ideternity_02_a_guardian_fi_sn4_72_ae ideternity_02_a_guardian_fi_sn5_72_ae
16829,Progress(SECTION_0==0; SECTION_1<10),0,1,10,simpleQuest,5,ideternity_02_a_cyclops_fi_s_72_ae ideternity_02_a_cyclops_wi_s_72_ae ideternity_02_a_evileye_el_s_72_ae ideternity_02_a_rollinggolem_kn_s_72_ae ideternity_02_a_silika_wi_s_72_ae
16832,Progress(SECTION_0==0; SECTION_1<1),0,1,1,simpleQuest,1,ideternity_02_d_event_start_da
16837,Progress(SECTION_0==0; SECTION_1<1),0,1,1,simpleQuest,1,ideternity_03_def_boss_75
16974,Progress(SECTION_0==0; SECTION_1<1),0,1,1,simpleQuest,1,idf5_u01_n_boss_wi_65_ah_nor idf5_u01_n_boss_wi_65_ah_ra_wi idf5_u01_n_boss_wi_65_ah_ra_pr idf5_u01_n_boss_wi_65_ah_ra_as
16986,Progress(SECTION_0==0; SECTION_1<1),0,1,1,simpleQuest,3,idf5_u2_t_p_vriiu_wi_n_63_ah idf5_u2_t_p_vrirp_pr_n_63_ah idf5_u2_t_p_vrirp_as_n_63_ah
16988,Progress(SECTION_0==0; SECTION_1<5),0,1,5,simpleQuest,3,idf5_u2_p_dark_fi_65_ae2 idf5_u2_p_dark_wi_65_ae idf5_u2_p_dark_pr_65_ae
17160,Progress(SECTION_0==0; SECTION_1<10),0,1,10,simpleQuest,3,lf5_p1_varanus_strong_65_an lf5_p2_cyclops_strong_65_an lf5_i_lizardmanfighter_65_an
17161,Progress(SECTION_0==0; SECTION_1<10),0,1,10,simpleQuest,3,df5_p1_cellatu_strong_65_ae df5_p2_lobster_strong_65_ae df5_i_nepilim1_strong_65_ae
17526,Progress(SECTION_0==0; SECTION_1<1),0,1,1,simpleQuest,1,idabre_core_03_witch_boss_ae
17530,Progress(SECTION_0==0; SECTION_1<1),0,1,1,simpleQuest,1,dreadgion_s_raid_drakanboss_01_75_al dreadgion_s_raid_drakanboss_01_75_al_sp dreadgion_s_raid_drakanboss_01_75_al_world
17531,Progress(SECTION_0==0; SECTION_1<40),0,1,40,simpleQuest,6,dreadgion_s_raid_drakan_fi_71_ae dreadgion_m_raid_drakan_fi_71_ae dreadgion_l_raid_drakan_fi_71_ae dreadgion_defense_drakan_fi_71_ae dreadgion_invasion_drakan_fi_71_ae dreadgion_ship_drakan_fi_71_ae dreadgion_turret_drakan_fi_71_ae dreadgion_turret_atk_drakan_fi_71_ae dreadgion_turret_wave_drakan_fi_71_ae dreadgion_n_drakan_fi_73_ae dreadgion_n_drakan_fi_71 dreadgion_s_drakan_fi_71 dreadgion_s_raid_drakan_fi_71_ae_sp dreadgion_m_raid_drakan_fi_71_ae_sp dreadgion_l_raid_drakan_fi_71_ae_sp dreadgion_defense_drakan_fi_71_ae_sp dreadgion_invasion_drakan_fi_71_ae_sp dreadgion_ship_drakan_fi_71_ae_sp dreadgion_turret_drakan_fi_71_ae_sp dreadgion_turret_atk_drakan_fi_71_ae_sp dreadgion_turret_wave_drakan_fi_71_ae_sp dreadgion_n_drakan_fi_73_ae_sp dreadgion_n_drakan_fi_71_sp dreadgion_s_drakan_fi_71_sp dreadgion_n_drakan_fi_73_ae_da dreadgion_n_drakan_fi_73_ae_da_sp dreadgion_s_raid_drakan_as_71_ae dreadgion_m_raid_drakan_as_71_ae dreadgion_l_raid_drakan_as_71_ae dreadgion_defense_drakan_as_71_ae dreadgion_invasion_drakan_as_71_ae dreadgion_ship_drakan_as_71_ae dreadgion_turret_drakan_as_71_ae dreadgion_turret_atk_drakan_as_71_ae dreadgion_turret_wave_drakan_as_71_ae dreadgion_n_drakan_as_73_ae dreadgion_n_drakan_as_71 dreadgion_s_drakan_as_71 dreadgion_s_raid_drakan_as_71_ae_sp dreadgion_m_raid_drakan_as_71_ae_sp dreadgion_l_raid_drakan_as_71_ae_sp dreadgion_defense_drakan_as_71_ae_sp dreadgion_invasion_drakan_as_71_ae_sp dreadgion_ship_drakan_as_71_ae_sp dreadgion_turret_drakan_as_71_ae_sp dreadgion_turret_atk_drakan_as_71_ae_sp dreadgion_turret_wave_drakan_as_71_ae_sp dreadgion_n_drakan_as_73_ae_sp dreadgion_n_drakan_as_71_sp dreadgion_s_drakan_as_71_sp dreadgion_n_drakan_as_73_ae_da dreadgion_n_drakan_as_73_ae_da_sp dreadgion_s_raid_drakan_ra_71_ae dreadgion_m_raid_drakan_ra_71_ae dreadgion_l_raid_drakan_ra_71_ae dreadgion_defense_drakan_ra_71_ae dreadgion_invasion_drakan_ra_71_ae dreadgion_ship_drakan_ra_71_ae dreadgion_turret_drakan_ra_71_ae dreadgion_turret_atk_drakan_ra_71_ae dreadgion_turret_wave_drakan_ra_71_ae dreadgion_n_drakan_ra_73_ae dreadgion_n_drakan_ra_71 dreadgion_s_drakan_ra_71 dreadgion_s_raid_drakan_ra_71_ae_sp dreadgion_m_raid_drakan_ra_71_ae_sp dreadgion_l_raid_drakan_ra_71_ae_sp dreadgion_defense_drakan_ra_71_ae_sp dreadgion_invasion_drakan_ra_71_ae_sp dreadgion_ship_drakan_ra_71_ae_sp dreadgion_turret_drakan_ra_71_ae_sp dreadgion_turret_atk_drakan_ra_71_ae_sp dreadgion_turret_wave_drakan_ra_71_ae_sp dreadgion_n_drakan_ra_73_ae_sp dreadgion_n_drakan_ra_71_sp dreadgion_s_drakan_ra_71_sp dreadgion_n_drakan_ra_73_ae_da dreadgion_n_drakan_ra_73_ae_da_sp dreadgion_s_raid_drakan_pr_71_ae dreadgion_m_raid_drakan_pr_71_ae dreadgion_l_raid_drakan_pr_71_ae dreadgion_defense_drakan_pr_71_ae dreadgion_invasion_drakan_pr_71_ae dreadgion_ship_drakan_pr_71_ae dreadgion_turret_drakan_pr_71_ae dreadgion_turret_atk_drakan_pr_71_ae dreadgion_turret_wave_drakan_pr_71_ae dreadgion_n_drakan_pr_73_ae dreadgion_n_drakan_pr_71 dreadgion_s_drakan_pr_71 dreadgion_s_raid_drakan_pr_71_ae_sp dreadgion_m_raid_drakan_pr_71_ae_sp dreadgion_l_raid_drakan_pr_71_ae_sp dreadgion_defense_drakan_pr_71_ae_sp dreadgion_invasion_drakan_pr_71_ae_sp dreadgion_ship_drakan_pr_71_ae_sp dreadgion_turret_drakan_pr_71_ae_sp dreadgion_turret_atk_drakan_pr_71_ae_sp dreadgion_turret_wave_drakan_pr_71_ae_sp dreadgion_n_drakan_pr_73_ae_sp dreadgion_n_drakan_pr_71_sp dreadgion_s_drakan_pr_71_sp dreadgion_n_drakan_pr_73_ae_da dreadgion_n_drakan_pr_73_ae_da_sp dreadgion_s_raid_drakan_wi_71_ae dreadgion_m_raid_drakan_wi_71_ae dreadgion_l_raid_drakan_wi_71_ae dreadgion_defense_drakan_wi_71_ae dreadgion_invasion_drakan_wi_71_ae dreadgion_ship_drakan_wi_71_ae dreadgion_turret_drakan_wi_71_ae dreadgion_turret_atk_drakan_wi_71_ae dreadgion_turret_wave_drakan_wi_71_ae dreadgion_n_drakan_wi_73_ae dreadgion_n_drakan_wi_71 dreadgion_s_drakan_wi_71 dreadgion_s_raid_drakan_wi_71_ae_sp dreadgion_m_raid_drakan_wi_71_ae_sp dreadgion_l_raid_drakan_wi_71_ae_sp dreadgion_defense_drakan_wi_71_ae_sp dreadgion_invasion_drakan_wi_71_ae_sp dreadgion_ship_drakan_wi_71_ae_sp dreadgion_turret_drakan_wi_71_ae_sp dreadgion_turret_atk_drakan_wi_71_ae_sp dreadgion_turret_wave_drakan_wi_71_ae_sp dreadgion_n_drakan_wi_73_ae_sp dreadgion_n_drakan_wi_71_sp dreadgion_s_drakan_wi_71_sp dreadgion_n_drakan_wi_73_ae_da dreadgion_n_drakan_wi_73_ae_da_sp dreadgion_ship_drakan_flying_71_ae dreadgion_n_drakan_flying_71 dreadgion_s_drakan_flying_71 dreadgion_ship_drakan_flying_71_ae_sp dreadgion_n_drakan_flying_71_sp dreadgion_s_drakan_flying_71_sp dreadgion_drakan_flying_73 dreadgion_drakan_flying_73_sp
17541,Progress(SECTION_0==0; SECTION_1<1),0,1,1,simpleQuest,1,idf4re_dra_01_bioniccpu_53_ah idf4re_dra_sp_01_bioniccpu_53_ah
17552,Progress(SECTION_0==0; SECTION_1<1),0,1,1,simpleQuest,1,idab1_heroes_boss_73_ah
18314,Progress(SECTION_0==0; SECTION_1<7),0,1,7,simpleQuest,1,idstation_fobj_dr_cm_01 idstation_fobj_dr_cm
18316,Progress(SECTION_0==0; SECTION_1<1),0,1,1,simpleQuest,1,idstation_drakanboss_58re2 idstation_sp_drakanboss_58re2
18317,Progress(SECTION_0==0; SECTION_1<1),0,1,1,simpleQuest,1,idstation_hugen_nm_58an idstation_sp_hugen_nm_58an idstation_sp_e_hugen_nm_58an
18396,Progress(SECTION_0==0; SECTION_1<20),0,1,20,simpleQuest,5,idcatacombsh_drakanfi_55_ae idcatacombsn_drakanfi_55_ae idcatacombsh_drakanwi_55_ae idcatacombsn_drakanwi_55_ae idcatacombsh_drakanas_55_ae idcatacombsn_drakanas_55_ae idcatacombsh_drakansc_55_ae idcatacombsn_drakansc_55_ae idcatacombsh_drakancl_55_ae idcatacombsn_drakancl_55_ae
18416,Progress(SECTION_0==0; SECTION_1<1),0,1,1,simpleQuest,1,idf4re_dra_01_bioniccpu_53_ah idf4re_dra_sp_01_bioniccpu_53_ah
18741,Progress(SECTION_0==0; SECTION_1<50),0,1,50,simpleQuest,7,idraksha_solo_icecyclops_61_an idraksha_solo_flyingworm_n_61_ah idraksha_solo_clodworm_61_an_normal idraksha_solo_debrie_61_n idraksha_solo_clodworm_61_an_02 idraksha_solo_debrie_61_n_02 idraksha_solo_clodworm_61_an
18743,Progress(SECTION_0==0; SECTION_1<1),0,1,1,simpleQuest,1,idraksha_re_boss_named_63_an
18932,Progress(SECTION_0==0; SECTION_1<1),0,1,1,simpleQuest,1,iddreadgion_04_drakanwi_drakanninja_ah
18951,Progress(SECTION_0==0; SECTION_1<25),0,1,25,simpleQuest,11,idseal_a_single_fi_65_ah idseal_a_single_as_65_ah idseal_a_single_as_65_ah_hide idseal_a_single_ra_65_ah idseal_a_single_wi_65_ah idseal_a_single_fi_65_ae idseal_a_single_as_65_ae idseal_a_single_as_65_ae_hide idseal_a_single_ra_65_ae idseal_a_single_wi_65_ae idseal_a_group1_fi_65_ae idseal_a_group1_as_65_ae_hide idseal_a_group1_ra_65_ae idseal_a_group1_wi_65_ae idseal_a_group2_fi_65_ae idseal_a_group2_as_65_ae_hide idseal_a_group2_ra_65_ae idseal_a_group2_wi_65_ae idseal_a_group3_fi_65_ae idseal_a_group3_as_65_ae_hide idseal_a_group3_ra_65_ae idseal_a_group3_wi_65_ae idseal_a_group1_fi_65_an idseal_a_group1_as_65_an_hide idseal_a_group1_ra_65_an idseal_a_group1_wi_65_an idseal_a_group2_fi_65_an idseal_a_group2_as_65_an_hide idseal_a_group2_ra_65_an idseal_a_group2_wi_65_an idseal_a_group3_fi_65_an idseal_a_group3_as_65_an_hide idseal_a_group3_ra_65_an idseal_a_group3_wi_65_an idseal_a_group1_leader_fi_65_ah idseal_a_group1_leader_wi_65_ah idseal_a_group1_leader_as_65_ah idseal_a_group2_leader_fi_65_ah idseal_a_group2_leader_wi_65_ah idseal_a_group2_leader_as_65_ah idseal_a_group3_leader_fi_65_ah idseal_a_group3_leader_wi_65_ah idseal_a_group3_leader_as_65_ah idseal_a_group1_leader_fi_65_ae idseal_a_group1_leader_wi_65_ae idseal_a_group1_leader_as_65_ae idseal_a_group2_leader_fi_65_ae idseal_a_group2_leader_wi_65_ae idseal_a_group2_leader_as_65_ae idseal_a_group3_leader_fi_65_ae idseal_a_group3_leader_wi_65_ae idseal_a_group3_leader_as_65_ae idseal_b_single_fi_65_ah idseal_b_single_as_65_ah idseal_b_single_as_65_ah_hide idseal_b_single_ra_65_ah idseal_b_single_wi_65_ah idseal_b_group1_fi_65_ae idseal_b_group1_as_65_ae_hide idseal_b_group1_ra_65_ae idseal_b_group1_wi_65_ae idseal_b_group2_fi_65_ae idseal_b_group2_as_65_ae_hide idseal_b_group2_ra_65_ae idseal_b_group2_wi_65_ae idseal_b_group3_fi_65_ae idseal_b_group3_as_65_ae_hide idseal_b_group3_ra_65_ae idseal_b_group3_wi_65_ae idseal_b_group1_leader_fi_65_ah idseal_b_group1_leader_wi_65_ah idseal_b_group1_leader_as_65_ah idseal_b_group2_leader_fi_65_ah idseal_b_group2_leader_wi_65_ah idseal_b_group2_leader_as_65_ah idseal_b_group3_leader_fi_65_ah idseal_b_group3_leader_wi_65_ah idseal_b_group3_leader_as_65_ah idseal_c_single_fi_65_ah idseal_c_single_as_65_ah idseal_c_single_as_65_ah_hide idseal_c_single_ra_65_ah idseal_c_single_wi_65_ah idseal_c_group1_fi_65_ae idseal_c_group1_as_65_ae_hide idseal_c_group1_ra_65_ae idseal_c_group1_wi_65_ae idseal_c_group2_fi_65_ae idseal_c_group2_as_65_ae_hide idseal_c_group2_ra_65_ae idseal_c_group2_wi_65_ae idseal_c_group3_fi_65_ae idseal_c_group3_as_65_ae_hide idseal_c_group3_ra_65_ae idseal_c_group3_wi_65_ae idseal_c_group1_leader_fi_65_ah idseal_c_group1_leader_wi_65_ah idseal_c_group1_leader_as_65_ah idseal_c_group2_leader_fi_65_ah idseal_c_group2_leader_wi_65_ah idseal_c_group2_leader_as_65_ah idseal_c_group3_leader_fi_65_ah idseal_c_group3_leader_wi_65_ah idseal_c_group3_leader_as_65_ah idseal_wave_group1_fi_65_ae idseal_wave_group1_as_65_ae idseal_wave_group1_ra_65_ae idseal_wave_group1_wi_65_ae idseal_wave_group2_fi_65_ae idseal_wave_group2_as_65_ae idseal_wave_group2_ra_65_ae idseal_wave_group2_wi_65_ae idseal_wave_group3_fi_65_ae idseal_wave_group3_as_65_ae idseal_wave_group3_ra_65_ae idseal_wave_group3_wi_65_ae idseal_wave_leadgroup_fi_65_ae idseal_wave_leadgroup_as_65_ae idseal_wave_leadgroup_ra_65_ae idseal_wave_leadgroup_wi_65_ae idseal_wave_leadgroup_pr_65_ae
18952,Progress(SECTION_0==0; SECTION_1<1),0,1,1,simpleQuest,1,idseal_twin_p_lv2_n_65_ah idseal_twin_m_lv2_n_65_ah idseal_twin_p_lv3_n_65_ah idseal_twin_m_lv3_n_65_ah
18971,Progress(SECTION_0==0; SECTION_1<4),0,1,4,simpleQuest,2,lf5_c_rottentrees_57_an lf5_c_rottentrees_58_an
18972,Progress(SECTION_0==0; SECTION_1<6),0,1,6,simpleQuest,2,lf5_c_rottentrees_57_an lf5_c_rottentrees_58_an
18973,Progress(SECTION_0==0; SECTION_1<6),0,1,6,simpleQuest,2,lf5_e_gargoyle_59_an lf5_e_gargoyle_60_an
18974,Progress(SECTION_0==0; SECTION_1<6),0,1,6,simpleQuest,1,lf5_f_slime_60_an
18991,Progress(SECTION_0==0; SECTION_1<1),0,1,1,simpleQuest,1,idf6_adma_evilspirit_67_ah
18993,Progress(SECTION_0==0; SECTION_1<1),0,1,1,simpleQuest,1,idf6_lap_godelemental_67_ah
18995,Progress(SECTION_0==0; SECTION_1<1),0,1,1,simpleQuest,1,idf6_dragon_messenger_69_ah idf6_dragon_messenger_event
18997,Progress(SECTION_0==0; SECTION_1<1),0,1,1,simpleQuest,1,idlf1_t_vanq_named_73_ah
19603,Progress(SECTION_0==0; SECTION_1<10),0,1,10,simpleQuest,4,lf2a_rhinoce_48_an lf2a_rhinoce_49_an lf2a_salivadosalt_47_an lf2a_salivadosalt_48_an
19609,Progress(SECTION_0==0; SECTION_1<10),0,1,10,simpleQuest,2,lf4_a3_lupyllini_peacock_52_n lf4_a3_dionaea_od_52_an
19614,Progress(SECTION_0==0; SECTION_1<10),0,1,10,simpleQuest,4,ldf4a_a1_scorpion_rough_55_an ldf4a_a1_scorpion_rough_56_an ldf4a_a1_salivadored_55_an ldf4a_a1_salivadored_56_an
19625,Progress(SECTION_0==0; SECTION_1<10),0,1,10,simpleQuest,3,ldf5a_a5_agrint_62_an ldf5a_a5_agrint_63_an ldf5a_a5_criton_61_an
19631,Progress(SECTION_0==0; SECTION_1<10),0,1,10,simpleQuest,4,lf2a_xipetosalt_47_an lf2a_xipetosalt_48_an lf2a_vespare_45_n lf2a_vespare_46_n
19632,Progress(SECTION_0==0; SECTION_1<10),0,1,10,simpleQuest,4,lf2a_scorpionrough_47_an lf2a_scorpionrough_48_an lf2a_c_condor_47_an lf2a_c_condor_48_an
19633,Progress(SECTION_0==0; SECTION_1<10),0,1,10,simpleQuest,3,lf2a_lobnited_48_n lf2a_lobnited_49_n lf2a_starcrab_47_an
19634,Progress(SECTION_0==0; SECTION_1<10),0,1,10,simpleQuest,3,lf2a_salivadosalt_47_an lf2a_salivadosalt_48_an lf2a_salivadosalt_49_an
19635,Progress(SECTION_0==0; SECTION_1<10),0,1,10,simpleQuest,4,lf2a_rhinoce_48_an lf2a_rhinoce_49_an lf2a_lobsterdirty_47_an lf2a_lobsterdirty_48_an
19636,Progress(SECTION_0==0; SECTION_1<10),0,1,10,simpleQuest,4,lf2a_cyclopsservant_48_an lf2a_cyclopsservant_49_an lf2a_maidengolemy_48_an lf2a_maidengolemy_49_an
19637,Progress(SECTION_0==0; SECTION_1<10),0,1,10,simpleQuest,4,lf4_a_slime_snail_51_an lf4_a_slime_snail_52_an lf4_a_foam_wisp_51_n lf4_a_foam_wisp_52_n
19638,Progress(SECTION_0==0; SECTION_1<10),0,1,10,simpleQuest,6,lf4_a2_kuillus_drana_51_an lf4_a2_kuillus_drana_52_an lf4_a2_kuillus_drana_eat_51_an lf4_a2_bat_drana_51_an lf4_a2_bat_drana_52_an lf4_a2_bat_drana_eat_51_an
19639,Progress(SECTION_0==0; SECTION_1<10),0,1,10,simpleQuest,2,lf4_a3_dionaea_od_52_an lf4_a3_lupyllini_peacock_52_n
19640,Progress(SECTION_0==0; SECTION_1<10),0,1,10,simpleQuest,2,lf4_a3_rottentree_green_52_an lf4_a3_foam_wisp_52_n lf4_a3_foam_wispfly_52_an lf4_b7_foam_wispfly_54_an
19641,Progress(SECTION_0==0; SECTION_1<10),0,1,10,simpleQuest,4,lf4_b_fethlot_highland_53_n lf4_b_fethlot_highland_54_n lf4_b_warg_meerkat_53_an lf4_b_warg_meerkat_54_an
19642,Progress(SECTION_0==0; SECTION_1<10),0,1,10,simpleQuest,4,lf4_b_direbeast_pet_53_an lf4_b_direbeast_pet_54_an lf4_b_direbeast_fanatic_53_an lf4_b_direbeast_fanatic_54_an
19645,Progress(SECTION_0==0; SECTION_1<10),0,1,10,simpleQuest,3,lf5_a_dionaea_55_an lf5_a_shellizard_55_n lf5_a_shellizard_56_n
19647,Progress(SECTION_0==0; SECTION_1<10),0,1,10,simpleQuest,4,lf5_d_salivado_58_an lf5_d_salivado_59_an lf5_d_brohum_m_forest_58_an lf5_d_brohum_m_forest_59_an
19650,Progress(SECTION_0==0; SECTION_1<10),0,1,10,simpleQuest,3,lf5_h_elemetli_62_an lf5_h_ettin_61_an lf5_h_ettin_62_an
19652,Progress(SECTION_0==0; SECTION_1<10),0,1,10,simpleQuest,3,tog_12_an tog_13_an lupyllini_13_n
19653,Progress(SECTION_0==0; SECTION_1<10),0,1,10,simpleQuest,3,potcrab_18_n potcrab_19_n starturtle_19_n
19656,Progress(SECTION_0==0; SECTION_1<10),0,1,10,simpleQuest,3,vespa_21_n frillfaimammale_22_an frillfaimammale_23_an
19657,Progress(SECTION_0==0; SECTION_1<10),0,1,10,simpleQuest,4,lobster_25_an lobster_26_an displacerbeast_26_an displacerbeast_27_an
19661,Progress(SECTION_0==0; SECTION_1<10),0,1,10,simpleQuest,3,fethlot_30_n fethlot_31_n ettin_31_an
19662,Progress(SECTION_0==0; SECTION_1<10),0,1,10,simpleQuest,4,fellialre_36_an fellialre_37_an frillfaimam1st_37_an frillfaimam1st_38_an
19664,Progress(SECTION_0==0; SECTION_1<10),0,1,10,simpleQuest,3,zombie_38_an batre2_40_an batre2_41_an
19667,Progress(SECTION_0==0; SECTION_1<12),0,1,12,simpleQuest,5,lf6_elementallightf_a_66_n lf6_elementallightf_a_67_n lf6_t_elementallightf_a_66_n lf6_t_elementallightf_a_67_n lf6_newmerman_a_66_n lf6_newmerman_a_67_n lf6_t_newmerman_a_66_n lf6_t_newmerman_a_67_n lf6_trico_a_66_n lf6_trico_a_67_n lf6_t_trico_a_66_n lf6_t_trico_a_67_n lf6_baku_a_66_n lf6_baku_a_67_n lf6_t_baku_a_66_n lf6_t_baku_a_67_n lf6_daru_a_66_n lf6_daru_a_67_n lf6_t_daru_a_66_n lf6_t_daru_a_67_n
19673,Progress(SECTION_0==0; SECTION_1<1),0,1,1,simpleQuest,1,idnovice_07_darkdevakn_named_20_an
19674,Progress(SECTION_0==0; SECTION_1<1),0,1,1,simpleQuest,1,firesanctuaryqueenboss_37_ae firesanctuaryqueenbosshard_37_ah
19675,Progress(SECTION_0==0; SECTION_1<1),0,1,1,simpleQuest,2,idcromede_2up_named_angry_judge_38_an idcromede_2up_named_judge_38_an idcromede_2up_named_judgeq_38_an
19676,Progress(SECTION_0==0; SECTION_1<1),0,1,1,simpleQuest,1,iddf3_drakanfibossd_50_ah iddf3_drakanfibossd_50_ah_sp
19680,Progress(SECTION_0==0; SECTION_1<1),0,1,1,simpleQuest,3,bideternity_01_leibo_fire_zone_n_70_ah bideternity_01_leibo_wind_zone_n_70_ah bideternity_01_leibo_earth_zone_n_70_ah
19681,Progress(SECTION_0==0; SECTION_1<1),0,1,1,simpleQuest,1,ideternity_02_snakem_fly_75_ah
19682,Progress(SECTION_0==0; SECTION_1<1),0,1,1,simpleQuest,1,idf6_lap_godelemental_67_ah
19691,Progress(SECTION_0==0; SECTION_1<3),0,1,3,simpleQuest,1,idtransform_bonus_monster_typea_66_an idtransform_bonus_monster_typeb_66_an idtransform_bonus_monster_typec_66_an idtransform_bonus_monster_typed_66_an idtransform_bonus_monster_typea_67_an idtransform_bonus_monster_typeb_67_an idtransform_bonus_monster_typec_67_an idtransform_bonus_monster_typed_67_an idtransform_bonus_monster_typea_68_an idtransform_bonus_monster_typeb_68_an idtransform_bonus_monster_typec_68_an idtransform_bonus_monster_typed_68_an idtransform_bonus_monster_typea_69_an idtransform_bonus_monster_typeb_69_an idtransform_bonus_monster_typec_69_an idtransform_bonus_monster_typed_69_an idtransform_bonus_monster_typea_70_an idtransform_bonus_monster_typeb_70_an idtransform_bonus_monster_typec_70_an idtransform_bonus_monster_typed_70_an idtransform_bonus_monster_typea_71_an idtransform_bonus_monster_typeb_71_an idtransform_bonus_monster_typec_71_an idtransform_bonus_monster_typed_71_an idtransform_bonus_monster_typea_72_an idtransform_bonus_monster_typeb_72_an idtransform_bonus_monster_typec_72_an idtransform_bonus_monster_typed_72_an idtransform_bonus_monster_typea_73_an idtransform_bonus_monster_typeb_73_an idtransform_bonus_monster_typec_73_an idtransform_bonus_monster_typed_73_an idtransform_bonus_monster_typea_74_an idtransform_bonus_monster_typeb_74_an idtransform_bonus_monster_typec_74_an idtransform_bonus_monster_typed_74_an idtransform_bonus_monster_typea_75_an idtransform_bonus_monster_typeb_75_an idtransform_bonus_monster_typec_75_an idtransform_bonus_monster_typed_75_an idtransform_e_bonus_monster_typea_66_an idtransform_e_bonus_monster_typeb_66_an idtransform_e_bonus_monster_typec_66_an idtransform_e_bonus_monster_typed_66_an idtransform_e_bonus_monster_typea_67_an idtransform_e_bonus_monster_typeb_67_an idtransform_e_bonus_monster_typec_67_an idtransform_e_bonus_monster_typed_67_an idtransform_e_bonus_monster_typea_68_an idtransform_e_bonus_monster_typeb_68_an idtransform_e_bonus_monster_typec_68_an idtransform_e_bonus_monster_typed_68_an idtransform_e_bonus_monster_typea_69_an idtransform_e_bonus_monster_typeb_69_an idtransform_e_bonus_monster_typec_69_an idtransform_e_bonus_monster_typed_69_an idtransform_e_bonus_monster_typea_70_an idtransform_e_bonus_monster_typeb_70_an idtransform_e_bonus_monster_typec_70_an idtransform_e_bonus_monster_typed_70_an idtransform_e_bonus_monster_typea_71_an idtransform_e_bonus_monster_typeb_71_an idtransform_e_bonus_monster_typec_71_an idtransform_e_bonus_monster_typed_71_an idtransform_e_bonus_monster_typea_72_an idtransform_e_bonus_monster_typeb_72_an idtransform_e_bonus_monster_typec_72_an idtransform_e_bonus_monster_typed_72_an idtransform_e_bonus_monster_typea_73_an idtransform_e_bonus_monster_typeb_73_an idtransform_e_bonus_monster_typec_73_an idtransform_e_bonus_monster_typed_73_an idtransform_e_bonus_monster_typea_74_an idtransform_e_bonus_monster_typeb_74_an idtransform_e_bonus_monster_typec_74_an idtransform_e_bonus_monster_typed_74_an idtransform_e_bonus_monster_typea_75_an idtransform_e_bonus_monster_typeb_75_an idtransform_e_bonus_monster_typec_75_an idtransform_e_bonus_monster_typed_75_an
19692,Progress(SECTION_0==0; SECTION_1<1),0,1,1,simpleQuest,1,idf6_dragon_messenger_69_ah idf6_dragon_messenger_event
19693,Progress(SECTION_0==0; SECTION_1<1),0,1,1,simpleQuest,1,idlf1_t_vanq_named_73_ah
19912,Progress(SECTION_0==0; SECTION_1<5),0,1,5,simpleQuest,2,lf4_a_foam_wisp_51_n lf4_a_foam_wisp_52_n
19913,Progress(SECTION_0==0; SECTION_1<5),0,1,5,simpleQuest,2,lf4_a_shadowstalker_leaf_51_an lf4_a_shadowstalker_leaf_52_an
21326,Progress(SECTION_0==0; SECTION_1<8),0,1,8,simpleQuest,2,df4_griffon_dr_52_an df4_griffon_dr_53_an
21327,Progress(SECTION_0==0; SECTION_1<8),0,1,8,simpleQuest,1,df4_dionae_dr_53_an
21332,Progress(SECTION_0==0; SECTION_1<1),0,1,1,simpleQuest,1,f4_raid_drakan_boss_55_ah
21333,Progress(SECTION_0==0; SECTION_1<1),0,1,1,simpleQuest,1,f4_craid_4th_fanatic_fi_boss_55_al
21334,Progress(SECTION_0==0; SECTION_1<1),0,1,1,simpleQuest,1,df4_field_raid_boss_55_al
21340,Progress(SECTION_0==0; SECTION_1<5),0,1,5,simpleQuest,5,lf4_occupy_spot_q_v01_vritra_fi_51_an lf4_occupy_spot_q_v01_vritra_as_51_an lf4_occupy_spot_q_v01_vritra_ra_51_an lf4_occupy_spot_q_v01_vritra_wi_51_an lf4_occupy_spot_q_v01_vritra_pr_51_an
21341,Progress(SECTION_0==0; SECTION_1<5),0,1,5,simpleQuest,5,lf4_occupy_spot_q_v01_li_fi_51_an lf4_occupy_spot_q_v01_li_as_51_an lf4_occupy_spot_q_v01_li_ra_51_an lf4_occupy_spot_q_v01_li_wi_51_an lf4_occupy_spot_q_v01_li_pr_51_an
21342,Progress(SECTION_0==0; SECTION_1<5),0,1,5,simpleQuest,5,lf4_occupy_spot_q_v02_vritra_fi_52_an lf4_occupy_spot_q_v02_vritra_as_52_an lf4_occupy_spot_q_v02_vritra_ra_52_an lf4_occupy_spot_q_v02_vritra_wi_52_an lf4_occupy_spot_q_v02_vritra_pr_52_an
21343,Progress(SECTION_0==0; SECTION_1<5),0,1,5,simpleQuest,5,lf4_occupy_spot_q_v02_li_fi_52_an lf4_occupy_spot_q_v02_li_as_52_an lf4_occupy_spot_q_v02_li_ra_52_an lf4_occupy_spot_q_v02_li_wi_52_an lf4_occupy_spot_q_v02_li_pr_52_an
21344,Progress(SECTION_0==0; SECTION_1<5),0,1,5,simpleQuest,5,lf4_occupy_spot_q_v03_vritra_fi_53_an lf4_occupy_spot_q_v03_vritra_as_53_an lf4_occupy_spot_q_v03_vritra_ra_53_an lf4_occupy_spot_q_v03_vritra_wi_53_an lf4_occupy_spot_q_v03_vritra_pr_53_an
21345,Progress(SECTION_0==0; SECTION_1<5),0,1,5,simpleQuest,5,lf4_occupy_spot_q_v03_li_fi_53_an lf4_occupy_spot_q_v03_li_as_53_an lf4_occupy_spot_q_v03_li_ra_53_an lf4_occupy_spot_q_v03_li_wi_53_an lf4_occupy_spot_q_v03_li_pr_53_an
21346,Progress(SECTION_0==0; SECTION_1<5),0,1,5,simpleQuest,5,lf4_occupy_spot_q_v04_vritra_fi_53_an lf4_occupy_spot_q_v04_vritra_as_53_an lf4_occupy_spot_q_v04_vritra_ra_53_an lf4_occupy_spot_q_v04_vritra_wi_53_an lf4_occupy_spot_q_v04_vritra_pr_53_an
21347,Progress(SECTION_0==0; SECTION_1<5),0,1,5,simpleQuest,5,lf4_occupy_spot_q_v04_li_fi_53_an lf4_occupy_spot_q_v04_li_as_53_an lf4_occupy_spot_q_v04_li_ra_53_an lf4_occupy_spot_q_v04_li_wi_53_an lf4_occupy_spot_q_v04_li_pr_53_an
21348,Progress(SECTION_0==0; SECTION_1<5),0,1,5,simpleQuest,5,lf4_occupy_spot_q_v05_vritra_fi_54_an lf4_occupy_spot_q_v05_vritra_as_54_an lf4_occupy_spot_q_v05_vritra_ra_54_an lf4_occupy_spot_q_v05_vritra_wi_54_an lf4_occupy_spot_q_v05_vritra_pr_54_an
21349,Progress(SECTION_0==0; SECTION_1<5),0,1,5,simpleQuest,5,lf4_occupy_spot_q_v05_li_fi_54_an lf4_occupy_spot_q_v05_li_as_54_an lf4_occupy_spot_q_v05_li_ra_54_an lf4_occupy_spot_q_v05_li_wi_54_an lf4_occupy_spot_q_v05_li_pr_54_an
21350,Progress(SECTION_0==0; SECTION_1<5),0,1,5,simpleQuest,5,lf4_occupy_spot_q_v06_vritra_fi_55_an lf4_occupy_spot_q_v06_vritra_as_55_an lf4_occupy_spot_q_v06_vritra_ra_55_an lf4_occupy_spot_q_v06_vritra_wi_55_an lf4_occupy_spot_q_v06_vritra_pr_55_an
21351,Progress(SECTION_0==0; SECTION_1<5),0,1,5,simpleQuest,5,lf4_occupy_spot_q_v06_li_fi_55_an lf4_occupy_spot_q_v06_li_as_55_an lf4_occupy_spot_q_v06_li_ra_55_an lf4_occupy_spot_q_v06_li_wi_55_an lf4_occupy_spot_q_v06_li_pr_55_an
21352,Progress(SECTION_0==0; SECTION_1<5),0,1,5,simpleQuest,5,lf4_occupy_spot_q_v07_vritra_fi_55_an lf4_occupy_spot_q_v07_vritra_as_55_an lf4_occupy_spot_q_v07_vritra_ra_55_an lf4_occupy_spot_q_v07_vritra_wi_55_an lf4_occupy_spot_q_v07_vritra_pr_55_an
21353,Progress(SECTION_0==0; SECTION_1<5),0,1,5,simpleQuest,5,lf4_occupy_spot_q_v07_li_fi_55_an lf4_occupy_spot_q_v07_li_as_55_an lf4_occupy_spot_q_v07_li_ra_55_an lf4_occupy_spot_q_v07_li_wi_55_an lf4_occupy_spot_q_v07_li_pr_55_an
21370,Progress(SECTION_0==0; SECTION_1<5),0,1,5,simpleQuest,5,df4_occupy_spot_q_v01_vritra_fi_51_an df4_occupy_spot_q_v01_vritra_as_51_an df4_occupy_spot_q_v01_vritra_ra_51_an df4_occupy_spot_q_v01_vritra_wi_51_an df4_occupy_spot_q_v01_vritra_pr_51_an
21371,Progress(SECTION_0==0; SECTION_1<5),0,1,5,simpleQuest,5,df4_occupy_spot_q_v01_li_fi_51_an df4_occupy_spot_q_v01_li_as_51_an df4_occupy_spot_q_v01_li_ra_51_an df4_occupy_spot_q_v01_li_wi_51_an df4_occupy_spot_q_v01_li_pr_51_an
21372,Progress(SECTION_0==0; SECTION_1<5),0,1,5,simpleQuest,5,df4_occupy_spot_q_v02_vritra_fi_52_an df4_occupy_spot_q_v02_vritra_as_52_an df4_occupy_spot_q_v02_vritra_ra_52_an df4_occupy_spot_q_v02_vritra_wi_52_an df4_occupy_spot_q_v02_vritra_pr_52_an
21373,Progress(SECTION_0==0; SECTION_1<5),0,1,5,simpleQuest,5,df4_occupy_spot_q_v02_li_fi_52_an df4_occupy_spot_q_v02_li_as_52_an df4_occupy_spot_q_v02_li_ra_52_an df4_occupy_spot_q_v02_li_wi_52_an df4_occupy_spot_q_v02_li_pr_52_an
21374,Progress(SECTION_0==0; SECTION_1<5),0,1,5,simpleQuest,5,df4_occupy_spot_q_v03_vritra_fi_53_an df4_occupy_spot_q_v03_vritra_as_53_an df4_occupy_spot_q_v03_vritra_ra_53_an df4_occupy_spot_q_v03_vritra_wi_53_an df4_occupy_spot_q_v03_vritra_pr_53_an
21375,Progress(SECTION_0==0; SECTION_1<5),0,1,5,simpleQuest,5,df4_occupy_spot_q_v03_li_fi_53_an df4_occupy_spot_q_v03_li_as_53_an df4_occupy_spot_q_v03_li_ra_53_an df4_occupy_spot_q_v03_li_wi_53_an df4_occupy_spot_q_v03_li_pr_53_an
21376,Progress(SECTION_0==0; SECTION_1<5),0,1,5,simpleQuest,5,df4_occupy_spot_q_v04_vritra_fi_53_an df4_occupy_spot_q_v04_vritra_as_53_an df4_occupy_spot_q_v04_vritra_ra_53_an df4_occupy_spot_q_v04_vritra_wi_53_an df4_occupy_spot_q_v04_vritra_pr_53_an
21377,Progress(SECTION_0==0; SECTION_1<5),0,1,5,simpleQuest,5,df4_occupy_spot_q_v04_li_fi_53_an df4_occupy_spot_q_v04_li_as_53_an df4_occupy_spot_q_v04_li_ra_53_an df4_occupy_spot_q_v04_li_wi_53_an df4_occupy_spot_q_v04_li_pr_53_an
21378,Progress(SECTION_0==0; SECTION_1<5),0,1,5,simpleQuest,5,df4_occupy_spot_q_v05_vritra_fi_54_an df4_occupy_spot_q_v05_vritra_as_54_an df4_occupy_spot_q_v05_vritra_ra_54_an df4_occupy_spot_q_v05_vritra_wi_54_an df4_occupy_spot_q_v05_vritra_pr_54_an
21379,Progress(SECTION_0==0; SECTION_1<5),0,1,5,simpleQuest,5,df4_occupy_spot_q_v05_li_fi_54_an df4_occupy_spot_q_v05_li_as_54_an df4_occupy_spot_q_v05_li_ra_54_an df4_occupy_spot_q_v05_li_wi_54_an df4_occupy_spot_q_v05_li_pr_54_an
21380,Progress(SECTION_0==0; SECTION_1<5),0,1,5,simpleQuest,5,df4_occupy_spot_q_v06_vritra_fi_55_an df4_occupy_spot_q_v06_vritra_as_55_an df4_occupy_spot_q_v06_vritra_ra_55_an df4_occupy_spot_q_v06_vritra_wi_55_an df4_occupy_spot_q_v06_vritra_pr_55_an
21381,Progress(SECTION_0==0; SECTION_1<5),0,1,5,simpleQuest,5,df4_occupy_spot_q_v06_li_fi_55_an df4_occupy_spot_q_v06_li_as_55_an df4_occupy_spot_q_v06_li_ra_55_an df4_occupy_spot_q_v06_li_wi_55_an df4_occupy_spot_q_v06_li_pr_55_an
21382,Progress(SECTION_0==0; SECTION_1<5),0,1,5,simpleQuest,5,df4_occupy_spot_q_v07_vritra_fi_55_an df4_occupy_spot_q_v07_vritra_as_55_an df4_occupy_spot_q_v07_vritra_ra_55_an df4_occupy_spot_q_v07_vritra_wi_55_an df4_occupy_spot_q_v07_vritra_pr_55_an
21383,Progress(SECTION_0==0; SECTION_1<5),0,1,5,simpleQuest,5,df4_occupy_spot_q_v07_li_fi_55_an df4_occupy_spot_q_v07_li_as_55_an df4_occupy_spot_q_v07_li_ra_55_an df4_occupy_spot_q_v07_li_wi_55_an df4_occupy_spot_q_v07_li_pr_55_an
21401,Progress(SECTION_0==0; SECTION_1<5),0,1,5,simpleQuest,2,iddramata_drakanschigh_55_ae iddramata_drakanclhigh_55_ae
21402,Progress(SECTION_0==0; SECTION_1<1),0,1,1,simpleQuest,1,iddramata_dramata_55_al iddramata_sp_dramata_55_al
21470,Progress(SECTION_0==0; SECTION_1<1),0,1,1,simpleQuest,1,idelim_3f_komadenm_53_ae idelim_sp_3f_komadenm_53_ae
23758,Progress(SECTION_0==0; SECTION_1<5),0,1,5,simpleQuest,2,ldf4_advance_c_lipopoku_fi_65_an ldf4_advance_c_lipopoku_as_65_an
23759,Progress(SECTION_0==0; SECTION_1<5),0,1,5,simpleQuest,1,ldf4_advance_c_lipopoku_wi_65_an
23760,Progress(SECTION_0==0; SECTION_1<5),0,1,5,simpleQuest,1,ldf4_advance_c_lipopoku_pr_65_an
23761,Progress(SECTION_0==0; SECTION_1<5),0,1,5,simpleQuest,2,ldf4_advance_b_lipopoku_fi_65_an ldf4_advance_b_lipopoku_as_65_an
23762,Progress(SECTION_0==0; SECTION_1<5),0,1,5,simpleQuest,1,ldf4_advance_b_lipopoku_wi_65_an
23763,Progress(SECTION_0==0; SECTION_1<5),0,1,5,simpleQuest,1,ldf4_advance_b_lipopoku_pr_65_an
23764,Progress(SECTION_0==0; SECTION_1<5),0,1,5,simpleQuest,2,ldf4_advance_d_lipopoku_fi_65_an ldf4_advance_d_lipopoku_as_65_an
23765,Progress(SECTION_0==0; SECTION_1<5),0,1,5,simpleQuest,1,ldf4_advance_d_lipopoku_wi_65_an
23766,Progress(SECTION_0==0; SECTION_1<5),0,1,5,simpleQuest,1,ldf4_advance_d_lipopoku_pr_65_an
23767,Progress(SECTION_0==0; SECTION_1<5),0,1,5,simpleQuest,2,ldf4_advance_a_lipopoku_fi_65_an ldf4_advance_a_lipopoku_as_65_an
23768,Progress(SECTION_0==0; SECTION_1<5),0,1,5,simpleQuest,1,ldf4_advance_a_lipopoku_wi_65_an
23769,Progress(SECTION_0==0; SECTION_1<5),0,1,5,simpleQuest,1,ldf4_advance_a_lipopoku_pr_65_an
23770,Progress(SECTION_0==0; SECTION_1<12),0,1,12,simpleQuest,4,ldf4_advance_k_lipopoku_fi_65_an ldf4_advance_k_lipopoku_as_65_an ldf4_advance_k_lipopoku_wi_65_an ldf4_advance_k_lipopoku_pr_65_an
23840,Progress(SECTION_0==0; SECTION_1<1),0,1,1,simpleQuest,1,ab1_1131_boss_dr_1 ab1_1131_boss_dr_2 ab1_1131_boss_dr_3 ab1_1131_boss_dr_4 ab1_1131_boss_dr_5 ab1_1131_boss_dr_1_ma ab1_1131_boss_dr_2_ma ab1_1131_boss_dr_3_ma ab1_1131_boss_dr_4_ma ab1_1131_boss_dr_5_ma
23841,Progress(SECTION_0==0; SECTION_1<40),0,1,40,simpleQuest,2,leftciel_lizardfi_35_an leftciel_lizardas_35_an leftciel_lizardra_35_an leftciel_lizardpr_35_an leftciel_nagafighter_35_ae leftciel_nagamage_35_ae leftciel_nagapriest_35_ae leftciel_nagawinamedq_35_ah
23844,Progress(SECTION_0==0; SECTION_1<1),0,1,1,simpleQuest,1,ab1_1132_boss_dr_1 ab1_1132_boss_dr_2 ab1_1132_boss_dr_3 ab1_1132_boss_dr_4 ab1_1132_boss_dr_5 ab1_1132_boss_dr_1_ma ab1_1132_boss_dr_2_ma ab1_1132_boss_dr_3_ma ab1_1132_boss_dr_4_ma ab1_1132_boss_dr_5_ma
23845,Progress(SECTION_0==0; SECTION_1<40),0,1,40,simpleQuest,1,rightciel_lizardfi_35_ae rightciel_lizardas_35_ae rightciel_lizardra_35_ae rightciel_lizardpr_35_ae rightciel_lizardfiarmor_35_ae rightciel_nagamage_35_ae rightciel_nagapriest_35_ae rightciel_nagafighter_35_ae
23848,Progress(SECTION_0==0; SECTION_1<1),0,1,1,simpleQuest,1,ab1_1141_boss_dr_1 ab1_1141_boss_dr_2 ab1_1141_boss_dr_3 ab1_1141_boss_dr_4 ab1_1141_boss_dr_5 ab1_1141_boss_dr_1_ma ab1_1141_boss_dr_2_ma ab1_1141_boss_dr_3_ma ab1_1141_boss_dr_4_ma ab1_1141_boss_dr_5_ma
23849,Progress(SECTION_0==0; SECTION_1<40),0,1,40,simpleQuest,1,divine_lizardfired_35_ae divine_lizardasred_35_ae divine_lizardrared_35_ae divine_lizardprred_35_ae divine_nagafighter_35_ae divine_nagapriest_35_ae divine_nagamage_35_ae
23860,Progress(SECTION_0==0; SECTION_1<1),0,1,1,simpleQuest,1,ab1_1221_boss_dr_1 ab1_1221_boss_dr_2 ab1_1221_boss_dr_3 ab1_1221_boss_dr_4 ab1_1221_boss_dr_5
23861,Progress(SECTION_0==0; SECTION_1<1),0,1,1,simpleQuest,1,crotan_drakanbossnamed_65_ah
23864,Progress(SECTION_0==0; SECTION_1<1),0,1,1,simpleQuest,1,ab1_1241_boss_dr_1 ab1_1241_boss_dr_2 ab1_1241_boss_dr_3 ab1_1241_boss_dr_4 ab1_1241_boss_dr_5
23865,Progress(SECTION_0==0; SECTION_1<1),0,1,1,simpleQuest,1,lamiren_drakanbossnamed_65_ah
23868,Progress(SECTION_0==0; SECTION_1<1),0,1,1,simpleQuest,1,ab1_1231_boss_dr_1 ab1_1231_boss_dr_2 ab1_1231_boss_dr_3 ab1_1231_boss_dr_4 ab1_1231_boss_dr_5
23869,Progress(SECTION_0==0; SECTION_1<1),0,1,1,simpleQuest,1,dkisas_drakanbossnamed_65_ah
23880,Progress(SECTION_0==0; SECTION_1<1),0,1,1,simpleQuest,1,ldf5_fortress_7011_boss_dr_1 ldf5_fortress_7011_boss_dr_2 ldf5_fortress_7011_boss_dr_3 ldf5_fortress_7011_boss_dr_4 ldf5_fortress_7011_boss_dr_5
23920,Progress(SECTION_0==0; SECTION_1<10),0,1,10,simpleQuest,10,ab1_1131_guard_dr_a_1 ab1_1131_guard_dr_a_2 ab1_1131_guard_dr_a_3 ab1_1131_guard_dr_a_4 ab1_1131_guard_dr_a_5 ab1_1131_guard_dr_b_1 ab1_1131_guard_dr_b_2 ab1_1131_guard_dr_b_3 ab1_1131_guard_dr_b_4 ab1_1131_guard_dr_b_5
23921,Progress(SECTION_0==0; SECTION_1<3),0,1,3,simpleQuest,10,ab1_1131_guardh_dr_a_1 ab1_1131_guardh_dr_a_2 ab1_1131_guardh_dr_a_3 ab1_1131_guardh_dr_a_4 ab1_1131_guardh_dr_a_5 ab1_1131_guardh_dr_b_1 ab1_1131_guardh_dr_b_2 ab1_1131_guardh_dr_b_3 ab1_1131_guardh_dr_b_4 ab1_1131_guardh_dr_b_5
23922,Progress(SECTION_0==0; SECTION_1<1),0,1,1,simpleQuest,2,ab1_1131_door_dr ab1_1131_door_dr_ma ab1_1131_door_f_dr ab1_1131_door_f_dr_ma
23923,Progress(SECTION_0==0; SECTION_1<10),0,1,10,simpleQuest,10,ab1_1132_guard_dr_a_1 ab1_1132_guard_dr_a_2 ab1_1132_guard_dr_a_3 ab1_1132_guard_dr_a_4 ab1_1132_guard_dr_a_5 ab1_1132_guard_dr_b_1 ab1_1132_guard_dr_b_2 ab1_1132_guard_dr_b_3 ab1_1132_guard_dr_b_4 ab1_1132_guard_dr_b_5
23924,Progress(SECTION_0==0; SECTION_1<3),0,1,3,simpleQuest,10,ab1_1132_guardh_dr_a_1 ab1_1132_guardh_dr_a_2 ab1_1132_guardh_dr_a_3 ab1_1132_guardh_dr_a_4 ab1_1132_guardh_dr_a_5 ab1_1132_guardh_dr_b_1 ab1_1132_guardh_dr_b_2 ab1_1132_guardh_dr_b_3 ab1_1132_guardh_dr_b_4 ab1_1132_guardh_dr_b_5
23925,Progress(SECTION_0==0; SECTION_1<1),0,1,1,simpleQuest,2,ab1_1132_door_dr ab1_1132_door_dr_ma ab1_1132_door_f_dr ab1_1132_door_f_dr_ma
23926,Progress(SECTION_0==0; SECTION_1<10),0,1,10,simpleQuest,20,ab1_1141_guard_dr_a_1 ab1_1141_guard_dr_a_2 ab1_1141_guard_dr_a_3 ab1_1141_guard_dr_a_4 ab1_1141_guard_dr_a_5 ab1_1141_guard_dr_b_1 ab1_1141_guard_dr_b_2 ab1_1141_guard_dr_b_3 ab1_1141_guard_dr_b_4 ab1_1141_guard_dr_b_5 ab1_1142_guard_dr_a_5 ab1_1142_guard_dr_b_5 ab1_1143_guard_dr_a_5 ab1_1143_guard_dr_b_5 ab1_1144_guard_dr_a_5 ab1_1144_guard_dr_b_5 ab1_1145_guard_dr_a_5 ab1_1145_guard_dr_b_5 ab1_1146_guard_dr_a_5 ab1_1146_guard_dr_b_5
23927,Progress(SECTION_0==0; SECTION_1<3),0,1,3,simpleQuest,5,ab1_1141_guardh_dr_a_1 ab1_1141_guardh_dr_a_2 ab1_1141_guardh_dr_a_3 ab1_1141_guardh_dr_a_4 ab1_1141_guardh_dr_a_5
23928,Progress(SECTION_0==0; SECTION_1<1),0,1,1,simpleQuest,2,ab1_1141_door_dr ab1_1141_door_dr_ma ab1_1141_door_f_dr ab1_1141_door_f_dr_ma
23930,Progress(SECTION_0==0; SECTION_1<10),0,1,10,simpleQuest,5,ab1_carrierdrop_ra_1 ab1_carrierdroph_ra_1 ab1_1221_guard_g_r_65_new1 ab1_carrierdrop_ra_2 ab1_carrierdroph_ra_2 ab1_1221_guard_g_r_65_new2 ab1_carrierdrop_ra_3 ab1_carrierdroph_ra_3 ab1_1221_guard_g_r_65_new3 ab1_carrierdrop_ra_4 ab1_carrierdroph_ra_4 ab1_1221_guard_g_r_65_new4 ab1_carrierdrop_ra_5 ab1_carrierdroph_ra_5 ab1_1221_guard_g_r_65_new5
23931,Progress(SECTION_0==0; SECTION_1<3),0,1,3,simpleQuest,5,ab1_1221_commander_g_a_65_new1 ab1_1221_commander_g_a_65_new2 ab1_1221_commander_g_a_65_new3 ab1_1221_commander_g_a_65_new4 ab1_1221_commander_g_a_65_new5
23932,Progress(SECTION_0==0; SECTION_1<1),0,1,1,simpleQuest,1,ab1_1221_door_dr
23933,Progress(SECTION_0==0; SECTION_1<10),0,1,10,simpleQuest,5,ab1_1241_guard_g_r_65_new1 ab1_1241_guard_g_r_65_new2 ab1_1241_guard_g_r_65_new3 ab1_1241_guard_g_r_65_new4 ab1_1241_guard_g_r_65_new5
23934,Progress(SECTION_0==0; SECTION_1<3),0,1,3,simpleQuest,5,ab1_1241_commander_g_a_65_new1 ab1_1241_commander_g_a_65_new2 ab1_1241_commander_g_a_65_new3 ab1_1241_commander_g_a_65_new4 ab1_1241_commander_g_a_65_new5
23935,Progress(SECTION_0==0; SECTION_1<1),0,1,1,simpleQuest,1,ab1_1241_door_dr
23936,Progress(SECTION_0==0; SECTION_1<10),0,1,10,simpleQuest,5,ab1_1231_guard_g_r_65_new1 ab1_1231_guard_g_r_65_new2 ab1_1231_guard_g_r_65_new3 ab1_1231_guard_g_r_65_new4 ab1_1231_guard_g_r_65_new5
23937,Progress(SECTION_0==0; SECTION_1<3),0,1,3,simpleQuest,5,ab1_1231_commander_g_a_65_new1 ab1_1231_commander_g_a_65_new2 ab1_1231_commander_g_a_65_new3 ab1_1231_commander_g_a_65_new4 ab1_1231_commander_g_a_65_new5
23938,Progress(SECTION_0==0; SECTION_1<1),0,1,1,simpleQuest,1,ab1_1231_door_dr
23940,Progress(SECTION_0==0; SECTION_1<10),0,1,10,simpleQuest,6,ldf5_fortress_7011_guard_kn_miston_dr_1 ldf5_fortress_7011_guard_kn_miston_dr_2 ldf5_fortress_7011_guard_kn_miston_dr_3 ldf5_fortress_7011_guard_kn_miston_dr_4 ldf5_fortress_7011_guard_kn_miston_dr_5 ldf5_fortress_guardbase_dr_kn_65_ae
23941,Progress(SECTION_0==0; SECTION_1<1),0,1,1,simpleQuest,3,ldf5_fortress_7011_gbboss_fi_dr_65_ah ldf5_fortress_7011_gbboss_fi_1_dr_65_ah ldf5_fortress_7011_gbboss_ra_dr_65_ah ldf5_fortress_7011_gbboss_ra_1_dr_65_ah ldf5_fortress_7011_gbboss_wi_dr_65_ah ldf5_fortress_7011_gbboss_wi_1_dr_65_ah
23942,Progress(SECTION_0==0; SECTION_1<1),0,1,1,simpleQuest,1,ldf5_fortress_7011_door_dr
23943,Progress(SECTION_0==0; SECTION_1<10),0,1,10,simpleQuest,6,ab1_1011_outside_guard_as_dr_1 ab1_1011_outside_guard_as_dr_2 ab1_1011_outside_guard_as_dr_3 ab1_1011_outside_guard_as_dr_4 ab1_1011_outside_guard_as_dr_5 ab1_1011_outside_guard_ra_dr_1 ab1_1011_outside_guard_ra_dr_2 ab1_1011_outside_guard_ra_dr_3 ab1_1011_outside_guard_ra_dr_4 ab1_1011_outside_guard_ra_dr_5 ab1_1011_outside_guard_wi_dr_1 ab1_1011_outside_guard_wi_dr_2 ab1_1011_outside_guard_wi_dr_3 ab1_1011_outside_guard_wi_dr_4 ab1_1011_outside_guard_wi_dr_5 ab1_1011_inside_guard_as_dr_1 ab1_1011_inside_guard_as_dr_2 ab1_1011_inside_guard_as_dr_3 ab1_1011_inside_guard_as_dr_4 ab1_1011_inside_guard_as_dr_5 ab1_1011_inside_guard_ra_dr_1 ab1_1011_inside_guard_ra_dr_2 ab1_1011_inside_guard_ra_dr_3 ab1_1011_inside_guard_ra_dr_4 ab1_1011_inside_guard_ra_dr_5 ab1_1011_inside_guard_wi_dr_1 ab1_1011_inside_guard_wi_dr_2 ab1_1011_inside_guard_wi_dr_3 ab1_1011_inside_guard_wi_dr_4 ab1_1011_inside_guard_wi_dr_5
23944,Progress(SECTION_0==0; SECTION_1<3),0,1,3,simpleQuest,2,ab1_1011_outside_guard_fi_dr_1 ab1_1011_outside_guard_fi_dr_2 ab1_1011_outside_guard_fi_dr_3 ab1_1011_outside_guard_fi_dr_4 ab1_1011_outside_guard_fi_dr_5 ab1_1011_inside_guard_fi_dr_1 ab1_1011_inside_guard_fi_dr_2 ab1_1011_inside_guard_fi_dr_3 ab1_1011_inside_guard_fi_dr_4 ab1_1011_inside_guard_fi_dr_5
23946,Progress(SECTION_0==0; SECTION_1<1),0,1,1,simpleQuest,5,ab1_1011_boss_dr_1 ab1_1011_boss_dr_2 ab1_1011_boss_dr_3 ab1_1011_boss_dr_4 ab1_1011_boss_dr_5
23947,Progress(SECTION_0==0; SECTION_1<1),0,1,1,simpleQuest,4,ab1_1011_page2_guard_fi_dr ab1_1011_page2_guard_wi_dr ab1_1011_page2_guard_as_dr ab1_1011_page2_guard_ra_dr
23955,Progress(SECTION_0==0; SECTION_1<5),0,1,5,simpleQuest,1,idab1_ere_4floor_drakan_fi_73_an idab1_ere_3floor_drakan_fi_73_an idab1_ere_2floor_drakan_fi_73_an idab1_ere_1floor_drakan_fi_73_an idab1_ere_4key_drakan_fi_73_an idab1_ere_3key_drakan_fi_73_an idab1_ere_2key_drakan_fi_73_an idab1_ere_1key_drakan_fi_73_an idab1_ere_abuse_drakan_fi_73_an idab1_ere_drakan_prison_fi_73_an idab1_ere_drakan_talk_fi_73_an idab1_ere_drakan_torture_fi_73_an idab1_ere_drakan_sleep_fi_73_an idab1_ere_drakan_box_fi_73_an idab1_ere_drakan_woker_fi_74_ae idab1_ere_1round_4key_d_fi_73_an
23963,Progress(SECTION_0==0; SECTION_1<1),0,1,1,simpleQuest,2,ideternity_war_6_buff_named_75_ah ideternity_war_12_buff_named_75_ah
23964,Progress(SECTION_0==0; SECTION_1<1),0,1,1,simpleQuest,1,ideternity_war_opboss_l_kn_75_al
23966,Progress(SECTION_0==0; SECTION_1<1),0,1,1,simpleQuest,2,ideternity_war_score_named_01_75_ah ideternity_war_score_named_02_75_ah
23973,Progress(SECTION_0==0; SECTION_1<1),0,1,1,simpleQuest,2,ideternity_war_6_buff_named_55_ah ideternity_war_12_buff_named_55_ah
23974,Progress(SECTION_0==0; SECTION_1<1),0,1,1,simpleQuest,1,ideternity_war_opboss_l_kn_55_al
23976,Progress(SECTION_0==0; SECTION_1<1),0,1,1,simpleQuest,2,ideternity_war_score_named_01_55_ah ideternity_war_score_named_02_55_ah
24252,Progress(SECTION_0==0; SECTION_1<1),0,1,1,simpleQuest,1,iddf3_nagawiengineernamedd_47_ae_sp
24277,Progress(SECTION_0==0; SECTION_1<7),0,1,7,simpleQuest,1,souledstonedrenmd_34_ae souledstonearenmd_35_ae shadowstalkerrenamed_34_ae shadowstalkernamedd_35_ae samnamedd_35_ae rollingwhillnamedd_36_ae gargoyledf2named_36_ae
25002,Progress(SECTION_0==0; SECTION_1<10),0,1,10,simpleQuest,2,df5_a_cherubim_55_n df5_a_cherubim_56_n
25010,Progress(SECTION_0==0; SECTION_1<10),0,1,10,simpleQuest,2,df5_b_harpy_56_an df5_b_harpy_57_an
25032,Progress(SECTION_0==0; SECTION_1<1),0,1,1,simpleQuest,1,df5_c_qmerman_nm_as_58_an
25060,Progress(SECTION_0==0; SECTION_1<1),0,1,1,simpleQuest,1,df5_e_questvritra_fi_60_an
25090,Progress(SECTION_0==0; SECTION_1<1),0,1,1,simpleQuest,1,df5_j_questtauric_64_an
25093,Progress(SECTION_0==0; SECTION_1<1),0,1,1,simpleQuest,1,df5_j_questoctaside_queen_64_an
25201,Progress(SECTION_0==0; SECTION_1<10),0,1,10,simpleQuest,2,df5_p1_newmerman_fi_normal_58_ae df5_p1_newmerman_fi_normal_59_ae df5_p1_newmerman_fi_normal_60_ae df5_p1_newmerman_fi_knee_58_ae df5_p1_newmerman_fi_sleep_59_ae df5_p1_newmerman_fi_direct_60_ae df5_p1_newmerman_as_normal_58_ae df5_p1_newmerman_as_normal_59_ae df5_p1_newmerman_as_normal_60_ae df5_p1_newmerman_as_knee_58_ae df5_p1_newmerman_as_sleep_59_ae df5_p1_newmerman_as_direct_60_ae df5_p1_newmerman_as_hide_60_ae
25202,Progress(SECTION_0==0; SECTION_1<10),0,1,10,simpleQuest,2,df5_p1_newmerman_pr_normal_58_ae df5_p1_newmerman_pr_normal_59_ae df5_p1_newmerman_pr_normal_60_ae df5_p1_newmerman_pr_knee_58_ae df5_p1_newmerman_pr_sleep_59_ae df5_p1_newmerman_pr_direct_60_ae df5_p1_newmerman_wi_normal_58_ae df5_p1_newmerman_wi_normal_59_ae df5_p1_newmerman_wi_normal_60_ae df5_p1_newmerman_wi_knee_58_ae df5_p1_newmerman_wi_sleep_59_ae df5_p1_newmerman_wi_direct_60_ae
25203,Progress(SECTION_0==0; SECTION_1<10),0,1,10,simpleQuest,7,df5_p1_fungy_58_n df5_p1_cellatu_58_an df5_p1_cellatu_59_an df5_p1_cellatu_60_an df5_p1_driton_58_an df5_p1_driton_59_an df5_p1_driton_60_an
25324,Progress(SECTION_0==0; SECTION_1<20),0,1,20,simpleQuest,12,df5_j_tauric_64_an df5_j_tauric_65_an df5_j_octaside_64_an df5_j_octaside_65_an df5_j_varanus_64_an df5_j_varanus_65_an df5_j_frillfaimam_64_an df5_j_frillfaimam_65_an df5_j_worm_horn_64_an df5_j_worm_horn_65_an df5_j_mimic_65_an df5_j_merdion_64_n
25325,Progress(SECTION_0==0; SECTION_1<30),0,1,30,simpleQuest,5,df4_drakanfi_vil_65_ae df4_drakanfi_vil_65_ae_talk df4_drakanfi_vil_65_ae_set df4_drakanfi_vil_65_ae_read df4_drakanfi_vil_65_ae_order df4_sp_drakanfi_vil_55_ae df4_sp_drakanfi_vil_55_ae_talk df4_sp_drakanfi_vil_55_ae_set df4_sp_drakanfi_vil_55_ae_read df4_sp_drakanfi_vil_55_ae_order df4_drakanas_vil_65_ae df4_drakanas_vil_65_ae_talk df4_drakanas_vil_65_ae_set df4_drakanas_vil_65_ae_read df4_drakanas_vil_65_ae_order df4_sp_drakanas_vil_55_ae df4_sp_drakanas_vil_55_ae_talk df4_sp_drakanas_vil_55_ae_set df4_sp_drakanas_vil_55_ae_read df4_sp_drakanas_vil_55_ae_order df4_drakanra_vil_65_ae df4_drakanra_vil_65_ae_talk df4_drakanra_vil_65_ae_set df4_drakanra_vil_65_ae_read df4_drakanra_vil_65_ae_order df4_sp_drakanra_vil_55_ae df4_sp_drakanra_vil_55_ae_talk df4_sp_drakanra_vil_55_ae_set df4_sp_drakanra_vil_55_ae_read df4_sp_drakanra_vil_55_ae_order df4_drakanwi_vil_65_ae df4_drakanwi_vil_65_ae_talk df4_drakanwi_vil_65_ae_set df4_drakanwi_vil_65_ae_read df4_drakanwi_vil_65_ae_order df4_sp_drakanwi_vil_55_ae df4_sp_drakanwi_vil_55_ae_talk df4_sp_drakanwi_vil_55_ae_set df4_sp_drakanwi_vil_55_ae_read df4_sp_drakanwi_vil_55_ae_order df4_drakanpr_vil_65_ae df4_drakanpr_vil_65_ae_talk df4_drakanpr_vil_65_ae_set df4_drakanpr_vil_65_ae_read df4_drakanpr_vil_65_ae_order df4_sp_drakanpr_vil_55_ae df4_sp_drakanpr_vil_55_ae_talk df4_sp_drakanpr_vil_55_ae_set df4_sp_drakanpr_vil_55_ae_read df4_sp_drakanpr_vil_55_ae_order
25326,Progress(SECTION_0==0; SECTION_1<10),0,1,10,simpleQuest,6,lf5_p1_varanus_strong_65_an lf5_p1_xipetorage_strong_65_an lf5_p2_cyclops_strong_65_an lf5_p2_kuillusm_strong_65_an lf5_i_lizardmanfighter_65_an lf5_i_lizardmanranger_65_an
25406,Progress(SECTION_0==0; SECTION_1<4),0,1,4,simpleQuest,1,ab1_fieldctrl_eresh_wi_65_ae
25407,Progress(SECTION_0==0; SECTION_1<4),0,1,4,simpleQuest,1,ab1_fieldctrl_vritra_ra_65_ae
25408,Progress(SECTION_0==0; SECTION_1<4),0,1,4,simpleQuest,1,ab1_fieldctrl_vritra_2_ra_65_ae
25409,Progress(SECTION_0==0; SECTION_1<1),0,1,1,simpleQuest,1,ab1_worldraid_boss_tank_hard_65_al
25410,Progress(SECTION_0==0; SECTION_1<1),0,1,1,simpleQuest,1,ab1_worldraid_boss_tank_hard_65_2_al
25411,Progress(SECTION_0==0; SECTION_1<2),0,1,2,simpleQuest,6,ab1_new_kuillus_rune_2_n_65_an ab1_new_graveknight_equip_2_n_65_ae ab1_new_drake_horn_2_65_ae ab1_new_gargoylenamed_2_65_ae ab1_new_graveknight_equip_3_n_65_ae ab1_new_drake_horn_3_65_ae
25412,Progress(SECTION_0==0; SECTION_1<2),0,1,2,simpleQuest,6,ab1_new_neuth2named_2_65_ah ab1_new_kuillus_rune_3_n_65_an ab1_new_drakenamed_2_65_ah ab1_new_drakenamed_3_65_ah ab1_new_neuth2named_3_65_ah ab1_new_kuillus_rune_4_n_65_an
25413,Progress(SECTION_0==0; SECTION_1<2),0,1,2,simpleQuest,6,ab1_new_brohum_m_sea_2_n_65_an ab1_new_brohum_m_sea_3_n_65_an ab1_new_brohum_m_sea_4_n_65_an ab1_new_graveknight_equip_4_n_65_ae ab1_new_gargoylenamed_3_65_ae ab1_new_gargoylenamed_4_65_ae
25414,Progress(SECTION_0==0; SECTION_1<5),0,1,5,simpleQuest,5,ab1_v01ctrl_li_fi_65_ae ab1_v01ctrl_li_pr_65_ae ab1_v01ctrl_li_ra_65_ae ab1_v01ctrl_li_as_65_ae ab1_v01ctrl_li_wi_65_ae
25415,Progress(SECTION_0==0; SECTION_1<5),0,1,5,simpleQuest,5,ab1_v02ctrl_li_fi_65_ae ab1_v02ctrl_li_pr_65_ae ab1_v02ctrl_li_ra_65_ae ab1_v02ctrl_li_as_65_ae ab1_v02ctrl_li_wi_65_ae
25416,Progress(SECTION_0==0; SECTION_1<5),0,1,5,simpleQuest,5,ab1_v03ctrl_li_fi_65_ae ab1_v03ctrl_li_pr_65_ae ab1_v03ctrl_li_ra_65_ae ab1_v03ctrl_li_as_65_ae ab1_v03ctrl_li_wi_65_ae
25417,Progress(SECTION_0==0; SECTION_1<5),0,1,5,simpleQuest,5,ab1_v04ctrl_li_fi_65_ae ab1_v04ctrl_li_pr_65_ae ab1_v04ctrl_li_ra_65_ae ab1_v04ctrl_li_as_65_ae ab1_v04ctrl_li_wi_65_ae
25418,Progress(SECTION_0==0; SECTION_1<5),0,1,5,simpleQuest,5,ab1_v05ctrl_li_fi_65_ae ab1_v05ctrl_li_pr_65_ae ab1_v05ctrl_li_ra_65_ae ab1_v05ctrl_li_as_65_ae ab1_v05ctrl_li_wi_65_ae
25419,Progress(SECTION_0==0; SECTION_1<5),0,1,5,simpleQuest,5,ab1_v06ctrl_li_fi_65_ae ab1_v06ctrl_li_pr_65_ae ab1_v06ctrl_li_ra_65_ae ab1_v06ctrl_li_as_65_ae ab1_v06ctrl_li_wi_65_ae
25420,Progress(SECTION_0==0; SECTION_1<5),0,1,5,simpleQuest,5,ab1_v13ctrl_li_fi_65_ae ab1_v13ctrl_li_pr_65_ae ab1_v13ctrl_li_ra_65_ae ab1_v13ctrl_li_as_65_ae ab1_v13ctrl_li_wi_65_ae
25421,Progress(SECTION_0==0; SECTION_1<5),0,1,5,simpleQuest,5,ab1_v14ctrl_li_fi_65_ae ab1_v14ctrl_li_pr_65_ae ab1_v14ctrl_li_ra_65_ae ab1_v14ctrl_li_as_65_ae ab1_v14ctrl_li_wi_65_ae
25422,Progress(SECTION_0==0; SECTION_1<5),0,1,5,simpleQuest,5,ab1_v15ctrl_li_fi_65_ae ab1_crotan_v_li_fi_65_01_ae ab1_ramiren_v_li_fi_65_01_ae ab1_crotan_v_li_fi_65_02_ae ab1_ramiren_v_li_fi_65_02_ae ab1_crotan_v_li_fi_65_03_ae ab1_ramiren_v_li_fi_65_03_ae ab1_crotan_v_li_fi_65_04_ae ab1_ramiren_v_li_fi_65_04_ae ab1_crotan_v_li_fi_65_05_ae ab1_ramiren_v_li_fi_65_05_ae ab1_crotan_v_li_fi_65_06_ae ab1_ramiren_v_li_fi_65_06_ae ab1_v15ctrl_li_pr_65_ae ab1_crotan_v_li_pr_65_01_ae ab1_ramiren_v_li_pr_65_01_ae ab1_crotan_v_li_pr_65_02_ae ab1_ramiren_v_li_pr_65_02_ae ab1_crotan_v_li_pr_65_03_ae ab1_ramiren_v_li_pr_65_03_ae ab1_crotan_v_li_pr_65_04_ae ab1_ramiren_v_li_pr_65_04_ae ab1_crotan_v_li_pr_65_05_ae ab1_ramiren_v_li_pr_65_05_ae ab1_crotan_v_li_pr_65_06_ae ab1_ramiren_v_li_pr_65_06_ae ab1_v15ctrl_li_ra_65_ae ab1_crotan_v_li_ra_65_01_ae ab1_ramiren_v_li_ra_65_01_ae ab1_crotan_v_li_ra_65_02_ae ab1_ramiren_v_li_ra_65_02_ae ab1_crotan_v_li_ra_65_03_ae ab1_ramiren_v_li_ra_65_03_ae ab1_crotan_v_li_ra_65_04_ae ab1_ramiren_v_li_ra_65_04_ae ab1_crotan_v_li_ra_65_05_ae ab1_ramiren_v_li_ra_65_05_ae ab1_crotan_v_li_ra_65_06_ae ab1_ramiren_v_li_ra_65_06_ae ab1_v15ctrl_li_as_65_ae ab1_crotan_v_li_as_65_01_ae ab1_ramiren_v_li_as_65_01_ae ab1_crotan_v_li_as_65_02_ae ab1_ramiren_v_li_as_65_02_ae ab1_crotan_v_li_as_65_03_ae ab1_ramiren_v_li_as_65_03_ae ab1_crotan_v_li_as_65_04_ae ab1_ramiren_v_li_as_65_04_ae ab1_crotan_v_li_as_65_05_ae ab1_ramiren_v_li_as_65_05_ae ab1_crotan_v_li_as_65_06_ae ab1_ramiren_v_li_as_65_06_ae ab1_v15ctrl_li_wi_65_ae ab1_crotan_v_li_wi_65_01_ae ab1_ramiren_v_li_wi_65_01_ae ab1_crotan_v_li_wi_65_02_ae ab1_ramiren_v_li_wi_65_02_ae ab1_crotan_v_li_wi_65_03_ae ab1_ramiren_v_li_wi_65_03_ae ab1_crotan_v_li_wi_65_04_ae ab1_ramiren_v_li_wi_65_04_ae ab1_crotan_v_li_wi_65_05_ae ab1_ramiren_v_li_wi_65_05_ae ab1_crotan_v_li_wi_65_06_ae ab1_ramiren_v_li_wi_65_06_ae
25423,Progress(SECTION_0==0; SECTION_1<5),0,1,5,simpleQuest,5,ab1_v16ctrl_li_fi_65_ae ab1_v16ctrl_li_pr_65_ae ab1_v16ctrl_li_ra_65_ae ab1_v16ctrl_li_as_65_ae ab1_v16ctrl_li_wi_65_ae
25424,Progress(SECTION_0==0; SECTION_1<5),0,1,5,simpleQuest,5,ab1_v07ctrl_li_fi_65_ae ab1_v07ctrl_li_pr_65_ae ab1_v07ctrl_li_ra_65_ae ab1_v07ctrl_li_as_65_ae ab1_v07ctrl_li_wi_65_ae
25425,Progress(SECTION_0==0; SECTION_1<5),0,1,5,simpleQuest,5,ab1_v08ctrl_li_fi_65_ae ab1_v08ctrl_li_pr_65_ae ab1_v08ctrl_li_ra_65_ae ab1_v08ctrl_li_as_65_ae ab1_v08ctrl_li_wi_65_ae
25426,Progress(SECTION_0==0; SECTION_1<5),0,1,5,simpleQuest,5,ab1_v09ctrl_li_fi_65_ae ab1_v09ctrl_li_pr_65_ae ab1_v09ctrl_li_ra_65_ae ab1_v09ctrl_li_as_65_ae ab1_v09ctrl_li_wi_65_ae
25427,Progress(SECTION_0==0; SECTION_1<5),0,1,5,simpleQuest,5,ab1_v10ctrl_li_fi_65_ae ab1_v10ctrl_li_pr_65_ae ab1_v10ctrl_li_ra_65_ae ab1_v10ctrl_li_as_65_ae ab1_v10ctrl_li_wi_65_ae
25428,Progress(SECTION_0==0; SECTION_1<5),0,1,5,simpleQuest,5,ab1_v11ctrl_li_fi_65_ae ab1_v11ctrl_li_pr_65_ae ab1_v11ctrl_li_ra_65_ae ab1_v11ctrl_li_as_65_ae ab1_v11ctrl_li_wi_65_ae
25429,Progress(SECTION_0==0; SECTION_1<5),0,1,5,simpleQuest,5,ab1_v12ctrl_li_fi_65_ae ab1_v12ctrl_li_pr_65_ae ab1_v12ctrl_li_ra_65_ae ab1_v12ctrl_li_as_65_ae ab1_v12ctrl_li_wi_65_ae
25430,Progress(SECTION_0==0; SECTION_1<5),0,1,5,simpleQuest,5,ab1_v01ctrl_eresh_fi_65_ae ab1_v01ctrl_eresh_pr_65_ae ab1_v01ctrl_eresh_ra_65_ae ab1_v01ctrl_eresh_as_65_ae ab1_v01ctrl_eresh_wi_65_ae
25431,Progress(SECTION_0==0; SECTION_1<5),0,1,5,simpleQuest,5,ab1_v02ctrl_eresh_fi_65_ae ab1_v02ctrl_eresh_pr_65_ae ab1_v02ctrl_eresh_ra_65_ae ab1_v02ctrl_eresh_as_65_ae ab1_v02ctrl_eresh_wi_65_ae
25432,Progress(SECTION_0==0; SECTION_1<5),0,1,5,simpleQuest,5,ab1_v03ctrl_eresh_fi_65_ae ab1_v03ctrl_eresh_pr_65_ae ab1_v03ctrl_eresh_ra_65_ae ab1_v03ctrl_eresh_as_65_ae ab1_v03ctrl_eresh_wi_65_ae
25433,Progress(SECTION_0==0; SECTION_1<5),0,1,5,simpleQuest,5,ab1_v04ctrl_eresh_fi_65_ae ab1_v04ctrl_eresh_pr_65_ae ab1_v04ctrl_eresh_ra_65_ae ab1_v04ctrl_eresh_as_65_ae ab1_v04ctrl_eresh_wi_65_ae
25434,Progress(SECTION_0==0; SECTION_1<5),0,1,5,simpleQuest,5,ab1_v05ctrl_eresh_fi_65_ae ab1_v05ctrl_eresh_pr_65_ae ab1_v05ctrl_eresh_ra_65_ae ab1_v05ctrl_eresh_as_65_ae ab1_v05ctrl_eresh_wi_65_ae
25435,Progress(SECTION_0==0; SECTION_1<5),0,1,5,simpleQuest,5,ab1_v06ctrl_eresh_fi_65_ae ab1_v06ctrl_eresh_pr_65_ae ab1_v06ctrl_eresh_ra_65_ae ab1_v06ctrl_eresh_as_65_ae ab1_v06ctrl_eresh_wi_65_ae
25436,Progress(SECTION_0==0; SECTION_1<5),0,1,5,simpleQuest,5,ab1_v13ctrl_eresh_fi_65_ae ab1_v13ctrl_eresh_pr_65_ae ab1_v13ctrl_eresh_ra_65_ae ab1_v13ctrl_eresh_as_65_ae ab1_v13ctrl_eresh_wi_65_ae
25437,Progress(SECTION_0==0; SECTION_1<5),0,1,5,simpleQuest,5,ab1_v14ctrl_eresh_fi_65_ae ab1_att_eresh_fi_65_ae ab1_v14ctrl_eresh_pr_65_ae ab1_att_eresh_pr_65_ae ab1_v14ctrl_eresh_ra_65_ae ab1_att_eresh_ra_65_ae ab1_v14ctrl_eresh_as_65_ae ab1_att_eresh_as_65_ae ab1_v14ctrl_eresh_wi_65_ae ab1_att_eresh_wi_65_ae
25438,Progress(SECTION_0==0; SECTION_1<5),0,1,5,simpleQuest,5,ab1_v15ctrl_eresh_fi_65_ae ab1_v15ctrl_eresh_pr_65_ae ab1_v15ctrl_eresh_ra_65_ae ab1_v15ctrl_eresh_as_65_ae ab1_v15ctrl_eresh_wi_65_ae
25439,Progress(SECTION_0==0; SECTION_1<5),0,1,5,simpleQuest,5,ab1_v16ctrl_eresh_fi_65_ae ab1_v16ctrl_eresh_pr_65_ae ab1_v16ctrl_eresh_ra_65_ae ab1_v16ctrl_eresh_as_65_ae ab1_v16ctrl_eresh_wi_65_ae
25440,Progress(SECTION_0==0; SECTION_1<5),0,1,5,simpleQuest,5,ab1_v07ctrl_vritra_fi_65_ae ab1_v07ctrl_vritra_pr_65_ae ab1_v07ctrl_vritra_ra_65_ae ab1_v07ctrl_vritra_as_65_ae ab1_v07ctrl_vritra_wi_65_ae
25441,Progress(SECTION_0==0; SECTION_1<5),0,1,5,simpleQuest,5,ab1_v08ctrl_vritra_fi_65_ae ab1_v08ctrl_vritra_pr_65_ae ab1_v08ctrl_vritra_ra_65_ae ab1_v08ctrl_vritra_as_65_ae ab1_v08ctrl_vritra_wi_65_ae
25442,Progress(SECTION_0==0; SECTION_1<5),0,1,5,simpleQuest,5,ab1_v09ctrl_vritra_fi_65_ae ab1_v09ctrl_vritra_pr_65_ae ab1_v09ctrl_vritra_ra_65_ae ab1_v09ctrl_vritra_as_65_ae ab1_v09ctrl_vritra_wi_65_ae
25443,Progress(SECTION_0==0; SECTION_1<5),0,1,5,simpleQuest,5,ab1_v10ctrl_vritra_fi_65_ae ab1_v10ctrl_vritra_pr_65_ae ab1_v10ctrl_vritra_ra_65_ae ab1_v10ctrl_vritra_as_65_ae ab1_v10ctrl_vritra_wi_65_ae
25444,Progress(SECTION_0==0; SECTION_1<5),0,1,5,simpleQuest,5,ab1_v11ctrl_vritra_fi_65_ae ab1_v11ctrl_vritra_pr_65_ae ab1_v11ctrl_vritra_ra_65_ae ab1_v11ctrl_vritra_as_65_ae ab1_v11ctrl_vritra_wi_65_ae
25445,Progress(SECTION_0==0; SECTION_1<5),0,1,5,simpleQuest,5,ab1_v12ctrl_vritra_fi_65_ae ab1_v12ctrl_vritra_pr_65_ae ab1_v12ctrl_vritra_ra_65_ae ab1_v12ctrl_vritra_as_65_ae ab1_v12ctrl_vritra_wi_65_ae
25471,Progress(SECTION_0==0; SECTION_1<1),0,1,1,simpleQuest,12,ab1_v01_li_fi_boss_65_ae ab1_v03_li_fi_boss_65_ae ab1_v05_li_fi_boss_65_ae ab1_v01_eresh_fi_boss_65_ae ab1_v03_eresh_fi_boss_65_ae ab1_v05_eresh_fi_boss_65_ae ab1_v01_li_pr_65_ae ab1_v03_li_pr_65_ae ab1_v05_li_pr_65_ae ab1_v01_eresh_pr_65_ae ab1_v03_eresh_pr_65_ae ab1_v05_eresh_pr_65_ae
25472,Progress(SECTION_0==0; SECTION_1<1),0,1,1,simpleQuest,12,ab1_v02_li_fi_boss_65_ae ab1_v04_li_fi_boss_65_ae ab1_v06_li_fi_boss_65_ae ab1_v02_eresh_fi_boss_65_ae ab1_v04_eresh_fi_boss_65_ae ab1_v06_eresh_fi_boss_65_ae ab1_v02_li_pr_65_ae ab1_v04_li_pr_65_ae ab1_v06_li_pr_65_ae ab1_v02_eresh_pr_65_ae ab1_v04_eresh_pr_65_ae ab1_v06_eresh_pr_65_ae
25473,Progress(SECTION_0==0; SECTION_1<1),0,1,1,simpleQuest,16,ab1_1224_boss_dr_1 ab1_1224_boss_dr_2 ab1_1224_boss_dr_3 ab1_1224_boss_dr_4 ab1_1224_boss_dr_5 ab1_1401_boss_dr_1 ab1_1401_boss_dr_2 ab1_1401_boss_dr_3 ab1_1401_boss_dr_4 ab1_1401_boss_dr_5 ab1_1402_boss_dr_1 ab1_1402_boss_dr_2 ab1_1402_boss_dr_3 ab1_1402_boss_dr_4 ab1_1402_boss_dr_5 ab1_1403_boss_dr_1 ab1_1403_boss_dr_2 ab1_1403_boss_dr_3 ab1_1403_boss_dr_4 ab1_1403_boss_dr_5 ab1_1224_boss_li_1 ab1_1224_boss_li_2 ab1_1224_boss_li_3 ab1_1224_boss_li_4 ab1_1224_boss_li_5 ab1_1401_boss_li_1 ab1_1401_boss_li_2 ab1_1401_boss_li_3 ab1_1401_boss_li_4 ab1_1401_boss_li_5 ab1_1402_boss_li_1 ab1_1402_boss_li_2 ab1_1402_boss_li_3 ab1_1402_boss_li_4 ab1_1402_boss_li_5 ab1_1403_boss_li_1 ab1_1403_boss_li_2 ab1_1403_boss_li_3 ab1_1403_boss_li_4 ab1_1403_boss_li_5 ab1_v13_li_pr_65_ae ab1_v14_li_pr_65_ae ab1_v15_li_pr_65_ae ab1_v16_li_pr_65_ae ab1_v13_eresh_pr_65_ae ab1_v14_eresh_pr_65_ae ab1_v15_eresh_pr_65_ae ab1_v16_eresh_pr_65_ae
25474,Progress(SECTION_0==0; SECTION_1<1),0,1,1,simpleQuest,12,ab1_v07_li_fi_boss_65_ae ab1_v08_li_fi_boss_65_ae ab1_v09_li_fi_boss_65_ae ab1_v07_vritra_fi_boss_65_ae ab1_v08_vritra_fi_boss_65_ae ab1_v09_vritra_fi_boss_65_ae ab1_v07_li_pr_65_ae ab1_v08_li_pr_65_ae ab1_v09_li_pr_65_ae ab1_v07_vritra_pr_65_ae ab1_v08_vritra_pr_65_ae ab1_v09_vritra_pr_65_ae
25475,Progress(SECTION_0==0; SECTION_1<1),0,1,1,simpleQuest,12,ab1_v10_li_fi_boss_65_ae ab1_v11_li_fi_boss_65_ae ab1_v12_li_fi_boss_65_ae ab1_v10_vritra_fi_boss_65_ae ab1_v11_vritra_fi_boss_65_ae ab1_v12_vritra_fi_boss_65_ae ab1_v10_li_pr_65_ae ab1_v11_li_pr_65_ae ab1_v12_li_pr_65_ae ab1_v10_vritra_pr_65_ae ab1_v11_vritra_pr_65_ae ab1_v12_vritra_pr_65_ae
25476,Progress(SECTION_0==0; SECTION_1<8),0,1,8,simpleQuest,5,ab1_new_gargoyle_65_an ab1_new_gargoyleb_65_an ab1_new_drake_horn_65_an ab1_new_lich_equip_65_an ab1_new_graveknight_equip_65_an
25477,Progress(SECTION_0==0; SECTION_1<8),0,1,8,simpleQuest,5,ab1_new_brohum_m_sea_65_an ab1_new_brohum_m_young_sea_65_an ab1_new_lobster_sea_65_an ab1_new_millipedere_65_an ab1_new_cyclops_sea_65_an
25480,Progress(SECTION_0==0; SECTION_1<1),0,1,1,simpleQuest,18,ab1_new_kuillus_rune_2_n_65_an ab1_new_graveknight_equip_2_n_65_ae ab1_new_drake_horn_2_65_ae ab1_new_gargoylenamed_2_65_ae ab1_new_graveknight_equip_3_n_65_ae ab1_new_drake_horn_3_65_ae ab1_new_neuth2named_2_65_ah ab1_new_kuillus_rune_3_n_65_an ab1_new_drakenamed_2_65_ah ab1_new_drakenamed_3_65_ah ab1_new_neuth2named_3_65_ah ab1_new_kuillus_rune_4_n_65_an ab1_new_brohum_m_sea_2_n_65_an ab1_new_brohum_m_sea_3_n_65_an ab1_new_brohum_m_sea_4_n_65_an ab1_new_graveknight_equip_4_n_65_ae ab1_new_gargoylenamed_3_65_ae ab1_new_gargoylenamed_4_65_ae
25500,Progress(SECTION_0==0; SECTION_1<20),0,1,20,simpleQuest,6,df6_a1_elementallightf_66_n df6_a1_elementallightf_67_n df6_t_a1_elementallightf_66_n df6_t_a1_elementallightf_67_n df6_a1_bookie_66_n df6_a1_bookie_67_n df6_t_a1_bookie_66_n df6_t_a1_bookie_67_n df6_a1_trico_66_n df6_a1_trico_67_n df6_t_a1_trico_66_n df6_t_a1_trico_67_n df6_a1_woodtesinon_66_an df6_a1_woodtesinon_67_an df6_t_a1_woodtesinon_66_an df6_t_a1_woodtesinon_67_an df6_a1_popoku_as_66_an df6_a1_popoku_as_67_an df6_t_a1_popoku_as_66_an df6_t_a1_popoku_as_67_an df6_i_starturtle_66_n df6_i_starturtle_67_n df6_t_i_starturtle_66_n df6_t_i_starturtle_67_n
25501,Progress(SECTION_0==0; SECTION_1<30),0,1,30,simpleQuest,5,lf6_elementallightf_a_66_n lf6_elementallightf_a_67_n lf6_t_elementallightf_a_66_n lf6_t_elementallightf_a_67_n lf6_newmerman_a_66_n lf6_newmerman_a_67_n lf6_t_newmerman_a_66_n lf6_t_newmerman_a_67_n lf6_trico_a_66_n lf6_trico_a_67_n lf6_t_trico_a_66_n lf6_t_trico_a_67_n lf6_baku_a_66_n lf6_baku_a_67_n lf6_t_baku_a_66_n lf6_t_baku_a_67_n lf6_daru_a_66_n lf6_daru_a_67_n lf6_t_daru_a_66_n lf6_t_daru_a_67_n
25503,Progress(SECTION_0==0; SECTION_1<20),0,1,20,simpleQuest,6,df6_a2_elementallightm_67_n df6_a2_elementallightm_68_n df6_t_a2_elementallightm_67_n df6_t_a2_elementallightm_68_n df6_a2_hiiv_67_n df6_a2_hiiv_68_n df6_t_a2_hiiv_67_n df6_t_a2_hiiv_68_n df6_a2_mudthorn_67_an df6_a2_mudthorn_68_an df6_t_a2_mudthorn_67_an df6_t_a2_mudthorn_68_an df6_a2_guardian_67_an df6_a2_guardian_68_an df6_t_a2_guardian_67_an df6_t_a2_guardian_68_an df6_a2_baku_67_an df6_a2_baku_68_an df6_t_a2_baku_67_an df6_t_a2_baku_68_an df6_a2_daru_67_n df6_a2_daru_68_n df6_t_a2_daru_67_n df6_t_a2_daru_68_n
25504,Progress(SECTION_0==0; SECTION_1<30),0,1,30,simpleQuest,7,lf6_elementallight_m_spring_a2_67_n lf6_elementallight_m_spring_a2_68_n lf6_t_elementallight_m_spring_a2_67_n lf6_t_elementallight_m_spring_a2_68_n lf6_vespa_a2_67_n lf6_vespa_a2_68_n lf6_t_vespa_a2_67_n lf6_t_vespa_a2_68_n lf6_dionaea_a2_67_n lf6_dionaea_a2_68_n lf6_t_dionaea_a2_67_n lf6_t_dionaea_a2_68_n lf6_trico_a2_67_n lf6_trico_a2_68_n lf6_t_trico_a2_67_n lf6_t_trico_a2_68_n lf6_popoku_as_a2_67_n lf6_popoku_as_a2_68_n lf6_t_popoku_as_a2_67_n lf6_t_popoku_as_a2_68_n lf6_woodtesinon_a2_67_n lf6_woodtesinon_a2_68_n lf6_t_woodtesinon_a2_67_n lf6_t_woodtesinon_a2_68_n lf6_newmerman_a2_67_n lf6_newmerman_a2_68_n lf6_t_newmerman_a2_67_n lf6_t_newmerman_a2_68_n
25506,Progress(SECTION_0==0; SECTION_1<30),0,1,30,simpleQuest,25,df6_b1_crestlich_68_n df6_b1_crestlich_69_n df6_t_b1_crestlich_72_n df6_t_b1_crestlich_73_n df6_t_b1_crestlich_74_n df6_b1_worm_68_an df6_b1_worm_69_an df6_t_b1_worm_72_an df6_t_b1_worm_73_an df6_t_b1_worm_74_an df6_b1_lizardman_fi_68_an df6_b1_lizardman_fi_69_an df6_t_b1_lizardman_fi_72_an df6_t_b1_lizardman_fi_73_an df6_t_b1_lizardman_fi_74_an df6_b1_hive_68_n df6_b1_hive_69_n df6_t_b1_hive_72_n df6_t_b1_hive_73_n df6_t_b1_hive_74_n df6_b_neuth_68_an df6_b_neuth_69_an df6_b_neuth_70_an df6_b_neuth_71_an df6_b_neuth_72_an df6_b_neuth_73_an df6_t_b_neuth_74_an df6_t_b_neuth_75_an df6_t_b_neuth_76_an df6_t_b_neuth_77_an df6_b_tauric_68_an df6_b_tauric_69_an df6_b_tauric_70_an df6_b_tauric_71_an df6_b_tauric_72_an df6_b_tauric_73_an df6_t_b_tauric_74_an df6_t_b_tauric_75_an df6_t_b_tauric_76_an df6_t_b_tauric_77_an df6_b_popoku_fi_68_an df6_b_popoku_fi_69_an df6_b_popoku_fi_70_an df6_b_popoku_fi_71_an df6_b_popoku_fi_72_an df6_b_popoku_fi_73_an df6_t_b_popoku_fi_74_an df6_t_b_popoku_fi_75_an df6_t_b_popoku_fi_76_an df6_t_b_popoku_fi_77_an df6_b_aneuth_str_68_an df6_b_aneuth_str_69_an df6_b_aneuth_str_70_an df6_b_aneuth_str_71_an df6_b_aneuth_str_72_an df6_b_aneuth_str_73_an df6_t_b_aneuth_str_74_an df6_t_b_aneuth_str_75_an df6_t_b_aneuth_str_76_an df6_t_b_aneuth_str_77_an df6_b_aneuth_str_geno_68_an df6_b_aneuth_str_geno_69_an df6_b_aneuth_str_geno_70_an df6_b_aneuth_str_geno_71_an df6_b_aneuth_str_geno_72_an df6_b_aneuth_str_geno_73_an df6_b_aneuth_md_68_an df6_b_aneuth_md_69_an df6_b_aneuth_md_70_an df6_b_aneuth_md_71_an df6_b_aneuth_md_72_an df6_b_aneuth_md_73_an df6_t_b_aneuth_md_74_an df6_t_b_aneuth_md_75_an df6_t_b_aneuth_md_76_an df6_t_b_aneuth_md_77_an df6_b_aneuth_68_pd_an df6_b_aneuth_69_pd_an df6_b_aneuth_70_pd_an df6_b_aneuth_71_pd_an df6_b_aneuth_72_pd_an df6_b_aneuth_73_pd_an df6_t_b_aneuth_74_pd_an df6_t_b_aneuth_75_pd_an df6_t_b_aneuth_76_pd_an df6_t_b_aneuth_77_pd_an df6_b_aneuth_low_68_an df6_b_aneuth_low_69_an df6_b_aneuth_low_70_an df6_b_aneuth_low_71_an df6_b_aneuth_low_72_an df6_b_aneuth_low_73_an df6_t_b_aneuth_low_74_an df6_t_b_aneuth_low_75_an df6_t_b_aneuth_low_76_an df6_t_b_aneuth_low_77_an df6_b_aneuth_random_68_an df6_b_aneuth_random_69_an df6_b_aneuth_random_70_an df6_b_aneuth_random_71_an df6_b_aneuth_random_72_an df6_b_aneuth_random_73_an df6_b_tauric_str_68_an df6_b_tauric_str_69_an df6_b_tauric_str_70_an df6_b_tauric_str_71_an df6_b_tauric_str_72_an df6_b_tauric_str_73_an df6_t_b_tauric_str_74_an df6_t_b_tauric_str_75_an df6_t_b_tauric_str_76_an df6_t_b_tauric_str_77_an df6_b_tauric_str_geno_68_an df6_b_tauric_str_geno_69_an df6_b_tauric_str_geno_70_an df6_b_tauric_str_geno_71_an df6_b_tauric_str_geno_72_an df6_b_tauric_str_geno_73_an df6_b_tauric_md_68_an df6_b_tauric_md_69_an df6_b_tauric_md_70_an df6_b_tauric_md_71_an df6_b_tauric_md_72_an df6_b_tauric_md_73_an df6_t_b_tauric_md_74_an df6_t_b_tauric_md_75_an df6_t_b_tauric_md_76_an df6_t_b_tauric_md_77_an df6_b_tauric_pd_68_an df6_b_tauric_pd_69_an df6_b_tauric_pd_70_an df6_b_tauric_pd_71_an df6_b_tauric_pd_72_an df6_b_tauric_pd_73_an df6_t_b_tauric_pd_74_an df6_t_b_tauric_pd_75_an df6_t_b_tauric_pd_76_an df6_t_b_tauric_pd_77_an df6_b_tauric_low_68_an df6_b_tauric_low_69_an df6_b_tauric_low_70_an df6_b_tauric_low_71_an df6_b_tauric_low_72_an df6_b_tauric_low_73_an df6_t_b_tauric_low_74_an df6_t_b_tauric_low_75_an df6_t_b_tauric_low_76_an df6_t_b_tauric_low_77_an df6_b_tauric_random_68_an df6_b_tauric_random_69_an df6_b_tauric_random_70_an df6_b_tauric_random_71_an df6_b_tauric_random_72_an df6_b_tauric_random_73_an df6_b_popoku_fi_str_68_an df6_b_popoku_fi_str_69_an df6_b_popoku_fi_str_70_an df6_b_popoku_fi_str_71_an df6_b_popoku_fi_str_72_an df6_b_popoku_fi_str_73_an df6_t_b_popoku_fi_str_74_an df6_t_b_popoku_fi_str_75_an df6_t_b_popoku_fi_str_76_an df6_t_b_popoku_fi_str_77_an df6_b_popoku_fi_str_geno_68_an df6_b_popoku_fi_str_geno_69_an df6_b_popoku_fi_str_geno_70_an df6_b_popoku_fi_str_geno_71_an df6_b_popoku_fi_str_geno_72_an df6_b_popoku_fi_str_geno_73_an df6_b_popoku_fi_md_68_an df6_b_popoku_fi_md_69_an df6_b_popoku_fi_md_70_an df6_b_popoku_fi_md_71_an df6_b_popoku_fi_md_72_an df6_b_popoku_fi_md_73_an df6_t_b_popoku_fi_md_74_an df6_t_b_popoku_fi_md_75_an df6_t_b_popoku_fi_md_76_an df6_t_b_popoku_fi_md_77_an df6_b_popoku_fi_pd_68_an df6_b_popoku_fi_pd_69_an df6_b_popoku_fi_pd_70_an df6_b_popoku_fi_pd_71_an df6_b_popoku_fi_pd_72_an df6_b_popoku_fi_pd_73_an df6_t_b_popoku_fi_pd_74_an df6_t_b_popoku_fi_pd_75_an df6_t_b_popoku_fi_pd_76_an df6_t_b_popoku_fi_pd_77_an df6_b_popoku_fi_low_68_an df6_b_popoku_fi_low_69_an df6_b_popoku_fi_low_70_an df6_b_popoku_fi_low_71_an df6_b_popoku_fi_low_72_an df6_b_popoku_fi_low_73_an df6_t_b_popoku_fi_low_74_an df6_t_b_popoku_fi_low_75_an df6_t_b_popoku_fi_low_76_an df6_t_b_popoku_fi_low_77_an df6_b_popoku_fi_random_68_an df6_b_popoku_fi_random_69_an df6_b_popoku_fi_random_70_an df6_b_popoku_fi_random_71_an df6_b_popoku_fi_random_72_an df6_b_popoku_fi_random_73_an
25507,Progress(SECTION_0==0; SECTION_1<30),0,1,30,simpleQuest,24,lf6_cures_b_68_n lf6_cures_b_69_n lf6_t_cures_b_72_n lf6_t_cures_b_73_n lf6_t_cures_b_74_n lf6_varanus_b_68_n lf6_varanus_b_69_n lf6_t_varanus_b_72_n lf6_t_varanus_b_73_n lf6_t_varanus_b_74_n lf6_wilddrake_b_68_n lf6_wilddrake_b_69_n lf6_t_wilddrake_b_72_n lf6_t_wilddrake_b_73_n lf6_t_wilddrake_b_74_n lf6_tesinon_b_68_d lf6_tesinon_b_69_d lf6_tesinon_b_70_d lf6_tesinon_b_71_d lf6_tesinon_b_72_d lf6_tesinon_b_73_d lf6_t_tesinon_b_74_d lf6_t_tesinon_b_75_d lf6_t_tesinon_b_76_d lf6_t_tesinon_b_77_d lf6_lepisma_b_68_d lf6_lepisma_b_69_d lf6_lepisma_b_70_d lf6_lepisma_b_71_d lf6_lepisma_b_72_d lf6_lepisma_b_73_d lf6_t_lepisma_b_74_d lf6_t_lepisma_b_75_d lf6_t_lepisma_b_76_d lf6_t_lepisma_b_77_d lf6_cyclops_b_68_d lf6_cyclops_b_69_d lf6_cyclops_b_70_d lf6_cyclops_b_71_d lf6_cyclops_b_72_d lf6_cyclops_b_73_d lf6_cyclops_b_68_d_md lf6_cyclops_b_69_d_md lf6_cyclops_b_70_d_md lf6_cyclops_b_71_d_md lf6_cyclops_b_72_d_md lf6_cyclops_b_73_d_md lf6_t_cyclops_b_74_d lf6_t_cyclops_b_75_d lf6_t_cyclops_b_76_d lf6_t_cyclops_b_77_d lf6_t_cyclops_b_74_d_md lf6_t_cyclops_b_75_d_md lf6_t_cyclops_b_76_d_md lf6_t_cyclops_b_77_d_md lf6_tesinon_b_68_d_str lf6_tesinon_b_69_d_str lf6_tesinon_b_70_d_str lf6_tesinon_b_71_d_str lf6_tesinon_b_72_d_str lf6_tesinon_b_73_d_str lf6_t_tesinon_b_74_d_str lf6_t_tesinon_b_75_d_str lf6_t_tesinon_b_76_d_str lf6_t_tesinon_b_77_d_str lf6_tesinon_b_68_d_str_geno lf6_tesinon_b_69_d_str_geno lf6_tesinon_b_70_d_str_geno lf6_tesinon_b_71_d_str_geno lf6_tesinon_b_72_d_str_geno lf6_tesinon_b_73_d_str_geno lf6_tesinon_b_68_d_md lf6_tesinon_b_69_d_md lf6_tesinon_b_70_d_md lf6_tesinon_b_71_d_md lf6_tesinon_b_72_d_md lf6_tesinon_b_73_d_md lf6_t_tesinon_b_74_d_md lf6_t_tesinon_b_75_d_md lf6_t_tesinon_b_76_d_md lf6_t_tesinon_b_77_d_md lf6_tesinon_b_68_d_pd lf6_tesinon_b_69_d_pd lf6_tesinon_b_70_d_pd lf6_tesinon_b_71_d_pd lf6_tesinon_b_72_d_pd lf6_tesinon_b_73_d_pd lf6_t_tesinon_b_74_d_pd lf6_t_tesinon_b_75_d_pd lf6_t_tesinon_b_76_d_pd lf6_t_tesinon_b_77_d_pd lf6_tesinon_b_68_d_low lf6_tesinon_b_69_d_low lf6_tesinon_b_70_d_low lf6_tesinon_b_71_d_low lf6_tesinon_b_72_d_low lf6_tesinon_b_73_d_low lf6_t_tesinon_b_74_d_low lf6_t_tesinon_b_75_d_low lf6_t_tesinon_b_76_d_low lf6_t_tesinon_b_77_d_low lf6_tesinon_b_68_d_random lf6_tesinon_b_69_d_random lf6_tesinon_b_70_d_random lf6_tesinon_b_71_d_random lf6_tesinon_b_72_d_random lf6_tesinon_b_73_d_random lf6_lepisma_b_68_d_str lf6_lepisma_b_69_d_str lf6_lepisma_b_70_d_str lf6_lepisma_b_71_d_str lf6_lepisma_b_72_d_str lf6_lepisma_b_73_d_str lf6_t_lepisma_b_74_d_str lf6_t_lepisma_b_75_d_str lf6_t_lepisma_b_76_d_str lf6_t_lepisma_b_77_d_str lf6_lepisma_b_68_d_str_geno lf6_lepisma_b_69_d_str_geno lf6_lepisma_b_70_d_str_geno lf6_lepisma_b_71_d_str_geno lf6_lepisma_b_72_d_str_geno lf6_lepisma_b_73_d_str_geno lf6_lepisma_b_68_d_md lf6_lepisma_b_69_d_md lf6_lepisma_b_70_d_md lf6_lepisma_b_71_d_md lf6_lepisma_b_72_d_md lf6_lepisma_b_73_d_md lf6_t_lepisma_b_74_d_md lf6_t_lepisma_b_75_d_md lf6_t_lepisma_b_76_d_md lf6_t_lepisma_b_77_d_md lf6_lepisma_b_68_d_pd lf6_lepisma_b_69_d_pd lf6_lepisma_b_70_d_pd lf6_lepisma_b_71_d_pd lf6_lepisma_b_72_d_pd lf6_lepisma_b_73_d_pd lf6_t_lepisma_b_74_d_pd lf6_t_lepisma_b_75_d_pd lf6_t_lepisma_b_76_d_pd lf6_t_lepisma_b_77_d_pd lf6_lepisma_b_68_d_low lf6_lepisma_b_69_d_low lf6_lepisma_b_70_d_low lf6_lepisma_b_71_d_low lf6_lepisma_b_72_d_low lf6_lepisma_b_73_d_low lf6_t_lepisma_b_74_d_low lf6_t_lepisma_b_75_d_low lf6_t_lepisma_b_76_d_low lf6_t_lepisma_b_77_d_low lf6_lepisma_b_68_d_random lf6_lepisma_b_69_d_random lf6_lepisma_b_70_d_random lf6_lepisma_b_71_d_random lf6_lepisma_b_72_d_random lf6_lepisma_b_73_d_random lf6_cyclops_b_68_d_str lf6_cyclops_b_69_d_str lf6_cyclops_b_70_d_str lf6_cyclops_b_71_d_str lf6_cyclops_b_72_d_str lf6_cyclops_b_73_d_str lf6_t_cyclops_b_74_d_str lf6_t_cyclops_b_75_d_str lf6_t_cyclops_b_76_d_str lf6_t_cyclops_b_77_d_str lf6_cyclops_b_68_d_str_geno lf6_cyclops_b_69_d_str_geno lf6_cyclops_b_70_d_str_geno lf6_cyclops_b_71_d_str_geno lf6_cyclops_b_72_d_str_geno lf6_cyclops_b_73_d_str_geno lf6_cyclops_b_68_d_pd lf6_cyclops_b_69_d_pd lf6_cyclops_b_70_d_pd lf6_cyclops_b_71_d_pd lf6_cyclops_b_72_d_pd lf6_cyclops_b_73_d_pd lf6_cyclops_b_68_d_low lf6_cyclops_b_69_d_low lf6_cyclops_b_70_d_low lf6_cyclops_b_71_d_low lf6_cyclops_b_72_d_low lf6_cyclops_b_73_d_low lf6_t_cyclops_b_74_d_pd lf6_t_cyclops_b_75_d_pd lf6_t_cyclops_b_76_d_pd lf6_t_cyclops_b_77_d_pd lf6_t_cyclops_b_74_d_low lf6_t_cyclops_b_75_d_low lf6_t_cyclops_b_76_d_low lf6_t_cyclops_b_77_d_low lf6_cyclops_b_68_d_random lf6_cyclops_b_69_d_random lf6_cyclops_b_70_d_random lf6_cyclops_b_71_d_random lf6_cyclops_b_72_d_random lf6_cyclops_b_73_d_random
25509,Progress(SECTION_0==0; SECTION_1<30),0,1,30,simpleQuest,24,df6_b2_flowerworm_69_an df6_b2_flowerworm_70_an df6_t_b2_flowerworm_75_an df6_t_b2_flowerworm_76_an df6_t_b2_flowerworm_77_an df6_b2_displacer_69_an df6_b2_displacer_70_an df6_t_b2_displacer_75_an df6_t_b2_displacer_76_an df6_t_b2_displacer_77_an df6_b2_drake_69_an df6_b2_drake_70_an df6_t_b2_drake_75_an df6_t_b2_drake_76_an df6_t_b2_drake_77_an df6_b2_tesinon_69_an df6_b2_tesinon_70_an df6_b2_tesinon_71_an df6_b2_tesinon_72_an df6_b2_tesinon_73_an df6_b2_tesinon_74_an df6_b2_tesinon_75_an df6_t_b2_tesinon_77_an df6_t_b2_tesinon_78_an df6_t_b2_tesinon_79_an df6_t_b2_tesinon_80_an df6_b2_nomesh_69_an df6_b2_nomesh_70_an df6_b2_nomesh_71_an df6_b2_nomesh_72_an df6_b2_nomesh_73_an df6_b2_nomesh_74_an df6_b2_nomesh_75_an df6_t_b2_nomesh_77_an df6_t_b2_nomesh_78_an df6_t_b2_nomesh_79_an df6_t_b2_nomesh_80_an df6_b2_cyclops_69_n df6_b2_cyclops_70_n df6_b2_cyclops_71_n df6_b2_cyclops_72_n df6_b2_cyclops_73_n df6_b2_cyclops_74_n df6_b2_cyclops_75_n df6_b2_cyclops_md_69_an df6_b2_cyclops_md_70_an df6_b2_cyclops_md_71_an df6_b2_cyclops_md_72_an df6_b2_cyclops_md_73_an df6_b2_cyclops_md_74_an df6_b2_cyclops_md_75_an df6_t_b2_cyclops_77_n df6_t_b2_cyclops_78_n df6_t_b2_cyclops_79_n df6_t_b2_cyclops_80_n df6_t_b2_cyclops_md_77_an df6_t_b2_cyclops_md_78_an df6_t_b2_cyclops_md_79_an df6_t_b2_cyclops_md_80_an df6_b2_tesinon_str_69_an df6_b2_tesinon_str_70_an df6_b2_tesinon_str_71_an df6_b2_tesinon_str_72_an df6_b2_tesinon_str_73_an df6_b2_tesinon_str_74_an df6_b2_tesinon_str_75_an df6_t_b2_tesinon_str_77_an df6_t_b2_tesinon_str_78_an df6_t_b2_tesinon_str_79_an df6_t_b2_tesinon_str_80_an df6_b2_tesinon_str_geno_69_an df6_b2_tesinon_str_geno_70_an df6_b2_tesinon_str_geno_71_an df6_b2_tesinon_str_geno_72_an df6_b2_tesinon_str_geno_73_an df6_b2_tesinon_str_geno_74_an df6_b2_tesinon_str_geno_75_an df6_b2_tesinon_md_69_an df6_b2_tesinon_md_70_an df6_b2_tesinon_md_71_an df6_b2_tesinon_md_72_an df6_b2_tesinon_md_73_an df6_b2_tesinon_md_74_an df6_b2_tesinon_md_75_an df6_t_b2_tesinon_md_77_an df6_t_b2_tesinon_md_78_an df6_t_b2_tesinon_md_79_an df6_t_b2_tesinon_md_80_an df6_b2_tesinon_pd_69_an df6_b2_tesinon_pd_70_an df6_b2_tesinon_pd_71_an df6_b2_tesinon_pd_72_an df6_b2_tesinon_pd_73_an df6_b2_tesinon_pd_74_an df6_b2_tesinon_pd_75_an df6_t_b2_tesinon_pd_77_an df6_t_b2_tesinon_pd_78_an df6_t_b2_tesinon_pd_79_an df6_t_b2_tesinon_pd_80_an df6_b2_tesinon_low_69_an df6_b2_tesinon_low_70_an df6_b2_tesinon_low_71_an df6_b2_tesinon_low_72_an df6_b2_tesinon_low_73_an df6_b2_tesinon_low_74_an df6_b2_tesinon_low_75_an df6_t_b2_tesinon_low_77_an df6_t_b2_tesinon_low_78_an df6_t_b2_tesinon_low_79_an df6_t_b2_tesinon_low_80_an df6_b2_tesinon_random_69_an df6_b2_tesinon_random_70_an df6_b2_tesinon_random_71_an df6_b2_tesinon_random_72_an df6_b2_tesinon_random_73_an df6_b2_tesinon_random_74_an df6_b2_tesinon_random_75_an df6_b2_anomesh_str_69_an df6_b2_anomesh_str_70_an df6_b2_anomesh_str_71_an df6_b2_anomesh_str_72_an df6_b2_anomesh_str_73_an df6_b2_anomesh_str_74_an df6_b2_anomesh_str_75_an df6_t_b2_anomesh_str_77_an df6_t_b2_anomesh_str_78_an df6_t_b2_anomesh_str_79_an df6_t_b2_anomesh_str_80_an df6_b2_anomesh_str_geno_69_an df6_b2_anomesh_str_geno_70_an df6_b2_anomesh_str_geno_71_an df6_b2_anomesh_str_geno_72_an df6_b2_anomesh_str_geno_73_an df6_b2_anomesh_str_geno_74_an df6_b2_anomesh_str_geno_75_an df6_b2_anomesh_md_69_an df6_b2_anomesh_md_70_an df6_b2_anomesh_md_71_an df6_b2_anomesh_md_72_an df6_b2_anomesh_md_73_an df6_b2_anomesh_md_74_an df6_b2_anomesh_md_75_an df6_t_b2_anomesh_md_77_an df6_t_b2_anomesh_md_78_an df6_t_b2_anomesh_md_79_an df6_t_b2_anomesh_md_80_an df6_b2_anomesh_pd_69_an df6_b2_anomesh_pd_70_an df6_b2_anomesh_pd_71_an df6_b2_anomesh_pd_72_an df6_b2_anomesh_pd_73_an df6_b2_anomesh_pd_74_an df6_b2_anomesh_pd_75_an df6_t_b2_anomesh_pd_77_an df6_t_b2_anomesh_pd_78_an df6_t_b2_anomesh_pd_79_an df6_t_b2_anomesh_pd_80_an df6_b2_anomesh_low_69_an df6_b2_anomesh_low_70_an df6_b2_anomesh_low_71_an df6_b2_anomesh_low_72_an df6_b2_anomesh_low_73_an df6_b2_anomesh_low_74_an df6_b2_anomesh_low_75_an df6_t_b2_anomesh_low_77_an df6_t_b2_anomesh_low_78_an df6_t_b2_anomesh_low_79_an df6_t_b2_anomesh_low_80_an df6_b2_anomesh_random_69_an df6_b2_anomesh_random_70_an df6_b2_anomesh_random_71_an df6_b2_anomesh_random_72_an df6_b2_anomesh_random_73_an df6_b2_anomesh_random_74_an df6_b2_anomesh_random_75_an df6_b2_cyclops_str_69_an df6_b2_cyclops_str_70_an df6_b2_cyclops_str_71_an df6_b2_cyclops_str_72_an df6_b2_cyclops_str_73_an df6_b2_cyclops_str_74_an df6_b2_cyclops_str_75_an df6_t_b2_cyclops_str_77_an df6_t_b2_cyclops_str_78_an df6_t_b2_cyclops_str_79_an df6_t_b2_cyclops_str_80_an df6_b2_cyclops_str_geno_69_an df6_b2_cyclops_str_geno_70_an df6_b2_cyclops_str_geno_71_an df6_b2_cyclops_str_geno_72_an df6_b2_cyclops_str_geno_73_an df6_b2_cyclops_str_geno_74_an df6_b2_cyclops_str_geno_75_an df6_b2_cyclops_pd_69_an df6_b2_cyclops_pd_70_an df6_b2_cyclops_pd_71_an df6_b2_cyclops_pd_72_an df6_b2_cyclops_pd_73_an df6_b2_cyclops_pd_74_an df6_b2_cyclops_pd_75_an df6_b2_cyclops_low_69_an df6_b2_cyclops_low_70_an df6_b2_cyclops_low_71_an df6_b2_cyclops_low_72_an df6_b2_cyclops_low_73_an df6_b2_cyclops_low_74_an df6_b2_cyclops_low_75_an df6_t_b2_cyclops_pd_77_an df6_t_b2_cyclops_pd_78_an df6_t_b2_cyclops_pd_79_an df6_t_b2_cyclops_pd_80_an df6_t_b2_cyclops_low_77_an df6_t_b2_cyclops_low_78_an df6_t_b2_cyclops_low_79_an df6_t_b2_cyclops_low_80_an df6_b2_cyclops_random_69_an df6_b2_cyclops_random_70_an df6_b2_cyclops_random_71_an df6_b2_cyclops_random_72_an df6_b2_cyclops_random_73_an df6_b2_cyclops_random_74_an df6_b2_cyclops_random_75_an
25510,Progress(SECTION_0==0; SECTION_1<30),0,1,30,simpleQuest,24,lf6_startutle_b2_69_n lf6_startutle_b2_67_n lf6_t_startutle_b2_75_n lf6_t_startutle_b2_76_n lf6_t_startutle_b2_77_n lf6_rafflesiasea_b2_69_n lf6_rafflesiasea_b2_70_n lf6_t_rafflesiasea_b2_75_n lf6_t_rafflesiasea_b2_76_n lf6_t_rafflesiasea_b2_77_n lf6_beholder_b2_69_n lf6_beholder_b2_70_n lf6_t_beholder_b2_75_n lf6_t_beholder_b2_76_n lf6_t_beholder_b2_77_n lf6_drakan_worker_b2_69_d lf6_drakan_worker_b2_70_d lf6_drakan_worker_b2_71_d lf6_drakan_worker_b2_72_d lf6_drakan_worker_b2_73_d lf6_drakan_worker_b2_74_d lf6_drakan_worker_b2_75_d lf6_t_drakan_worker_b2_77_d lf6_t_drakan_worker_b2_78_d lf6_t_drakan_worker_b2_79_d lf6_t_drakan_worker_b2_80_d lf6_nagamage_b2_69_d lf6_nagamage_b2_70_d lf6_nagamage_b2_71_d lf6_nagamage_b2_72_d lf6_nagamage_b2_73_d lf6_nagamage_b2_74_d lf6_nagamage_b2_75_d lf6_t_nagamage_b2_77_d lf6_t_nagamage_b2_78_d lf6_t_nagamage_b2_79_d lf6_t_nagamage_b2_80_d lf6_cyclops_b2_69_d lf6_cyclops_b2_70_d lf6_cyclops_b2_71_d lf6_cyclops_b2_72_d lf6_cyclops_b2_73_d lf6_cyclops_b2_74_d lf6_cyclops_b2_75_d lf6_cyclops_b2_69_d_md lf6_cyclops_b2_70_d_md lf6_cyclops_b2_71_d_md lf6_cyclops_b2_72_d_md lf6_cyclops_b2_73_d_md lf6_cyclops_b2_74_d_md lf6_cyclops_b2_75_d_md lf6_t_cyclops_b2_77_d lf6_t_cyclops_b2_78_d lf6_t_cyclops_b2_79_d lf6_t_cyclops_b2_80_d lf6_t_cyclops_b2_77_d_md lf6_t_cyclops_b2_78_d_md lf6_t_cyclops_b2_79_d_md lf6_t_cyclops_b2_80_d_md lf6_drakan_worker_b2_69_d_str lf6_drakan_worker_b2_70_d_str lf6_drakan_worker_b2_71_d_str lf6_drakan_worker_b2_72_d_str lf6_drakan_worker_b2_73_d_str lf6_drakan_worker_b2_74_d_str lf6_drakan_worker_b2_75_d_str lf6_t_drakan_worker_b2_77_d_str lf6_t_drakan_worker_b2_78_d_str lf6_t_drakan_worker_b2_79_d_str lf6_t_drakan_worker_b2_80_d_str lf6_drakan_worker_b2_69_d_str_geno lf6_drakan_worker_b2_70_d_str_geno lf6_drakan_worker_b2_71_d_str_geno lf6_drakan_worker_b2_72_d_str_geno lf6_drakan_worker_b2_73_d_str_geno lf6_drakan_worker_b2_74_d_str_geno lf6_drakan_worker_b2_75_d_str_geno lf6_drakan_worker_b2_69_d_md lf6_drakan_worker_b2_70_d_md lf6_drakan_worker_b2_71_d_md lf6_drakan_worker_b2_72_d_md lf6_drakan_worker_b2_73_d_md lf6_drakan_worker_b2_74_d_md lf6_drakan_worker_b2_75_d_md lf6_t_drakan_worker_b2_77_d_md lf6_t_drakan_worker_b2_78_d_md lf6_t_drakan_worker_b2_79_d_md lf6_t_drakan_worker_b2_80_d_md lf6_drakan_worker_b2_69_d_pd lf6_drakan_worker_b2_70_d_pd lf6_drakan_worker_b2_71_d_pd lf6_drakan_worker_b2_72_d_pd lf6_drakan_worker_b2_73_d_pd lf6_drakan_worker_b2_74_d_pd lf6_drakan_worker_b2_75_d_pd lf6_t_drakan_worker_b2_77_d_pd lf6_t_drakan_worker_b2_78_d_pd lf6_t_drakan_worker_b2_79_d_pd lf6_t_drakan_worker_b2_80_d_pd lf6_drakan_worker_b2_69_d_low lf6_drakan_worker_b2_70_d_low lf6_drakan_worker_b2_71_d_low lf6_drakan_worker_b2_72_d_low lf6_drakan_worker_b2_73_d_low lf6_drakan_worker_b2_74_d_low lf6_drakan_worker_b2_75_d_low lf6_t_drakan_worker_b2_77_d_low lf6_t_drakan_worker_b2_78_d_low lf6_t_drakan_worker_b2_79_d_low lf6_t_drakan_worker_b2_80_d_low lf6_drakan_worker_b2_69_d_random lf6_drakan_worker_b2_70_d_random lf6_drakan_worker_b2_71_d_random lf6_drakan_worker_b2_72_d_random lf6_drakan_worker_b2_73_d_random lf6_drakan_worker_b2_74_d_random lf6_drakan_worker_b2_75_d_random lf6_nagamage_b2_69_d_str lf6_nagamage_b2_70_d_str lf6_nagamage_b2_71_d_str lf6_nagamage_b2_72_d_str lf6_nagamage_b2_73_d_str lf6_nagamage_b2_74_d_str lf6_nagamage_b2_75_d_str lf6_t_nagamage_b2_77_d_str lf6_t_nagamage_b2_78_d_str lf6_t_nagamage_b2_79_d_str lf6_t_nagamage_b2_80_d_str lf6_nagamage_b2_69_d_str_geno lf6_nagamage_b2_70_d_str_geno lf6_nagamage_b2_71_d_str_geno lf6_nagamage_b2_72_d_str_geno lf6_nagamage_b2_73_d_str_geno lf6_nagamage_b2_74_d_str_geno lf6_nagamage_b2_75_d_str_geno lf6_nagamage_b2_69_d_md lf6_nagamage_b2_70_d_md lf6_nagamage_b2_71_d_md lf6_nagamage_b2_72_d_md lf6_nagamage_b2_73_d_md lf6_nagamage_b2_74_d_md lf6_nagamage_b2_75_d_md lf6_t_nagamage_b2_77_d_md lf6_t_nagamage_b2_78_d_md lf6_t_nagamage_b2_79_d_md lf6_t_nagamage_b2_80_d_md lf6_nagamage_b2_69_d_pd lf6_nagamage_b2_70_d_pd lf6_nagamage_b2_71_d_pd lf6_nagamage_b2_72_d_pd lf6_nagamage_b2_73_d_pd lf6_nagamage_b2_74_d_pd lf6_nagamage_b2_75_d_pd lf6_t_nagamage_b2_77_d_pd lf6_t_nagamage_b2_78_d_pd lf6_t_nagamage_b2_79_d_pd lf6_t_nagamage_b2_80_d_pd lf6_nagamage_b2_69_d_low lf6_nagamage_b2_70_d_low lf6_nagamage_b2_71_d_low lf6_nagamage_b2_72_d_low lf6_nagamage_b2_73_d_low lf6_nagamage_b2_74_d_low lf6_nagamage_b2_75_d_low lf6_t_nagamage_b2_77_d_low lf6_t_nagamage_b2_78_d_low lf6_t_nagamage_b2_79_d_low lf6_t_nagamage_b2_80_d_low lf6_nagamage_b2_69_d_random lf6_nagamage_b2_70_d_random lf6_nagamage_b2_71_d_random lf6_nagamage_b2_72_d_random lf6_nagamage_b2_73_d_random lf6_nagamage_b2_74_d_random lf6_nagamage_b2_75_d_random lf6_cyclops_b2_69_d_str lf6_cyclops_b2_70_d_str lf6_cyclops_b2_71_d_str lf6_cyclops_b2_72_d_str lf6_cyclops_b2_73_d_str lf6_cyclops_b2_74_d_str lf6_cyclops_b2_75_d_str lf6_t_cyclops_b2_77_d_str lf6_t_cyclops_b2_78_d_str lf6_t_cyclops_b2_79_d_str lf6_t_cyclops_b2_80_d_str lf6_cyclops_b2_69_d_str_geno lf6_cyclops_b2_70_d_str_geno lf6_cyclops_b2_71_d_str_geno lf6_cyclops_b2_72_d_str_geno lf6_cyclops_b2_73_d_str_geno lf6_cyclops_b2_74_d_str_geno lf6_cyclops_b2_75_d_str_geno lf6_cyclops_b2_69_d_pd lf6_cyclops_b2_70_d_pd lf6_cyclops_b2_71_d_pd lf6_cyclops_b2_72_d_pd lf6_cyclops_b2_73_d_pd lf6_cyclops_b2_74_d_pd lf6_cyclops_b2_75_d_pd lf6_cyclops_b2_69_d_low lf6_cyclops_b2_70_d_low lf6_cyclops_b2_71_d_low lf6_cyclops_b2_72_d_low lf6_cyclops_b2_73_d_low lf6_cyclops_b2_74_d_low lf6_cyclops_b2_75_d_low lf6_t_cyclops_b2_77_d_pd lf6_t_cyclops_b2_78_d_pd lf6_t_cyclops_b2_79_d_pd lf6_t_cyclops_b2_80_d_pd lf6_t_cyclops_b2_77_d_low lf6_t_cyclops_b2_78_d_low lf6_t_cyclops_b2_79_d_low lf6_t_cyclops_b2_80_d_low lf6_cyclops_b2_69_d_random lf6_cyclops_b2_70_d_random lf6_cyclops_b2_71_d_random lf6_cyclops_b2_72_d_random lf6_cyclops_b2_73_d_random lf6_cyclops_b2_74_d_random lf6_cyclops_b2_75_d_random
25512,Progress(SECTION_0==0; SECTION_1<30),0,1,30,simpleQuest,24,df6_c_vampiretree_67_an df6_c_vampiretree_68_an df6_t_c_vampiretree_69_an df6_t_c_vampiretree_70_an df6_t_c_vampiretree_71_an df6_c_octaside_67_n df6_c_octaside_68_n df6_t_c_octaside_69_n df6_t_c_octaside_70_n df6_t_c_octaside_71_n df6_c_flowerworm_67_an df6_c_flowerworm_68_an df6_t_c_flowerworm_69_an df6_t_c_flowerworm_70_an df6_t_c_flowerworm_71_an df6_c_zaif_67_an df6_c_zaif_68_an df6_c_zaif_69_an df6_c_zaif_70_an df6_c_zaif_71_an df6_t_c_zaif_71_an df6_t_c_zaif_72_an df6_t_c_zaif_73_an df6_t_c_zaif_74_an df6_c_lizard_pr_67_an df6_c_lizard_pr_68_an df6_c_lizard_pr_69_an df6_c_lizard_pr_70_an df6_c_lizard_pr_71_an df6_t_c_lizard_pr_71_an df6_t_c_lizard_pr_72_an df6_t_c_lizard_pr_73_an df6_t_c_lizard_pr_74_an df6_c_mosbear_67_an df6_c_mosbear_68_an df6_c_mosbear_69_an df6_c_mosbear_70_an df6_c_mosbear_71_an df6_t_c_mosbear_71_an df6_t_c_mosbear_72_an df6_t_c_mosbear_73_an df6_t_c_mosbear_74_an df6_c_zaif_str_67_an df6_c_zaif_str_68_an df6_c_zaif_str_69_an df6_c_zaif_str_70_an df6_c_zaif_str_71_an df6_t_c_zaif_str_71_an df6_t_c_zaif_str_72_an df6_t_c_zaif_str_73_an df6_t_c_zaif_str_74_an df6_c_zaif_str_geno_67_an df6_c_zaif_str_geno_68_an df6_c_zaif_str_geno_69_an df6_c_zaif_str_geno_70_an df6_c_zaif_str_geno_71_an df6_c_zaif_md_67_an df6_c_zaif_md_68_an df6_c_zaif_md_69_an df6_c_zaif_md_70_an df6_c_zaif_md_71_an df6_t_c_zaif_md_71_an df6_t_c_zaif_md_72_an df6_t_c_zaif_md_73_an df6_t_c_zaif_md_74_an df6_c_zaif_pd_67_an df6_c_zaif_pd_68_an df6_c_zaif_pd_69_an df6_c_zaif_pd_70_an df6_c_zaif_pd_71_an df6_t_c_zaif_pd_71_an df6_t_c_zaif_pd_72_an df6_t_c_zaif_pd_73_an df6_t_c_zaif_pd_74_an df6_c_zaif_low_67_an df6_c_zaif_low_68_an df6_c_zaif_low_69_an df6_c_zaif_low_70_an df6_c_zaif_low_71_an df6_t_c_zaif_low_71_an df6_t_c_zaif_low_72_an df6_t_c_zaif_low_73_an df6_t_c_zaif_low_74_an df6_c_zaif_random_67_an df6_c_zaif_random_68_an df6_c_zaif_random_69_an df6_c_zaif_random_70_an df6_c_zaif_random_71_an df6_c_lizard_pr_str_67_an df6_c_lizard_pr_str_68_an df6_c_lizard_pr_str_69_an df6_c_lizard_pr_str_70_an df6_c_lizard_pr_str_71_an df6_t_c_lizard_pr_str_71_an df6_t_c_lizard_pr_str_72_an df6_t_c_lizard_pr_str_73_an df6_t_c_lizard_pr_str_74_an df6_c_lizard_pr_str_geno_67_an df6_c_lizard_pr_str_geno_68_an df6_c_lizard_pr_str_geno_69_an df6_c_lizard_pr_str_geno_70_an df6_c_lizard_pr_str_geno_71_an df6_c_lizard_pr_md_67_an df6_c_lizard_pr_md_68_an df6_c_lizard_pr_md_69_an df6_c_lizard_pr_md_70_an df6_c_lizard_pr_md_71_an df6_t_c_lizard_pr_md_71_an df6_t_c_lizard_pr_md_72_an df6_t_c_lizard_pr_md_73_an df6_t_c_lizard_pr_md_74_an df6_c_lizard_pr_pd_67_an df6_c_lizard_pr_pd_68_an df6_c_lizard_pr_pd_69_an df6_c_lizard_pr_pd_70_an df6_c_lizard_pr_pd_71_an df6_t_c_lizard_pr_pd_71_an df6_t_c_lizard_pr_pd_72_an df6_t_c_lizard_pr_pd_73_an df6_t_c_lizard_pr_pd_74_an df6_c_lizard_pr_low_67_an df6_c_lizard_pr_low_68_an df6_c_lizard_pr_low_69_an df6_c_lizard_pr_low_70_an df6_c_lizard_pr_low_71_an df6_t_c_lizard_pr_low_71_an df6_t_c_lizard_pr_low_72_an df6_t_c_lizard_pr_low_73_an df6_t_c_lizard_pr_low_74_an df6_c_lizard_pr_random_67_an df6_c_lizard_pr_random_68_an df6_c_lizard_pr_random_69_an df6_c_lizard_pr_random_70_an df6_c_lizard_pr_random_71_an df6_c_mosbear_str_67_an df6_c_mosbear_str_68_an df6_c_mosbear_str_69_an df6_c_mosbear_str_70_an df6_c_mosbear_str_71_an df6_t_c_mosbear_str_71_an df6_t_c_mosbear_str_72_an df6_t_c_mosbear_str_73_an df6_t_c_mosbear_str_74_an df6_c_mosbear_str_geno_67_an df6_c_mosbear_str_geno_68_an df6_c_mosbear_str_geno_69_an df6_c_mosbear_str_geno_70_an df6_c_mosbear_str_geno_71_an df6_c_mosbear_md_67_an df6_c_mosbear_md_68_an df6_c_mosbear_md_69_an df6_c_mosbear_md_70_an df6_c_mosbear_md_71_an df6_t_c_mosbear_md_71_an df6_t_c_mosbear_md_72_an df6_t_c_mosbear_md_73_an df6_t_c_mosbear_md_74_an df6_c_mosbear_pd_67_an df6_c_mosbear_pd_68_an df6_c_mosbear_pd_69_an df6_c_mosbear_pd_70_an df6_c_mosbear_pd_71_an df6_t_c_mosbear_pd_71_an df6_t_c_mosbear_pd_72_an df6_t_c_mosbear_pd_73_an df6_t_c_mosbear_pd_74_an df6_c_mosbear_low_67_an df6_c_mosbear_low_68_an df6_c_mosbear_low_69_an df6_c_mosbear_low_70_an df6_c_mosbear_low_71_an df6_t_c_mosbear_low_71_an df6_t_c_mosbear_low_72_an df6_t_c_mosbear_low_73_an df6_t_c_mosbear_low_74_an df6_c_mosbear_random_67_an df6_c_mosbear_random_68_an df6_c_mosbear_random_69_an df6_c_mosbear_random_70_an df6_c_mosbear_random_71_an
25513,Progress(SECTION_0==0; SECTION_1<30),0,1,30,simpleQuest,25,lf6_mammoth_c_67_n lf6_mammoth_c_68_n lf6_t_mammoth_c_69_n lf6_t_mammoth_c_70_n lf6_t_mammoth_c_71_n lf6_hiiv_c_67_n lf6_hiiv_c_68_n lf6_t_hiiv_c_69_n lf6_t_hiiv_c_70_n lf6_t_hiiv_c_71_n lf6_flowerfairy_c_67_n lf6_flowerfairy_c_68_n lf6_t_flowerfairy_c_69_n lf6_t_flowerfairy_c_70_n lf6_t_flowerfairy_c_71_n lf6_c_flowerworm_67_an lf6_c_flowerworm_68_an lf6_t_c_flowerworm_69_an lf6_t_c_flowerworm_70_an lf6_t_c_flowerworm_71_an lf6_mimic_c_67_d lf6_mimic_c_68_d lf6_mimic_c_69_d lf6_mimic_c_70_d lf6_mimic_c_71_d lf6_t_mimic_c_71_d lf6_t_mimic_c_72_d lf6_t_mimic_c_73_d lf6_t_mimic_c_74_d lf6_empty_c_67_d lf6_empty_c_68_d lf6_empty_c_69_d lf6_empty_c_70_d lf6_empty_c_71_d lf6_t_empty_c_71_d lf6_t_empty_c_72_d lf6_t_empty_c_73_d lf6_t_empty_c_74_d lf6_tauric_c_67_d lf6_tauric_c_68_d lf6_tauric_c_69_d lf6_tauric_c_70_d lf6_tauric_c_71_d lf6_t_tauric_c_71_d lf6_t_tauric_c_72_d lf6_t_tauric_c_73_d lf6_t_tauric_c_74_d lf6_mimic_c_67_d_str lf6_mimic_c_68_d_str lf6_mimic_c_69_d_str lf6_mimic_c_70_d_str lf6_mimic_c_71_d_str lf6_t_mimic_c_71_d_str lf6_t_mimic_c_72_d_str lf6_t_mimic_c_73_d_str lf6_t_mimic_c_74_d_str lf6_mimic_c_67_d_str_geno lf6_mimic_c_68_d_str_geno lf6_mimic_c_69_d_str_geno lf6_mimic_c_70_d_str_geno lf6_mimic_c_71_d_str_geno lf6_mimic_c_67_d_md lf6_mimic_c_68_d_md lf6_mimic_c_69_d_md lf6_mimic_c_70_d_md lf6_mimic_c_71_d_md lf6_t_mimic_c_71_d_md lf6_t_mimic_c_72_d_md lf6_t_mimic_c_73_d_md lf6_t_mimic_c_74_d_md lf6_mimic_c_67_d_pd lf6_mimic_c_68_d_pd lf6_mimic_c_69_d_pd lf6_mimic_c_70_d_pd lf6_mimic_c_71_d_pd lf6_t_mimic_c_71_d_pd lf6_t_mimic_c_72_d_pd lf6_t_mimic_c_73_d_pd lf6_t_mimic_c_74_d_pd lf6_mimic_c_67_d_low lf6_mimic_c_68_d_low lf6_mimic_c_69_d_low lf6_mimic_c_70_d_low lf6_mimic_c_71_d_low lf6_t_mimic_c_71_d_low lf6_t_mimic_c_72_d_low lf6_t_mimic_c_73_d_low lf6_t_mimic_c_74_d_low lf6_mimic_c_67_d_random lf6_mimic_c_68_d_random lf6_mimic_c_69_d_random lf6_mimic_c_70_d_random lf6_mimic_c_71_d_random lf6_empty_c_67_d_str lf6_empty_c_68_d_str lf6_empty_c_69_d_str lf6_empty_c_70_d_str lf6_empty_c_71_d_str lf6_t_empty_c_71_d_str lf6_t_empty_c_72_d_str lf6_t_empty_c_73_d_str lf6_t_empty_c_74_d_str lf6_empty_c_67_d_str_geno lf6_empty_c_68_d_str_geno lf6_empty_c_69_d_str_geno lf6_empty_c_70_d_str_geno lf6_empty_c_71_d_str_geno lf6_empty_c_67_d_md lf6_empty_c_68_d_md lf6_empty_c_69_d_md lf6_empty_c_70_d_md lf6_empty_c_71_d_md lf6_t_empty_c_71_d_md lf6_t_empty_c_72_d_md lf6_t_empty_c_73_d_md lf6_t_empty_c_74_d_md lf6_empty_c_67_d_pd lf6_empty_c_68_d_pd lf6_empty_c_69_d_pd lf6_empty_c_70_d_pd lf6_empty_c_71_d_pd lf6_t_empty_c_71_d_pd lf6_t_empty_c_72_d_pd lf6_t_empty_c_73_d_pd lf6_t_empty_c_74_d_pd lf6_empty_c_67_d_low lf6_empty_c_68_d_low lf6_empty_c_69_d_low lf6_empty_c_70_d_low lf6_empty_c_71_d_low lf6_t_empty_c_71_d_low lf6_t_empty_c_72_d_low lf6_t_empty_c_73_d_low lf6_t_empty_c_74_d_low lf6_empty_c_67_d_random lf6_empty_c_68_d_random lf6_empty_c_69_d_random lf6_empty_c_70_d_random lf6_empty_c_71_d_random lf6_tauric_c_67_d_str lf6_tauric_c_68_d_str lf6_tauric_c_69_d_str lf6_tauric_c_70_d_str lf6_tauric_c_71_d_str lf6_t_tauric_c_71_d_str lf6_t_tauric_c_72_d_str lf6_t_tauric_c_73_d_str lf6_t_tauric_c_74_d_str lf6_tauric_c_67_d_str_geno lf6_tauric_c_68_d_str_geno lf6_tauric_c_69_d_str_geno lf6_tauric_c_70_d_str_geno lf6_tauric_c_71_d_str_geno lf6_tauric_c_67_d_md lf6_tauric_c_68_d_md lf6_tauric_c_69_d_md lf6_tauric_c_70_d_md lf6_tauric_c_71_d_md lf6_t_tauric_c_71_d_md lf6_t_tauric_c_72_d_md lf6_t_tauric_c_73_d_md lf6_t_tauric_c_74_d_md lf6_tauric_c_67_d_pd lf6_tauric_c_68_d_pd lf6_tauric_c_69_d_pd lf6_tauric_c_70_d_pd lf6_tauric_c_71_d_pd lf6_t_tauric_c_71_d_pd lf6_t_tauric_c_72_d_pd lf6_t_tauric_c_73_d_pd lf6_t_tauric_c_74_d_pd lf6_tauric_c_67_d_low lf6_tauric_c_68_d_low lf6_tauric_c_69_d_low lf6_tauric_c_70_d_low lf6_tauric_c_71_d_low lf6_t_tauric_c_71_d_low lf6_t_tauric_c_72_d_low lf6_t_tauric_c_73_d_low lf6_t_tauric_c_74_d_low lf6_tauric_c_67_d_random lf6_tauric_c_68_d_random lf6_tauric_c_69_d_random lf6_tauric_c_70_d_random lf6_tauric_c_71_d_random
25514,Progress(SECTION_0==0; SECTION_1<10),0,1,10,simpleQuest,1,df6_fobj_dry_heart_q25514a
25515,Progress(SECTION_0==0; SECTION_1<30),0,1,30,simpleQuest,13,df6_d_varanus_68_n df6_d_varanus_69_n df6_t_d_varanus_72_n df6_t_d_varanus_73_n df6_t_d_varanus_74_n df6_d_scorpion_68_an df6_d_scorpion_69_an df6_t_d_scorpion_72_an df6_t_d_scorpion_73_an df6_t_d_scorpion_74_an df6_d_neutfly_68_n df6_d_neutfly_69_n df6_t_d_neutfly_72_n df6_t_d_neutfly_73_n df6_t_d_neutfly_74_n df6_d_tog_68_an df6_d_tog_69_an df6_t_d_tog_72_an df6_t_d_tog_73_an df6_t_d_tog_74_an df6_d_flowerworm_68_an df6_d_flowerworm_69_an df6_t_d_flowerworm_72_an df6_t_d_flowerworm_73_an df6_t_d_flowerworm_74_an df6_d_calydon_fi_68_an df6_d_calydon_fi_69_an df6_d_calydon_fi_70_an df6_d_calydon_fi_71_an df6_d_calydon_fi_72_an df6_d_calydon_fi_73_an df6_t_d_calydon_fi_74_an df6_t_d_calydon_fi_75_an df6_t_d_calydon_fi_76_an df6_t_d_calydon_fi_77_an df6_t_d_dance_calydon_fi_74_an df6_t_d_dance_calydon_fi_75_an df6_t_d_dance_calydon_fi_76_an df6_t_d_dance_calydon_fi_77_an df6_d_calydon_as_68_an df6_d_calydon_as_69_an df6_d_calydon_as_70_an df6_d_calydon_as_71_an df6_d_calydon_as_72_an df6_d_calydon_as_73_an df6_t_d_calydon_as_74_an df6_t_d_calydon_as_75_an df6_t_d_calydon_as_76_an df6_t_d_calydon_as_77_an df6_t_d_sleeping_calydon_as_74_an df6_t_d_sleeping_calydon_as_75_an df6_t_d_sleeping_calydon_as_76_an df6_t_d_sleeping_calydon_as_77_an df6_d_calydon_wi_68_an df6_d_calydon_wi_69_an df6_d_calydon_wi_70_an df6_d_calydon_wi_71_an df6_d_calydon_wi_72_an df6_d_calydon_wi_73_an df6_t_d_calydon_wi_74_an df6_t_d_calydon_wi_75_an df6_t_d_calydon_wi_76_an df6_t_d_calydon_wi_77_an df6_t_d_talk_calydon_wi_74_an df6_t_d_talk_calydon_wi_75_an df6_t_d_talk_calydon_wi_76_an df6_t_d_talk_calydon_wi_77_an df6_d_calydon_pr_68_an df6_d_calydon_pr_69_an df6_d_calydon_pr_70_an df6_d_calydon_pr_71_an df6_d_calydon_pr_72_an df6_d_calydon_pr_73_an df6_t_d_calydon_pr_74_an df6_t_d_calydon_pr_75_an df6_t_d_calydon_pr_76_an df6_t_d_calydon_pr_77_an df6_t_d_talk_calydon_pr_74_an df6_t_d_talk_calydon_pr_75_an df6_t_d_talk_calydon_pr_76_an df6_t_d_talk_calydon_pr_77_an df6_d_calydon_fi_str_68_an df6_d_calydon_fi_str_69_an df6_d_calydon_fi_str_70_an df6_d_calydon_fi_str_71_an df6_d_calydon_fi_str_72_an df6_d_calydon_fi_str_73_an df6_d_calydon_fi_str_geno_68_an df6_d_calydon_fi_str_geno_69_an df6_d_calydon_fi_str_geno_70_an df6_d_calydon_fi_str_geno_71_an df6_d_calydon_fi_str_geno_72_an df6_d_calydon_fi_str_geno_73_an df6_d_calydon_fi_md_68_an df6_d_calydon_fi_md_69_an df6_d_calydon_fi_md_70_an df6_d_calydon_fi_md_71_an df6_d_calydon_fi_md_72_an df6_d_calydon_fi_md_73_an df6_d_calydon_fi_pd_68_an df6_d_calydon_fi_pd_69_an df6_d_calydon_fi_pd_70_an df6_d_calydon_fi_pd_71_an df6_d_calydon_fi_pd_72_an df6_d_calydon_fi_pd_73_an df6_d_calydon_fi_low_68_an df6_d_calydon_fi_low_69_an df6_d_calydon_fi_low_70_an df6_d_calydon_fi_low_71_an df6_d_calydon_fi_low_72_an df6_d_calydon_fi_low_73_an df6_d_calydon_fi_random_68_an df6_d_calydon_fi_random_69_an df6_d_calydon_fi_random_70_an df6_d_calydon_fi_random_71_an df6_d_calydon_fi_random_72_an df6_d_calydon_fi_random_73_an df6_t_d_calydon_fi_str_74_an df6_t_d_calydon_fi_str_75_an df6_t_d_calydon_fi_str_76_an df6_t_d_calydon_fi_str_77_an df6_t_d_calydon_fi_md_74_an df6_t_d_calydon_fi_md_75_an df6_t_d_calydon_fi_md_76_an df6_t_d_calydon_fi_md_77_an df6_t_d_calydon_fi_pd_74_an df6_t_d_calydon_fi_pd_75_an df6_t_d_calydon_fi_pd_76_an df6_t_d_calydon_fi_pd_77_an df6_t_d_calydon_fi_low_74_an df6_t_d_calydon_fi_low_75_an df6_t_d_calydon_fi_low_76_an df6_t_d_calydon_fi_low_77_an df6_t_d_dance_calydon_fi_str_74_an df6_t_d_dance_calydon_fi_str_75_an df6_t_d_dance_calydon_fi_str_76_an df6_t_d_dance_calydon_fi_str_77_an df6_t_d_dance_calydon_fi_md_74_an df6_t_d_dance_calydon_fi_md_75_an df6_t_d_dance_calydon_fi_md_76_an df6_t_d_dance_calydon_fi_md_77_an df6_t_d_dance_calydon_fi_pd_74_an df6_t_d_dance_calydon_fi_pd_75_an df6_t_d_dance_calydon_fi_pd_76_an df6_t_d_dance_calydon_fi_pd_77_an df6_t_d_dance_calydon_fi_low_74_an df6_t_d_dance_calydon_fi_low_75_an df6_t_d_dance_calydon_fi_low_76_an df6_t_d_dance_calydon_fi_low_77_an df6_d_calydon_as_str_68_an df6_d_calydon_as_str_69_an df6_d_calydon_as_str_70_an df6_d_calydon_as_str_71_an df6_d_calydon_as_str_72_an df6_d_calydon_as_str_73_an df6_d_calydon_as_str_geno_68_an df6_d_calydon_as_str_geno_69_an df6_d_calydon_as_str_geno_70_an df6_d_calydon_as_str_geno_71_an df6_d_calydon_as_str_geno_72_an df6_d_calydon_as_str_geno_73_an df6_d_calydon_as_md_68_an df6_d_calydon_as_md_69_an df6_d_calydon_as_md_70_an df6_d_calydon_as_md_71_an df6_d_calydon_as_md_72_an df6_d_calydon_as_md_73_an df6_d_calydon_as_pd_68_an df6_d_calydon_as_pd_69_an df6_d_calydon_as_pd_70_an df6_d_calydon_as_pd_71_an df6_d_calydon_as_pd_72_an df6_d_calydon_as_pd_73_an df6_d_calydon_as_low_68_an df6_d_calydon_as_low_69_an df6_d_calydon_as_low_70_an df6_d_calydon_as_low_71_an df6_d_calydon_as_low_72_an df6_d_calydon_as_low_73_an df6_d_calydon_as_random_68_an df6_d_calydon_as_random_69_an df6_d_calydon_as_random_70_an df6_d_calydon_as_random_71_an df6_d_calydon_as_random_72_an df6_d_calydon_as_random_73_an df6_t_d_calydon_as_str_74_an df6_t_d_calydon_as_str_75_an df6_t_d_calydon_as_str_76_an df6_t_d_calydon_as_str_77_an df6_t_d_calydon_as_md_74_an df6_t_d_calydon_as_md_75_an df6_t_d_calydon_as_md_76_an df6_t_d_calydon_as_md_77_an df6_t_d_calydon_as_pd_74_an df6_t_d_calydon_as_pd_75_an df6_t_d_calydon_as_pd_76_an df6_t_d_calydon_as_pd_77_an df6_t_d_calydon_as_low_74_an df6_t_d_calydon_as_low_75_an df6_t_d_calydon_as_low_76_an df6_t_d_calydon_as_low_77_an df6_t_d_sleeping_calydon_as_str_74_an df6_t_d_sleeping_calydon_as_str_75_an df6_t_d_sleeping_calydon_as_str_76_an df6_t_d_sleeping_calydon_as_str_77_an df6_t_d_sleeping_calydon_as_md_74_an df6_t_d_sleeping_calydon_as_md_75_an df6_t_d_sleeping_calydon_as_md_76_an df6_t_d_sleeping_calydon_as_md_77_an df6_t_d_sleeping_calydon_as_pd_74_an df6_t_d_sleeping_calydon_as_pd_75_an df6_t_d_sleeping_calydon_as_pd_76_an df6_t_d_sleeping_calydon_as_pd_77_an df6_t_d_sleeping_calydon_as_low_74_an df6_t_d_sleeping_calydon_as_low_75_an df6_t_d_sleeping_calydon_as_low_76_an df6_t_d_sleeping_calydon_as_low_77_an df6_d_calydon_wi_str_68_an df6_d_calydon_wi_str_69_an df6_d_calydon_wi_str_70_an df6_d_calydon_wi_str_71_an df6_d_calydon_wi_str_72_an df6_d_calydon_wi_str_73_an df6_d_calydon_wi_str_geno_68_an df6_d_calydon_wi_str_geno_69_an df6_d_calydon_wi_str_geno_70_an df6_d_calydon_wi_str_geno_71_an df6_d_calydon_wi_str_geno_72_an df6_d_calydon_wi_str_geno_73_an df6_d_calydon_wi_md_68_an df6_d_calydon_wi_md_69_an df6_d_calydon_wi_md_70_an df6_d_calydon_wi_md_71_an df6_d_calydon_wi_md_72_an df6_d_calydon_wi_md_73_an df6_d_calydon_wi_pd_68_an df6_d_calydon_wi_pd_69_an df6_d_calydon_wi_pd_70_an df6_d_calydon_wi_pd_71_an df6_d_calydon_wi_pd_72_an df6_d_calydon_wi_pd_73_an df6_d_calydon_wi_low_68_an df6_d_calydon_wi_low_69_an df6_d_calydon_wi_low_70_an df6_d_calydon_wi_low_71_an df6_d_calydon_wi_low_72_an df6_d_calydon_wi_low_73_an df6_d_calydon_wi_random_68_an df6_d_calydon_wi_random_69_an df6_d_calydon_wi_random_70_an df6_d_calydon_wi_random_71_an df6_d_calydon_wi_random_72_an df6_d_calydon_wi_random_73_an df6_t_d_calydon_wi_str_74_an df6_t_d_calydon_wi_str_75_an df6_t_d_calydon_wi_str_76_an df6_t_d_calydon_wi_str_77_an df6_t_d_calydon_wi_md_74_an df6_t_d_calydon_wi_md_75_an df6_t_d_calydon_wi_md_76_an df6_t_d_calydon_wi_md_77_an df6_t_d_calydon_wi_pd_74_an df6_t_d_calydon_wi_pd_75_an df6_t_d_calydon_wi_pd_76_an df6_t_d_calydon_wi_pd_77_an df6_t_d_calydon_wi_low_74_an df6_t_d_calydon_wi_low_75_an df6_t_d_calydon_wi_low_76_an df6_t_d_calydon_wi_low_77_an df6_t_d_talk_calydon_wi_str_74_an df6_t_d_talk_calydon_wi_str_75_an df6_t_d_talk_calydon_wi_str_76_an df6_t_d_talk_calydon_wi_str_77_an df6_t_d_talk_calydon_wi_md_74_an df6_t_d_talk_calydon_wi_md_75_an df6_t_d_talk_calydon_wi_md_76_an df6_t_d_talk_calydon_wi_md_77_an df6_t_d_talk_calydon_wi_pd_74_an df6_t_d_talk_calydon_wi_pd_75_an df6_t_d_talk_calydon_wi_pd_76_an df6_t_d_talk_calydon_wi_pd_77_an df6_t_d_talk_calydon_wi_low_74_an df6_t_d_talk_calydon_wi_low_75_an df6_t_d_talk_calydon_wi_low_76_an df6_t_d_talk_calydon_wi_low_77_an df6_d_calydon_pr_str_68_an df6_d_calydon_pr_str_69_an df6_d_calydon_pr_str_70_an df6_d_calydon_pr_str_71_an df6_d_calydon_pr_str_72_an df6_d_calydon_pr_str_73_an df6_d_calydon_pr_str_geno_68_an df6_d_calydon_pr_str_geno_69_an df6_d_calydon_pr_str_geno_70_an df6_d_calydon_pr_str_geno_71_an df6_d_calydon_pr_str_geno_72_an df6_d_calydon_pr_str_geno_73_an df6_d_calydon_pr_md_68_an df6_d_calydon_pr_md_69_an df6_d_calydon_pr_md_70_an df6_d_calydon_pr_md_71_an df6_d_calydon_pr_md_72_an df6_d_calydon_pr_md_73_an df6_d_calydon_pr_pd_68_an df6_d_calydon_pr_pd_69_an df6_d_calydon_pr_pd_70_an df6_d_calydon_pr_pd_71_an df6_d_calydon_pr_pd_72_an df6_d_calydon_pr_pd_73_an df6_d_calydon_pr_low_68_an df6_d_calydon_pr_low_69_an df6_d_calydon_pr_low_70_an df6_d_calydon_pr_low_71_an df6_d_calydon_pr_low_72_an df6_d_calydon_pr_low_73_an df6_d_calydon_pr_random_68_an df6_d_calydon_pr_random_69_an df6_d_calydon_pr_random_70_an df6_d_calydon_pr_random_71_an df6_d_calydon_pr_random_72_an df6_d_calydon_pr_random_73_an df6_t_d_calydon_pr_str_74_an df6_t_d_calydon_pr_str_75_an df6_t_d_calydon_pr_str_76_an df6_t_d_calydon_pr_str_77_an df6_t_d_calydon_pr_md_74_an df6_t_d_calydon_pr_md_75_an df6_t_d_calydon_pr_md_76_an df6_t_d_calydon_pr_md_77_an df6_t_d_calydon_pr_pd_74_an df6_t_d_calydon_pr_pd_75_an df6_t_d_calydon_pr_pd_76_an df6_t_d_calydon_pr_pd_77_an df6_t_d_calydon_pr_low_74_an df6_t_d_calydon_pr_low_75_an df6_t_d_calydon_pr_low_76_an df6_t_d_calydon_pr_low_77_an df6_t_d_talk_calydon_pr_str_74_an df6_t_d_talk_calydon_pr_str_75_an df6_t_d_talk_calydon_pr_str_76_an df6_t_d_talk_calydon_pr_str_77_an df6_t_d_talk_calydon_pr_md_74_an df6_t_d_talk_calydon_pr_md_75_an df6_t_d_talk_calydon_pr_md_76_an df6_t_d_talk_calydon_pr_md_77_an df6_t_d_talk_calydon_pr_pd_74_an df6_t_d_talk_calydon_pr_pd_75_an df6_t_d_talk_calydon_pr_pd_76_an df6_t_d_talk_calydon_pr_pd_77_an df6_t_d_talk_calydon_pr_low_74_an df6_t_d_talk_calydon_pr_low_75_an df6_t_d_talk_calydon_pr_low_76_an df6_t_d_talk_calydon_pr_low_77_an
25516,Progress(SECTION_0==0; SECTION_1<30),0,1,30,simpleQuest,12,lf6_vampire_d_68_n lf6_vampire_d_69_n lf6_t_vampire_d_72_n lf6_t_vampire_d_73_n lf6_t_vampire_d_74_n lf6_mudthorn_d_68_n lf6_mudthorn_d_67_n lf6_t_mudthorn_d_72_n lf6_t_mudthorn_d_73_n lf6_t_mudthorn_d_74_n lf6_zaif_d_68_n lf6_zaif_d_69_n lf6_t_zaif_d_72_n lf6_t_zaif_d_73_n lf6_t_zaif_d_74_n lf6_d_flowerworm_68_an lf6_d_flowerworm_69_an lf6_t_d_flowerworm_72_an lf6_t_d_flowerworm_73_an lf6_t_d_flowerworm_74_an lf6_owllau_fi_d_68_d lf6_owllau_fi_d_69_d lf6_owllau_fi_d_70_d lf6_owllau_fi_d_71_d lf6_owllau_fi_d_72_d lf6_owllau_fi_d_73_d lf6_t_owllau_fi_d_74_d lf6_t_owllau_fi_d_75_d lf6_t_owllau_fi_d_76_d lf6_t_owllau_fi_d_77_d lf6_t_talk_owllau_fi_d_74_d lf6_t_talk_owllau_fi_d_75_d lf6_t_talk_owllau_fi_d_76_d lf6_t_talk_owllau_fi_d_77_d lf6_t_sleep_owllau_fi_d_74_d lf6_t_sleep_owllau_fi_d_75_d lf6_t_sleep_owllau_fi_d_76_d lf6_t_sleep_owllau_fi_d_77_d lf6_owllau_as_d_68_d lf6_owllau_as_d_69_d lf6_owllau_as_d_70_d lf6_owllau_as_d_71_d lf6_owllau_as_d_72_d lf6_owllau_as_d_73_d lf6_t_owllau_as_d_74_d lf6_t_owllau_as_d_75_d lf6_t_owllau_as_d_76_d lf6_t_owllau_as_d_77_d lf6_t_talk_owllau_as_d_74_d lf6_t_talk_owllau_as_d_75_d lf6_t_talk_owllau_as_d_76_d lf6_t_talk_owllau_as_d_77_d lf6_t_sleep_owllau_as_d_74_d lf6_t_sleep_owllau_as_d_75_d lf6_t_sleep_owllau_as_d_76_d lf6_t_sleep_owllau_as_d_77_d lf6_owllau_wi_d_68_d lf6_owllau_wi_d_69_d lf6_owllau_wi_d_70_d lf6_owllau_wi_d_71_d lf6_owllau_wi_d_72_d lf6_owllau_wi_d_73_d lf6_t_owllau_wi_d_74_d lf6_t_owllau_wi_d_75_d lf6_t_owllau_wi_d_76_d lf6_t_owllau_wi_d_77_d lf6_t_talk_owllau_wi_d_74_d lf6_t_talk_owllau_wi_d_75_d lf6_t_talk_owllau_wi_d_76_d lf6_t_talk_owllau_wi_d_77_d lf6_t_sleep_owllau_wi_d_74_d lf6_t_sleep_owllau_wi_d_75_d lf6_t_sleep_owllau_wi_d_76_d lf6_t_sleep_owllau_wi_d_77_d lf6_owllau_pr_d_68_d lf6_owllau_pr_d_69_d lf6_owllau_pr_d_70_d lf6_owllau_pr_d_71_d lf6_owllau_pr_d_72_d lf6_owllau_pr_d_73_d lf6_t_owllau_pr_d_74_d lf6_t_owllau_pr_d_75_d lf6_t_owllau_pr_d_76_d lf6_t_owllau_pr_d_77_d lf6_t_talk_owllau_pr_d_74_d lf6_t_talk_owllau_pr_d_75_d lf6_t_talk_owllau_pr_d_76_d lf6_t_talk_owllau_pr_d_77_d lf6_t_sleep_owllau_pr_d_74_d lf6_t_sleep_owllau_pr_d_75_d lf6_t_sleep_owllau_pr_d_76_d lf6_t_sleep_owllau_pr_d_77_d lf6_owllau_fi_d_68_d_str lf6_owllau_fi_d_69_d_str lf6_owllau_fi_d_70_d_str lf6_owllau_fi_d_71_d_str lf6_owllau_fi_d_72_d_str lf6_owllau_fi_d_73_d_str lf6_owllau_fi_d_68_d_str_geno lf6_owllau_fi_d_69_d_str_geno lf6_owllau_fi_d_70_d_str_geno lf6_owllau_fi_d_71_d_str_geno lf6_owllau_fi_d_72_d_str_geno lf6_owllau_fi_d_73_d_str_geno lf6_owllau_fi_d_68_d_md lf6_owllau_fi_d_69_d_md lf6_owllau_fi_d_70_d_md lf6_owllau_fi_d_71_d_md lf6_owllau_fi_d_72_d_md lf6_owllau_fi_d_73_d_md lf6_owllau_fi_d_68_d_pd lf6_owllau_fi_d_69_d_pd lf6_owllau_fi_d_70_d_pd lf6_owllau_fi_d_71_d_pd lf6_owllau_fi_d_72_d_pd lf6_owllau_fi_d_73_d_pd lf6_owllau_fi_d_68_d_low lf6_owllau_fi_d_69_d_low lf6_owllau_fi_d_70_d_low lf6_owllau_fi_d_71_d_low lf6_owllau_fi_d_72_d_low lf6_owllau_fi_d_73_d_low lf6_owllau_fi_d_68_d_random lf6_owllau_fi_d_69_d_random lf6_owllau_fi_d_70_d_random lf6_owllau_fi_d_71_d_random lf6_owllau_fi_d_72_d_random lf6_owllau_fi_d_73_d_random lf6_t_owllau_fi_d_74_d_str lf6_t_owllau_fi_d_75_d_str lf6_t_owllau_fi_d_76_d_str lf6_t_owllau_fi_d_77_d_str lf6_t_owllau_fi_d_74_d_md lf6_t_owllau_fi_d_75_d_md lf6_t_owllau_fi_d_76_d_md lf6_t_owllau_fi_d_77_d_md lf6_t_owllau_fi_d_74_d_pd lf6_t_owllau_fi_d_75_d_pd lf6_t_owllau_fi_d_76_d_pd lf6_t_owllau_fi_d_77_d_pd lf6_t_owllau_fi_d_74_d_low lf6_t_owllau_fi_d_75_d_low lf6_t_owllau_fi_d_76_d_low lf6_t_owllau_fi_d_77_d_low lf6_t_talk_owllau_fi_d_74_d_str lf6_t_talk_owllau_fi_d_75_d_str lf6_t_talk_owllau_fi_d_76_d_str lf6_t_talk_owllau_fi_d_77_d_str lf6_t_talk_owllau_fi_d_74_d_md lf6_t_talk_owllau_fi_d_75_d_md lf6_t_talk_owllau_fi_d_76_d_md lf6_t_talk_owllau_fi_d_77_d_md lf6_t_talk_owllau_fi_d_74_d_pd lf6_t_talk_owllau_fi_d_75_d_pd lf6_t_talk_owllau_fi_d_76_d_pd lf6_t_talk_owllau_fi_d_77_d_pd lf6_t_talk_owllau_fi_d_74_d_low lf6_t_talk_owllau_fi_d_75_d_low lf6_t_talk_owllau_fi_d_76_d_low lf6_t_talk_owllau_fi_d_77_d_low lf6_t_sleep_owllau_fi_d_74_d_str lf6_t_sleep_owllau_fi_d_75_d_str lf6_t_sleep_owllau_fi_d_76_d_str lf6_t_sleep_owllau_fi_d_77_d_str lf6_t_sleep_owllau_fi_d_74_d_md lf6_t_sleep_owllau_fi_d_75_d_md lf6_t_sleep_owllau_fi_d_76_d_md lf6_t_sleep_owllau_fi_d_77_d_md lf6_t_sleep_owllau_fi_d_74_d_pd lf6_t_sleep_owllau_fi_d_75_d_pd lf6_t_sleep_owllau_fi_d_76_d_pd lf6_t_sleep_owllau_fi_d_77_d_pd lf6_t_sleep_owllau_fi_d_74_d_low lf6_t_sleep_owllau_fi_d_75_d_low lf6_t_sleep_owllau_fi_d_76_d_low lf6_t_sleep_owllau_fi_d_77_d_low lf6_owllau_as_d_68_d_str lf6_owllau_as_d_69_d_str lf6_owllau_as_d_70_d_str lf6_owllau_as_d_71_d_str lf6_owllau_as_d_72_d_str lf6_owllau_as_d_73_d_str lf6_owllau_as_d_68_d_str_geno lf6_owllau_as_d_69_d_str_geno lf6_owllau_as_d_70_d_str_geno lf6_owllau_as_d_71_d_str_geno lf6_owllau_as_d_72_d_str_geno lf6_owllau_as_d_73_d_str_geno lf6_owllau_as_d_68_d_md lf6_owllau_as_d_69_d_md lf6_owllau_as_d_70_d_md lf6_owllau_as_d_71_d_md lf6_owllau_as_d_72_d_md lf6_owllau_as_d_73_d_md lf6_owllau_as_d_68_d_pd lf6_owllau_as_d_69_d_pd lf6_owllau_as_d_70_d_pd lf6_owllau_as_d_71_d_pd lf6_owllau_as_d_72_d_pd lf6_owllau_as_d_73_d_pd lf6_owllau_as_d_68_d_low lf6_owllau_as_d_69_d_low lf6_owllau_as_d_70_d_low lf6_owllau_as_d_71_d_low lf6_owllau_as_d_72_d_low lf6_owllau_as_d_73_d_low lf6_owllau_as_d_68_d_random lf6_owllau_as_d_69_d_random lf6_owllau_as_d_70_d_random lf6_owllau_as_d_71_d_random lf6_owllau_as_d_72_d_random lf6_owllau_as_d_73_d_random lf6_t_owllau_as_d_74_d_str lf6_t_owllau_as_d_75_d_str lf6_t_owllau_as_d_76_d_str lf6_t_owllau_as_d_77_d_str lf6_t_owllau_as_d_74_d_md lf6_t_owllau_as_d_75_d_md lf6_t_owllau_as_d_76_d_md lf6_t_owllau_as_d_77_d_md lf6_t_owllau_as_d_74_d_pd lf6_t_owllau_as_d_75_d_pd lf6_t_owllau_as_d_76_d_pd lf6_t_owllau_as_d_77_d_pd lf6_t_owllau_as_d_74_d_low lf6_t_owllau_as_d_75_d_low lf6_t_owllau_as_d_76_d_low lf6_t_owllau_as_d_77_d_low lf6_t_talk_owllau_as_d_74_d_str lf6_t_talk_owllau_as_d_75_d_str lf6_t_talk_owllau_as_d_76_d_str lf6_t_talk_owllau_as_d_77_d_str lf6_t_talk_owllau_as_d_74_d_md lf6_t_talk_owllau_as_d_75_d_md lf6_t_talk_owllau_as_d_76_d_md lf6_t_talk_owllau_as_d_77_d_md lf6_t_talk_owllau_as_d_74_d_pd lf6_t_talk_owllau_as_d_75_d_pd lf6_t_talk_owllau_as_d_76_d_pd lf6_t_talk_owllau_as_d_77_d_pd lf6_t_talk_owllau_as_d_74_d_low lf6_t_talk_owllau_as_d_75_d_low lf6_t_talk_owllau_as_d_76_d_low lf6_t_talk_owllau_as_d_77_d_low lf6_t_sleep_owllau_as_d_74_d_str lf6_t_sleep_owllau_as_d_75_d_str lf6_t_sleep_owllau_as_d_76_d_str lf6_t_sleep_owllau_as_d_77_d_str lf6_t_sleep_owllau_as_d_74_d_md lf6_t_sleep_owllau_as_d_75_d_md lf6_t_sleep_owllau_as_d_76_d_md lf6_t_sleep_owllau_as_d_77_d_md lf6_t_sleep_owllau_as_d_74_d_pd lf6_t_sleep_owllau_as_d_75_d_pd lf6_t_sleep_owllau_as_d_76_d_pd lf6_t_sleep_owllau_as_d_77_d_pd lf6_t_sleep_owllau_as_d_74_d_low lf6_t_sleep_owllau_as_d_75_d_low lf6_t_sleep_owllau_as_d_76_d_low lf6_t_sleep_owllau_as_d_77_d_low lf6_owllau_wi_d_68_d_str lf6_owllau_wi_d_69_d_str lf6_owllau_wi_d_70_d_str lf6_owllau_wi_d_71_d_str lf6_owllau_wi_d_72_d_str lf6_owllau_wi_d_73_d_str lf6_owllau_wi_d_68_d_str_geno lf6_owllau_wi_d_69_d_str_geno lf6_owllau_wi_d_70_d_str_geno lf6_owllau_wi_d_71_d_str_geno lf6_owllau_wi_d_72_d_str_geno lf6_owllau_wi_d_73_d_str_geno lf6_owllau_wi_d_68_d_md lf6_owllau_wi_d_69_d_md lf6_owllau_wi_d_70_d_md lf6_owllau_wi_d_71_d_md lf6_owllau_wi_d_72_d_md lf6_owllau_wi_d_73_d_md lf6_owllau_wi_d_68_d_pd lf6_owllau_wi_d_69_d_pd lf6_owllau_wi_d_70_d_pd lf6_owllau_wi_d_71_d_pd lf6_owllau_wi_d_72_d_pd lf6_owllau_wi_d_73_d_pd lf6_owllau_wi_d_68_d_low lf6_owllau_wi_d_69_d_low lf6_owllau_wi_d_70_d_low lf6_owllau_wi_d_71_d_low lf6_owllau_wi_d_72_d_low lf6_owllau_wi_d_73_d_low lf6_owllau_wi_d_68_d_random lf6_owllau_wi_d_69_d_random lf6_owllau_wi_d_70_d_random lf6_owllau_wi_d_71_d_random lf6_owllau_wi_d_72_d_random lf6_owllau_wi_d_73_d_random lf6_t_owllau_wi_d_74_d_str lf6_t_owllau_wi_d_75_d_str lf6_t_owllau_wi_d_76_d_str lf6_t_owllau_wi_d_77_d_str lf6_t_owllau_wi_d_74_d_md lf6_t_owllau_wi_d_75_d_md lf6_t_owllau_wi_d_76_d_md lf6_t_owllau_wi_d_77_d_md lf6_t_owllau_wi_d_74_d_pd lf6_t_owllau_wi_d_75_d_pd lf6_t_owllau_wi_d_76_d_pd lf6_t_owllau_wi_d_77_d_pd lf6_t_owllau_wi_d_74_d_low lf6_t_owllau_wi_d_75_d_low lf6_t_owllau_wi_d_76_d_low lf6_t_owllau_wi_d_77_d_low lf6_t_talk_owllau_wi_d_74_d_str lf6_t_talk_owllau_wi_d_75_d_str lf6_t_talk_owllau_wi_d_76_d_str lf6_t_talk_owllau_wi_d_77_d_str lf6_t_talk_owllau_wi_d_74_d_md lf6_t_talk_owllau_wi_d_75_d_md lf6_t_talk_owllau_wi_d_76_d_md lf6_t_talk_owllau_wi_d_77_d_md lf6_t_talk_owllau_wi_d_74_d_pd lf6_t_talk_owllau_wi_d_75_d_pd lf6_t_talk_owllau_wi_d_76_d_pd lf6_t_talk_owllau_wi_d_77_d_pd lf6_t_talk_owllau_wi_d_74_d_low lf6_t_talk_owllau_wi_d_75_d_low lf6_t_talk_owllau_wi_d_76_d_low lf6_t_talk_owllau_wi_d_77_d_low lf6_t_sleep_owllau_wi_d_74_d_str lf6_t_sleep_owllau_wi_d_75_d_str lf6_t_sleep_owllau_wi_d_76_d_str lf6_t_sleep_owllau_wi_d_77_d_str lf6_t_sleep_owllau_wi_d_74_d_md lf6_t_sleep_owllau_wi_d_75_d_md lf6_t_sleep_owllau_wi_d_76_d_md lf6_t_sleep_owllau_wi_d_77_d_md lf6_t_sleep_owllau_wi_d_74_d_pd lf6_t_sleep_owllau_wi_d_75_d_pd lf6_t_sleep_owllau_wi_d_76_d_pd lf6_t_sleep_owllau_wi_d_77_d_pd lf6_t_sleep_owllau_wi_d_74_d_low lf6_t_sleep_owllau_wi_d_75_d_low lf6_t_sleep_owllau_wi_d_76_d_low lf6_t_sleep_owllau_wi_d_77_d_low lf6_owllau_pr_d_68_d_str lf6_owllau_pr_d_69_d_str lf6_owllau_pr_d_70_d_str lf6_owllau_pr_d_71_d_str lf6_owllau_pr_d_72_d_str lf6_owllau_pr_d_73_d_str lf6_owllau_pr_d_68_d_str_geno lf6_owllau_pr_d_69_d_str_geno lf6_owllau_pr_d_70_d_str_geno lf6_owllau_pr_d_71_d_str_geno lf6_owllau_pr_d_72_d_str_geno lf6_owllau_pr_d_73_d_str_geno lf6_owllau_pr_d_68_d_md lf6_owllau_pr_d_69_d_md lf6_owllau_pr_d_70_d_md lf6_owllau_pr_d_71_d_md lf6_owllau_pr_d_72_d_md lf6_owllau_pr_d_73_d_md lf6_owllau_pr_d_68_d_pd lf6_owllau_pr_d_69_d_pd lf6_owllau_pr_d_70_d_pd lf6_owllau_pr_d_71_d_pd lf6_owllau_pr_d_72_d_pd lf6_owllau_pr_d_73_d_pd lf6_owllau_pr_d_68_d_low lf6_owllau_pr_d_69_d_low lf6_owllau_pr_d_70_d_low lf6_owllau_pr_d_71_d_low lf6_owllau_pr_d_72_d_low lf6_owllau_pr_d_73_d_low lf6_owllau_pr_d_68_d_random lf6_owllau_pr_d_69_d_random lf6_owllau_pr_d_70_d_random lf6_owllau_pr_d_71_d_random lf6_owllau_pr_d_72_d_random lf6_owllau_pr_d_73_d_random lf6_t_owllau_pr_d_74_d_str lf6_t_owllau_pr_d_75_d_str lf6_t_owllau_pr_d_76_d_str lf6_t_owllau_pr_d_77_d_str lf6_t_owllau_pr_d_74_d_md lf6_t_owllau_pr_d_75_d_md lf6_t_owllau_pr_d_76_d_md lf6_t_owllau_pr_d_77_d_md lf6_t_owllau_pr_d_74_d_pd lf6_t_owllau_pr_d_75_d_pd lf6_t_owllau_pr_d_76_d_pd lf6_t_owllau_pr_d_77_d_pd lf6_t_owllau_pr_d_74_d_low lf6_t_owllau_pr_d_75_d_low lf6_t_owllau_pr_d_76_d_low lf6_t_owllau_pr_d_77_d_low lf6_t_talk_owllau_pr_d_74_d_str lf6_t_talk_owllau_pr_d_75_d_str lf6_t_talk_owllau_pr_d_76_d_str lf6_t_talk_owllau_pr_d_77_d_str lf6_t_talk_owllau_pr_d_74_d_md lf6_t_talk_owllau_pr_d_75_d_md lf6_t_talk_owllau_pr_d_76_d_md lf6_t_talk_owllau_pr_d_77_d_md lf6_t_talk_owllau_pr_d_74_d_pd lf6_t_talk_owllau_pr_d_75_d_pd lf6_t_talk_owllau_pr_d_76_d_pd lf6_t_talk_owllau_pr_d_77_d_pd lf6_t_talk_owllau_pr_d_74_d_low lf6_t_talk_owllau_pr_d_75_d_low lf6_t_talk_owllau_pr_d_76_d_low lf6_t_talk_owllau_pr_d_77_d_low lf6_t_sleep_owllau_pr_d_74_d_str lf6_t_sleep_owllau_pr_d_75_d_str lf6_t_sleep_owllau_pr_d_76_d_str lf6_t_sleep_owllau_pr_d_77_d_str lf6_t_sleep_owllau_pr_d_74_d_md lf6_t_sleep_owllau_pr_d_75_d_md lf6_t_sleep_owllau_pr_d_76_d_md lf6_t_sleep_owllau_pr_d_77_d_md lf6_t_sleep_owllau_pr_d_74_d_pd lf6_t_sleep_owllau_pr_d_75_d_pd lf6_t_sleep_owllau_pr_d_76_d_pd lf6_t_sleep_owllau_pr_d_77_d_pd lf6_t_sleep_owllau_pr_d_74_d_low lf6_t_sleep_owllau_pr_d_75_d_low lf6_t_sleep_owllau_pr_d_76_d_low lf6_t_sleep_owllau_pr_d_77_d_low
25518,Progress(SECTION_0==0; SECTION_1<30),0,1,30,simpleQuest,28,df6_e_locust_67_an df6_e_locust_68_an df6_t_e_locust_69_an df6_t_e_locust_70_an df6_t_e_locust_71_an df6_e_flowerworm_67_an df6_e_flowerworm_68_an df6_t_e_flowerworm_69_an df6_t_e_flowerworm_70_an df6_t_e_flowerworm_71_an df6_e_griffo_67_an df6_e_griffo_68_an df6_e_fanatic_wi_67_an df6_e_fanatic_wi_68_an df6_t_e_fanatic_wi_69_an df6_t_e_fanatic_wi_70_an df6_t_e_fanatic_wi_71_an df6_e_fanatic_el_67_an df6_e_fanatic_el_68_an df6_t_e_fanatic_el_69_an df6_t_e_fanatic_el_70_an df6_t_e_fanatic_el_71_an df6_e_spectre_67_an df6_e_spectre_68_an df6_t_e_spectre_69_an df6_t_e_spectre_70_an df6_t_e_spectre_71_an df6_e_mosbear_67_an df6_e_mosbear_68_an df6_e_mosbear_69_an df6_e_mosbear_70_an df6_e_mosbear_71_an df6_t_e_mosbear_71_an df6_t_e_mosbear_72_an df6_t_e_mosbear_73_an df6_t_e_mosbear_74_an df6_e_cyclops_67_n df6_e_cyclops_68_n df6_e_cyclops_69_n df6_e_cyclops_70_n df6_e_cyclops_71_n df6_e_cyclops_md_67_an df6_e_cyclops_md_68_an df6_e_cyclops_md_69_an df6_e_cyclops_md_70_an df6_e_cyclops_md_71_an df6_t_e_cyclops_71_n df6_t_e_cyclops_72_n df6_t_e_cyclops_73_n df6_t_e_cyclops_74_n df6_t_e_cyclops_md_71_an df6_t_e_cyclops_md_72_an df6_t_e_cyclops_md_73_an df6_t_e_cyclops_md_74_an df6_e_lepisma_67_n df6_e_lepisma_68_n df6_e_lepisma_69_n df6_e_lepisma_70_n df6_e_lepisma_71_n df6_t_e_lepisma_71_n df6_t_e_lepisma_72_n df6_t_e_lepisma_73_n df6_t_e_lepisma_74_n df6_e_mosbear_str_67_an df6_e_mosbear_str_68_an df6_e_mosbear_str_69_an df6_e_mosbear_str_70_an df6_e_mosbear_str_71_an df6_t_e_mosbear_str_71_an df6_t_e_mosbear_str_72_an df6_t_e_mosbear_str_73_an df6_t_e_mosbear_str_74_an df6_e_mosbear_str_geno_67_an df6_e_mosbear_str_geno_68_an df6_e_mosbear_str_geno_69_an df6_e_mosbear_str_geno_70_an df6_e_mosbear_str_geno_71_an df6_e_mosbear_md_67_an df6_e_mosbear_md_68_an df6_e_mosbear_md_69_an df6_e_mosbear_md_70_an df6_e_mosbear_md_71_an df6_t_e_mosbear_md_71_an df6_t_e_mosbear_md_72_an df6_t_e_mosbear_md_73_an df6_t_e_mosbear_md_74_an df6_e_mosbear_pd_67_an df6_e_mosbear_pd_68_an df6_e_mosbear_pd_69_an df6_e_mosbear_pd_70_an df6_e_mosbear_pd_71_an df6_t_e_mosbear_pd_71_an df6_t_e_mosbear_pd_72_an df6_t_e_mosbear_pd_73_an df6_t_e_mosbear_pd_74_an df6_e_mosbear_low_67_an df6_e_mosbear_low_68_an df6_e_mosbear_low_69_an df6_e_mosbear_low_70_an df6_e_mosbear_low_71_an df6_t_e_mosbear_low_71_an df6_t_e_mosbear_low_72_an df6_t_e_mosbear_low_73_an df6_t_e_mosbear_low_74_an df6_e_mosbear_random_67_an df6_e_mosbear_random_68_an df6_e_mosbear_random_69_an df6_e_mosbear_random_70_an df6_e_mosbear_random_71_an df6_e_cyclops_str_67_an df6_e_cyclops_str_68_an df6_e_cyclops_str_69_an df6_e_cyclops_str_70_an df6_e_cyclops_str_71_an df6_t_e_cyclops_str_71_an df6_t_e_cyclops_str_72_an df6_t_e_cyclops_str_73_an df6_t_e_cyclops_str_74_an df6_e_cyclops_str_geno_67_an df6_e_cyclops_str_geno_68_an df6_e_cyclops_str_geno_69_an df6_e_cyclops_str_geno_70_an df6_e_cyclops_str_geno_71_an df6_e_cyclops_pd_67_an df6_e_cyclops_pd_68_an df6_e_cyclops_pd_69_an df6_e_cyclops_pd_70_an df6_e_cyclops_pd_71_an df6_e_cyclops_low_67_an df6_e_cyclops_low_68_an df6_e_cyclops_low_69_an df6_e_cyclops_low_70_an df6_e_cyclops_low_71_an df6_t_e_cyclops_pd_71_an df6_t_e_cyclops_pd_72_an df6_t_e_cyclops_pd_73_an df6_t_e_cyclops_pd_74_an df6_t_e_cyclops_low_71_an df6_t_e_cyclops_low_72_an df6_t_e_cyclops_low_73_an df6_t_e_cyclops_low_74_an df6_e_cyclops_random_67_an df6_e_cyclops_random_68_an df6_e_cyclops_random_69_an df6_e_cyclops_random_70_an df6_e_cyclops_random_71_an df6_e_lepisma_str_67_an df6_e_lepisma_str_68_an df6_e_lepisma_str_69_an df6_e_lepisma_str_70_an df6_e_lepisma_str_71_an df6_t_e_lepisma_str_71_an df6_t_e_lepisma_str_72_an df6_t_e_lepisma_str_73_an df6_t_e_lepisma_str_74_an df6_e_lepisma_str_geno_67_an df6_e_lepisma_str_geno_68_an df6_e_lepisma_str_geno_69_an df6_e_lepisma_str_geno_70_an df6_e_lepisma_str_geno_71_an df6_e_lepisma_md_67_an df6_e_lepisma_md_68_an df6_e_lepisma_md_69_an df6_e_lepisma_md_70_an df6_e_lepisma_md_71_an df6_t_e_lepisma_md_71_an df6_t_e_lepisma_md_72_an df6_t_e_lepisma_md_73_an df6_t_e_lepisma_md_74_an df6_e_lepisma_pd_67_an df6_e_lepisma_pd_68_an df6_e_lepisma_pd_69_an df6_e_lepisma_pd_70_an df6_e_lepisma_pd_71_an df6_t_e_lepisma_pd_71_an df6_t_e_lepisma_pd_72_an df6_t_e_lepisma_pd_73_an df6_t_e_lepisma_pd_74_an df6_e_lepisma_low_67_an df6_e_lepisma_low_68_an df6_e_lepisma_low_69_an df6_e_lepisma_low_70_an df6_e_lepisma_low_71_an df6_t_e_lepisma_low_71_an df6_t_e_lepisma_low_72_an df6_t_e_lepisma_low_73_an df6_t_e_lepisma_low_74_an df6_e_lepisma_random_67_an df6_e_lepisma_random_68_an df6_e_lepisma_random_69_an df6_e_lepisma_random_70_an df6_e_lepisma_random_71_an df6_e_prison_undead_67_an df6_e_prison_undead_68_an df6_t_e_prison_undead_69_an df6_t_e_prison_undead_70_an df6_t_e_prison_undead_71_an
25519,Progress(SECTION_0==0; SECTION_1<30),0,1,30,simpleQuest,24,lf6_rottentree_e_67_n lf6_rottentree_e_68_n lf6_t_rottentree_e_69_n lf6_t_rottentree_e_70_n lf6_t_rottentree_e_71_n lf6_elementalwater4_e_67_n lf6_elementalwater4_e_68_n lf6_t_elementalwater4_e_69_n lf6_t_elementalwater4_e_70_n lf6_t_elementalwater4_e_71_n lf6_e_flowerworm_67_an lf6_e_flowerworm_68_an lf6_t_e_flowerworm_69_an lf6_t_e_flowerworm_70_an lf6_t_e_flowerworm_71_an lf6_stropoku_e_67_d lf6_stropoku_e_68_d lf6_stropoku_e_69_d lf6_stropoku_e_70_d lf6_stropoku_e_71_d lf6_t_stropoku_e_71_d lf6_t_stropoku_e_72_d lf6_t_stropoku_e_73_d lf6_t_stropoku_e_74_d lf6_zaif_e_67_d lf6_zaif_e_68_d lf6_zaif_e_69_d lf6_zaif_e_70_d lf6_zaif_e_71_d lf6_t_zaif_e_71_d lf6_t_zaif_e_72_d lf6_t_zaif_e_73_d lf6_t_zaif_e_74_d lf6_neuth_e_67_d lf6_neuth_e_68_d lf6_neuth_e_69_d lf6_neuth_e_70_d lf6_neuth_e_71_d lf6_t_neuth_e_71_d lf6_t_neuth_e_72_d lf6_t_neuth_e_73_d lf6_t_neuth_e_74_d lf6_stropoku_e_67_d_str lf6_stropoku_e_68_d_str lf6_stropoku_e_69_d_str lf6_stropoku_e_70_d_str lf6_stropoku_e_71_d_str lf6_t_stropoku_e_71_d_str lf6_t_stropoku_e_72_d_str lf6_t_stropoku_e_73_d_str lf6_t_stropoku_e_74_d_str lf6_stropoku_e_67_d_str_geno lf6_stropoku_e_68_d_str_geno lf6_stropoku_e_69_d_str_geno lf6_stropoku_e_70_d_str_geno lf6_stropoku_e_71_d_str_geno lf6_stropoku_e_67_d_md lf6_stropoku_e_68_d_md lf6_stropoku_e_69_d_md lf6_stropoku_e_70_d_md lf6_stropoku_e_71_d_md lf6_t_stropoku_e_71_d_md lf6_t_stropoku_e_72_d_md lf6_t_stropoku_e_73_d_md lf6_t_stropoku_e_74_d_md lf6_stropoku_e_67_d_pd lf6_stropoku_e_68_d_pd lf6_stropoku_e_69_d_pd lf6_stropoku_e_70_d_pd lf6_stropoku_e_71_d_pd lf6_t_stropoku_e_71_d_pd lf6_t_stropoku_e_72_d_pd lf6_t_stropoku_e_73_d_pd lf6_t_stropoku_e_74_d_pd lf6_stropoku_e_67_d_low lf6_stropoku_e_68_d_low lf6_stropoku_e_69_d_low lf6_stropoku_e_70_d_low lf6_stropoku_e_71_d_low lf6_t_stropoku_e_71_d_low lf6_t_stropoku_e_72_d_low lf6_t_stropoku_e_73_d_low lf6_t_stropoku_e_74_d_low lf6_stropoku_e_67_d_random lf6_stropoku_e_68_d_random lf6_stropoku_e_69_d_random lf6_stropoku_e_70_d_random lf6_stropoku_e_71_d_random lf6_zaif_e_67_d_str lf6_zaif_e_68_d_str lf6_zaif_e_69_d_str lf6_zaif_e_70_d_str lf6_zaif_e_71_d_str lf6_t_zaif_e_71_d_str lf6_t_zaif_e_72_d_str lf6_t_zaif_e_73_d_str lf6_t_zaif_e_74_d_str lf6_zaif_e_67_d_str_geno lf6_zaif_e_68_d_str_geno lf6_zaif_e_69_d_str_geno lf6_zaif_e_70_d_str_geno lf6_zaif_e_71_d_str_geno lf6_zaif_e_67_d_md lf6_zaif_e_68_d_md lf6_zaif_e_69_d_md lf6_zaif_e_70_d_md lf6_zaif_e_71_d_md lf6_t_zaif_e_71_d_md lf6_t_zaif_e_72_d_md lf6_t_zaif_e_73_d_md lf6_t_zaif_e_74_d_md lf6_zaif_e_67_d_pd lf6_zaif_e_68_d_pd lf6_zaif_e_69_d_pd lf6_zaif_e_70_d_pd lf6_zaif_e_71_d_pd lf6_t_zaif_e_71_d_pd lf6_t_zaif_e_72_d_pd lf6_t_zaif_e_73_d_pd lf6_t_zaif_e_74_d_pd lf6_zaif_e_67_d_low lf6_zaif_e_68_d_low lf6_zaif_e_69_d_low lf6_zaif_e_70_d_low lf6_zaif_e_71_d_low lf6_t_zaif_e_71_d_low lf6_t_zaif_e_72_d_low lf6_t_zaif_e_73_d_low lf6_t_zaif_e_74_d_low lf6_zaif_e_67_d_random lf6_zaif_e_68_d_random lf6_zaif_e_69_d_random lf6_zaif_e_70_d_random lf6_zaif_e_71_d_random lf6_neuth_e_67_d_str lf6_neuth_e_68_d_str lf6_neuth_e_69_d_str lf6_neuth_e_70_d_str lf6_neuth_e_71_d_str lf6_t_neuth_e_71_d_str lf6_t_neuth_e_72_d_str lf6_t_neuth_e_73_d_str lf6_t_neuth_e_74_d_str lf6_neuth_e_67_d_str_geno lf6_neuth_e_68_d_str_geno lf6_neuth_e_69_d_str_geno lf6_neuth_e_70_d_str_geno lf6_neuth_e_71_d_str_geno lf6_neuth_e_67_d_md lf6_neuth_e_68_d_md lf6_neuth_e_69_d_md lf6_neuth_e_70_d_md lf6_neuth_e_71_d_md lf6_t_neuth_e_71_d_md lf6_t_neuth_e_72_d_md lf6_t_neuth_e_73_d_md lf6_t_neuth_e_74_d_md lf6_neuth_e_67_d_pd lf6_neuth_e_68_d_pd lf6_neuth_e_69_d_pd lf6_neuth_e_70_d_pd lf6_neuth_e_71_d_pd lf6_t_neuth_e_71_d_pd lf6_t_neuth_e_72_d_pd lf6_t_neuth_e_73_d_pd lf6_t_neuth_e_74_d_pd lf6_neuth_e_67_d_low lf6_neuth_e_68_d_low lf6_neuth_e_69_d_low lf6_neuth_e_70_d_low lf6_neuth_e_71_d_low lf6_t_neuth_e_71_d_low lf6_t_neuth_e_72_d_low lf6_t_neuth_e_73_d_low lf6_t_neuth_e_74_d_low lf6_neuth_e_67_d_random lf6_neuth_e_68_d_random lf6_neuth_e_69_d_random lf6_neuth_e_70_d_random lf6_neuth_e_71_d_random
25520,Progress(SECTION_0==0; SECTION_1<10),0,1,10,simpleQuest,1,df6_fobj_float_stone_q25520a
25521,Progress(SECTION_0==0; SECTION_1<30),0,1,30,simpleQuest,25,df6_f1_flowerworm_68_an df6_f1_flowerworm_69_an df6_t_f1_flowerworm_72_an df6_t_f1_flowerworm_73_an df6_t_f1_flowerworm_74_an df6_f1_catos_68_an df6_f1_catos_69_an df6_t_f1_catos_72_an df6_t_f1_catos_73_an df6_t_f1_catos_74_an df6_f1_elementalwater4_68_n df6_f1_elementalwater4_69_n df6_t_f1_elementalwater4_72_n df6_t_f1_elementalwater4_73_n df6_t_f1_elementalwater4_74_n df6_f1_starturtle_68_an df6_f1_starturtle_69_an df6_t_f1_starturtle_72_an df6_t_f1_starturtle_73_an df6_t_f1_starturtle_74_an df6_f_brohumyoung_68_an df6_f_brohumyoung_69_an df6_f_brohumyoung_70_an df6_f_brohumyoung_71_an df6_f_brohumyoung_72_an df6_f_brohumyoung_73_an df6_t_f_brohumyoung_74_an df6_t_f_brohumyoung_75_an df6_t_f_brohumyoung_76_an df6_t_f_brohumyoung_77_an df6_f_elementalearth2_68_n df6_f_elementalearth2_69_n df6_f_elementalearth2_70_n df6_f_elementalearth2_71_n df6_f_elementalearth2_72_n df6_f_elementalearth2_73_n df6_t_f_elementalearth2_74_n df6_t_f_elementalearth2_75_n df6_t_f_elementalearth2_76_n df6_t_f_elementalearth2_77_n df6_f_manduri_68_an df6_f_manduri_69_an df6_f_manduri_70_an df6_f_manduri_71_an df6_f_manduri_72_an df6_f_manduri_73_an df6_t_f_manduri_74_an df6_t_f_manduri_75_an df6_t_f_manduri_76_an df6_t_f_manduri_77_an df6_f_brohumyoung_str_68_an df6_f_brohumyoung_str_69_an df6_f_brohumyoung_str_70_an df6_f_brohumyoung_str_71_an df6_f_brohumyoung_str_72_an df6_f_brohumyoung_str_73_an df6_t_f_brohumyoung_str_74_an df6_t_f_brohumyoung_str_75_an df6_t_f_brohumyoung_str_76_an df6_t_f_brohumyoung_str_77_an df6_f_brohumyoung_str_geno_68_an df6_f_brohumyoung_str_geno_69_an df6_f_brohumyoung_str_geno_70_an df6_f_brohumyoung_str_geno_71_an df6_f_brohumyoung_str_geno_72_an df6_f_brohumyoung_str_geno_73_an df6_f_brohumyoung_md_68_an df6_f_brohumyoung_md_69_an df6_f_brohumyoung_md_70_an df6_f_brohumyoung_md_71_an df6_f_brohumyoung_md_72_an df6_f_brohumyoung_md_73_an df6_t_f_brohumyoung_md_74_an df6_t_f_brohumyoung_md_75_an df6_t_f_brohumyoung_md_76_an df6_t_f_brohumyoung_md_77_an df6_f_brohumyoung_pd_68_an df6_f_brohumyoung_pd_69_an df6_f_brohumyoung_pd_70_an df6_f_brohumyoung_pd_71_an df6_f_brohumyoung_pd_72_an df6_f_brohumyoung_pd_73_an df6_t_f_brohumyoung_pd_74_an df6_t_f_brohumyoung_pd_75_an df6_t_f_brohumyoung_pd_76_an df6_t_f_brohumyoung_pd_77_an df6_f_brohumyoung_low_68_an df6_f_brohumyoung_low_69_an df6_f_brohumyoung_low_70_an df6_f_brohumyoung_low_71_an df6_f_brohumyoung_low_72_an df6_f_brohumyoung_low_73_an df6_t_f_brohumyoung_low_74_an df6_t_f_brohumyoung_low_75_an df6_t_f_brohumyoung_low_76_an df6_t_f_brohumyoung_low_77_an df6_f_brohumyoung_random_68_an df6_f_brohumyoung_random_69_an df6_f_brohumyoung_random_70_an df6_f_brohumyoung_random_71_an df6_f_brohumyoung_random_72_an df6_f_brohumyoung_random_73_an df6_f_elementalearth2_str_68_an df6_f_elementalearth2_str_69_an df6_f_elementalearth2_str_70_an df6_f_elementalearth2_str_71_an df6_f_elementalearth2_str_72_an df6_f_elementalearth2_str_73_an df6_t_f_elementalearth2_str_74_an df6_t_f_elementalearth2_str_75_an df6_t_f_elementalearth2_str_76_an df6_t_f_elementalearth2_str_77_an df6_f_elementalearth2_str_geno_68_an df6_f_elementalearth2_str_geno_69_an df6_f_elementalearth2_str_geno_70_an df6_f_elementalearth2_str_geno_71_an df6_f_elementalearth2_str_geno_72_an df6_f_elementalearth2_str_geno_73_an df6_f_elementalearth2_md_68_an df6_f_elementalearth2_md_69_an df6_f_elementalearth2_md_70_an df6_f_elementalearth2_md_71_an df6_f_elementalearth2_md_72_an df6_f_elementalearth2_md_73_an df6_t_f_elementalearth2_md_74_an df6_t_f_elementalearth2_md_75_an df6_t_f_elementalearth2_md_76_an df6_t_f_elementalearth2_md_77_an df6_f_elementalearth2_pd_68_an df6_f_elementalearth2_pd_69_an df6_f_elementalearth2_pd_70_an df6_f_elementalearth2_pd_71_an df6_f_elementalearth2_pd_72_an df6_f_elementalearth2_pd_73_an df6_t_f_elementalearth2_pd_74_an df6_t_f_elementalearth2_pd_75_an df6_t_f_elementalearth2_pd_76_an df6_t_f_elementalearth2_pd_77_an df6_f_elementalearth2_low_68_an df6_f_elementalearth2_low_69_an df6_f_elementalearth2_low_70_an df6_f_elementalearth2_low_71_an df6_f_elementalearth2_low_72_an df6_f_elementalearth2_low_73_an df6_t_f_elementalearth2_low_74_an df6_t_f_elementalearth2_low_75_an df6_t_f_elementalearth2_low_76_an df6_t_f_elementalearth2_low_77_an df6_f_elementalearth2_random_68_an df6_f_elementalearth2_random_69_an df6_f_elementalearth2_random_70_an df6_f_elementalearth2_random_71_an df6_f_elementalearth2_random_72_an df6_f_elementalearth2_random_73_an df6_f_manduri_str_68_an df6_f_manduri_str_69_an df6_f_manduri_str_70_an df6_f_manduri_str_71_an df6_f_manduri_str_72_an df6_f_manduri_str_73_an df6_t_f_manduri_str_74_an df6_t_f_manduri_str_75_an df6_t_f_manduri_str_76_an df6_t_f_manduri_str_77_an df6_f_manduri_str_geno_68_an df6_f_manduri_str_geno_69_an df6_f_manduri_str_geno_70_an df6_f_manduri_str_geno_71_an df6_f_manduri_str_geno_72_an df6_f_manduri_str_geno_73_an df6_f_manduri_md_68_an df6_f_manduri_md_69_an df6_f_manduri_md_70_an df6_f_manduri_md_71_an df6_f_manduri_md_72_an df6_f_manduri_md_73_an df6_t_f_manduri_md_74_an df6_t_f_manduri_md_75_an df6_t_f_manduri_md_76_an df6_t_f_manduri_md_77_an df6_f_manduri_pd_68_an df6_f_manduri_pd_69_an df6_f_manduri_pd_70_an df6_f_manduri_pd_71_an df6_f_manduri_pd_72_an df6_f_manduri_pd_73_an df6_t_f_manduri_pd_74_an df6_t_f_manduri_pd_75_an df6_t_f_manduri_pd_76_an df6_t_f_manduri_pd_77_an df6_f_manduri_low_68_an df6_f_manduri_low_69_an df6_f_manduri_low_70_an df6_f_manduri_low_71_an df6_f_manduri_low_72_an df6_f_manduri_low_73_an df6_t_f_manduri_low_74_an df6_t_f_manduri_low_75_an df6_t_f_manduri_low_76_an df6_t_f_manduri_low_77_an df6_f_manduri_random_68_an df6_f_manduri_random_69_an df6_f_manduri_random_70_an df6_f_manduri_random_71_an df6_f_manduri_random_72_an df6_f_manduri_random_73_an
25522,Progress(SECTION_0==0; SECTION_1<30),0,1,30,simpleQuest,23,lf6_fellialdr_f_68_n lf6_fellialdr_f_69_n lf6_t_fellialdr_f_72_n lf6_t_fellialdr_f_73_n lf6_t_fellialdr_f_74_n lf6_lizardmanfighter_f_68_n lf6_lizardmanfighter_f_69_n lf6_t_lizardmanfighter_f_72_n lf6_t_lizardmanfighter_f_73_n lf6_t_lizardmanfighter_f_74_n lf6_brohum_m_young_f_68_d lf6_brohum_m_young_f_69_d lf6_brohum_m_young_f_70_d lf6_brohum_m_young_f_71_d lf6_brohum_m_young_f_72_d lf6_brohum_m_young_f_73_d lf6_t_brohum_m_young_f_74_d lf6_t_brohum_m_young_f_75_d lf6_t_brohum_m_young_f_76_d lf6_t_brohum_m_young_f_77_d lf6_babymosbear_f_68_d lf6_babymosbear_f_69_d lf6_babymosbear_f_70_d lf6_babymosbear_f_71_d lf6_babymosbear_f_72_d lf6_babymosbear_f_73_d lf6_t_babymosbear_f_74_d lf6_t_babymosbear_f_75_d lf6_t_babymosbear_f_76_d lf6_t_babymosbear_f_77_d lf6_manduriflame_f_68_d lf6_manduriflame_f_69_d lf6_manduriflame_f_70_d lf6_manduriflame_f_71_d lf6_manduriflame_f_72_d lf6_manduriflame_f_73_d lf6_t_manduriflame_f_74_d lf6_t_manduriflame_f_75_d lf6_t_manduriflame_f_76_d lf6_t_manduriflame_f_77_d lf6_brohum_m_young_f_68_d_str lf6_brohum_m_young_f_69_d_str lf6_brohum_m_young_f_70_d_str lf6_brohum_m_young_f_71_d_str lf6_brohum_m_young_f_72_d_str lf6_brohum_m_young_f_73_d_str lf6_t_brohum_m_young_f_74_d_str lf6_t_brohum_m_young_f_75_d_str lf6_t_brohum_m_young_f_76_d_str lf6_t_brohum_m_young_f_77_d_str lf6_brohum_m_young_f_68_d_str_geno lf6_brohum_m_young_f_69_d_str_geno lf6_brohum_m_young_f_70_d_str_geno lf6_brohum_m_young_f_71_d_str_geno lf6_brohum_m_young_f_72_d_str_geno lf6_brohum_m_young_f_73_d_str_geno lf6_brohum_m_young_f_68_d_md lf6_brohum_m_young_f_69_d_md lf6_brohum_m_young_f_70_d_md lf6_brohum_m_young_f_71_d_md lf6_brohum_m_young_f_72_d_md lf6_brohum_m_young_f_73_d_md lf6_t_brohum_m_young_f_74_d_md lf6_t_brohum_m_young_f_75_d_md lf6_t_brohum_m_young_f_76_d_md lf6_t_brohum_m_young_f_77_d_md lf6_brohum_m_young_f_68_d_pd lf6_brohum_m_young_f_69_d_pd lf6_brohum_m_young_f_70_d_pd lf6_brohum_m_young_f_71_d_pd lf6_brohum_m_young_f_72_d_pd lf6_brohum_m_young_f_73_d_pd lf6_t_brohum_m_young_f_74_d_pd lf6_t_brohum_m_young_f_75_d_pd lf6_t_brohum_m_young_f_76_d_pd lf6_t_brohum_m_young_f_77_d_pd lf6_brohum_m_young_f_68_d_low lf6_brohum_m_young_f_69_d_low lf6_brohum_m_young_f_70_d_low lf6_brohum_m_young_f_71_d_low lf6_brohum_m_young_f_72_d_low lf6_brohum_m_young_f_73_d_low lf6_t_brohum_m_young_f_74_d_low lf6_t_brohum_m_young_f_75_d_low lf6_t_brohum_m_young_f_76_d_low lf6_t_brohum_m_young_f_77_d_low lf6_brohum_m_young_f_68_d_random lf6_brohum_m_young_f_69_d_random lf6_brohum_m_young_f_70_d_random lf6_brohum_m_young_f_71_d_random lf6_brohum_m_young_f_72_d_random lf6_brohum_m_young_f_73_d_random lf6_babymosbear_f_68_d_str lf6_babymosbear_f_69_d_str lf6_babymosbear_f_70_d_str lf6_babymosbear_f_71_d_str lf6_babymosbear_f_72_d_str lf6_babymosbear_f_73_d_str lf6_t_babymosbear_f_74_d_str lf6_t_babymosbear_f_75_d_str lf6_t_babymosbear_f_76_d_str lf6_t_babymosbear_f_77_d_str lf6_babymosbear_f_68_d_str_geno lf6_babymosbear_f_69_d_str_geno lf6_babymosbear_f_70_d_str_geno lf6_babymosbear_f_71_d_str_geno lf6_babymosbear_f_72_d_str_geno lf6_babymosbear_f_73_d_str_geno lf6_babymosbear_f_68_d_md lf6_babymosbear_f_69_d_md lf6_babymosbear_f_70_d_md lf6_babymosbear_f_71_d_md lf6_babymosbear_f_72_d_md lf6_babymosbear_f_73_d_md lf6_t_babymosbear_f_74_d_md lf6_t_babymosbear_f_75_d_md lf6_t_babymosbear_f_76_d_md lf6_t_babymosbear_f_77_d_md lf6_babymosbear_f_68_d_pd lf6_babymosbear_f_69_d_pd lf6_babymosbear_f_70_d_pd lf6_babymosbear_f_71_d_pd lf6_babymosbear_f_72_d_pd lf6_babymosbear_f_73_d_pd lf6_t_babymosbear_f_74_d_pd lf6_t_babymosbear_f_75_d_pd lf6_t_babymosbear_f_76_d_pd lf6_t_babymosbear_f_77_d_pd lf6_babymosbear_f_68_d_low lf6_babymosbear_f_69_d_low lf6_babymosbear_f_70_d_low lf6_babymosbear_f_71_d_low lf6_babymosbear_f_72_d_low lf6_babymosbear_f_73_d_low lf6_t_babymosbear_f_74_d_low lf6_t_babymosbear_f_75_d_low lf6_t_babymosbear_f_76_d_low lf6_t_babymosbear_f_77_d_low lf6_babymosbear_f_68_d_random lf6_babymosbear_f_69_d_random lf6_babymosbear_f_70_d_random lf6_babymosbear_f_71_d_random lf6_babymosbear_f_72_d_random lf6_babymosbear_f_73_d_random lf6_manduriflame_f_68_d_str lf6_manduriflame_f_69_d_str lf6_manduriflame_f_70_d_str lf6_manduriflame_f_71_d_str lf6_manduriflame_f_72_d_str lf6_manduriflame_f_73_d_str lf6_t_manduriflame_f_74_d_str lf6_t_manduriflame_f_75_d_str lf6_t_manduriflame_f_76_d_str lf6_t_manduriflame_f_77_d_str lf6_manduriflame_f_68_d_str_geno lf6_manduriflame_f_69_d_str_geno lf6_manduriflame_f_70_d_str_geno lf6_manduriflame_f_71_d_str_geno lf6_manduriflame_f_72_d_str_geno lf6_manduriflame_f_73_d_str_geno lf6_manduriflame_f_68_d_md lf6_manduriflame_f_69_d_md lf6_manduriflame_f_70_d_md lf6_manduriflame_f_71_d_md lf6_manduriflame_f_72_d_md lf6_manduriflame_f_73_d_md lf6_t_manduriflame_f_74_d_md lf6_t_manduriflame_f_75_d_md lf6_t_manduriflame_f_76_d_md lf6_t_manduriflame_f_77_d_md lf6_manduriflame_f_68_d_pd lf6_manduriflame_f_69_d_pd lf6_manduriflame_f_70_d_pd lf6_manduriflame_f_71_d_pd lf6_manduriflame_f_72_d_pd lf6_manduriflame_f_73_d_pd lf6_t_manduriflame_f_74_d_pd lf6_t_manduriflame_f_75_d_pd lf6_t_manduriflame_f_76_d_pd lf6_t_manduriflame_f_77_d_pd lf6_manduriflame_f_68_d_low lf6_manduriflame_f_69_d_low lf6_manduriflame_f_70_d_low lf6_manduriflame_f_71_d_low lf6_manduriflame_f_72_d_low lf6_manduriflame_f_73_d_low lf6_t_manduriflame_f_74_d_low lf6_t_manduriflame_f_75_d_low lf6_t_manduriflame_f_76_d_low lf6_t_manduriflame_f_77_d_low lf6_manduriflame_f_68_d_random lf6_manduriflame_f_69_d_random lf6_manduriflame_f_70_d_random lf6_manduriflame_f_71_d_random lf6_manduriflame_f_72_d_random lf6_manduriflame_f_73_d_random
25524,Progress(SECTION_0==0; SECTION_1<30),0,1,30,simpleQuest,11,df6_f2_zaif_69_an df6_f2_zaif_70_an df6_t_f2_zaif_75_an df6_t_f2_zaif_76_an df6_t_f2_zaif_77_an df6_f2_elementalwater4_69_n df6_f2_elementalwater4_70_n df6_t_f2_elementalwater4_75_n df6_t_f2_elementalwater4_76_n df6_t_f2_elementalwater4_77_n df6_f2_sam_69_an df6_f2_sam_70_an df6_t_f2_sam_75_an df6_t_f2_sam_76_an df6_t_f2_sam_77_an df6_f2_tesinon_69_an df6_f2_tesinon_70_an df6_f2_tesinon_71_an df6_f2_tesinon_72_an df6_f2_tesinon_73_an df6_f2_tesinon_74_an df6_f2_tesinon_75_an df6_t_f2_tesinon_77_an df6_t_f2_tesinon_78_an df6_t_f2_tesinon_79_an df6_t_f2_tesinon_80_an df6_f2_frillfaimam_69_an df6_f2_frillfaimam_70_an df6_f2_frillfaimam_71_an df6_f2_frillfaimam_72_an df6_f2_frillfaimam_73_an df6_f2_frillfaimam_74_an df6_f2_frillfaimam_75_an df6_t_f2_frillfaimam_77_an df6_t_f2_frillfaimam_78_an df6_t_f2_frillfaimam_79_an df6_t_f2_frillfaimam_80_an df6_f2_saam_69_an df6_f2_saam_70_an df6_f2_saam_71_an df6_f2_saam_72_an df6_f2_saam_73_an df6_f2_saam_74_an df6_f2_saam_75_an df6_t_f2_saam_77_an df6_t_f2_saam_78_an df6_t_f2_saam_79_an df6_t_f2_saam_80_an df6_f2_drakanworker_fi_69_an df6_f2_drakanworker_fi_70_an df6_f2_drakanworker_fi_71_an df6_f2_drakanworker_fi_72_an df6_f2_drakanworker_fi_73_an df6_f2_drakanworker_fi_74_an df6_f2_drakanworker_fi_75_an df6_t_f2_drakanworker_fi_77_an df6_t_f2_drakanworker_fi_78_an df6_t_f2_drakanworker_fi_79_an df6_t_f2_drakanworker_fi_80_an df6_f2_tesinon_str_69_an df6_f2_tesinon_str_70_an df6_f2_tesinon_str_71_an df6_f2_tesinon_str_72_an df6_f2_tesinon_str_73_an df6_f2_tesinon_str_74_an df6_f2_tesinon_str_75_an df6_f2_tesinon_str_geno_69_an df6_f2_tesinon_str_geno_70_an df6_f2_tesinon_str_geno_71_an df6_f2_tesinon_str_geno_72_an df6_f2_tesinon_str_geno_73_an df6_f2_tesinon_str_geno_74_an df6_f2_tesinon_str_geno_75_an df6_f2_tesinon_md_69_an df6_f2_tesinon_md_70_an df6_f2_tesinon_md_71_an df6_f2_tesinon_md_72_an df6_f2_tesinon_md_73_an df6_f2_tesinon_md_74_an df6_f2_tesinon_md_75_an df6_f2_tesinon_pd_69_an df6_f2_tesinon_pd_70_an df6_f2_tesinon_pd_71_an df6_f2_tesinon_pd_72_an df6_f2_tesinon_pd_73_an df6_f2_tesinon_pd_74_an df6_f2_tesinon_pd_75_an df6_f2_tesinon_low_69_an df6_f2_tesinon_low_70_an df6_f2_tesinon_low_71_an df6_f2_tesinon_low_72_an df6_f2_tesinon_low_73_an df6_f2_tesinon_low_74_an df6_f2_tesinon_low_75_an df6_f2_tesinon_random_69_an df6_f2_tesinon_random_70_an df6_f2_tesinon_random_71_an df6_f2_tesinon_random_72_an df6_f2_tesinon_random_73_an df6_f2_tesinon_random_74_an df6_f2_tesinon_random_75_an df6_t_f2_tesinon_str_77_an df6_t_f2_tesinon_str_78_an df6_t_f2_tesinon_str_79_an df6_t_f2_tesinon_str_80_an df6_t_f2_tesinon_md_77_an df6_t_f2_tesinon_md_78_an df6_t_f2_tesinon_md_79_an df6_t_f2_tesinon_md_80_an df6_t_f2_tesinon_pd_77_an df6_t_f2_tesinon_pd_78_an df6_t_f2_tesinon_pd_79_an df6_t_f2_tesinon_pd_80_an df6_t_f2_tesinon_low_77_an df6_t_f2_tesinon_low_78_an df6_t_f2_tesinon_low_79_an df6_t_f2_tesinon_low_80_an df6_f2_frillfaimam_str_69_an df6_f2_frillfaimam_str_70_an df6_f2_frillfaimam_str_71_an df6_f2_frillfaimam_str_72_an df6_f2_frillfaimam_str_73_an df6_f2_frillfaimam_str_74_an df6_f2_frillfaimam_str_75_an df6_f2_frillfaimam_str_geno_69_an df6_f2_frillfaimam_str_geno_70_an df6_f2_frillfaimam_str_geno_71_an df6_f2_frillfaimam_str_geno_72_an df6_f2_frillfaimam_str_geno_73_an df6_f2_frillfaimam_str_geno_74_an df6_f2_frillfaimam_str_geno_75_an df6_f2_frillfaimam_md_69_an df6_f2_frillfaimam_md_70_an df6_f2_frillfaimam_md_71_an df6_f2_frillfaimam_md_72_an df6_f2_frillfaimam_md_73_an df6_f2_frillfaimam_md_74_an df6_f2_frillfaimam_md_75_an df6_f2_frillfaimam_pd_69_an df6_f2_frillfaimam_pd_70_an df6_f2_frillfaimam_pd_71_an df6_f2_frillfaimam_pd_72_an df6_f2_frillfaimam_pd_73_an df6_f2_frillfaimam_pd_74_an df6_f2_frillfaimam_pd_75_an df6_f2_frillfaimam_low_69_an df6_f2_frillfaimam_low_70_an df6_f2_frillfaimam_low_71_an df6_f2_frillfaimam_low_72_an df6_f2_frillfaimam_low_73_an df6_f2_frillfaimam_low_74_an df6_f2_frillfaimam_low_75_an df6_f2_frillfaimam_random_69_an df6_f2_frillfaimam_random_70_an df6_f2_frillfaimam_random_71_an df6_f2_frillfaimam_random_72_an df6_f2_frillfaimam_random_73_an df6_f2_frillfaimam_random_74_an df6_f2_frillfaimam_random_75_an df6_t_f2_frillfaimam_str_77_an df6_t_f2_frillfaimam_str_78_an df6_t_f2_frillfaimam_str_79_an df6_t_f2_frillfaimam_str_80_an df6_t_f2_frillfaimam_md_77_an df6_t_f2_frillfaimam_md_78_an df6_t_f2_frillfaimam_md_79_an df6_t_f2_frillfaimam_md_80_an df6_t_f2_frillfaimam_pd_77_an df6_t_f2_frillfaimam_pd_78_an df6_t_f2_frillfaimam_pd_79_an df6_t_f2_frillfaimam_pd_80_an df6_t_f2_frillfaimam_low_77_an df6_t_f2_frillfaimam_low_78_an df6_t_f2_frillfaimam_low_79_an df6_t_f2_frillfaimam_low_80_an df6_f2_saam_str_69_an df6_f2_saam_str_70_an df6_f2_saam_str_71_an df6_f2_saam_str_72_an df6_f2_saam_str_73_an df6_f2_saam_str_74_an df6_f2_saam_str_75_an df6_f2_saam_str_geno_69_an df6_f2_saam_str_geno_70_an df6_f2_saam_str_geno_71_an df6_f2_saam_str_geno_72_an df6_f2_saam_str_geno_73_an df6_f2_saam_str_geno_74_an df6_f2_saam_str_geno_75_an df6_f2_saam_md_69_an df6_f2_saam_md_70_an df6_f2_saam_md_71_an df6_f2_saam_md_72_an df6_f2_saam_md_73_an df6_f2_saam_md_74_an df6_f2_saam_md_75_an df6_f2_saam_pd_69_an df6_f2_saam_pd_70_an df6_f2_saam_pd_71_an df6_f2_saam_pd_72_an df6_f2_saam_pd_73_an df6_f2_saam_pd_74_an df6_f2_saam_pd_75_an df6_f2_saam_low_69_an df6_f2_saam_low_70_an df6_f2_saam_low_71_an df6_f2_saam_low_72_an df6_f2_saam_low_73_an df6_f2_saam_low_74_an df6_f2_saam_low_75_an df6_f2_saam_random_69_an df6_f2_saam_random_70_an df6_f2_saam_random_71_an df6_f2_saam_random_72_an df6_f2_saam_random_73_an df6_f2_saam_random_74_an df6_f2_saam_random_75_an df6_t_f2_saam_str_77_an df6_t_f2_saam_str_78_an df6_t_f2_saam_str_79_an df6_t_f2_saam_str_80_an df6_t_f2_saam_md_77_an df6_t_f2_saam_md_78_an df6_t_f2_saam_md_79_an df6_t_f2_saam_md_80_an df6_t_f2_saam_pd_77_an df6_t_f2_saam_pd_78_an df6_t_f2_saam_pd_79_an df6_t_f2_saam_pd_80_an df6_t_f2_saam_low_77_an df6_t_f2_saam_low_78_an df6_t_f2_saam_low_79_an df6_t_f2_saam_low_80_an df6_f2_drakanworker_fi_str_69_an df6_f2_drakanworker_fi_str_70_an df6_f2_drakanworker_fi_str_71_an df6_f2_drakanworker_fi_str_72_an df6_f2_drakanworker_fi_str_73_an df6_f2_drakanworker_fi_str_74_an df6_f2_drakanworker_fi_str_75_an df6_f2_drakanworker_fi_str_geno_69_an df6_f2_drakanworker_fi_str_geno_70_an df6_f2_drakanworker_fi_str_geno_71_an df6_f2_drakanworker_fi_str_geno_72_an df6_f2_drakanworker_fi_str_geno_73_an df6_f2_drakanworker_fi_str_geno_74_an df6_f2_drakanworker_fi_str_geno_75_an df6_f2_drakanworker_fi_md_69_an df6_f2_drakanworker_fi_md_70_an df6_f2_drakanworker_fi_md_71_an df6_f2_drakanworker_fi_md_72_an df6_f2_drakanworker_fi_md_73_an df6_f2_drakanworker_fi_md_74_an df6_f2_drakanworker_fi_md_75_an df6_f2_drakanworker_fi_pd_69_an df6_f2_drakanworker_fi_pd_70_an df6_f2_drakanworker_fi_pd_71_an df6_f2_drakanworker_fi_pd_72_an df6_f2_drakanworker_fi_pd_73_an df6_f2_drakanworker_fi_pd_74_an df6_f2_drakanworker_fi_pd_75_an df6_f2_drakanworker_fi_low_69_an df6_f2_drakanworker_fi_low_70_an df6_f2_drakanworker_fi_low_71_an df6_f2_drakanworker_fi_low_72_an df6_f2_drakanworker_fi_low_73_an df6_f2_drakanworker_fi_low_74_an df6_f2_drakanworker_fi_low_75_an df6_f2_drakanworker_fi_random_69_an df6_f2_drakanworker_fi_random_70_an df6_f2_drakanworker_fi_random_71_an df6_f2_drakanworker_fi_random_72_an df6_f2_drakanworker_fi_random_73_an df6_f2_drakanworker_fi_random_74_an df6_f2_drakanworker_fi_random_75_an df6_t_f2_drakanworker_fi_str_77_an df6_t_f2_drakanworker_fi_str_78_an df6_t_f2_drakanworker_fi_str_79_an df6_t_f2_drakanworker_fi_str_80_an df6_t_f2_drakanworker_fi_md_77_an df6_t_f2_drakanworker_fi_md_78_an df6_t_f2_drakanworker_fi_md_79_an df6_t_f2_drakanworker_fi_md_80_an df6_t_f2_drakanworker_fi_pd_77_an df6_t_f2_drakanworker_fi_pd_78_an df6_t_f2_drakanworker_fi_pd_79_an df6_t_f2_drakanworker_fi_pd_80_an df6_t_f2_drakanworker_fi_low_77_an df6_t_f2_drakanworker_fi_low_78_an df6_t_f2_drakanworker_fi_low_79_an df6_t_f2_drakanworker_fi_low_80_an
25525,Progress(SECTION_0==0; SECTION_1<30),0,1,30,simpleQuest,10,lf6_ettin_f2_69_n lf6_ettin_f2_70_n lf6_t_ettin_f2_75_n lf6_t_ettin_f2_76_n lf6_t_ettin_f2_77_n lf6_elementalwater4_f2_69_n lf6_elementalwater4_f2_70_n lf6_t_elementalwater4_f2_75_n lf6_t_elementalwater4_f2_76_n lf6_t_elementalwater4_f2_77_n lf6_tesinon_f2_69_d lf6_tesinon_f2_70_d lf6_tesinon_f2_71_d lf6_tesinon_f2_72_d lf6_tesinon_f2_73_d lf6_tesinon_f2_74_d lf6_tesinon_f2_75_d lf6_t_tesinon_f2_77_d lf6_t_tesinon_f2_78_d lf6_t_tesinon_f2_79_d lf6_t_tesinon_f2_80_d lf6_frillfaimam_f2_69_d lf6_frillfaimam_f2_70_d lf6_frillfaimam_f2_71_d lf6_frillfaimam_f2_72_d lf6_frillfaimam_f2_73_d lf6_frillfaimam_f2_74_d lf6_frillfaimam_f2_75_d lf6_t_frillfaimam_f2_77_d lf6_t_frillfaimam_f2_78_d lf6_t_frillfaimam_f2_79_d lf6_t_frillfaimam_f2_80_d lf6_saam_f2_69_d lf6_saam_f2_70_d lf6_saam_f2_71_d lf6_saam_f2_72_d lf6_saam_f2_73_d lf6_saam_f2_74_d lf6_saam_f2_75_d lf6_t_saam_f2_77_d lf6_t_saam_f2_78_d lf6_t_saam_f2_79_d lf6_t_saam_f2_80_d lf6_neuth_f2_69_d lf6_neuth_f2_70_d lf6_neuth_f2_71_d lf6_neuth_f2_72_d lf6_neuth_f2_73_d lf6_neuth_f2_74_d lf6_neuth_f2_75_d lf6_t_neuth_f2_77_d lf6_t_neuth_f2_78_d lf6_t_neuth_f2_79_d lf6_t_neuth_f2_80_d lf6_tesinon_f2_69_d_str lf6_tesinon_f2_70_d_str lf6_tesinon_f2_71_d_str lf6_tesinon_f2_72_d_str lf6_tesinon_f2_73_d_str lf6_tesinon_f2_74_d_str lf6_tesinon_f2_75_d_str lf6_tesinon_f2_69_d_str_geno lf6_tesinon_f2_70_d_str_geno lf6_tesinon_f2_71_d_str_geno lf6_tesinon_f2_72_d_str_geno lf6_tesinon_f2_73_d_str_geno lf6_tesinon_f2_74_d_str_geno lf6_tesinon_f2_75_d_str_geno lf6_tesinon_f2_69_d_md lf6_tesinon_f2_70_d_md lf6_tesinon_f2_71_d_md lf6_tesinon_f2_72_d_md lf6_tesinon_f2_73_d_md lf6_tesinon_f2_74_d_md lf6_tesinon_f2_75_d_md lf6_tesinon_f2_69_d_pd lf6_tesinon_f2_70_d_pd lf6_tesinon_f2_71_d_pd lf6_tesinon_f2_72_d_pd lf6_tesinon_f2_73_d_pd lf6_tesinon_f2_74_d_pd lf6_tesinon_f2_75_d_pd lf6_tesinon_f2_69_d_low lf6_tesinon_f2_70_d_low lf6_tesinon_f2_71_d_low lf6_tesinon_f2_72_d_low lf6_tesinon_f2_73_d_low lf6_tesinon_f2_74_d_low lf6_tesinon_f2_75_d_low lf6_tesinon_f2_69_d_random lf6_tesinon_f2_70_d_random lf6_tesinon_f2_71_d_random lf6_tesinon_f2_72_d_random lf6_tesinon_f2_73_d_random lf6_tesinon_f2_74_d_random lf6_tesinon_f2_75_d_random lf6_t_tesinon_f2_77_d_str lf6_t_tesinon_f2_78_d_str lf6_t_tesinon_f2_79_d_str lf6_t_tesinon_f2_80_d_str lf6_t_tesinon_f2_77_d_md lf6_t_tesinon_f2_78_d_md lf6_t_tesinon_f2_79_d_md lf6_t_tesinon_f2_80_d_md lf6_t_tesinon_f2_77_d_pd lf6_t_tesinon_f2_78_d_pd lf6_t_tesinon_f2_79_d_pd lf6_t_tesinon_f2_80_d_pd lf6_t_tesinon_f2_77_d_low lf6_t_tesinon_f2_78_d_low lf6_t_tesinon_f2_79_d_low lf6_t_tesinon_f2_80_d_low lf6_frillfaimam_f2_69_d_str lf6_frillfaimam_f2_70_d_str lf6_frillfaimam_f2_71_d_str lf6_frillfaimam_f2_72_d_str lf6_frillfaimam_f2_73_d_str lf6_frillfaimam_f2_74_d_str lf6_frillfaimam_f2_75_d_str lf6_frillfaimam_f2_69_d_str_geno lf6_frillfaimam_f2_70_d_str_geno lf6_frillfaimam_f2_71_d_str_geno lf6_frillfaimam_f2_72_d_str_geno lf6_frillfaimam_f2_73_d_str_geno lf6_frillfaimam_f2_74_d_str_geno lf6_frillfaimam_f2_75_d_str_geno lf6_frillfaimam_f2_69_d_md lf6_frillfaimam_f2_70_d_md lf6_frillfaimam_f2_71_d_md lf6_frillfaimam_f2_72_d_md lf6_frillfaimam_f2_73_d_md lf6_frillfaimam_f2_74_d_md lf6_frillfaimam_f2_75_d_md lf6_frillfaimam_f2_69_d_pd lf6_frillfaimam_f2_70_d_pd lf6_frillfaimam_f2_71_d_pd lf6_frillfaimam_f2_72_d_pd lf6_frillfaimam_f2_73_d_pd lf6_frillfaimam_f2_74_d_pd lf6_frillfaimam_f2_75_d_pd lf6_frillfaimam_f2_69_d_low lf6_frillfaimam_f2_70_d_low lf6_frillfaimam_f2_71_d_low lf6_frillfaimam_f2_72_d_low lf6_frillfaimam_f2_73_d_low lf6_frillfaimam_f2_74_d_low lf6_frillfaimam_f2_75_d_low lf6_frillfaimam_f2_69_d_random lf6_frillfaimam_f2_70_d_random lf6_frillfaimam_f2_71_d_random lf6_frillfaimam_f2_72_d_random lf6_frillfaimam_f2_73_d_random lf6_frillfaimam_f2_74_d_random lf6_frillfaimam_f2_75_d_random lf6_t_frillfaimam_f2_77_d_str lf6_t_frillfaimam_f2_78_d_str lf6_t_frillfaimam_f2_79_d_str lf6_t_frillfaimam_f2_80_d_str lf6_t_frillfaimam_f2_77_d_md lf6_t_frillfaimam_f2_78_d_md lf6_t_frillfaimam_f2_79_d_md lf6_t_frillfaimam_f2_80_d_md lf6_t_frillfaimam_f2_77_d_pd lf6_t_frillfaimam_f2_78_d_pd lf6_t_frillfaimam_f2_79_d_pd lf6_t_frillfaimam_f2_80_d_pd lf6_t_frillfaimam_f2_77_d_low lf6_t_frillfaimam_f2_78_d_low lf6_t_frillfaimam_f2_79_d_low lf6_t_frillfaimam_f2_80_d_low lf6_saam_f2_69_d_str lf6_saam_f2_70_d_str lf6_saam_f2_71_d_str lf6_saam_f2_72_d_str lf6_saam_f2_73_d_str lf6_saam_f2_74_d_str lf6_saam_f2_75_d_str lf6_saam_f2_69_d_str_geno lf6_saam_f2_70_d_str_geno lf6_saam_f2_71_d_str_geno lf6_saam_f2_72_d_str_geno lf6_saam_f2_73_d_str_geno lf6_saam_f2_74_d_str_geno lf6_saam_f2_75_d_str_geno lf6_saam_f2_69_d_md lf6_saam_f2_70_d_md lf6_saam_f2_71_d_md lf6_saam_f2_72_d_md lf6_saam_f2_73_d_md lf6_saam_f2_74_d_md lf6_saam_f2_75_d_md lf6_saam_f2_69_d_pd lf6_saam_f2_70_d_pd lf6_saam_f2_71_d_pd lf6_saam_f2_72_d_pd lf6_saam_f2_73_d_pd lf6_saam_f2_74_d_pd lf6_saam_f2_75_d_pd lf6_saam_f2_69_d_low lf6_saam_f2_70_d_low lf6_saam_f2_71_d_low lf6_saam_f2_72_d_low lf6_saam_f2_73_d_low lf6_saam_f2_74_d_low lf6_saam_f2_75_d_low lf6_saam_f2_69_d_random lf6_saam_f2_70_d_random lf6_saam_f2_71_d_random lf6_saam_f2_72_d_random lf6_saam_f2_73_d_random lf6_saam_f2_74_d_random lf6_saam_f2_75_d_random lf6_t_saam_f2_77_d_str lf6_t_saam_f2_78_d_str lf6_t_saam_f2_79_d_str lf6_t_saam_f2_80_d_str lf6_t_saam_f2_77_d_md lf6_t_saam_f2_78_d_md lf6_t_saam_f2_79_d_md lf6_t_saam_f2_80_d_md lf6_t_saam_f2_77_d_pd lf6_t_saam_f2_78_d_pd lf6_t_saam_f2_79_d_pd lf6_t_saam_f2_80_d_pd lf6_t_saam_f2_77_d_low lf6_t_saam_f2_78_d_low lf6_t_saam_f2_79_d_low lf6_t_saam_f2_80_d_low lf6_neuth_f2_69_d_str lf6_neuth_f2_70_d_str lf6_neuth_f2_71_d_str lf6_neuth_f2_72_d_str lf6_neuth_f2_73_d_str lf6_neuth_f2_74_d_str lf6_neuth_f2_75_d_str lf6_neuth_f2_69_d_str_geno lf6_neuth_f2_70_d_str_geno lf6_neuth_f2_71_d_str_geno lf6_neuth_f2_72_d_str_geno lf6_neuth_f2_73_d_str_geno lf6_neuth_f2_74_d_str_geno lf6_neuth_f2_75_d_str_geno lf6_neuth_f2_69_d_md lf6_neuth_f2_70_d_md lf6_neuth_f2_71_d_md lf6_neuth_f2_72_d_md lf6_neuth_f2_73_d_md lf6_neuth_f2_74_d_md lf6_neuth_f2_75_d_md lf6_neuth_f2_69_d_pd lf6_neuth_f2_70_d_pd lf6_neuth_f2_71_d_pd lf6_neuth_f2_72_d_pd lf6_neuth_f2_73_d_pd lf6_neuth_f2_74_d_pd lf6_neuth_f2_75_d_pd lf6_neuth_f2_69_d_low lf6_neuth_f2_70_d_low lf6_neuth_f2_71_d_low lf6_neuth_f2_72_d_low lf6_neuth_f2_73_d_low lf6_neuth_f2_74_d_low lf6_neuth_f2_75_d_low lf6_neuth_f2_69_d_random lf6_neuth_f2_70_d_random lf6_neuth_f2_71_d_random lf6_neuth_f2_72_d_random lf6_neuth_f2_73_d_random lf6_neuth_f2_74_d_random lf6_neuth_f2_75_d_random lf6_t_neuth_f2_77_d_str lf6_t_neuth_f2_78_d_str lf6_t_neuth_f2_79_d_str lf6_t_neuth_f2_80_d_str lf6_t_neuth_f2_77_d_md lf6_t_neuth_f2_78_d_md lf6_t_neuth_f2_79_d_md lf6_t_neuth_f2_80_d_md lf6_t_neuth_f2_77_d_pd lf6_t_neuth_f2_78_d_pd lf6_t_neuth_f2_79_d_pd lf6_t_neuth_f2_80_d_pd lf6_t_neuth_f2_77_d_low lf6_t_neuth_f2_78_d_low lf6_t_neuth_f2_79_d_low lf6_t_neuth_f2_80_d_low
25527,Progress(SECTION_0==0; SECTION_1<30),0,1,30,simpleQuest,25,df6_g_driton_67_n df6_g_driton_68_n df6_t_g_driton_69_n df6_t_g_driton_70_n df6_t_g_driton_71_n df6_g_comade_67_an df6_g_comade_68_an df6_t_g_comade_69_an df6_t_g_comade_70_an df6_t_g_comade_71_an df6_g_cyclops_67_an df6_g_cyclops_68_an df6_t_g_cyclops_69_an df6_t_g_cyclops_70_an df6_t_g_cyclops_71_an df6_g_dionaea_67_an df6_g_dionaea_68_an df6_t_g_dionaea_69_an df6_t_g_dionaea_70_an df6_t_g_dionaea_71_an df6_g_nagamage_67_an df6_g_nagamage_68_an df6_g_nagamage_69_an df6_g_nagamage_70_an df6_g_nagamage_71_an df6_t_g_nagamage_71_an df6_t_g_nagamage_72_an df6_t_g_nagamage_73_an df6_t_g_nagamage_74_an df6_g_cellatu_67_an df6_g_cellatu_68_an df6_g_cellatu_69_an df6_g_cellatu_70_an df6_g_cellatu_71_an df6_t_g_cellatu_71_an df6_t_g_cellatu_72_an df6_t_g_cellatu_73_an df6_t_g_cellatu_74_an df6_g_brax_67_n df6_g_brax_68_n df6_g_brax_69_n df6_g_brax_70_n df6_g_brax_71_n df6_t_g_brax_71_n df6_t_g_brax_72_n df6_t_g_brax_73_n df6_t_g_brax_74_n df6_g_anagamage_str_67_an df6_g_anagamage_str_68_an df6_g_anagamage_str_69_an df6_g_anagamage_str_70_an df6_g_anagamage_str_71_an df6_t_g_anagamage_str_71_an df6_t_g_anagamage_str_72_an df6_t_g_anagamage_str_73_an df6_t_g_anagamage_str_74_an df6_g_anagamage_str_geno_67_an df6_g_anagamage_str_geno_68_an df6_g_anagamage_str_geno_69_an df6_g_anagamage_str_geno_70_an df6_g_anagamage_str_geno_71_an df6_g_anagamage_md_67_an df6_g_anagamage_md_68_an df6_g_anagamage_md_69_an df6_g_anagamage_md_70_an df6_g_anagamage_md_71_an df6_t_g_anagamage_md_71_an df6_t_g_anagamage_md_72_an df6_t_g_anagamage_md_73_an df6_t_g_anagamage_md_74_an df6_g_anagamage_pd_67_an df6_g_anagamage_pd_68_an df6_g_anagamage_pd_69_an df6_g_anagamage_pd_70_an df6_g_anagamage_pd_71_an df6_t_g_anagamage_pd_71_an df6_t_g_anagamage_pd_72_an df6_t_g_anagamage_pd_73_an df6_t_g_anagamage_pd_74_an df6_g_anagamage_low_67_an df6_g_anagamage_low_68_an df6_g_anagamage_low_69_an df6_g_anagamage_low_70_an df6_g_anagamage_low_71_an df6_t_g_anagamage_low_71_an df6_t_g_anagamage_low_72_an df6_t_g_anagamage_low_73_an df6_t_g_anagamage_low_74_an df6_g_anagamage_random_67_an df6_g_anagamage_random_68_an df6_g_anagamage_random_69_an df6_g_anagamage_random_70_an df6_g_anagamage_random_71_an df6_g_cellatu_str_67_an df6_g_cellatu_str_68_an df6_g_cellatu_str_69_an df6_g_cellatu_str_70_an df6_g_cellatu_str_71_an df6_t_g_cellatu_str_71_an df6_t_g_cellatu_str_72_an df6_t_g_cellatu_str_73_an df6_t_g_cellatu_str_74_an df6_g_cellatu_str_geno_67_an df6_g_cellatu_str_geno_68_an df6_g_cellatu_str_geno_69_an df6_g_cellatu_str_geno_70_an df6_g_cellatu_str_geno_71_an df6_g_cellatu_md_67_an df6_g_cellatu_md_68_an df6_g_cellatu_md_69_an df6_g_cellatu_md_70_an df6_g_cellatu_md_71_an df6_t_g_cellatu_md_71_an df6_t_g_cellatu_md_72_an df6_t_g_cellatu_md_73_an df6_t_g_cellatu_md_74_an df6_g_cellatu_pd_67_an df6_g_cellatu_pd_68_an df6_g_cellatu_pd_69_an df6_g_cellatu_pd_70_an df6_g_cellatu_pd_71_an df6_t_g_cellatu_pd_71_an df6_t_g_cellatu_pd_72_an df6_t_g_cellatu_pd_73_an df6_t_g_cellatu_pd_74_an df6_g_cellatu_low_67_an df6_g_cellatu_low_68_an df6_g_cellatu_low_69_an df6_g_cellatu_low_70_an df6_g_cellatu_low_71_an df6_t_g_cellatu_low_71_an df6_t_g_cellatu_low_72_an df6_t_g_cellatu_low_73_an df6_t_g_cellatu_low_74_an df6_g_cellatu_random_67_an df6_g_cellatu_random_68_an df6_g_cellatu_random_69_an df6_g_cellatu_random_70_an df6_g_cellatu_random_71_an df6_g_brax_str_67_an df6_g_brax_str_68_an df6_g_brax_str_69_an df6_g_brax_str_70_an df6_g_brax_str_71_an df6_t_g_brax_str_71_an df6_t_g_brax_str_72_an df6_t_g_brax_str_73_an df6_t_g_brax_str_74_an df6_g_brax_str_geno_67_an df6_g_brax_str_geno_68_an df6_g_brax_str_geno_69_an df6_g_brax_str_geno_70_an df6_g_brax_str_geno_71_an df6_g_brax_md_67_an df6_g_brax_md_68_an df6_g_brax_md_69_an df6_g_brax_md_70_an df6_g_brax_md_71_an df6_t_g_brax_md_71_an df6_t_g_brax_md_72_an df6_t_g_brax_md_73_an df6_t_g_brax_md_74_an df6_g_brax_pd_67_an df6_g_brax_pd_68_an df6_g_brax_pd_69_an df6_g_brax_pd_70_an df6_g_brax_pd_71_an df6_t_g_brax_pd_71_an df6_t_g_brax_pd_72_an df6_t_g_brax_pd_73_an df6_t_g_brax_pd_74_an df6_g_brax_low_67_an df6_g_brax_low_68_an df6_g_brax_low_69_an df6_g_brax_low_70_an df6_g_brax_low_71_an df6_t_g_brax_low_71_an df6_t_g_brax_low_72_an df6_t_g_brax_low_73_an df6_t_g_brax_low_74_an df6_g_brax_random_67_an df6_g_brax_random_68_an df6_g_brax_random_69_an df6_g_brax_random_70_an df6_g_brax_random_71_an
25528,Progress(SECTION_0==0; SECTION_1<30),0,1,30,simpleQuest,25,lf6_octaside_red_g_67_n lf6_octaside_red_g_68_n lf6_t_octaside_red_g_69_n lf6_t_octaside_red_g_70_n lf6_t_octaside_red_g_71_n lf6_element_earth2re_g_67_n lf6_element_earth2re_g_68_n lf6_t_element_earth2re_g_69_n lf6_t_element_earth2re_g_70_n lf6_t_element_earth2re_g_71_n lf6_mosbear_g_67_n lf6_mosbear_g_68_n lf6_t_mosbear_g_69_n lf6_t_mosbear_g_70_n lf6_t_mosbear_g_71_n lf6_g_flowerworm_67_an lf6_g_flowerworm_68_an lf6_t_g_flowerworm_69_an lf6_t_g_flowerworm_70_an lf6_t_g_flowerworm_71_an lf6_kuillus_g_67_d lf6_kuillus_g_68_d lf6_kuillus_g_69_d lf6_kuillus_g_70_d lf6_kuillus_g_71_d lf6_t_kuillus_g_71_d lf6_t_kuillus_g_72_d lf6_t_kuillus_g_73_d lf6_t_kuillus_g_74_d lf6_babymosbear_g_67_d lf6_babymosbear_g_68_d lf6_babymosbear_g_69_d lf6_babymosbear_g_70_d lf6_babymosbear_g_71_d lf6_t_babymosbear_g_71_d lf6_t_babymosbear_g_72_d lf6_t_babymosbear_g_73_d lf6_t_babymosbear_g_74_d lf6_lizardman_pr_g_67_d lf6_lizardman_pr_g_68_d lf6_lizardman_pr_g_69_d lf6_lizardman_pr_g_70_d lf6_lizardman_pr_g_71_d lf6_t_lizardman_pr_g_71_d lf6_t_lizardman_pr_g_72_d lf6_t_lizardman_pr_g_73_d lf6_t_lizardman_pr_g_74_d lf6_kuillus_g_67_d_str lf6_kuillus_g_68_d_str lf6_kuillus_g_69_d_str lf6_kuillus_g_70_d_str lf6_kuillus_g_71_d_str lf6_t_kuillus_g_71_d_str lf6_t_kuillus_g_72_d_str lf6_t_kuillus_g_73_d_str lf6_t_kuillus_g_74_d_str lf6_kuillus_g_67_d_str_geno lf6_kuillus_g_68_d_str_geno lf6_kuillus_g_69_d_str_geno lf6_kuillus_g_70_d_str_geno lf6_kuillus_g_71_d_str_geno lf6_kuillus_g_67_d_md lf6_kuillus_g_68_d_md lf6_kuillus_g_69_d_md lf6_kuillus_g_70_d_md lf6_kuillus_g_71_d_md lf6_t_kuillus_g_71_d_md lf6_t_kuillus_g_72_d_md lf6_t_kuillus_g_73_d_md lf6_t_kuillus_g_74_d_md lf6_kuillus_g_67_d_pd lf6_kuillus_g_68_d_pd lf6_kuillus_g_69_d_pd lf6_kuillus_g_70_d_pd lf6_kuillus_g_71_d_pd lf6_t_kuillus_g_71_d_pd lf6_t_kuillus_g_72_d_pd lf6_t_kuillus_g_73_d_pd lf6_t_kuillus_g_74_d_pd lf6_kuillus_g_67_d_low lf6_kuillus_g_68_d_low lf6_kuillus_g_69_d_low lf6_kuillus_g_70_d_low lf6_kuillus_g_71_d_low lf6_t_kuillus_g_71_d_low lf6_t_kuillus_g_72_d_low lf6_t_kuillus_g_73_d_low lf6_t_kuillus_g_74_d_low lf6_kuillus_g_67_d_random lf6_kuillus_g_68_d_random lf6_kuillus_g_69_d_random lf6_kuillus_g_70_d_random lf6_kuillus_g_71_d_random lf6_babymosbear_g_67_d_str lf6_babymosbear_g_68_d_str lf6_babymosbear_g_69_d_str lf6_babymosbear_g_70_d_str lf6_babymosbear_g_71_d_str lf6_t_babymosbear_g_71_d_str lf6_t_babymosbear_g_72_d_str lf6_t_babymosbear_g_73_d_str lf6_t_babymosbear_g_74_d_str lf6_babymosbear_g_67_d_str_geno lf6_babymosbear_g_68_d_str_geno lf6_babymosbear_g_69_d_str_geno lf6_babymosbear_g_70_d_str_geno lf6_babymosbear_g_71_d_str_geno lf6_babymosbear_g_67_d_md lf6_babymosbear_g_68_d_md lf6_babymosbear_g_69_d_md lf6_babymosbear_g_70_d_md lf6_babymosbear_g_71_d_md lf6_t_babymosbear_g_71_d_md lf6_t_babymosbear_g_72_d_md lf6_t_babymosbear_g_73_d_md lf6_t_babymosbear_g_74_d_md lf6_babymosbear_g_67_d_pd lf6_babymosbear_g_68_d_pd lf6_babymosbear_g_69_d_pd lf6_babymosbear_g_70_d_pd lf6_babymosbear_g_71_d_pd lf6_t_babymosbear_g_71_d_pd lf6_t_babymosbear_g_72_d_pd lf6_t_babymosbear_g_73_d_pd lf6_t_babymosbear_g_74_d_pd lf6_babymosbear_g_67_d_low lf6_babymosbear_g_68_d_low lf6_babymosbear_g_69_d_low lf6_babymosbear_g_70_d_low lf6_babymosbear_g_71_d_low lf6_t_babymosbear_g_71_d_low lf6_t_babymosbear_g_72_d_low lf6_t_babymosbear_g_73_d_low lf6_t_babymosbear_g_74_d_low lf6_babymosbear_g_67_d_random lf6_babymosbear_g_68_d_random lf6_babymosbear_g_69_d_random lf6_babymosbear_g_70_d_random lf6_babymosbear_g_71_d_random lf6_lizardman_pr_g_67_d_str lf6_lizardman_pr_g_68_d_str lf6_lizardman_pr_g_69_d_str lf6_lizardman_pr_g_70_d_str lf6_lizardman_pr_g_71_d_str lf6_t_lizardman_pr_g_71_d_str lf6_t_lizardman_pr_g_72_d_str lf6_t_lizardman_pr_g_73_d_str lf6_t_lizardman_pr_g_74_d_str lf6_lizardman_pr_g_67_d_str_geno lf6_lizardman_pr_g_68_d_str_geno lf6_lizardman_pr_g_69_d_str_geno lf6_lizardman_pr_g_70_d_str_geno lf6_lizardman_pr_g_71_d_str_geno lf6_lizardman_pr_g_67_d_md lf6_lizardman_pr_g_68_d_md lf6_lizardman_pr_g_69_d_md lf6_lizardman_pr_g_70_d_md lf6_lizardman_pr_g_71_d_md lf6_t_lizardman_pr_g_71_d_md lf6_t_lizardman_pr_g_72_d_md lf6_t_lizardman_pr_g_73_d_md lf6_t_lizardman_pr_g_74_d_md lf6_lizardman_pr_g_67_d_pd lf6_lizardman_pr_g_68_d_pd lf6_lizardman_pr_g_69_d_pd lf6_lizardman_pr_g_70_d_pd lf6_lizardman_pr_g_71_d_pd lf6_t_lizardman_pr_g_71_d_pd lf6_t_lizardman_pr_g_72_d_pd lf6_t_lizardman_pr_g_73_d_pd lf6_t_lizardman_pr_g_74_d_pd lf6_lizardman_pr_g_67_d_low lf6_lizardman_pr_g_68_d_low lf6_lizardman_pr_g_69_d_low lf6_lizardman_pr_g_70_d_low lf6_lizardman_pr_g_71_d_low lf6_t_lizardman_pr_g_71_d_low lf6_t_lizardman_pr_g_72_d_low lf6_t_lizardman_pr_g_73_d_low lf6_t_lizardman_pr_g_74_d_low lf6_lizardman_pr_g_67_d_random lf6_lizardman_pr_g_68_d_random lf6_lizardman_pr_g_69_d_random lf6_lizardman_pr_g_70_d_random lf6_lizardman_pr_g_71_d_random
25529,Progress(SECTION_0==0; SECTION_1<10),0,1,10,simpleQuest,1,df6_fobj_wriggle_mucus_q25529a
25530,Progress(SECTION_0==0; SECTION_1<30),0,1,30,simpleQuest,11,df6_h1_crestlich_68_n df6_h1_crestlich_69_n df6_t_h1_crestlich_72_n df6_t_h1_crestlich_73_n df6_t_h1_crestlich_74_n df6_h_flowerworm_68_an df6_h_flowerworm_69_an df6_t_h_flowerworm_72_an df6_t_h_flowerworm_73_an df6_t_h_flowerworm_74_an df6_h_zaif_68_an df6_h_zaif_69_an df6_t_h_zaif_72_an df6_t_h_zaif_73_an df6_t_h_zaif_74_an df6_h_lycan_fi_68_an df6_h_lycan_fi_69_an df6_h_lycan_fi_70_an df6_h_lycan_fi_71_an df6_h_lycan_fi_72_an df6_h_lycan_fi_73_an df6_t_h_lycan_fi_74_an df6_t_h_lycan_fi_75_an df6_t_h_lycan_fi_76_an df6_t_h_lycan_fi_77_an df6_h_lycan_fi_str_68_an df6_h_lycan_fi_str_69_an df6_h_lycan_fi_str_70_an df6_h_lycan_fi_str_71_an df6_h_lycan_fi_str_72_an df6_h_lycan_fi_str_73_an df6_h_lycan_fi_str_geno_68_an df6_h_lycan_fi_str_geno_69_an df6_h_lycan_fi_str_geno_70_an df6_h_lycan_fi_str_geno_71_an df6_h_lycan_fi_str_geno_72_an df6_h_lycan_fi_str_geno_73_an df6_h_lycan_fi_md_68_an df6_h_lycan_fi_md_69_an df6_h_lycan_fi_md_70_an df6_h_lycan_fi_md_71_an df6_h_lycan_fi_md_72_an df6_h_lycan_fi_md_73_an df6_h_lycan_fi_pd_68_an df6_h_lycan_fi_pd_69_an df6_h_lycan_fi_pd_70_an df6_h_lycan_fi_pd_71_an df6_h_lycan_fi_pd_72_an df6_h_lycan_fi_pd_73_an df6_h_lycan_fi_low_68_an df6_h_lycan_fi_low_69_an df6_h_lycan_fi_low_70_an df6_h_lycan_fi_low_71_an df6_h_lycan_fi_low_72_an df6_h_lycan_fi_low_73_an df6_h_lycan_fi_random_68_an df6_h_lycan_fi_random_69_an df6_h_lycan_fi_random_70_an df6_h_lycan_fi_random_71_an df6_h_lycan_fi_random_72_an df6_h_lycan_fi_random_73_an df6_t_h_lycan_fi_str_74_an df6_t_h_lycan_fi_str_75_an df6_t_h_lycan_fi_str_76_an df6_t_h_lycan_fi_str_77_an df6_t_h_lycan_fi_md_74_an df6_t_h_lycan_fi_md_75_an df6_t_h_lycan_fi_md_76_an df6_t_h_lycan_fi_md_77_an df6_t_h_lycan_fi_pd_74_an df6_t_h_lycan_fi_pd_75_an df6_t_h_lycan_fi_pd_76_an df6_t_h_lycan_fi_pd_77_an df6_t_h_lycan_fi_low_74_an df6_t_h_lycan_fi_low_75_an df6_t_h_lycan_fi_low_76_an df6_t_h_lycan_fi_low_77_an df6_h_lycan_as_68_an df6_h_lycan_as_69_an df6_h_lycan_as_70_an df6_h_lycan_as_71_an df6_h_lycan_as_72_an df6_h_lycan_as_73_an df6_t_h_lycan_as_74_an df6_t_h_lycan_as_75_an df6_t_h_lycan_as_76_an df6_t_h_lycan_as_77_an df6_h_lycan_as_str_68_an df6_h_lycan_as_str_69_an df6_h_lycan_as_str_70_an df6_h_lycan_as_str_71_an df6_h_lycan_as_str_72_an df6_h_lycan_as_str_73_an df6_h_lycan_as_str_geno_68_an df6_h_lycan_as_str_geno_69_an df6_h_lycan_as_str_geno_70_an df6_h_lycan_as_str_geno_71_an df6_h_lycan_as_str_geno_72_an df6_h_lycan_as_str_geno_73_an df6_h_lycan_as_md_68_an df6_h_lycan_as_md_69_an df6_h_lycan_as_md_70_an df6_h_lycan_as_md_71_an df6_h_lycan_as_md_72_an df6_h_lycan_as_md_73_an df6_h_lycan_as_pd_68_an df6_h_lycan_as_pd_69_an df6_h_lycan_as_pd_70_an df6_h_lycan_as_pd_71_an df6_h_lycan_as_pd_72_an df6_h_lycan_as_pd_73_an df6_h_lycan_as_low_68_an df6_h_lycan_as_low_69_an df6_h_lycan_as_low_70_an df6_h_lycan_as_low_71_an df6_h_lycan_as_low_72_an df6_h_lycan_as_low_73_an df6_h_lycan_as_random_68_an df6_h_lycan_as_random_69_an df6_h_lycan_as_random_70_an df6_h_lycan_as_random_71_an df6_h_lycan_as_random_72_an df6_h_lycan_as_random_73_an df6_t_h_lycan_as_str_74_an df6_t_h_lycan_as_str_75_an df6_t_h_lycan_as_str_76_an df6_t_h_lycan_as_str_77_an df6_t_h_lycan_as_md_74_an df6_t_h_lycan_as_md_75_an df6_t_h_lycan_as_md_76_an df6_t_h_lycan_as_md_77_an df6_t_h_lycan_as_pd_74_an df6_t_h_lycan_as_pd_75_an df6_t_h_lycan_as_pd_76_an df6_t_h_lycan_as_pd_77_an df6_t_h_lycan_as_low_74_an df6_t_h_lycan_as_low_75_an df6_t_h_lycan_as_low_76_an df6_t_h_lycan_as_low_77_an df6_h_lycan_ra_68_an df6_h_lycan_ra_69_an df6_h_lycan_ra_70_an df6_h_lycan_ra_71_an df6_h_lycan_ra_72_an df6_h_lycan_ra_73_an df6_t_h_lycan_ra_74_an df6_t_h_lycan_ra_75_an df6_t_h_lycan_ra_76_an df6_t_h_lycan_ra_77_an df6_h_lycan_ra_str_68_an df6_h_lycan_ra_str_69_an df6_h_lycan_ra_str_70_an df6_h_lycan_ra_str_71_an df6_h_lycan_ra_str_72_an df6_h_lycan_ra_str_73_an df6_h_lycan_ra_str_geno_68_an df6_h_lycan_ra_str_geno_69_an df6_h_lycan_ra_str_geno_70_an df6_h_lycan_ra_str_geno_71_an df6_h_lycan_ra_str_geno_72_an df6_h_lycan_ra_str_geno_73_an df6_h_lycan_ra_md_68_an df6_h_lycan_ra_md_69_an df6_h_lycan_ra_md_70_an df6_h_lycan_ra_md_71_an df6_h_lycan_ra_md_72_an df6_h_lycan_ra_md_73_an df6_h_lycan_ra_pd_68_an df6_h_lycan_ra_pd_69_an df6_h_lycan_ra_pd_70_an df6_h_lycan_ra_pd_71_an df6_h_lycan_ra_pd_72_an df6_h_lycan_ra_pd_73_an df6_h_lycan_ra_low_68_an df6_h_lycan_ra_low_69_an df6_h_lycan_ra_low_70_an df6_h_lycan_ra_low_71_an df6_h_lycan_ra_low_72_an df6_h_lycan_ra_low_73_an df6_h_lycan_ra_random_68_an df6_h_lycan_ra_random_69_an df6_h_lycan_ra_random_70_an df6_h_lycan_ra_random_71_an df6_h_lycan_ra_random_72_an df6_h_lycan_ra_random_73_an df6_t_h_lycan_ra_str_74_an df6_t_h_lycan_ra_str_75_an df6_t_h_lycan_ra_str_76_an df6_t_h_lycan_ra_str_77_an df6_t_h_lycan_ra_md_74_an df6_t_h_lycan_ra_md_75_an df6_t_h_lycan_ra_md_76_an df6_t_h_lycan_ra_md_77_an df6_t_h_lycan_ra_pd_74_an df6_t_h_lycan_ra_pd_75_an df6_t_h_lycan_ra_pd_76_an df6_t_h_lycan_ra_pd_77_an df6_t_h_lycan_ra_low_74_an df6_t_h_lycan_ra_low_75_an df6_t_h_lycan_ra_low_76_an df6_t_h_lycan_ra_low_77_an df6_h_lycan_wi_68_an df6_h_lycan_wi_69_an df6_h_lycan_wi_70_an df6_h_lycan_wi_71_an df6_h_lycan_wi_72_an df6_h_lycan_wi_73_an df6_t_h_lycan_wi_74_an df6_t_h_lycan_wi_75_an df6_t_h_lycan_wi_76_an df6_t_h_lycan_wi_77_an df6_h_lycan_wi_str_68_an df6_h_lycan_wi_str_69_an df6_h_lycan_wi_str_70_an df6_h_lycan_wi_str_71_an df6_h_lycan_wi_str_72_an df6_h_lycan_wi_str_73_an df6_h_lycan_wi_str_geno_68_an df6_h_lycan_wi_str_geno_69_an df6_h_lycan_wi_str_geno_70_an df6_h_lycan_wi_str_geno_71_an df6_h_lycan_wi_str_geno_72_an df6_h_lycan_wi_str_geno_73_an df6_h_lycan_wi_md_68_an df6_h_lycan_wi_md_69_an df6_h_lycan_wi_md_70_an df6_h_lycan_wi_md_71_an df6_h_lycan_wi_md_72_an df6_h_lycan_wi_md_73_an df6_h_lycan_wi_pd_68_an df6_h_lycan_wi_pd_69_an df6_h_lycan_wi_pd_70_an df6_h_lycan_wi_pd_71_an df6_h_lycan_wi_pd_72_an df6_h_lycan_wi_pd_73_an df6_h_lycan_wi_low_68_an df6_h_lycan_wi_low_69_an df6_h_lycan_wi_low_70_an df6_h_lycan_wi_low_71_an df6_h_lycan_wi_low_72_an df6_h_lycan_wi_low_73_an df6_h_lycan_wi_random_68_an df6_h_lycan_wi_random_69_an df6_h_lycan_wi_random_70_an df6_h_lycan_wi_random_71_an df6_h_lycan_wi_random_72_an df6_h_lycan_wi_random_73_an df6_t_h_lycan_wi_str_74_an df6_t_h_lycan_wi_str_75_an df6_t_h_lycan_wi_str_76_an df6_t_h_lycan_wi_str_77_an df6_t_h_lycan_wi_md_74_an df6_t_h_lycan_wi_md_75_an df6_t_h_lycan_wi_md_76_an df6_t_h_lycan_wi_md_77_an df6_t_h_lycan_wi_pd_74_an df6_t_h_lycan_wi_pd_75_an df6_t_h_lycan_wi_pd_76_an df6_t_h_lycan_wi_pd_77_an df6_t_h_lycan_wi_low_74_an df6_t_h_lycan_wi_low_75_an df6_t_h_lycan_wi_low_76_an df6_t_h_lycan_wi_low_77_an
25531,Progress(SECTION_0==0; SECTION_1<30),0,1,30,simpleQuest,16,lf6_t_scorpion_h_72_n lf6_t_scorpion_h_73_n lf6_t_scorpion_h_74_n lf6_h_flowerworm_68_an lf6_h_flowerworm_69_an lf6_t_h_flowerworm_72_an lf6_t_h_flowerworm_73_an lf6_t_h_flowerworm_74_an lf6_krall_fi_h_68_d lf6_krall_fi_h_69_d lf6_krall_fi_h_70_d lf6_krall_fi_h_71_d lf6_krall_fi_h_72_d lf6_krall_fi_h_73_d lf6_t_krall_fi_h_74_d lf6_t_krall_fi_h_75_d lf6_t_krall_fi_h_76_d lf6_t_krall_fi_h_77_d lf6_krall_as_h_68_d lf6_krall_as_h_69_d lf6_krall_as_h_70_d lf6_krall_as_h_71_d lf6_krall_as_h_72_d lf6_krall_as_h_73_d lf6_t_krall_as_h_74_d lf6_t_krall_as_h_75_d lf6_t_krall_as_h_76_d lf6_t_krall_as_h_77_d lf6_krall_pr_h_68_d lf6_krall_pr_h_69_d lf6_krall_pr_h_70_d lf6_krall_pr_h_71_d lf6_krall_pr_h_72_d lf6_krall_pr_h_73_d lf6_t_krall_pr_h_74_d lf6_t_krall_pr_h_75_d lf6_t_krall_pr_h_76_d lf6_t_krall_pr_h_77_d lf6_krall_ra_h2_68_d lf6_krall_ra_h2_69_d lf6_krall_ra_h2_70_d lf6_krall_ra_h2_71_d lf6_krall_ra_h2_72_d lf6_krall_ra_h2_73_d lf6_t_krall_ra_h2_74_d lf6_t_krall_ra_h2_75_d lf6_t_krall_ra_h2_76_d lf6_t_krall_ra_h2_77_d lf6_krall_fi_h_68_d_str lf6_krall_fi_h_69_d_str lf6_krall_fi_h_70_d_str lf6_krall_fi_h_71_d_str lf6_krall_fi_h_72_d_str lf6_krall_fi_h_73_d_str lf6_krall_fi_h_68_d_str_geno lf6_krall_fi_h_69_d_str_geno lf6_krall_fi_h_70_d_str_geno lf6_krall_fi_h_71_d_str_geno lf6_krall_fi_h_72_d_str_geno lf6_krall_fi_h_73_d_str_geno lf6_krall_fi_h_68_d_md lf6_krall_fi_h_69_d_md lf6_krall_fi_h_70_d_md lf6_krall_fi_h_71_d_md lf6_krall_fi_h_72_d_md lf6_krall_fi_h_73_d_md lf6_krall_fi_h_68_d_pd lf6_krall_fi_h_69_d_pd lf6_krall_fi_h_70_d_pd lf6_krall_fi_h_71_d_pd lf6_krall_fi_h_72_d_pd lf6_krall_fi_h_73_d_pd lf6_krall_fi_h_68_d_low lf6_krall_fi_h_69_d_low lf6_krall_fi_h_70_d_low lf6_krall_fi_h_71_d_low lf6_krall_fi_h_72_d_low lf6_krall_fi_h_73_d_low lf6_krall_fi_h_68_d_random lf6_krall_fi_h_69_d_random lf6_krall_fi_h_70_d_random lf6_krall_fi_h_71_d_random lf6_krall_fi_h_72_d_random lf6_krall_fi_h_73_d_random lf6_t_krall_fi_h_74_d_str lf6_t_krall_fi_h_75_d_str lf6_t_krall_fi_h_76_d_str lf6_t_krall_fi_h_77_d_str lf6_t_krall_fi_h_74_d_md lf6_t_krall_fi_h_75_d_md lf6_t_krall_fi_h_76_d_md lf6_t_krall_fi_h_77_d_md lf6_t_krall_fi_h_74_d_pd lf6_t_krall_fi_h_75_d_pd lf6_t_krall_fi_h_76_d_pd lf6_t_krall_fi_h_77_d_pd lf6_t_krall_fi_h_74_d_low lf6_t_krall_fi_h_75_d_low lf6_t_krall_fi_h_76_d_low lf6_t_krall_fi_h_77_d_low lf6_krall_ra_h2_68_d_str lf6_krall_ra_h2_69_d_str lf6_krall_ra_h2_70_d_str lf6_krall_ra_h2_71_d_str lf6_krall_ra_h2_72_d_str lf6_krall_ra_h2_73_d_str lf6_krall_ra_h2_68_d_str_geno lf6_krall_ra_h2_69_d_str_geno lf6_krall_ra_h2_70_d_str_geno lf6_krall_ra_h2_71_d_str_geno lf6_krall_ra_h2_72_d_str_geno lf6_krall_ra_h2_73_d_str_geno lf6_krall_ra_h2_68_d_md lf6_krall_ra_h2_69_d_md lf6_krall_ra_h2_70_d_md lf6_krall_ra_h2_71_d_md lf6_krall_ra_h2_72_d_md lf6_krall_ra_h2_73_d_md lf6_krall_ra_h2_68_d_pd lf6_krall_ra_h2_69_d_pd lf6_krall_ra_h2_70_d_pd lf6_krall_ra_h2_71_d_pd lf6_krall_ra_h2_72_d_pd lf6_krall_ra_h2_73_d_pd lf6_krall_ra_h2_68_d_low lf6_krall_ra_h2_69_d_low lf6_krall_ra_h2_70_d_low lf6_krall_ra_h2_71_d_low lf6_krall_ra_h2_72_d_low lf6_krall_ra_h2_73_d_low lf6_krall_ra_h2_68_d_random lf6_krall_ra_h2_69_d_random lf6_krall_ra_h2_70_d_random lf6_krall_ra_h2_71_d_random lf6_krall_ra_h2_72_d_random lf6_krall_ra_h2_73_d_random lf6_t_krall_ra_h2_74_d_str lf6_t_krall_ra_h2_75_d_str lf6_t_krall_ra_h2_76_d_str lf6_t_krall_ra_h2_77_d_str lf6_t_krall_ra_h2_74_d_md lf6_t_krall_ra_h2_75_d_md lf6_t_krall_ra_h2_76_d_md lf6_t_krall_ra_h2_77_d_md lf6_t_krall_ra_h2_74_d_pd lf6_t_krall_ra_h2_75_d_pd lf6_t_krall_ra_h2_76_d_pd lf6_t_krall_ra_h2_77_d_pd lf6_t_krall_ra_h2_74_d_low lf6_t_krall_ra_h2_75_d_low lf6_t_krall_ra_h2_76_d_low lf6_t_krall_ra_h2_77_d_low lf6_krall_as_h_68_d_str lf6_krall_as_h_69_d_str lf6_krall_as_h_70_d_str lf6_krall_as_h_71_d_str lf6_krall_as_h_72_d_str lf6_krall_as_h_73_d_str lf6_krall_as_h_68_d_str_geno lf6_krall_as_h_69_d_str_geno lf6_krall_as_h_70_d_str_geno lf6_krall_as_h_71_d_str_geno lf6_krall_as_h_72_d_str_geno lf6_krall_as_h_73_d_str_geno lf6_krall_as_h_68_d_md lf6_krall_as_h_69_d_md lf6_krall_as_h_70_d_md lf6_krall_as_h_71_d_md lf6_krall_as_h_72_d_md lf6_krall_as_h_73_d_md lf6_krall_as_h_68_d_pd lf6_krall_as_h_69_d_pd lf6_krall_as_h_70_d_pd lf6_krall_as_h_71_d_pd lf6_krall_as_h_72_d_pd lf6_krall_as_h_73_d_pd lf6_krall_as_h_68_d_low lf6_krall_as_h_69_d_low lf6_krall_as_h_70_d_low lf6_krall_as_h_71_d_low lf6_krall_as_h_72_d_low lf6_krall_as_h_73_d_low lf6_krall_as_h_68_d_random lf6_krall_as_h_69_d_random lf6_krall_as_h_70_d_random lf6_krall_as_h_71_d_random lf6_krall_as_h_72_d_random lf6_krall_as_h_73_d_random lf6_t_krall_as_h_74_d_str lf6_t_krall_as_h_75_d_str lf6_t_krall_as_h_76_d_str lf6_t_krall_as_h_77_d_str lf6_t_krall_as_h_74_d_md lf6_t_krall_as_h_75_d_md lf6_t_krall_as_h_76_d_md lf6_t_krall_as_h_77_d_md lf6_t_krall_as_h_74_d_pd lf6_t_krall_as_h_75_d_pd lf6_t_krall_as_h_76_d_pd lf6_t_krall_as_h_77_d_pd lf6_t_krall_as_h_74_d_low lf6_t_krall_as_h_75_d_low lf6_t_krall_as_h_76_d_low lf6_t_krall_as_h_77_d_low lf6_krall_pr_h_68_d_str lf6_krall_pr_h_69_d_str lf6_krall_pr_h_70_d_str lf6_krall_pr_h_71_d_str lf6_krall_pr_h_72_d_str lf6_krall_pr_h_73_d_str lf6_krall_pr_h_68_d_str_geno lf6_krall_pr_h_69_d_str_geno lf6_krall_pr_h_70_d_str_geno lf6_krall_pr_h_71_d_str_geno lf6_krall_pr_h_72_d_str_geno lf6_krall_pr_h_73_d_str_geno lf6_krall_pr_h_68_d_md lf6_krall_pr_h_69_d_md lf6_krall_pr_h_70_d_md lf6_krall_pr_h_71_d_md lf6_krall_pr_h_72_d_md lf6_krall_pr_h_73_d_md lf6_krall_pr_h_68_d_pd lf6_krall_pr_h_69_d_pd lf6_krall_pr_h_70_d_pd lf6_krall_pr_h_71_d_pd lf6_krall_pr_h_72_d_pd lf6_krall_pr_h_73_d_pd lf6_krall_pr_h_68_d_low lf6_krall_pr_h_69_d_low lf6_krall_pr_h_70_d_low lf6_krall_pr_h_71_d_low lf6_krall_pr_h_72_d_low lf6_krall_pr_h_73_d_low lf6_krall_pr_h_68_d_random lf6_krall_pr_h_69_d_random lf6_krall_pr_h_70_d_random lf6_krall_pr_h_71_d_random lf6_krall_pr_h_72_d_random lf6_krall_pr_h_73_d_random lf6_t_krall_pr_h_74_d_str lf6_t_krall_pr_h_75_d_str lf6_t_krall_pr_h_76_d_str lf6_t_krall_pr_h_77_d_str lf6_t_krall_pr_h_74_d_md lf6_t_krall_pr_h_75_d_md lf6_t_krall_pr_h_76_d_md lf6_t_krall_pr_h_77_d_md lf6_t_krall_pr_h_74_d_pd lf6_t_krall_pr_h_75_d_pd lf6_t_krall_pr_h_76_d_pd lf6_t_krall_pr_h_77_d_pd lf6_t_krall_pr_h_74_d_low lf6_t_krall_pr_h_75_d_low lf6_t_krall_pr_h_76_d_low lf6_t_krall_pr_h_77_d_low lf6_browniem_fi_h2_68_d lf6_browniem_fi_h2_69_d lf6_browniem_fi_h2_70_d lf6_browniem_fi_h2_71_d lf6_browniem_fi_h2_72_d lf6_browniem_fi_h2_73_d lf6_t_browniem_fi_h2_74_d lf6_t_browniem_fi_h2_75_d lf6_t_browniem_fi_h2_76_d lf6_t_browniem_fi_h2_77_d lf6_brownief_ch_h2_68_d lf6_brownief_ch_h2_69_d lf6_brownief_ch_h2_70_d lf6_brownief_ch_h2_71_d lf6_brownief_ch_h2_72_d lf6_brownief_ch_h2_73_d lf6_t_brownief_ch_h2_74_d lf6_t_brownief_ch_h2_75_d lf6_t_brownief_ch_h2_76_d lf6_t_brownief_ch_h2_77_d lf6_brownief_fi_h2_68_d lf6_brownief_fi_h2_69_d lf6_brownief_fi_h2_70_d lf6_brownief_fi_h2_71_d lf6_brownief_fi_h2_72_d lf6_brownief_fi_h2_73_d lf6_t_brownief_fi_h2_74_d lf6_t_brownief_fi_h2_75_d lf6_t_brownief_fi_h2_76_d lf6_t_brownief_fi_h2_77_d lf6_brownief_fi_h2_68_d_str lf6_brownief_fi_h2_69_d_str lf6_brownief_fi_h2_70_d_str lf6_brownief_fi_h2_71_d_str lf6_brownief_fi_h2_72_d_str lf6_brownief_fi_h2_73_d_str lf6_brownief_fi_h2_68_d_str_geno lf6_brownief_fi_h2_69_d_str_geno lf6_brownief_fi_h2_70_d_str_geno lf6_brownief_fi_h2_71_d_str_geno lf6_brownief_fi_h2_72_d_str_geno lf6_brownief_fi_h2_73_d_str_geno lf6_brownief_fi_h2_68_d_md lf6_brownief_fi_h2_69_d_md lf6_brownief_fi_h2_70_d_md lf6_brownief_fi_h2_71_d_md lf6_brownief_fi_h2_72_d_md lf6_brownief_fi_h2_73_d_md lf6_brownief_fi_h2_68_d_pd lf6_brownief_fi_h2_69_d_pd lf6_brownief_fi_h2_70_d_pd lf6_brownief_fi_h2_71_d_pd lf6_brownief_fi_h2_72_d_pd lf6_brownief_fi_h2_73_d_pd lf6_brownief_fi_h2_68_d_low lf6_brownief_fi_h2_69_d_low lf6_brownief_fi_h2_70_d_low lf6_brownief_fi_h2_71_d_low lf6_brownief_fi_h2_72_d_low lf6_brownief_fi_h2_73_d_low lf6_brownief_fi_h2_68_d_random lf6_brownief_fi_h2_69_d_random lf6_brownief_fi_h2_70_d_random lf6_brownief_fi_h2_71_d_random lf6_brownief_fi_h2_72_d_random lf6_brownief_fi_h2_73_d_random lf6_t_brownief_fi_h2_74_d_str lf6_t_brownief_fi_h2_75_d_str lf6_t_brownief_fi_h2_76_d_str lf6_t_brownief_fi_h2_77_d_str lf6_t_brownief_fi_h2_74_d_md lf6_t_brownief_fi_h2_75_d_md lf6_t_brownief_fi_h2_76_d_md lf6_t_brownief_fi_h2_77_d_md lf6_t_brownief_fi_h2_74_d_pd lf6_t_brownief_fi_h2_75_d_pd lf6_t_brownief_fi_h2_76_d_pd lf6_t_brownief_fi_h2_77_d_pd lf6_t_brownief_fi_h2_74_d_low lf6_t_brownief_fi_h2_75_d_low lf6_t_brownief_fi_h2_76_d_low lf6_t_brownief_fi_h2_77_d_low lf6_browniem_fi_h2_68_d_str lf6_browniem_fi_h2_69_d_str lf6_browniem_fi_h2_70_d_str lf6_browniem_fi_h2_71_d_str lf6_browniem_fi_h2_72_d_str lf6_browniem_fi_h2_73_d_str lf6_browniem_fi_h2_68_d_str_geno lf6_browniem_fi_h2_69_d_str_geno lf6_browniem_fi_h2_70_d_str_geno lf6_browniem_fi_h2_71_d_str_geno lf6_browniem_fi_h2_72_d_str_geno lf6_browniem_fi_h2_73_d_str_geno lf6_browniem_fi_h2_68_d_md lf6_browniem_fi_h2_69_d_md lf6_browniem_fi_h2_70_d_md lf6_browniem_fi_h2_71_d_md lf6_browniem_fi_h2_72_d_md lf6_browniem_fi_h2_73_d_md lf6_browniem_fi_h2_68_d_pd lf6_browniem_fi_h2_69_d_pd lf6_browniem_fi_h2_70_d_pd lf6_browniem_fi_h2_71_d_pd lf6_browniem_fi_h2_72_d_pd lf6_browniem_fi_h2_73_d_pd lf6_browniem_fi_h2_68_d_low lf6_browniem_fi_h2_69_d_low lf6_browniem_fi_h2_70_d_low lf6_browniem_fi_h2_71_d_low lf6_browniem_fi_h2_72_d_low lf6_browniem_fi_h2_73_d_low lf6_browniem_fi_h2_68_d_random lf6_browniem_fi_h2_69_d_random lf6_browniem_fi_h2_70_d_random lf6_browniem_fi_h2_71_d_random lf6_browniem_fi_h2_72_d_random lf6_browniem_fi_h2_73_d_random lf6_t_browniem_fi_h2_74_d_str lf6_t_browniem_fi_h2_75_d_str lf6_t_browniem_fi_h2_76_d_str lf6_t_browniem_fi_h2_77_d_str lf6_t_browniem_fi_h2_74_d_md lf6_t_browniem_fi_h2_75_d_md lf6_t_browniem_fi_h2_76_d_md lf6_t_browniem_fi_h2_77_d_md lf6_t_browniem_fi_h2_74_d_pd lf6_t_browniem_fi_h2_75_d_pd lf6_t_browniem_fi_h2_76_d_pd lf6_t_browniem_fi_h2_77_d_pd lf6_t_browniem_fi_h2_74_d_low lf6_t_browniem_fi_h2_75_d_low lf6_t_browniem_fi_h2_76_d_low lf6_t_browniem_fi_h2_77_d_low lf6_brownief_ch_h2_68_d_str lf6_brownief_ch_h2_69_d_str lf6_brownief_ch_h2_70_d_str lf6_brownief_ch_h2_71_d_str lf6_brownief_ch_h2_72_d_str lf6_brownief_ch_h2_73_d_str lf6_brownief_ch_h2_68_d_str_geno lf6_brownief_ch_h2_69_d_str_geno lf6_brownief_ch_h2_70_d_str_geno lf6_brownief_ch_h2_71_d_str_geno lf6_brownief_ch_h2_72_d_str_geno lf6_brownief_ch_h2_73_d_str_geno lf6_brownief_ch_h2_68_d_md lf6_brownief_ch_h2_69_d_md lf6_brownief_ch_h2_70_d_md lf6_brownief_ch_h2_71_d_md lf6_brownief_ch_h2_72_d_md lf6_brownief_ch_h2_73_d_md lf6_brownief_ch_h2_68_d_pd lf6_brownief_ch_h2_69_d_pd lf6_brownief_ch_h2_70_d_pd lf6_brownief_ch_h2_71_d_pd lf6_brownief_ch_h2_72_d_pd lf6_brownief_ch_h2_73_d_pd lf6_brownief_ch_h2_68_d_low lf6_brownief_ch_h2_69_d_low lf6_brownief_ch_h2_70_d_low lf6_brownief_ch_h2_71_d_low lf6_brownief_ch_h2_72_d_low lf6_brownief_ch_h2_73_d_low lf6_brownief_ch_h2_68_d_random lf6_brownief_ch_h2_69_d_random lf6_brownief_ch_h2_70_d_random lf6_brownief_ch_h2_71_d_random lf6_brownief_ch_h2_72_d_random lf6_brownief_ch_h2_73_d_random lf6_t_brownief_ch_h2_74_d_str lf6_t_brownief_ch_h2_75_d_str lf6_t_brownief_ch_h2_76_d_str lf6_t_brownief_ch_h2_77_d_str lf6_t_brownief_ch_h2_74_d_md lf6_t_brownief_ch_h2_75_d_md lf6_t_brownief_ch_h2_76_d_md lf6_t_brownief_ch_h2_77_d_md lf6_t_brownief_ch_h2_74_d_pd lf6_t_brownief_ch_h2_75_d_pd lf6_t_brownief_ch_h2_76_d_pd lf6_t_brownief_ch_h2_77_d_pd lf6_t_brownief_ch_h2_74_d_low lf6_t_brownief_ch_h2_75_d_low lf6_t_brownief_ch_h2_76_d_low lf6_t_brownief_ch_h2_77_d_low
25533,Progress(SECTION_0==0; SECTION_1<30),0,1,30,simpleQuest,23,df6_i_flowerworm_67_an df6_i_flowerworm_68_an df6_t_i_flowerworm_69_an df6_t_i_flowerworm_70_an df6_t_i_flowerworm_71_an df6_i_shellizard_67_n df6_i_shellizard_68_n df6_t_i_shellizard_69_n df6_t_i_shellizard_70_n df6_t_i_shellizard_71_n df6_i_popoku_fi_67_an df6_i_popoku_fi_68_an df6_i_popoku_fi_69_an df6_i_popoku_fi_70_an df6_i_popoku_fi_71_an df6_t_i_popoku_fi_71_an df6_t_i_popoku_fi_72_an df6_t_i_popoku_fi_73_an df6_t_i_popoku_fi_74_an df6_i_fungus_67_an df6_i_fungus_68_an df6_i_fungus_69_an df6_i_fungus_70_an df6_i_fungus_71_an df6_t_i_fungus_71_an df6_t_i_fungus_72_an df6_t_i_fungus_73_an df6_t_i_fungus_74_an df6_i_lepisma_67_n df6_i_lepisma_68_n df6_i_lepisma_69_n df6_i_lepisma_70_n df6_i_lepisma_71_n df6_t_i_lepisma_71_n df6_t_i_lepisma_72_n df6_t_i_lepisma_73_n df6_t_i_lepisma_74_n df6_i_popoku_fi_str_67_an df6_i_popoku_fi_str_68_an df6_i_popoku_fi_str_69_an df6_i_popoku_fi_str_70_an df6_i_popoku_fi_str_71_an df6_t_i_popoku_fi_str_71_an df6_t_i_popoku_fi_str_72_an df6_t_i_popoku_fi_str_73_an df6_t_i_popoku_fi_str_74_an df6_i_popoku_fi_str_geno_67_an df6_i_popoku_fi_str_geno_68_an df6_i_popoku_fi_str_geno_69_an df6_i_popoku_fi_str_geno_70_an df6_i_popoku_fi_str_geno_71_an df6_i_popoku_fi_md_67_an df6_i_popoku_fi_md_68_an df6_i_popoku_fi_md_69_an df6_i_popoku_fi_md_70_an df6_i_popoku_fi_md_71_an df6_t_i_popoku_fi_md_71_an df6_t_i_popoku_fi_md_72_an df6_t_i_popoku_fi_md_73_an df6_t_i_popoku_fi_md_74_an df6_i_popoku_fi_pd_67_an df6_i_popoku_fi_pd_68_an df6_i_popoku_fi_pd_69_an df6_i_popoku_fi_pd_70_an df6_i_popoku_fi_pd_71_an df6_t_i_popoku_fi_pd_71_an df6_t_i_popoku_fi_pd_72_an df6_t_i_popoku_fi_pd_73_an df6_t_i_popoku_fi_pd_74_an df6_i_popoku_fi_low_67_an df6_i_popoku_fi_low_68_an df6_i_popoku_fi_low_69_an df6_i_popoku_fi_low_70_an df6_i_popoku_fi_low_71_an df6_t_i_popoku_fi_low_71_an df6_t_i_popoku_fi_low_72_an df6_t_i_popoku_fi_low_73_an df6_t_i_popoku_fi_low_74_an df6_i_popoku_fi_random_67_an df6_i_popoku_fi_random_68_an df6_i_popoku_fi_random_69_an df6_i_popoku_fi_random_70_an df6_i_popoku_fi_random_71_an df6_i_fungus_str_67_an df6_i_fungus_str_68_an df6_i_fungus_str_69_an df6_i_fungus_str_70_an df6_i_fungus_str_71_an df6_t_i_fungus_str_71_an df6_t_i_fungus_str_72_an df6_t_i_fungus_str_73_an df6_t_i_fungus_str_74_an df6_i_fungus_str_geno_67_an df6_i_fungus_str_geno_68_an df6_i_fungus_str_geno_69_an df6_i_fungus_str_geno_70_an df6_i_fungus_str_geno_71_an df6_i_fungus_md_67_an df6_i_fungus_md_68_an df6_i_fungus_md_69_an df6_i_fungus_md_70_an df6_i_fungus_md_71_an df6_t_i_fungus_md_71_an df6_t_i_fungus_md_72_an df6_t_i_fungus_md_73_an df6_t_i_fungus_md_74_an df6_i_fungus_pd_67_an df6_i_fungus_pd_68_an df6_i_fungus_pd_69_an df6_i_fungus_pd_70_an df6_i_fungus_pd_71_an df6_t_i_fungus_pd_71_an df6_t_i_fungus_pd_72_an df6_t_i_fungus_pd_73_an df6_t_i_fungus_pd_74_an df6_i_fungus_low_67_an df6_i_fungus_low_68_an df6_i_fungus_low_69_an df6_i_fungus_low_70_an df6_i_fungus_low_71_an df6_t_i_fungus_low_71_an df6_t_i_fungus_low_72_an df6_t_i_fungus_low_73_an df6_t_i_fungus_low_74_an df6_i_fungus_random_67_an df6_i_fungus_random_68_an df6_i_fungus_random_69_an df6_i_fungus_random_70_an df6_i_fungus_random_71_an df6_i_lepisma_str_67_an df6_i_lepisma_str_68_an df6_i_lepisma_str_69_an df6_i_lepisma_str_70_an df6_i_lepisma_str_71_an df6_t_i_lepisma_str_71_an df6_t_i_lepisma_str_72_an df6_t_i_lepisma_str_73_an df6_t_i_lepisma_str_74_an df6_i_lepisma_str_geno_67_an df6_i_lepisma_str_geno_68_an df6_i_lepisma_str_geno_69_an df6_i_lepisma_str_geno_70_an df6_i_lepisma_str_geno_71_an df6_i_lepisma_md_67_an df6_i_lepisma_md_68_an df6_i_lepisma_md_69_an df6_i_lepisma_md_70_an df6_i_lepisma_md_71_an df6_t_i_lepisma_md_71_an df6_t_i_lepisma_md_72_an df6_t_i_lepisma_md_73_an df6_t_i_lepisma_md_74_an df6_i_lepisma_pd_67_an df6_i_lepisma_pd_68_an df6_i_lepisma_pd_69_an df6_i_lepisma_pd_70_an df6_i_lepisma_pd_71_an df6_t_i_lepisma_pd_71_an df6_t_i_lepisma_pd_72_an df6_t_i_lepisma_pd_73_an df6_t_i_lepisma_pd_74_an df6_i_lepisma_low_67_an df6_i_lepisma_low_68_an df6_i_lepisma_low_69_an df6_i_lepisma_low_70_an df6_i_lepisma_low_71_an df6_t_i_lepisma_low_71_an df6_t_i_lepisma_low_72_an df6_t_i_lepisma_low_73_an df6_t_i_lepisma_low_74_an df6_i_lepisma_random_67_an df6_i_lepisma_random_68_an df6_i_lepisma_random_69_an df6_i_lepisma_random_70_an df6_i_lepisma_random_71_an
25534,Progress(SECTION_0==0; SECTION_1<30),0,1,30,simpleQuest,24,lf6_shellizard_i_67_n lf6_shellizard_i_68_n lf6_t_shellizard_i_69_n lf6_t_shellizard_i_70_n lf6_t_shellizard_i_71_n lf6_fellial_i_67_n lf6_fellial_i_68_n lf6_t_fellial_i_69_n lf6_t_fellial_i_70_n lf6_t_fellial_i_71_n lf6_harpy_i_67_n lf6_harpy_i_68_n lf6_t_harpy_i_69_n lf6_t_harpy_i_70_n lf6_t_harpy_i_71_n lf6_bat_devil_i_67_d lf6_bat_devil_i_68_d lf6_bat_devil_i_69_d lf6_bat_devil_i_70_d lf6_bat_devil_i_71_d lf6_t_bat_devil_i_71_d lf6_t_bat_devil_i_72_d lf6_t_bat_devil_i_73_d lf6_t_bat_devil_i_74_d lf6_rottentree_i_67_d lf6_rottentree_i_68_d lf6_rottentree_i_69_d lf6_rottentree_i_70_d lf6_rottentree_i_71_d lf6_t_rottentree_i_71_d lf6_t_rottentree_i_72_d lf6_t_rottentree_i_73_d lf6_t_rottentree_i_74_d lf6_lepisma_i_67_d lf6_lepisma_i_68_d lf6_lepisma_i_69_d lf6_lepisma_i_70_d lf6_lepisma_i_71_d lf6_t_lepisma_i_71_d lf6_t_lepisma_i_72_d lf6_t_lepisma_i_73_d lf6_t_lepisma_i_74_d lf6_bat_devil_i_67_d_str lf6_bat_devil_i_68_d_str lf6_bat_devil_i_69_d_str lf6_bat_devil_i_70_d_str lf6_bat_devil_i_71_d_str lf6_t_bat_devil_i_71_d_str lf6_t_bat_devil_i_72_d_str lf6_t_bat_devil_i_73_d_str lf6_t_bat_devil_i_74_d_str lf6_bat_devil_i_67_d_str_geno lf6_bat_devil_i_68_d_str_geno lf6_bat_devil_i_69_d_str_geno lf6_bat_devil_i_70_d_str_geno lf6_bat_devil_i_71_d_str_geno lf6_bat_devil_i_67_d_md lf6_bat_devil_i_68_d_md lf6_bat_devil_i_69_d_md lf6_bat_devil_i_70_d_md lf6_bat_devil_i_71_d_md lf6_t_bat_devil_i_71_d_md lf6_t_bat_devil_i_72_d_md lf6_t_bat_devil_i_73_d_md lf6_t_bat_devil_i_74_d_md lf6_bat_devil_i_67_d_pd lf6_bat_devil_i_68_d_pd lf6_bat_devil_i_69_d_pd lf6_bat_devil_i_70_d_pd lf6_bat_devil_i_71_d_pd lf6_t_bat_devil_i_71_d_pd lf6_t_bat_devil_i_72_d_pd lf6_t_bat_devil_i_73_d_pd lf6_t_bat_devil_i_74_d_pd lf6_bat_devil_i_67_d_low lf6_bat_devil_i_68_d_low lf6_bat_devil_i_69_d_low lf6_bat_devil_i_70_d_low lf6_bat_devil_i_71_d_low lf6_t_bat_devil_i_71_d_low lf6_t_bat_devil_i_72_d_low lf6_t_bat_devil_i_73_d_low lf6_t_bat_devil_i_74_d_low lf6_bat_devil_i_67_d_random lf6_bat_devil_i_68_d_random lf6_bat_devil_i_69_d_random lf6_bat_devil_i_70_d_random lf6_bat_devil_i_71_d_random lf6_rottentree_i_67_d_str lf6_rottentree_i_68_d_str lf6_rottentree_i_69_d_str lf6_rottentree_i_70_d_str lf6_rottentree_i_71_d_str lf6_t_rottentree_i_71_d_str lf6_t_rottentree_i_72_d_str lf6_t_rottentree_i_73_d_str lf6_t_rottentree_i_74_d_str lf6_rottentree_i_67_d_str_geno lf6_rottentree_i_68_d_str_geno lf6_rottentree_i_69_d_str_geno lf6_rottentree_i_70_d_str_geno lf6_rottentree_i_71_d_str_geno lf6_rottentree_i_67_d_md lf6_rottentree_i_68_d_md lf6_rottentree_i_69_d_md lf6_rottentree_i_70_d_md lf6_rottentree_i_71_d_md lf6_t_rottentree_i_71_d_md lf6_t_rottentree_i_72_d_md lf6_t_rottentree_i_73_d_md lf6_t_rottentree_i_74_d_md lf6_rottentree_i_67_d_pd lf6_rottentree_i_68_d_pd lf6_rottentree_i_69_d_pd lf6_rottentree_i_70_d_pd lf6_rottentree_i_71_d_pd lf6_t_rottentree_i_71_d_pd lf6_t_rottentree_i_72_d_pd lf6_t_rottentree_i_73_d_pd lf6_t_rottentree_i_74_d_pd lf6_rottentree_i_67_d_low lf6_rottentree_i_68_d_low lf6_rottentree_i_69_d_low lf6_rottentree_i_70_d_low lf6_rottentree_i_71_d_low lf6_t_rottentree_i_71_d_low lf6_t_rottentree_i_72_d_low lf6_t_rottentree_i_73_d_low lf6_t_rottentree_i_74_d_low lf6_rottentree_i_67_d_random lf6_rottentree_i_68_d_random lf6_rottentree_i_69_d_random lf6_rottentree_i_70_d_random lf6_rottentree_i_71_d_random lf6_lepisma_i_67_d_str lf6_lepisma_i_68_d_str lf6_lepisma_i_69_d_str lf6_lepisma_i_70_d_str lf6_lepisma_i_71_d_str lf6_t_lepisma_i_71_d_str lf6_t_lepisma_i_72_d_str lf6_t_lepisma_i_73_d_str lf6_t_lepisma_i_74_d_str lf6_lepisma_i_67_d_str_geno lf6_lepisma_i_68_d_str_geno lf6_lepisma_i_69_d_str_geno lf6_lepisma_i_70_d_str_geno lf6_lepisma_i_71_d_str_geno lf6_lepisma_i_67_d_md lf6_lepisma_i_68_d_md lf6_lepisma_i_69_d_md lf6_lepisma_i_70_d_md lf6_lepisma_i_71_d_md lf6_t_lepisma_i_71_d_md lf6_t_lepisma_i_72_d_md lf6_t_lepisma_i_73_d_md lf6_t_lepisma_i_74_d_md lf6_lepisma_i_67_d_pd lf6_lepisma_i_68_d_pd lf6_lepisma_i_69_d_pd lf6_lepisma_i_70_d_pd lf6_lepisma_i_71_d_pd lf6_t_lepisma_i_71_d_pd lf6_t_lepisma_i_72_d_pd lf6_t_lepisma_i_73_d_pd lf6_t_lepisma_i_74_d_pd lf6_lepisma_i_67_d_low lf6_lepisma_i_68_d_low lf6_lepisma_i_69_d_low lf6_lepisma_i_70_d_low lf6_lepisma_i_71_d_low lf6_t_lepisma_i_71_d_low lf6_t_lepisma_i_72_d_low lf6_t_lepisma_i_73_d_low lf6_t_lepisma_i_74_d_low lf6_lepisma_i_67_d_random lf6_lepisma_i_68_d_random lf6_lepisma_i_69_d_random lf6_lepisma_i_70_d_random lf6_lepisma_i_71_d_random
25536,Progress(SECTION_0==0; SECTION_1<30),0,1,30,simpleQuest,9,df6_h2_flowerworm_68_an df6_h2_flowerworm_69_an df6_t_h2_flowerworm_72_an df6_t_h2_flowerworm_73_an df6_t_h2_flowerworm_74_an df6_h2_ratman_fi_68_an df6_h2_ratman_fi_69_an df6_h2_ratman_fi_70_an df6_h2_ratman_fi_71_an df6_h2_ratman_fi_72_an df6_h2_ratman_fi_73_an df6_t_h2_ratman_fi_74_an df6_t_h2_ratman_fi_75_an df6_t_h2_ratman_fi_76_an df6_t_h2_ratman_fi_77_an df6_h2_ratman_fi_str_68_an df6_h2_ratman_fi_str_69_an df6_h2_ratman_fi_str_70_an df6_h2_ratman_fi_str_71_an df6_h2_ratman_fi_str_72_an df6_h2_ratman_fi_str_73_an df6_h2_ratman_fi_str_geno_68_an df6_h2_ratman_fi_str_geno_69_an df6_h2_ratman_fi_str_geno_70_an df6_h2_ratman_fi_str_geno_71_an df6_h2_ratman_fi_str_geno_72_an df6_h2_ratman_fi_str_geno_73_an df6_h2_ratman_fi_md_68_an df6_h2_ratman_fi_md_69_an df6_h2_ratman_fi_md_70_an df6_h2_ratman_fi_md_71_an df6_h2_ratman_fi_md_72_an df6_h2_ratman_fi_md_73_an df6_h2_ratman_fi_pd_68_an df6_h2_ratman_fi_pd_69_an df6_h2_ratman_fi_pd_70_an df6_h2_ratman_fi_pd_71_an df6_h2_ratman_fi_pd_72_an df6_h2_ratman_fi_pd_73_an df6_h2_ratman_fi_low_68_an df6_h2_ratman_fi_low_69_an df6_h2_ratman_fi_low_70_an df6_h2_ratman_fi_low_71_an df6_h2_ratman_fi_low_72_an df6_h2_ratman_fi_low_73_an df6_h2_ratman_fi_random_68_an df6_h2_ratman_fi_random_69_an df6_h2_ratman_fi_random_70_an df6_h2_ratman_fi_random_71_an df6_h2_ratman_fi_random_72_an df6_h2_ratman_fi_random_73_an df6_t_h2_ratman_fi_str_74_an df6_t_h2_ratman_fi_str_75_an df6_t_h2_ratman_fi_str_76_an df6_t_h2_ratman_fi_str_77_an df6_t_h2_ratman_fi_md_74_an df6_t_h2_ratman_fi_md_75_an df6_t_h2_ratman_fi_md_76_an df6_t_h2_ratman_fi_md_77_an df6_t_h2_ratman_fi_pd_74_an df6_t_h2_ratman_fi_pd_75_an df6_t_h2_ratman_fi_pd_76_an df6_t_h2_ratman_fi_pd_77_an df6_t_h2_ratman_fi_low_74_an df6_t_h2_ratman_fi_low_75_an df6_t_h2_ratman_fi_low_76_an df6_t_h2_ratman_fi_low_77_an df6_h2_ratman_ra_68_an df6_h2_ratman_ra_69_an df6_h2_ratman_ra_70_an df6_h2_ratman_ra_71_an df6_h2_ratman_ra_72_an df6_h2_ratman_ra_73_an df6_t_h2_ratman_ra_74_an df6_t_h2_ratman_ra_75_an df6_t_h2_ratman_ra_76_an df6_t_h2_ratman_ra_77_an df6_h2_ratman_ra_str_68_an df6_h2_ratman_ra_str_69_an df6_h2_ratman_ra_str_70_an df6_h2_ratman_ra_str_71_an df6_h2_ratman_ra_str_72_an df6_h2_ratman_ra_str_73_an df6_h2_ratman_ra_str_geno_68_an df6_h2_ratman_ra_str_geno_69_an df6_h2_ratman_ra_str_geno_70_an df6_h2_ratman_ra_str_geno_71_an df6_h2_ratman_ra_str_geno_72_an df6_h2_ratman_ra_str_geno_73_an df6_h2_ratman_ra_md_68_an df6_h2_ratman_ra_md_69_an df6_h2_ratman_ra_md_70_an df6_h2_ratman_ra_md_71_an df6_h2_ratman_ra_md_72_an df6_h2_ratman_ra_md_73_an df6_h2_ratman_ra_pd_68_an df6_h2_ratman_ra_pd_69_an df6_h2_ratman_ra_pd_70_an df6_h2_ratman_ra_pd_71_an df6_h2_ratman_ra_pd_72_an df6_h2_ratman_ra_pd_73_an df6_h2_ratman_ra_low_68_an df6_h2_ratman_ra_low_69_an df6_h2_ratman_ra_low_70_an df6_h2_ratman_ra_low_71_an df6_h2_ratman_ra_low_72_an df6_h2_ratman_ra_low_73_an df6_h2_ratman_ra_random_68_an df6_h2_ratman_ra_random_69_an df6_h2_ratman_ra_random_70_an df6_h2_ratman_ra_random_71_an df6_h2_ratman_ra_random_72_an df6_h2_ratman_ra_random_73_an df6_t_h2_ratman_ra_str_74_an df6_t_h2_ratman_ra_str_75_an df6_t_h2_ratman_ra_str_76_an df6_t_h2_ratman_ra_str_77_an df6_t_h2_ratman_ra_md_74_an df6_t_h2_ratman_ra_md_75_an df6_t_h2_ratman_ra_md_76_an df6_t_h2_ratman_ra_md_77_an df6_t_h2_ratman_ra_pd_74_an df6_t_h2_ratman_ra_pd_75_an df6_t_h2_ratman_ra_pd_76_an df6_t_h2_ratman_ra_pd_77_an df6_t_h2_ratman_ra_low_74_an df6_t_h2_ratman_ra_low_75_an df6_t_h2_ratman_ra_low_76_an df6_t_h2_ratman_ra_low_77_an df6_h2_ratman_wife_68_n df6_h2_ratman_wife_69_n df6_h2_ratman_wife_70_n df6_h2_ratman_wife_71_n df6_h2_ratman_wife_72_n df6_h2_ratman_wife_73_n df6_t_h2_ratman_wife_74_n df6_t_h2_ratman_wife_75_n df6_t_h2_ratman_wife_76_n df6_t_h2_ratman_wife_77_n df6_h2_ratman_wife_str_68_an df6_h2_ratman_wife_str_69_an df6_h2_ratman_wife_str_70_an df6_h2_ratman_wife_str_71_an df6_h2_ratman_wife_str_72_an df6_h2_ratman_wife_str_73_an df6_h2_ratman_wife_str_geno_68_an df6_h2_ratman_wife_str_geno_69_an df6_h2_ratman_wife_str_geno_70_an df6_h2_ratman_wife_str_geno_71_an df6_h2_ratman_wife_str_geno_72_an df6_h2_ratman_wife_str_geno_73_an df6_h2_ratman_wife_md_68_an df6_h2_ratman_wife_md_69_an df6_h2_ratman_wife_md_70_an df6_h2_ratman_wife_md_71_an df6_h2_ratman_wife_md_72_an df6_h2_ratman_wife_md_73_an df6_h2_ratman_wife_pd_68_an df6_h2_ratman_wife_pd_69_an df6_h2_ratman_wife_pd_70_an df6_h2_ratman_wife_pd_71_an df6_h2_ratman_wife_pd_72_an df6_h2_ratman_wife_pd_73_an df6_h2_ratman_wife_low_68_an df6_h2_ratman_wife_low_69_an df6_h2_ratman_wife_low_70_an df6_h2_ratman_wife_low_71_an df6_h2_ratman_wife_low_72_an df6_h2_ratman_wife_low_73_an df6_h2_ratman_wife_random_68_an df6_h2_ratman_wife_random_69_an df6_h2_ratman_wife_random_70_an df6_h2_ratman_wife_random_71_an df6_h2_ratman_wife_random_72_an df6_h2_ratman_wife_random_73_an df6_t_h2_ratman_wife_str_74_an df6_t_h2_ratman_wife_str_75_an df6_t_h2_ratman_wife_str_76_an df6_t_h2_ratman_wife_str_77_an df6_t_h2_ratman_wife_md_74_an df6_t_h2_ratman_wife_md_75_an df6_t_h2_ratman_wife_md_76_an df6_t_h2_ratman_wife_md_77_an df6_t_h2_ratman_wife_pd_74_an df6_t_h2_ratman_wife_pd_75_an df6_t_h2_ratman_wife_pd_76_an df6_t_h2_ratman_wife_pd_77_an df6_t_h2_ratman_wife_low_74_an df6_t_h2_ratman_wife_low_75_an df6_t_h2_ratman_wife_low_76_an df6_t_h2_ratman_wife_low_77_an df6_t_re_h_lycan_ra_74_an df6_t_re_h_lycan_ra_76_an df6_t_re_h_lycan_ra_str_74_an df6_t_re_h_lycan_ra_md_75_an df6_t_re_h_lycan_ra_pd_76_an df6_t_re_h_lycan_ra_low_77_an df6_t_re_spawn_h_lycan_ra_str_74_an df6_t_re_spawn_h_lycan_ra_md_75_an df6_t_re_spawn_h_lycan_ra_pd_76_an df6_t_re_spawn_h_lycan_ra_low_77_an
25537,Progress(SECTION_0==0; SECTION_1<30),0,1,30,simpleQuest,17,lf6_t_re_h_flowerworm_72_an lf6_t_re_h_flowerworm_73_an lf6_t_re_h_flowerworm_74_an lf6_t_re_scorpion_h_72_n lf6_t_re_scorpion_h_73_n lf6_t_re_scorpion_h_74_n lf6_t_re_browniem_fi_h2_74_d lf6_t_re_browniem_fi_h2_75_d lf6_t_re_browniem_fi_h2_76_d lf6_t_re_browniem_fi_h2_77_d lf6_t_re_browniem_fi_h2_74_d_str lf6_t_re_browniem_fi_h2_75_d_str lf6_t_re_browniem_fi_h2_76_d_str lf6_t_re_browniem_fi_h2_77_d_str lf6_t_re_spawn_browniem_fi_h2_74_d_str lf6_t_re_spawn_browniem_fi_h2_75_d_str lf6_t_re_browniem_fi_h2_74_d_md lf6_t_re_browniem_fi_h2_75_d_md lf6_t_re_browniem_fi_h2_76_d_md lf6_t_re_browniem_fi_h2_77_d_md lf6_t_re_spawn_browniem_fi_h2_74_d_md lf6_t_re_spawn_browniem_fi_h2_75_d_md lf6_t_re_browniem_fi_h2_74_d_pd lf6_t_re_browniem_fi_h2_75_d_pd lf6_t_re_browniem_fi_h2_76_d_pd lf6_t_re_browniem_fi_h2_77_d_pd lf6_t_re_spawn_browniem_fi_h2_74_d_pd lf6_t_re_spawn_browniem_fi_h2_75_d_pd lf6_t_re_browniem_fi_h2_74_d_low lf6_t_re_browniem_fi_h2_75_d_low lf6_t_re_browniem_fi_h2_76_d_low lf6_t_re_browniem_fi_h2_77_d_low lf6_t_re_spawn_browniem_fi_h2_74_d_low lf6_t_re_spawn_browniem_fi_h2_75_d_low lf6_t_re_brownief_fi_h2_74_d lf6_t_re_brownief_fi_h2_75_d lf6_t_re_brownief_fi_h2_76_d lf6_t_re_brownief_fi_h2_77_d lf6_t_re_brownief_fi_h2_74_d_str lf6_t_re_brownief_fi_h2_75_d_str lf6_t_re_brownief_fi_h2_76_d_str lf6_t_re_brownief_fi_h2_77_d_str lf6_t_re_spawn_brownief_fi_h2_74_d_str lf6_t_re_spawn_brownief_fi_h2_75_d_str lf6_t_re_brownief_fi_h2_74_d_md lf6_t_re_brownief_fi_h2_75_d_md lf6_t_re_brownief_fi_h2_76_d_md lf6_t_re_brownief_fi_h2_77_d_md lf6_t_re_spawn_brownief_fi_h2_74_d_md lf6_t_re_spawn_brownief_fi_h2_75_d_md lf6_t_re_brownief_fi_h2_74_d_pd lf6_t_re_brownief_fi_h2_75_d_pd lf6_t_re_brownief_fi_h2_76_d_pd lf6_t_re_brownief_fi_h2_77_d_pd lf6_t_re_spawn_brownief_fi_h2_74_d_pd lf6_t_re_spawn_brownief_fi_h2_75_d_pd lf6_t_re_brownief_fi_h2_74_d_low lf6_t_re_brownief_fi_h2_75_d_low lf6_t_re_brownief_fi_h2_76_d_low lf6_t_re_brownief_fi_h2_77_d_low lf6_t_re_spawn_brownief_fi_h2_74_d_low lf6_t_re_spawn_brownief_fi_h2_75_d_low lf6_t_re_brownief_ch_h2_74_d lf6_t_re_brownief_ch_h2_75_d lf6_t_re_brownief_ch_h2_76_d lf6_t_re_brownief_ch_h2_77_d lf6_t_re_brownief_ch_h2_74_d_str lf6_t_re_brownief_ch_h2_75_d_str lf6_t_re_brownief_ch_h2_76_d_str lf6_t_re_brownief_ch_h2_77_d_str lf6_t_re_spawn_brownief_ch_h2_74_d_str lf6_t_re_spawn_brownief_ch_h2_75_d_str lf6_t_re_brownief_ch_h2_74_d_md lf6_t_re_brownief_ch_h2_75_d_md lf6_t_re_brownief_ch_h2_76_d_md lf6_t_re_brownief_ch_h2_77_d_md lf6_t_re_spawn_brownief_ch_h2_74_d_md lf6_t_re_spawn_brownief_ch_h2_75_d_md lf6_t_re_brownief_ch_h2_74_d_pd lf6_t_re_brownief_ch_h2_75_d_pd lf6_t_re_brownief_ch_h2_76_d_pd lf6_t_re_brownief_ch_h2_77_d_pd lf6_t_re_spawn_brownief_ch_h2_74_d_pd lf6_t_re_spawn_brownief_ch_h2_75_d_pd lf6_t_re_brownief_ch_h2_74_d_low lf6_t_re_brownief_ch_h2_75_d_low lf6_t_re_brownief_ch_h2_76_d_low lf6_t_re_brownief_ch_h2_77_d_low lf6_t_re_spawn_brownief_ch_h2_74_d_low lf6_t_re_spawn_brownief_ch_h2_75_d_low
25546,Progress(SECTION_0==0; SECTION_1<4),0,1,4,simpleQuest,1,df6_a1_popoku_as_66_an df6_a1_popoku_as_67_an df6_t_a1_popoku_as_66_an df6_t_a1_popoku_as_67_an
25560,Progress(SECTION_0==0; SECTION_1<3),0,1,3,simpleQuest,10,lf6_b_event_g3_2s_fi_68_ah lf6_b_event_g3_2s_wi_68_ah lf6_b_event_g3_2s_as_68_ah lf6_b_event_g3_2s_ra_68_ah lf6_b2_event_g3_2s_fi_69_ah lf6_b2_event_g3_2s_wi_69_ah lf6_b2_event_g3_2s_as_69_ah lf6_b2_event_g3_2s_ra_69_ah lf6_c_event_g3_2s_fi_67_ah lf6_c_event_g3_2s_wi_67_ah lf6_c_event_g3_2s_as_67_ah lf6_c_event_g3_2s_ra_67_ah lf6_d_event_g3_2s_fi_68_ah lf6_d_event_g3_2s_wi_68_ah lf6_d_event_g3_2s_as_68_ah lf6_d_event_g3_2s_ra_68_ah lf6_e_event_g3_2s_fi_67_ah lf6_e_event_g3_2s_wi_67_ah lf6_e_event_g3_2s_as_67_ah lf6_e_event_g3_2s_ra_67_ah lf6_f_event_g3_2s_fi_68_ah lf6_f_event_g3_2s_wi_68_ah lf6_f_event_g3_2s_as_68_ah lf6_f_event_g3_2s_ra_68_ah lf6_f2_event_g3_2s_fi_69_ah lf6_f2_event_g3_2s_wi_69_ah lf6_f2_event_g3_2s_as_69_ah lf6_f2_event_g3_2s_ra_69_ah lf6_g_event_g3_2s_fi_67_ah lf6_g_event_g3_2s_wi_67_ah lf6_g_event_g3_2s_as_67_ah lf6_g_event_g3_2s_ra_67_ah lf6_h_event_g3_2s_fi_68_ah lf6_h_event_g3_2s_wi_68_ah lf6_h_event_g3_2s_as_68_ah lf6_h_event_g3_2s_ra_68_ah lf6_i_event_g3_2s_fi_67_ah lf6_i_event_g3_2s_wi_67_ah lf6_i_event_g3_2s_as_67_ah lf6_i_event_g3_2s_ra_67_ah
25561,Progress(SECTION_0==0; SECTION_1<1),0,1,1,simpleQuest,10,lf6_b_event_g3_5s_fi_69_ah lf6_b_event_g3_5s_wi_69_ah lf6_b_event_g3_5s_as_69_ah lf6_b_event_g3_5s_ra_69_ah lf6_b2_event_g3_5s_fi_70_ah lf6_b2_event_g3_5s_wi_70_ah lf6_b2_event_g3_5s_as_70_ah lf6_b2_event_g3_5s_ra_70_ah lf6_c_event_g3_5s_fi_68_ah lf6_c_event_g3_5s_wi_68_ah lf6_c_event_g3_5s_as_68_ah lf6_c_event_g3_5s_ra_68_ah lf6_d_event_g3_5s_fi_69_ah lf6_d_event_g3_5s_wi_69_ah lf6_d_event_g3_5s_as_69_ah lf6_d_event_g3_5s_ra_69_ah lf6_e_event_g3_5s_fi_68_ah lf6_e_event_g3_5s_wi_68_ah lf6_e_event_g3_5s_as_68_ah lf6_e_event_g3_5s_ra_68_ah lf6_f_event_g3_5s_fi_69_ah lf6_f_event_g3_5s_wi_69_ah lf6_f_event_g3_5s_as_69_ah lf6_f_event_g3_5s_ra_69_ah lf6_f2_event_g3_5s_fi_70_ah lf6_f2_event_g3_5s_wi_70_ah lf6_f2_event_g3_5s_as_70_ah lf6_f2_event_g3_5s_ra_70_ah lf6_g_event_g3_5s_fi_68_ah lf6_g_event_g3_5s_wi_68_ah lf6_g_event_g3_5s_as_68_ah lf6_g_event_g3_5s_ra_68_ah lf6_h_event_g3_5s_fi_69_ah lf6_h_event_g3_5s_wi_69_ah lf6_h_event_g3_5s_as_69_ah lf6_h_event_g3_5s_ra_69_ah lf6_i_event_g3_5s_fi_68_ah lf6_i_event_g3_5s_wi_68_ah lf6_i_event_g3_5s_as_68_ah lf6_i_event_g3_5s_ra_68_ah
25562,Progress(SECTION_0==0; SECTION_1<1),0,1,1,simpleQuest,12,lf6_event_g2_s1_kn_71_ah lf6_event_g2_s1_ra_71_ah lf6_event_g2_s1_wi_71_ah lf6_event_g2_s1_pr_71_ah lf6_event_g2_s1_kn_73_ah lf6_event_g2_s1_ra_73_ah lf6_event_g2_s1_wi_73_ah lf6_event_g2_s1_pr_73_ah lf6_event_g2_s1_kn_75_ah lf6_event_g2_s1_ra_75_ah lf6_event_g2_s1_wi_75_ah lf6_event_g2_s1_pr_75_ah
25564,Progress(SECTION_0==0; SECTION_1<1),0,1,1,simpleQuest,3,lf6_event_g1_boss_chief_kn_75_al lf6_event_g1_boss_chief_wi_75_al lf6_event_g1_boss_chief_pr_75_al
25565,Progress(SECTION_0==0; SECTION_1<10),0,1,10,simpleQuest,6,lf6_invasion_op1_fi_70_ah lf6_invasion_op1_as_70_ah lf6_invasion_op2_fi_70_ah lf6_invasion_op2_as_70_ah lf6_invasion_op3_fi_70_ah lf6_invasion_op3_as_70_ah
25570,Progress(SECTION_0==0; SECTION_1<10),0,1,10,simpleQuest,1,df6_b_environment_dragontooth_68_an
25571,Progress(SECTION_0==0; SECTION_1<10),0,1,10,simpleQuest,1,df6_b2_environment_griffo_69_an
25572,Progress(SECTION_0==0; SECTION_1<10),0,1,10,simpleQuest,1,df6_c_environment_demontree_67_an
25573,Progress(SECTION_0==0; SECTION_1<10),0,1,10,simpleQuest,4,df6_d_n_lycan_fi_68_an df6_d_n_lycan_as_68_an df6_d_n_lycan_ra_68_an df6_d_n_lycan_wi_68_an
25574,Progress(SECTION_0==0; SECTION_1<10),0,1,10,simpleQuest,1,df6_e_environment_griffo_67_an
25575,Progress(SECTION_0==0; SECTION_1<10),0,1,10,simpleQuest,1,df6_f_environment_starturtle_68_an
25576,Progress(SECTION_0==0; SECTION_1<10),0,1,10,simpleQuest,2,df6_f2_environment_undead_fi_69_an df6_f2_environment_undead_wi_69_an
25577,Progress(SECTION_0==0; SECTION_1<10),0,1,10,simpleQuest,1,df6_g_environment_trico_67_an
25578,Progress(SECTION_0==0; SECTION_1<10),0,1,10,simpleQuest,4,df6_h_n_calydon_fi_68_an df6_h_n_calydon_as_68_an df6_h_n_calydon_wi_68_an df6_h_n_calydon_pr_68_an
25579,Progress(SECTION_0==0; SECTION_1<10),0,1,10,simpleQuest,1,df6_i_environment_noname_67_an
25580,Progress(SECTION_0==0; SECTION_1<20),0,1,20,simpleQuest,4,lf6_invasion_bonus_1st_fi_68_an lf6_invasion2_bonus_1st_fi_68_an lf6_invasion3_bonus_1st_fi_68_an lf6_invasion4_bonus_1st_fi_68_an
25581,Progress(SECTION_0==0; SECTION_1<10),0,1,10,simpleQuest,2,lf6_invasion2_bonus_1st_fi_68_an lf6_invasion2_bonus_2nd_as_68_an
25582,Progress(SECTION_0==0; SECTION_1<10),0,1,10,simpleQuest,2,lf6_invasion3_bonus_1st_fi_68_an lf6_invasion3_bonus_2nd_as_68_an
25583,Progress(SECTION_0==0; SECTION_1<10),0,1,10,simpleQuest,2,lf6_invasion4_bonus_1st_fi_68_an lf6_invasion4_bonus_2nd_as_68_an
25620,Progress(SECTION_0==0; SECTION_1<1),0,1,1,simpleQuest,1,df6_c_6_named_demontree_68_ah
25621,Progress(SECTION_0==0; SECTION_1<1),0,1,1,simpleQuest,1,df6_e_6_named_griffon_68_ah
25622,Progress(SECTION_0==0; SECTION_1<1),0,1,1,simpleQuest,1,df6_g_6_named_sinsi_68_ah
25623,Progress(SECTION_0==0; SECTION_1<1),0,1,1,simpleQuest,1,df6_i_6_named_noname_68_ah
25632,Progress(SECTION_0==0; SECTION_1<3),0,1,3,simpleQuest,3,df6_t_named_c_dionaea_74_an df6_t_named_c_vampiretree_74_an df6_t_named_c_octaside_74_an
25634,Progress(SECTION_0==0; SECTION_1<3),0,1,3,simpleQuest,3,df6_t_named_e_elementalearth1_74_an df6_t_named_e_zaifw_74_an df6_t_named_e_locust_74_an
25637,Progress(SECTION_0==0; SECTION_1<3),0,1,3,simpleQuest,3,df6_t_named_g_millipede_74_an df6_t_named_g_driton_74_an df6_t_named_g_comade_74_an
25639,Progress(SECTION_0==0; SECTION_1<3),0,1,3,simpleQuest,3,df6_t_named_i_neutfly_74_an df6_t_named_i_spider_74_an df6_t_named_i_shellizard_74_an
25640,Progress(SECTION_0==0; SECTION_1<30),0,1,30,simpleQuest,12,df6_c_lizard_pr_67_an df6_c_lizard_pr_68_an df6_c_lizard_pr_69_an df6_c_lizard_pr_70_an df6_c_lizard_pr_71_an df6_t_c_lizard_pr_71_an df6_t_c_lizard_pr_72_an df6_t_c_lizard_pr_73_an df6_t_c_lizard_pr_74_an df6_c_mosbear_67_an df6_c_mosbear_68_an df6_c_mosbear_69_an df6_c_mosbear_70_an df6_c_mosbear_71_an df6_t_c_mosbear_71_an df6_t_c_mosbear_72_an df6_t_c_mosbear_73_an df6_t_c_mosbear_74_an df6_c_zaif_67_an df6_c_zaif_68_an df6_c_zaif_69_an df6_c_zaif_70_an df6_c_zaif_71_an df6_t_c_zaif_71_an df6_t_c_zaif_72_an df6_t_c_zaif_73_an df6_t_c_zaif_74_an df6_e_cyclops_67_n df6_e_cyclops_68_n df6_e_cyclops_69_n df6_e_cyclops_70_n df6_e_cyclops_71_n df6_e_cyclops_md_67_an df6_e_cyclops_md_68_an df6_e_cyclops_md_69_an df6_e_cyclops_md_70_an df6_e_cyclops_md_71_an df6_t_e_cyclops_71_n df6_t_e_cyclops_72_n df6_t_e_cyclops_73_n df6_t_e_cyclops_74_n df6_t_e_cyclops_md_71_an df6_t_e_cyclops_md_72_an df6_t_e_cyclops_md_73_an df6_t_e_cyclops_md_74_an df6_e_lepisma_67_n df6_e_lepisma_68_n df6_e_lepisma_69_n df6_e_lepisma_70_n df6_e_lepisma_71_n df6_t_e_lepisma_71_n df6_t_e_lepisma_72_n df6_t_e_lepisma_73_n df6_t_e_lepisma_74_n df6_e_mosbear_67_an df6_e_mosbear_68_an df6_e_mosbear_69_an df6_e_mosbear_70_an df6_e_mosbear_71_an df6_t_e_mosbear_71_an df6_t_e_mosbear_72_an df6_t_e_mosbear_73_an df6_t_e_mosbear_74_an df6_g_brax_67_n df6_g_brax_68_n df6_g_brax_69_n df6_g_brax_70_n df6_g_brax_71_n df6_t_g_brax_71_n df6_t_g_brax_72_n df6_t_g_brax_73_n df6_t_g_brax_74_n df6_g_cellatu_67_an df6_g_cellatu_68_an df6_g_cellatu_69_an df6_g_cellatu_70_an df6_g_cellatu_71_an df6_t_g_cellatu_71_an df6_t_g_cellatu_72_an df6_t_g_cellatu_73_an df6_t_g_cellatu_74_an df6_g_nagamage_67_an df6_g_nagamage_68_an df6_g_nagamage_69_an df6_g_nagamage_70_an df6_g_nagamage_71_an df6_t_g_nagamage_71_an df6_t_g_nagamage_72_an df6_t_g_nagamage_73_an df6_t_g_nagamage_74_an df6_i_fungus_67_an df6_i_fungus_68_an df6_i_fungus_69_an df6_i_fungus_70_an df6_i_fungus_71_an df6_t_i_fungus_71_an df6_t_i_fungus_72_an df6_t_i_fungus_73_an df6_t_i_fungus_74_an df6_i_lepisma_67_n df6_i_lepisma_68_n df6_i_lepisma_69_n df6_i_lepisma_70_n df6_i_lepisma_71_n df6_t_i_lepisma_71_n df6_t_i_lepisma_72_n df6_t_i_lepisma_73_n df6_t_i_lepisma_74_n df6_i_popoku_fi_67_an df6_i_popoku_fi_68_an df6_i_popoku_fi_69_an df6_i_popoku_fi_70_an df6_i_popoku_fi_71_an df6_t_i_popoku_fi_71_an df6_t_i_popoku_fi_72_an df6_t_i_popoku_fi_73_an df6_t_i_popoku_fi_74_an
25671,Progress(SECTION_0==0; SECTION_1<1),0,1,1,simpleQuest,1,f6_raid_drop_light_sum_1_73_ae f6_raid_drop_light_sum_2_73_ae f6_raid_drop_light_sum_3_73_ae f6_raid_drop_light_sum_4_73_ae
25672,Progress(SECTION_0==0; SECTION_1<1),0,1,1,simpleQuest,1,f6_raid_drop_light_4th f6_raid_drop_light_3rd f6_raid_drop_light_2nd f6_raid_drop_light_1st f6_raid_drop_light_zero
25693,Progress(SECTION_0==0; SECTION_1<10),0,1,10,simpleQuest,1,lf6_event_g3_2s_fi_67_ah
25694,Progress(SECTION_0==0; SECTION_1<5),0,1,5,simpleQuest,4,df6_9024_dr_q_guard_fi_75_an df6_9024_dr_q_guard_as_75_an df6_9024_dr_q_guard_wi_75_an df6_9024_dr_q_guard_pr_75_an
25695,Progress(SECTION_0==0; SECTION_1<5),0,1,5,simpleQuest,4,df6_9024_li_q_guard_fi_75_an df6_9024_li_q_guard_as_75_an df6_9024_li_q_guard_wi_75_an df6_9024_li_q_guard_pr_75_an
25696,Progress(SECTION_0==0; SECTION_1<5),0,1,5,simpleQuest,4,df6_9023_dr_q_guard_fi_75_an df6_9023_dr_q_guard_as_75_an df6_9023_dr_q_guard_wi_75_an df6_9023_dr_q_guard_pr_75_an
25697,Progress(SECTION_0==0; SECTION_1<5),0,1,5,simpleQuest,4,df6_9023_li_q_guard_fi_75_an df6_9023_li_q_guard_as_75_an df6_9023_li_q_guard_wi_75_an df6_9023_li_q_guard_pr_75_an
25698,Progress(SECTION_0==0; SECTION_1<5),0,1,5,simpleQuest,4,df6_9021_dr_q_guard_fi_75_an df6_9021_dr_q_guard_as_75_an df6_9021_dr_q_guard_wi_75_an df6_9021_dr_q_guard_pr_75_an
25699,Progress(SECTION_0==0; SECTION_1<5),0,1,5,simpleQuest,4,df6_9021_li_q_guard_fi_75_an df6_9021_li_q_guard_as_75_an df6_9021_li_q_guard_wi_75_an df6_9021_li_q_guard_pr_75_an
25700,Progress(SECTION_0==0; SECTION_1<5),0,1,5,simpleQuest,4,df6_9022_dr_q_guard_fi_75_an df6_9022_dr_q_guard_as_75_an df6_9022_dr_q_guard_wi_75_an df6_9022_dr_q_guard_pr_75_an
25701,Progress(SECTION_0==0; SECTION_1<5),0,1,5,simpleQuest,4,df6_9022_li_q_guard_fi_75_an df6_9022_li_q_guard_as_75_an df6_9022_li_q_guard_wi_75_an df6_9022_li_q_guard_pr_75_an
25702,Progress(SECTION_0==0; SECTION_1<5),0,1,5,simpleQuest,4,lf6_8024_dr_q_guard_fi_75_an lf6_8024_dr_q_guard_as_75_an lf6_8024_dr_q_guard_wi_75_an lf6_8024_dr_q_guard_pr_75_an
25703,Progress(SECTION_0==0; SECTION_1<5),0,1,5,simpleQuest,4,lf6_8024_li_q_guard_fi_75_an lf6_8024_li_q_guard_as_75_an lf6_8024_li_q_guard_wi_75_an lf6_8024_li_q_guard_pr_75_an
25704,Progress(SECTION_0==0; SECTION_1<5),0,1,5,simpleQuest,4,lf6_8023_dr_q_guard_fi_75_an lf6_8023_dr_q_guard_as_75_an lf6_8023_dr_q_guard_wi_75_an lf6_8023_dr_q_guard_pr_75_an
25705,Progress(SECTION_0==0; SECTION_1<5),0,1,5,simpleQuest,4,lf6_8023_li_q_guard_fi_75_an lf6_8023_li_q_guard_as_75_an lf6_8023_li_q_guard_wi_75_an lf6_8023_li_q_guard_pr_75_an
25706,Progress(SECTION_0==0; SECTION_1<5),0,1,5,simpleQuest,4,lf6_8021_dr_q_guard_fi_75_an lf6_8021_dr_q_guard_as_75_an lf6_8021_dr_q_guard_wi_75_an lf6_8021_dr_q_guard_pr_75_an
25707,Progress(SECTION_0==0; SECTION_1<5),0,1,5,simpleQuest,4,lf6_8021_li_q_guard_fi_75_an lf6_8021_li_q_guard_as_75_an lf6_8021_li_q_guard_wi_75_an lf6_8021_li_q_guard_pr_75_an
25708,Progress(SECTION_0==0; SECTION_1<5),0,1,5,simpleQuest,4,lf6_8022_dr_q_guard_fi_75_an lf6_8022_dr_q_guard_as_75_an lf6_8022_dr_q_guard_wi_75_an lf6_8022_dr_q_guard_pr_75_an
25709,Progress(SECTION_0==0; SECTION_1<5),0,1,5,simpleQuest,4,lf6_8022_li_q_guard_fi_75_an lf6_8022_li_q_guard_as_75_an lf6_8022_li_q_guard_wi_75_an lf6_8022_li_q_guard_pr_75_an
26801,Progress(SECTION_0==0; SECTION_1<30),0,1,30,simpleQuest,8,ideternity_01_leibo_fi_66_ae ideternity_01_leibo_as_66_ae ideternity_01_leibo_as_hide_66_ae ideternity_01_leibo_wi_66_ae ideternity_01_leibo_pr_66_ae ideternity_01_brohum_fi_66_ae ideternity_01_cube_as_66_ae ideternity_01_energy_wi_66_ae
26802,Progress(SECTION_0==0; SECTION_1<30),0,1,30,simpleQuest,8,ideternity_01_leibo_fi_68_ae ideternity_01_leibo_as_68_ae ideternity_01_leibo_as_hide_68_ae ideternity_01_leibo_wi_68_ae ideternity_01_leibo_pr_68_ae ideternity_01_brohum_fi_68_ae ideternity_01_cube_as_68_ae ideternity_01_energy_wi_68_ae
26803,Progress(SECTION_0==0; SECTION_1<30),0,1,30,simpleQuest,9,ideternity_01_leibo_fi_70_ae ideternity_01_leibo_as_70_ae ideternity_01_leibo_as_hide_70_ae ideternity_01_leibo_wi_70_ae ideternity_01_leibo_pr_70_ae ideternity_01_brohum_fi_70_ae ideternity_01_cube_as_70_ae ideternity_01_energy_wi_70_ae
26804,Progress(SECTION_0==0; SECTION_1<1),0,1,1,simpleQuest,3,bideternity_01_leibo_fire_zone_n_70_ah bideternity_01_leibo_wind_zone_n_70_ah bideternity_01_leibo_earth_zone_n_70_ah
26805,Progress(SECTION_0==0; SECTION_1<30),0,1,30,simpleQuest,8,ideternity_01_leibo_fi_66_ae ideternity_01_leibo_as_66_ae ideternity_01_leibo_as_hide_66_ae ideternity_01_leibo_wi_66_ae ideternity_01_leibo_pr_66_ae ideternity_01_brohum_fi_66_ae ideternity_01_cube_as_66_ae ideternity_01_energy_wi_66_ae
26806,Progress(SECTION_0==0; SECTION_1<30),0,1,30,simpleQuest,8,ideternity_01_leibo_fi_68_ae ideternity_01_leibo_as_68_ae ideternity_01_leibo_as_hide_68_ae ideternity_01_leibo_wi_68_ae ideternity_01_leibo_pr_68_ae ideternity_01_brohum_fi_68_ae ideternity_01_cube_as_68_ae ideternity_01_energy_wi_68_ae
26807,Progress(SECTION_0==0; SECTION_1<30),0,1,30,simpleQuest,9,ideternity_01_leibo_fi_70_ae ideternity_01_leibo_as_70_ae ideternity_01_leibo_as_hide_70_ae ideternity_01_leibo_wi_70_ae ideternity_01_leibo_pr_70_ae ideternity_01_brohum_fi_70_ae ideternity_01_cube_as_70_ae ideternity_01_energy_wi_70_ae
26808,Progress(SECTION_0==0; SECTION_1<1),0,1,1,simpleQuest,3,bideternity_01_leibo_fire_zone_n_70_ah bideternity_01_leibo_wind_zone_n_70_ah bideternity_01_leibo_earth_zone_n_70_ah
26823,Progress(SECTION_0==0; SECTION_1<5),0,1,5,simpleQuest,6,ideternity_02_event_guard_fi_li_01 ideternity_02_event_guard_fi_li_02 ideternity_02_event_guard_fi_li_03 ideternity_02_event_guard_fi_li_04 ideternity_02_event_guard_fi_li_05 ideternity_02_event_guard_fi_li_06
26824,Progress(SECTION_0==0; SECTION_1<1),0,1,1,simpleQuest,1,ideternity_02_tower_boss_75_ah
26825,Progress(SECTION_0==0; SECTION_1<1),0,1,1,simpleQuest,2,ideternity_02_nepilim_boss_75_ah ideternity_02_c_key_ra_75_ae
26826,Progress(SECTION_0==0; SECTION_1<1),0,1,1,simpleQuest,1,ideternity_02_snakem_fly_75_ah
26828,Progress(SECTION_0==0; SECTION_1<5),0,1,5,simpleQuest,5,ideternity_02_a_guardian_fi_sn1_72_ae ideternity_02_a_guardian_fi_sn2_72_ae ideternity_02_a_guardian_fi_sn3_72_ae ideternity_02_a_guardian_fi_sn4_72_ae ideternity_02_a_guardian_fi_sn5_72_ae
26829,Progress(SECTION_0==0; SECTION_1<10),0,1,10,simpleQuest,5,ideternity_02_a_cyclops_fi_s_72_ae ideternity_02_a_cyclops_wi_s_72_ae ideternity_02_a_evileye_el_s_72_ae ideternity_02_a_rollinggolem_kn_s_72_ae ideternity_02_a_silika_wi_s_72_ae
26832,Progress(SECTION_0==0; SECTION_1<1),0,1,1,simpleQuest,1,ideternity_02_d_event_start
26837,Progress(SECTION_0==0; SECTION_1<1),0,1,1,simpleQuest,1,ideternity_03_def_boss_75
26974,Progress(SECTION_0==0; SECTION_1<1),0,1,1,simpleQuest,1,idf5_u01_n_boss_wi_65_ah_nor idf5_u01_n_boss_wi_65_ah_ra_wi idf5_u01_n_boss_wi_65_ah_ra_pr idf5_u01_n_boss_wi_65_ah_ra_as
26986,Progress(SECTION_0==0; SECTION_1<1),0,1,1,simpleQuest,3,idf5_u2_t_p_vriiu_wi_n_63_ah idf5_u2_t_p_vrirp_pr_n_63_ah idf5_u2_t_p_vrirp_as_n_63_ah
26988,Progress(SECTION_0==0; SECTION_1<5),0,1,5,simpleQuest,3,idf5_u2_p_light_fi_65_ae2 idf5_u2_p_light_wi_65_ae idf5_u2_p_light_pr_65_ae
27160,Progress(SECTION_0==0; SECTION_1<10),0,1,10,simpleQuest,3,df5_p1_driton_strong_65_ae df5_p2_tesinon_strong_65_ae df5_i_nepilim2_strong_65_ae
27161,Progress(SECTION_0==0; SECTION_1<10),0,1,10,simpleQuest,3,lf5_p1_xipetorage_strong_65_an lf5_p2_kuillusm_strong_65_an lf5_i_lizardmanranger_65_an
27526,Progress(SECTION_0==0; SECTION_1<1),0,1,1,simpleQuest,1,idabre_core_03_witch_boss_ae
27530,Progress(SECTION_0==0; SECTION_1<1),0,1,1,simpleQuest,1,dreadgion_s_raid_drakanboss_01_75_al dreadgion_s_raid_drakanboss_01_75_al_sp dreadgion_s_raid_drakanboss_01_75_al_world
27531,Progress(SECTION_0==0; SECTION_1<40),0,1,40,simpleQuest,6,dreadgion_s_raid_drakan_fi_71_ae dreadgion_m_raid_drakan_fi_71_ae dreadgion_l_raid_drakan_fi_71_ae dreadgion_defense_drakan_fi_71_ae dreadgion_invasion_drakan_fi_71_ae dreadgion_ship_drakan_fi_71_ae dreadgion_turret_drakan_fi_71_ae dreadgion_turret_atk_drakan_fi_71_ae dreadgion_turret_wave_drakan_fi_71_ae dreadgion_n_drakan_fi_73_ae dreadgion_n_drakan_fi_71 dreadgion_s_drakan_fi_71 dreadgion_s_raid_drakan_fi_71_ae_sp dreadgion_m_raid_drakan_fi_71_ae_sp dreadgion_l_raid_drakan_fi_71_ae_sp dreadgion_defense_drakan_fi_71_ae_sp dreadgion_invasion_drakan_fi_71_ae_sp dreadgion_ship_drakan_fi_71_ae_sp dreadgion_turret_drakan_fi_71_ae_sp dreadgion_turret_atk_drakan_fi_71_ae_sp dreadgion_turret_wave_drakan_fi_71_ae_sp dreadgion_n_drakan_fi_73_ae_sp dreadgion_n_drakan_fi_71_sp dreadgion_s_drakan_fi_71_sp dreadgion_n_drakan_fi_73_ae_da dreadgion_n_drakan_fi_73_ae_da_sp dreadgion_s_raid_drakan_as_71_ae dreadgion_m_raid_drakan_as_71_ae dreadgion_l_raid_drakan_as_71_ae dreadgion_defense_drakan_as_71_ae dreadgion_invasion_drakan_as_71_ae dreadgion_ship_drakan_as_71_ae dreadgion_turret_drakan_as_71_ae dreadgion_turret_atk_drakan_as_71_ae dreadgion_turret_wave_drakan_as_71_ae dreadgion_n_drakan_as_73_ae dreadgion_n_drakan_as_71 dreadgion_s_drakan_as_71 dreadgion_s_raid_drakan_as_71_ae_sp dreadgion_m_raid_drakan_as_71_ae_sp dreadgion_l_raid_drakan_as_71_ae_sp dreadgion_defense_drakan_as_71_ae_sp dreadgion_invasion_drakan_as_71_ae_sp dreadgion_ship_drakan_as_71_ae_sp dreadgion_turret_drakan_as_71_ae_sp dreadgion_turret_atk_drakan_as_71_ae_sp dreadgion_turret_wave_drakan_as_71_ae_sp dreadgion_n_drakan_as_73_ae_sp dreadgion_n_drakan_as_71_sp dreadgion_s_drakan_as_71_sp dreadgion_n_drakan_as_73_ae_da dreadgion_n_drakan_as_73_ae_da_sp dreadgion_s_raid_drakan_ra_71_ae dreadgion_m_raid_drakan_ra_71_ae dreadgion_l_raid_drakan_ra_71_ae dreadgion_defense_drakan_ra_71_ae dreadgion_invasion_drakan_ra_71_ae dreadgion_ship_drakan_ra_71_ae dreadgion_turret_drakan_ra_71_ae dreadgion_turret_atk_drakan_ra_71_ae dreadgion_turret_wave_drakan_ra_71_ae dreadgion_n_drakan_ra_73_ae dreadgion_n_drakan_ra_71 dreadgion_s_drakan_ra_71 dreadgion_s_raid_drakan_ra_71_ae_sp dreadgion_m_raid_drakan_ra_71_ae_sp dreadgion_l_raid_drakan_ra_71_ae_sp dreadgion_defense_drakan_ra_71_ae_sp dreadgion_invasion_drakan_ra_71_ae_sp dreadgion_ship_drakan_ra_71_ae_sp dreadgion_turret_drakan_ra_71_ae_sp dreadgion_turret_atk_drakan_ra_71_ae_sp dreadgion_turret_wave_drakan_ra_71_ae_sp dreadgion_n_drakan_ra_73_ae_sp dreadgion_n_drakan_ra_71_sp dreadgion_s_drakan_ra_71_sp dreadgion_n_drakan_ra_73_ae_da dreadgion_n_drakan_ra_73_ae_da_sp dreadgion_s_raid_drakan_pr_71_ae dreadgion_m_raid_drakan_pr_71_ae dreadgion_l_raid_drakan_pr_71_ae dreadgion_defense_drakan_pr_71_ae dreadgion_invasion_drakan_pr_71_ae dreadgion_ship_drakan_pr_71_ae dreadgion_turret_drakan_pr_71_ae dreadgion_turret_atk_drakan_pr_71_ae dreadgion_turret_wave_drakan_pr_71_ae dreadgion_n_drakan_pr_73_ae dreadgion_n_drakan_pr_71 dreadgion_s_drakan_pr_71 dreadgion_s_raid_drakan_pr_71_ae_sp dreadgion_m_raid_drakan_pr_71_ae_sp dreadgion_l_raid_drakan_pr_71_ae_sp dreadgion_defense_drakan_pr_71_ae_sp dreadgion_invasion_drakan_pr_71_ae_sp dreadgion_ship_drakan_pr_71_ae_sp dreadgion_turret_drakan_pr_71_ae_sp dreadgion_turret_atk_drakan_pr_71_ae_sp dreadgion_turret_wave_drakan_pr_71_ae_sp dreadgion_n_drakan_pr_73_ae_sp dreadgion_n_drakan_pr_71_sp dreadgion_s_drakan_pr_71_sp dreadgion_n_drakan_pr_73_ae_da dreadgion_n_drakan_pr_73_ae_da_sp dreadgion_s_raid_drakan_wi_71_ae dreadgion_m_raid_drakan_wi_71_ae dreadgion_l_raid_drakan_wi_71_ae dreadgion_defense_drakan_wi_71_ae dreadgion_invasion_drakan_wi_71_ae dreadgion_ship_drakan_wi_71_ae dreadgion_turret_drakan_wi_71_ae dreadgion_turret_atk_drakan_wi_71_ae dreadgion_turret_wave_drakan_wi_71_ae dreadgion_n_drakan_wi_73_ae dreadgion_n_drakan_wi_71 dreadgion_s_drakan_wi_71 dreadgion_s_raid_drakan_wi_71_ae_sp dreadgion_m_raid_drakan_wi_71_ae_sp dreadgion_l_raid_drakan_wi_71_ae_sp dreadgion_defense_drakan_wi_71_ae_sp dreadgion_invasion_drakan_wi_71_ae_sp dreadgion_ship_drakan_wi_71_ae_sp dreadgion_turret_drakan_wi_71_ae_sp dreadgion_turret_atk_drakan_wi_71_ae_sp dreadgion_turret_wave_drakan_wi_71_ae_sp dreadgion_n_drakan_wi_73_ae_sp dreadgion_n_drakan_wi_71_sp dreadgion_s_drakan_wi_71_sp dreadgion_n_drakan_wi_73_ae_da dreadgion_n_drakan_wi_73_ae_da_sp dreadgion_ship_drakan_flying_71_ae dreadgion_n_drakan_flying_71 dreadgion_s_drakan_flying_71 dreadgion_ship_drakan_flying_71_ae_sp dreadgion_n_drakan_flying_71_sp dreadgion_s_drakan_flying_71_sp dreadgion_drakan_flying_73 dreadgion_drakan_flying_73_sp
27541,Progress(SECTION_0==0; SECTION_1<1),0,1,1,simpleQuest,1,idf4re_dra_01_bioniccpu_53_ah idf4re_dra_sp_01_bioniccpu_53_ah
27552,Progress(SECTION_0==0; SECTION_1<1),0,1,1,simpleQuest,1,idab1_heroes_boss_73_ah
28314,Progress(SECTION_0==0; SECTION_1<7),0,1,7,simpleQuest,1,idstation_fobj_dr_cm_01 idstation_fobj_dr_cm
28316,Progress(SECTION_0==0; SECTION_1<1),0,1,1,simpleQuest,1,idstation_drakanboss_58re2 idstation_sp_drakanboss_58re2
28317,Progress(SECTION_0==0; SECTION_1<1),0,1,1,simpleQuest,1,idstation_hugen_nm_58an idstation_sp_hugen_nm_58an idstation_sp_e_hugen_nm_58an
28396,Progress(SECTION_0==0; SECTION_1<20),0,1,20,simpleQuest,5,idcatacombsh_drakanfi_55_ae idcatacombsn_drakanfi_55_ae idcatacombsh_drakanwi_55_ae idcatacombsn_drakanwi_55_ae idcatacombsh_drakanas_55_ae idcatacombsn_drakanas_55_ae idcatacombsh_drakansc_55_ae idcatacombsn_drakansc_55_ae idcatacombsh_drakancl_55_ae idcatacombsn_drakancl_55_ae
28416,Progress(SECTION_0==0; SECTION_1<1),0,1,1,simpleQuest,1,idf4re_dra_01_bioniccpu_53_ah idf4re_dra_sp_01_bioniccpu_53_ah
28741,Progress(SECTION_0==0; SECTION_1<50),0,1,50,simpleQuest,7,idraksha_solo_icecyclops_61_an idraksha_solo_flyingworm_n_61_ah idraksha_solo_clodworm_61_an_normal idraksha_solo_debrie_61_n idraksha_solo_clodworm_61_an_02 idraksha_solo_debrie_61_n_02 idraksha_solo_clodworm_61_an
28743,Progress(SECTION_0==0; SECTION_1<1),0,1,1,simpleQuest,1,idraksha_re_boss_named_63_an
28932,Progress(SECTION_0==0; SECTION_1<1),0,1,1,simpleQuest,1,iddreadgion_04_drakanwi_drakanninja_ah
28951,Progress(SECTION_0==0; SECTION_1<25),0,1,25,simpleQuest,11,idseal_a_single_fi_65_ah idseal_a_single_as_65_ah idseal_a_single_as_65_ah_hide idseal_a_single_ra_65_ah idseal_a_single_wi_65_ah idseal_a_single_fi_65_ae idseal_a_single_as_65_ae idseal_a_single_as_65_ae_hide idseal_a_single_ra_65_ae idseal_a_single_wi_65_ae idseal_a_group1_fi_65_ae idseal_a_group1_as_65_ae_hide idseal_a_group1_ra_65_ae idseal_a_group1_wi_65_ae idseal_a_group2_fi_65_ae idseal_a_group2_as_65_ae_hide idseal_a_group2_ra_65_ae idseal_a_group2_wi_65_ae idseal_a_group3_fi_65_ae idseal_a_group3_as_65_ae_hide idseal_a_group3_ra_65_ae idseal_a_group3_wi_65_ae idseal_a_group1_fi_65_an idseal_a_group1_as_65_an_hide idseal_a_group1_ra_65_an idseal_a_group1_wi_65_an idseal_a_group2_fi_65_an idseal_a_group2_as_65_an_hide idseal_a_group2_ra_65_an idseal_a_group2_wi_65_an idseal_a_group3_fi_65_an idseal_a_group3_as_65_an_hide idseal_a_group3_ra_65_an idseal_a_group3_wi_65_an idseal_a_group1_leader_fi_65_ah idseal_a_group1_leader_wi_65_ah idseal_a_group1_leader_as_65_ah idseal_a_group2_leader_fi_65_ah idseal_a_group2_leader_wi_65_ah idseal_a_group2_leader_as_65_ah idseal_a_group3_leader_fi_65_ah idseal_a_group3_leader_wi_65_ah idseal_a_group3_leader_as_65_ah idseal_a_group1_leader_fi_65_ae idseal_a_group1_leader_wi_65_ae idseal_a_group1_leader_as_65_ae idseal_a_group2_leader_fi_65_ae idseal_a_group2_leader_wi_65_ae idseal_a_group2_leader_as_65_ae idseal_a_group3_leader_fi_65_ae idseal_a_group3_leader_wi_65_ae idseal_a_group3_leader_as_65_ae idseal_b_single_fi_65_ah idseal_b_single_as_65_ah idseal_b_single_as_65_ah_hide idseal_b_single_ra_65_ah idseal_b_single_wi_65_ah idseal_b_group1_fi_65_ae idseal_b_group1_as_65_ae_hide idseal_b_group1_ra_65_ae idseal_b_group1_wi_65_ae idseal_b_group2_fi_65_ae idseal_b_group2_as_65_ae_hide idseal_b_group2_ra_65_ae idseal_b_group2_wi_65_ae idseal_b_group3_fi_65_ae idseal_b_group3_as_65_ae_hide idseal_b_group3_ra_65_ae idseal_b_group3_wi_65_ae idseal_b_group1_leader_fi_65_ah idseal_b_group1_leader_wi_65_ah idseal_b_group1_leader_as_65_ah idseal_b_group2_leader_fi_65_ah idseal_b_group2_leader_wi_65_ah idseal_b_group2_leader_as_65_ah idseal_b_group3_leader_fi_65_ah idseal_b_group3_leader_wi_65_ah idseal_b_group3_leader_as_65_ah idseal_c_single_fi_65_ah idseal_c_single_as_65_ah idseal_c_single_as_65_ah_hide idseal_c_single_ra_65_ah idseal_c_single_wi_65_ah idseal_c_group1_fi_65_ae idseal_c_group1_as_65_ae_hide idseal_c_group1_ra_65_ae idseal_c_group1_wi_65_ae idseal_c_group2_fi_65_ae idseal_c_group2_as_65_ae_hide idseal_c_group2_ra_65_ae idseal_c_group2_wi_65_ae idseal_c_group3_fi_65_ae idseal_c_group3_as_65_ae_hide idseal_c_group3_ra_65_ae idseal_c_group3_wi_65_ae idseal_c_group1_leader_fi_65_ah idseal_c_group1_leader_wi_65_ah idseal_c_group1_leader_as_65_ah idseal_c_group2_leader_fi_65_ah idseal_c_group2_leader_wi_65_ah idseal_c_group2_leader_as_65_ah idseal_c_group3_leader_fi_65_ah idseal_c_group3_leader_wi_65_ah idseal_c_group3_leader_as_65_ah idseal_wave_group1_fi_65_ae idseal_wave_group1_as_65_ae idseal_wave_group1_ra_65_ae idseal_wave_group1_wi_65_ae idseal_wave_group2_fi_65_ae idseal_wave_group2_as_65_ae idseal_wave_group2_ra_65_ae idseal_wave_group2_wi_65_ae idseal_wave_group3_fi_65_ae idseal_wave_group3_as_65_ae idseal_wave_group3_ra_65_ae idseal_wave_group3_wi_65_ae idseal_wave_leadgroup_fi_65_ae idseal_wave_leadgroup_as_65_ae idseal_wave_leadgroup_ra_65_ae idseal_wave_leadgroup_wi_65_ae idseal_wave_leadgroup_pr_65_ae
28952,Progress(SECTION_0==0; SECTION_1<1),0,1,1,simpleQuest,1,idseal_twin_p_lv2_n_65_ah idseal_twin_m_lv2_n_65_ah idseal_twin_p_lv3_n_65_ah idseal_twin_m_lv3_n_65_ah
28971,Progress(SECTION_0==0; SECTION_1<4),0,1,4,simpleQuest,2,df5_c_elementalearth2re_57_an df5_c_elementalearth2re_58_an
28972,Progress(SECTION_0==0; SECTION_1<6),0,1,6,simpleQuest,2,df5_c_elementalearth2re_57_an df5_c_elementalearth2re_58_an
28973,Progress(SECTION_0==0; SECTION_1<6),0,1,6,simpleQuest,2,df5_e2_flyingworm_ed_60_n df5_e2_flyingworm_ed_61_n
28974,Progress(SECTION_0==0; SECTION_1<6),0,1,6,simpleQuest,2,df5_g_varanus_61_an df5_g_varanus_61_an
28991,Progress(SECTION_0==0; SECTION_1<1),0,1,1,simpleQuest,1,idf6_adma_evilspirit_67_ah
28993,Progress(SECTION_0==0; SECTION_1<1),0,1,1,simpleQuest,1,idf6_lap_godelemental_67_ah
28995,Progress(SECTION_0==0; SECTION_1<1),0,1,1,simpleQuest,1,idf6_dragon_messenger_69_ah idf6_dragon_messenger_event
28997,Progress(SECTION_0==0; SECTION_1<1),0,1,1,simpleQuest,1,idlf1_t_vanq_named_73_ah
29603,Progress(SECTION_0==0; SECTION_1<10),0,1,10,simpleQuest,4,df2a_cyclopsworkerd_48_an df2a_cyclopsworkerd_49_an df2a_souledstonerockd_48_an df2a_souledstonerockd_49_an
29609,Progress(SECTION_0==0; SECTION_1<10),0,1,10,simpleQuest,2,df4_lepisma_52_n df4_fellial_52_an
29614,Progress(SECTION_0==0; SECTION_1<10),0,1,10,simpleQuest,4,ldf4a_a1_scorpion_rough_55_an ldf4a_a1_scorpion_rough_56_an ldf4a_a1_salivadored_55_an ldf4a_a1_salivadored_56_an
29625,Progress(SECTION_0==0; SECTION_1<10),0,1,10,simpleQuest,2,ldf5a_a1_zaif_61_an ldf5a_a1_rafflesia_dr_62_an
29631,Progress(SECTION_0==0; SECTION_1<10),0,1,10,simpleQuest,4,df2a_agrintswampd_45_an df2a_agrintswampd_46_an df2a_millipedefishd_46_an df2a_millipedefishd_47_an
29632,Progress(SECTION_0==0; SECTION_1<10),0,1,10,simpleQuest,3,df2a_cellatud_46_an df2a_cellatud_47_an df2a_bigcellatud_47_an
29633,Progress(SECTION_0==0; SECTION_1<10),0,1,10,simpleQuest,3,df2a_mutamantisd_47_n df2a_dionaeaswampd_47_an df2a_dionaeaswampd_48_an
29634,Progress(SECTION_0==0; SECTION_1<10),0,1,10,simpleQuest,4,df2a_kalnifspotd_47_an df2a_kalnifspotd_48_an df2a_elementalwater4d_47_an df2a_elementalwater4d_48_an
29635,Progress(SECTION_0==0; SECTION_1<10),0,1,10,simpleQuest,4,df2a_dritonblued_47_an df2a_dritonblued_48_an df2a_starturtleroughd_47_an df2a_starturtleroughd_48_an
29636,Progress(SECTION_0==0; SECTION_1<10),0,1,10,simpleQuest,4,df2a_shellizarddesertd_48_n df2a_shellizarddesertd_49_n df2a_shellizardstoned_48_n df2a_shellizardstoned_49_n
29637,Progress(SECTION_0==0; SECTION_1<10),0,1,10,simpleQuest,3,df4_crestlich_dr_51_n df4_crestlich_dr_52_n df4_rafflesia_dr_51_an
29638,Progress(SECTION_0==0; SECTION_1<10),0,1,10,simpleQuest,3,df4_shellizard_dr_51_an df4_shellizard_dr_52_an df4_mammoth_dr_baby_51_n
29639,Progress(SECTION_0==0; SECTION_1<10),0,1,10,simpleQuest,2,df4_millipedefish_52_an df4_lepisma_52_n
29640,Progress(SECTION_0==0; SECTION_1<10),0,1,10,simpleQuest,2,df4_slime_dr_52_an df4_foam_dr_52_an
29641,Progress(SECTION_0==0; SECTION_1<10),0,1,10,simpleQuest,3,df4_griffon_dr_52_an df4_griffon_dr_53_an df4_dionae_dr_53_an
29642,Progress(SECTION_0==0; SECTION_1<10),0,1,10,simpleQuest,4,df4_merdion_dr_53_n df4_merdion_dr_54_n df4_statuemm_53_an df4_statuemm_54_an
29645,Progress(SECTION_0==0; SECTION_1<10),0,1,10,simpleQuest,3,df5_a_bookie_55_an df5_a_bookie_56_an df5_b_varanus_56_n
29647,Progress(SECTION_0==0; SECTION_1<10),0,1,10,simpleQuest,4,df5_d_salivado_58_n df5_d_salivado_59_n df5_d_cyclops_58_an df5_d_cyclops_59_an
29650,Progress(SECTION_0==0; SECTION_1<10),0,1,10,simpleQuest,3,df5_h_kuillus_62_an df5_h_kuillus_63_an df5_h_lobnite_crab_62_n
29652,Progress(SECTION_0==0; SECTION_1<10),0,1,10,simpleQuest,5,lupyllinid_10_n lupyllinid_11_n togd_11_an togd_12_an togd_13_an
29653,Progress(SECTION_0==0; SECTION_1<10),0,1,10,simpleQuest,2,welemental1std_18_an aelemental1std_18_an
29656,Progress(SECTION_0==0; SECTION_1<10),0,1,10,simpleQuest,4,darud_21_n darud_22_n ettind_21_an ettind_22_an
29657,Progress(SECTION_0==0; SECTION_1<10),0,1,10,simpleQuest,4,curesd_25_an curesd_26_an elementalwater2d_26_an elementalwater2d_27_an
29661,Progress(SECTION_0==0; SECTION_1<10),0,1,10,simpleQuest,4,varanusre2d_29_n varanusre2d_30_n kalnifnmdd_30_an kalnifnmdd_31_an
29662,Progress(SECTION_0==0; SECTION_1<10),0,1,10,simpleQuest,4,lna_lehparfiworkerd_36_an lna_lehparfiworkerd_37_an fec_lehparfiworkerd_36_an fec_lehparfiworkerd_37_an
29664,Progress(SECTION_0==0; SECTION_1<10),0,1,10,simpleQuest,4,direbeastd_42_an direbeastd_43_an curesd_42_an curesd_43_an
29667,Progress(SECTION_0==0; SECTION_1<12),0,1,12,simpleQuest,6,df6_a1_elementallightf_66_n df6_a1_elementallightf_67_n df6_t_a1_elementallightf_66_n df6_t_a1_elementallightf_67_n df6_a1_bookie_66_n df6_a1_bookie_67_n df6_t_a1_bookie_66_n df6_t_a1_bookie_67_n df6_a1_trico_66_n df6_a1_trico_67_n df6_t_a1_trico_66_n df6_t_a1_trico_67_n df6_a1_woodtesinon_66_an df6_a1_woodtesinon_67_an df6_t_a1_woodtesinon_66_an df6_t_a1_woodtesinon_67_an df6_a1_popoku_as_66_an df6_a1_popoku_as_67_an df6_t_a1_popoku_as_66_an df6_t_a1_popoku_as_67_an df6_i_starturtle_66_n df6_i_starturtle_67_n df6_t_i_starturtle_66_n df6_t_i_starturtle_67_n
29673,Progress(SECTION_0==0; SECTION_1<1),0,1,1,simpleQuest,1,idnovice_07_darkdevakn_named_20_an
29674,Progress(SECTION_0==0; SECTION_1<1),0,1,1,simpleQuest,1,firesanctuaryqueenboss_37_ae firesanctuaryqueenbosshard_37_ah
29675,Progress(SECTION_0==0; SECTION_1<1),0,1,1,simpleQuest,2,idcromede_2up_named_angry_judge_38_an idcromede_2up_named_judge_38_an idcromede_2up_named_judgeq_38_an
29676,Progress(SECTION_0==0; SECTION_1<1),0,1,1,simpleQuest,1,iddf3_drakanfibossd_50_ah iddf3_drakanfibossd_50_ah_sp
29680,Progress(SECTION_0==0; SECTION_1<1),0,1,1,simpleQuest,3,bideternity_01_leibo_fire_zone_n_70_ah bideternity_01_leibo_wind_zone_n_70_ah bideternity_01_leibo_earth_zone_n_70_ah
29681,Progress(SECTION_0==0; SECTION_1<1),0,1,1,simpleQuest,1,ideternity_02_snakem_fly_75_ah
29682,Progress(SECTION_0==0; SECTION_1<1),0,1,1,simpleQuest,1,idf6_lap_godelemental_67_ah
29691,Progress(SECTION_0==0; SECTION_1<3),0,1,3,simpleQuest,1,idtransform_bonus_monster_typea_66_an idtransform_bonus_monster_typeb_66_an idtransform_bonus_monster_typec_66_an idtransform_bonus_monster_typed_66_an idtransform_bonus_monster_typea_67_an idtransform_bonus_monster_typeb_67_an idtransform_bonus_monster_typec_67_an idtransform_bonus_monster_typed_67_an idtransform_bonus_monster_typea_68_an idtransform_bonus_monster_typeb_68_an idtransform_bonus_monster_typec_68_an idtransform_bonus_monster_typed_68_an idtransform_bonus_monster_typea_69_an idtransform_bonus_monster_typeb_69_an idtransform_bonus_monster_typec_69_an idtransform_bonus_monster_typed_69_an idtransform_bonus_monster_typea_70_an idtransform_bonus_monster_typeb_70_an idtransform_bonus_monster_typec_70_an idtransform_bonus_monster_typed_70_an idtransform_bonus_monster_typea_71_an idtransform_bonus_monster_typeb_71_an idtransform_bonus_monster_typec_71_an idtransform_bonus_monster_typed_71_an idtransform_bonus_monster_typea_72_an idtransform_bonus_monster_typeb_72_an idtransform_bonus_monster_typec_72_an idtransform_bonus_monster_typed_72_an idtransform_bonus_monster_typea_73_an idtransform_bonus_monster_typeb_73_an idtransform_bonus_monster_typec_73_an idtransform_bonus_monster_typed_73_an idtransform_bonus_monster_typea_74_an idtransform_bonus_monster_typeb_74_an idtransform_bonus_monster_typec_74_an idtransform_bonus_monster_typed_74_an idtransform_bonus_monster_typea_75_an idtransform_bonus_monster_typeb_75_an idtransform_bonus_monster_typec_75_an idtransform_bonus_monster_typed_75_an idtransform_e_bonus_monster_typea_66_an idtransform_e_bonus_monster_typeb_66_an idtransform_e_bonus_monster_typec_66_an idtransform_e_bonus_monster_typed_66_an idtransform_e_bonus_monster_typea_67_an idtransform_e_bonus_monster_typeb_67_an idtransform_e_bonus_monster_typec_67_an idtransform_e_bonus_monster_typed_67_an idtransform_e_bonus_monster_typea_68_an idtransform_e_bonus_monster_typeb_68_an idtransform_e_bonus_monster_typec_68_an idtransform_e_bonus_monster_typed_68_an idtransform_e_bonus_monster_typea_69_an idtransform_e_bonus_monster_typeb_69_an idtransform_e_bonus_monster_typec_69_an idtransform_e_bonus_monster_typed_69_an idtransform_e_bonus_monster_typea_70_an idtransform_e_bonus_monster_typeb_70_an idtransform_e_bonus_monster_typec_70_an idtransform_e_bonus_monster_typed_70_an idtransform_e_bonus_monster_typea_71_an idtransform_e_bonus_monster_typeb_71_an idtransform_e_bonus_monster_typec_71_an idtransform_e_bonus_monster_typed_71_an idtransform_e_bonus_monster_typea_72_an idtransform_e_bonus_monster_typeb_72_an idtransform_e_bonus_monster_typec_72_an idtransform_e_bonus_monster_typed_72_an idtransform_e_bonus_monster_typea_73_an idtransform_e_bonus_monster_typeb_73_an idtransform_e_bonus_monster_typec_73_an idtransform_e_bonus_monster_typed_73_an idtransform_e_bonus_monster_typea_74_an idtransform_e_bonus_monster_typeb_74_an idtransform_e_bonus_monster_typec_74_an idtransform_e_bonus_monster_typed_74_an idtransform_e_bonus_monster_typea_75_an idtransform_e_bonus_monster_typeb_75_an idtransform_e_bonus_monster_typec_75_an idtransform_e_bonus_monster_typed_75_an
29692,Progress(SECTION_0==0; SECTION_1<1),0,1,1,simpleQuest,1,idf6_dragon_messenger_69_ah idf6_dragon_messenger_event
29693,Progress(SECTION_0==0; SECTION_1<1),0,1,1,simpleQuest,1,idlf1_t_vanq_named_73_ah
29912,Progress(SECTION_0==0; SECTION_1<5),0,1,5,simpleQuest,2,df4_mammoth_dr_51_an df4_mammoth_dr_52_an
29913,Progress(SECTION_0==0; SECTION_1<5),0,1,5,simpleQuest,2,df4_crestlich_dr_51_n df4_crestlich_dr_52_n
30044,Progress(SECTION_0==0; SECTION_1<1),0,1,1,simpleQuest,1,idtemple_fanaticelnamed_53_ah idtemple_sp_fanaticelnamed_53_ah
30046,Progress(SECTION_0==0; SECTION_1<1),0,1,1,simpleQuest,1,idtemple_fanaticasnamed_53_ah idtemple_sp_fanaticasnamed_53_ah
30144,Progress(SECTION_0==0; SECTION_1<1),0,1,1,simpleQuest,1,idtemple_fanaticelnamed_53_ah idtemple_sp_fanaticelnamed_53_ah
30146,Progress(SECTION_0==0; SECTION_1<1),0,1,1,simpleQuest,1,idtemple_fanaticasnamed_53_ah idtemple_sp_fanaticasnamed_53_ah
30514,Progress(SECTION_0==0; SECTION_1<1),0,1,1,simpleQuest,1,idyun_nmd_4named_60_ah idyun_nmd_clear_4named_60_ah
30516,Progress(SECTION_0==0; SECTION_1<1),0,1,1,simpleQuest,1,idyun_n_nmd_7named_65_ah
30564,Progress(SECTION_0==0; SECTION_1<1),0,1,1,simpleQuest,1,idyun_nmd_4named_60_ah idyun_nmd_clear_4named_60_ah
30566,Progress(SECTION_0==0; SECTION_1<1),0,1,1,simpleQuest,1,idyun_n_nmd_7named_65_ah
35052,Progress(SECTION_0==0; SECTION_1<5),0,1,5,simpleQuest,1,lf5_fobj_q35052
35058,Progress(SECTION_0==0; SECTION_1<10),0,1,10,simpleQuest,2,lf5_b_vespa_56_an lf5_b_vespa_57_an
35059,Progress(SECTION_0==0; SECTION_1<10),0,1,10,simpleQuest,2,lf5_c_kuillusm_57_an lf5_c_kuillusm_58_an
35060,Progress(SECTION_0==0; SECTION_1<10),0,1,10,simpleQuest,1,lf5_d_rafflesiasea_58_an
35061,Progress(SECTION_0==0; SECTION_1<10),0,1,10,simpleQuest,2,lf5_e_sheluk_59_an lf5_e_sheluk_60_an
35062,Progress(SECTION_0==0; SECTION_1<10),0,1,10,simpleQuest,2,lf5_f_xipeto_60_an lf5_f_xipeto_61_an
35063,Progress(SECTION_0==0; SECTION_1<10),0,1,10,simpleQuest,1,lf5_h_rafflesia_62_an
35064,Progress(SECTION_0==0; SECTION_1<10),0,1,10,simpleQuest,2,lf5_i_octaside_63_an lf5_i_octaside_64_an
35065,Progress(SECTION_0==0; SECTION_1<10),0,1,10,simpleQuest,1,lf5_j_frillfaimam_64_an
36531,Progress(SECTION_0==0; SECTION_1<1),0,1,1,simpleQuest,1,lf5_a_starfish_55_dq
36532,Progress(SECTION_0==0; SECTION_1<1),0,1,1,simpleQuest,1,lf5_d_potcrab_56_dq
36533,Progress(SECTION_0==0; SECTION_1<1),0,1,1,simpleQuest,1,lf5_c_startutle_58_dq
36534,Progress(SECTION_0==0; SECTION_1<1),0,1,1,simpleQuest,1,lf5_d_lobster_59_dq
36535,Progress(SECTION_0==0; SECTION_1<1),0,1,1,simpleQuest,1,lf5_e_slime_59_dq
36536,Progress(SECTION_0==0; SECTION_1<1),0,1,1,simpleQuest,1,lf5_c_rottentrees_58_dq
36539,Progress(SECTION_0==0; SECTION_1<1),0,1,1,simpleQuest,1,lf5_f_sheluk_60_dq
36540,Progress(SECTION_0==0; SECTION_1<1),0,1,1,simpleQuest,1,lf5_f_drakan_61_dq
36541,Progress(SECTION_0==0; SECTION_1<1),0,1,1,simpleQuest,1,lf5_h_elemetli_62_dq
36542,Progress(SECTION_0==0; SECTION_1<1),0,1,1,simpleQuest,1,lf5_i_condor_64_dq
36543,Progress(SECTION_0==0; SECTION_1<1),0,1,1,simpleQuest,1,lf5_j_sandshark_65_dq
36544,Progress(SECTION_0==0; SECTION_1<1),0,1,1,simpleQuest,1,lf5_h_ettin_63_dq
36545,Progress(SECTION_0==0; SECTION_1<1),0,1,1,simpleQuest,1,df5_a_qnamde_cherubim_56_n
36546,Progress(SECTION_0==0; SECTION_1<1),0,1,1,simpleQuest,1,df5_b_qnamde_starcrab_56_n
36547,Progress(SECTION_0==0; SECTION_1<1),0,1,1,simpleQuest,1,df5_e2_qnamde_elementalwater1_60_n
36548,Progress(SECTION_0==0; SECTION_1<1),0,1,1,simpleQuest,1,df5_h_qnamde_worm_oasis_63_an
36550,Progress(SECTION_0==0; SECTION_1<10),0,1,10,simpleQuest,2,lf4_a_varanus_axolotl_51_n lf4_a_varanus_axolotl_52_n
36551,Progress(SECTION_0==0; SECTION_1<10),0,1,10,simpleQuest,2,lf4_a_kuillus_feeler_51_an lf4_a_kuillus_feeler_52_an
36552,Progress(SECTION_0==0; SECTION_1<10),0,1,10,simpleQuest,2,lf4_b_fethlot_highland_53_n lf4_b_fethlot_highland_54_n
36553,Progress(SECTION_0==0; SECTION_1<10),0,1,10,simpleQuest,1,lf4_b3_rottentree_green_53_an
36554,Progress(SECTION_0==0; SECTION_1<10),0,1,10,simpleQuest,4,lf4_b_bookie_fairy_53_an lf4_b_bookie_fairy_54_an lf4_b_bookie_fairy_crack_53_an lf4_b_bookie_fairy_crack_54_an
36555,Progress(SECTION_0==0; SECTION_1<10),0,1,10,simpleQuest,1,lf4_c_cyclops_acid_55_an
36556,Progress(SECTION_0==0; SECTION_1<10),0,1,10,simpleQuest,1,lf4_c4_ettin_55_an
36557,Progress(SECTION_0==0; SECTION_1<1),0,1,1,simpleQuest,1,lf4_dayq_shulackfi_51_an
36558,Progress(SECTION_0==0; SECTION_1<1),0,1,1,simpleQuest,1,lf4_dayq_ancientclanfi_52_an
36559,Progress(SECTION_0==0; SECTION_1<1),0,1,1,simpleQuest,1,lf4_dayq_fanaticfi_53_an
36560,Progress(SECTION_0==0; SECTION_1<1),0,1,1,simpleQuest,1,lf4_dayq_lwizard_53_an
36561,Progress(SECTION_0==0; SECTION_1<1),0,1,1,simpleQuest,1,lf4_sp_dayq_drakanfi_54_an
36562,Progress(SECTION_0==0; SECTION_1<1),0,1,1,simpleQuest,1,lf4_sp_dayq_drakanwi_54_an
36563,Progress(SECTION_0==0; SECTION_1<10),0,1,10,simpleQuest,1,df4_hellhound_wolf_51_an
36564,Progress(SECTION_0==0; SECTION_1<10),0,1,10,simpleQuest,2,df4_mammoth_dr_51_an df4_mammoth_dr_52_an
36565,Progress(SECTION_0==0; SECTION_1<10),0,1,10,simpleQuest,2,df4_ancientclan_ghost_fi_53_an df4_ancientclan_ghost_fi_54_an
36566,Progress(SECTION_0==0; SECTION_1<10),0,1,10,simpleQuest,2,df4_bat_dr_53_n df4_bat_dr_54_n
36567,Progress(SECTION_0==0; SECTION_1<10),0,1,10,simpleQuest,1,df4_rottentree_dr_53_an
36568,Progress(SECTION_0==0; SECTION_1<10),0,1,10,simpleQuest,3,df4_varanus_dr_54_an df4_varanus_dr_55_an df4_sp_varanus_dr_55_an
36569,Progress(SECTION_0==0; SECTION_1<10),0,1,10,simpleQuest,4,df4_drake_dr_54_an df4_drake_dr_55_an df4_drake_dr_54_ae df4_drake_dr_55_ae
36570,Progress(SECTION_0==0; SECTION_1<1),0,1,1,simpleQuest,1,df4_daq_owllau_fi_51
36571,Progress(SECTION_0==0; SECTION_1<1),0,1,1,simpleQuest,1,df4_dayq_condor_dr_52_an
36572,Progress(SECTION_0==0; SECTION_1<1),0,1,1,simpleQuest,1,df4_daq_fanaticfi_53
36573,Progress(SECTION_0==0; SECTION_1<1),0,1,1,simpleQuest,1,df4_dayq_krallfi_dr_53_an
36574,Progress(SECTION_0==0; SECTION_1<1),0,1,1,simpleQuest,1,df4_sp_daq_vampire_dr_54
36575,Progress(SECTION_0==0; SECTION_1<1),0,1,1,simpleQuest,1,df4_sp_daq_drakanfi_re_54
42000,Progress(SECTION_0==0; SECTION_1<3),0,1,3,simpleQuest,1,idtransform_bonus_monster_typea_66_an idtransform_bonus_monster_typeb_66_an idtransform_bonus_monster_typec_66_an idtransform_bonus_monster_typed_66_an idtransform_bonus_monster_typea_67_an idtransform_bonus_monster_typeb_67_an idtransform_bonus_monster_typec_67_an idtransform_bonus_monster_typed_67_an idtransform_bonus_monster_typea_68_an idtransform_bonus_monster_typeb_68_an idtransform_bonus_monster_typec_68_an idtransform_bonus_monster_typed_68_an idtransform_bonus_monster_typea_69_an idtransform_bonus_monster_typeb_69_an idtransform_bonus_monster_typec_69_an idtransform_bonus_monster_typed_69_an idtransform_bonus_monster_typea_70_an idtransform_bonus_monster_typeb_70_an idtransform_bonus_monster_typec_70_an idtransform_bonus_monster_typed_70_an idtransform_bonus_monster_typea_71_an idtransform_bonus_monster_typeb_71_an idtransform_bonus_monster_typec_71_an idtransform_bonus_monster_typed_71_an idtransform_bonus_monster_typea_72_an idtransform_bonus_monster_typeb_72_an idtransform_bonus_monster_typec_72_an idtransform_bonus_monster_typed_72_an idtransform_bonus_monster_typea_73_an idtransform_bonus_monster_typeb_73_an idtransform_bonus_monster_typec_73_an idtransform_bonus_monster_typed_73_an idtransform_bonus_monster_typea_74_an idtransform_bonus_monster_typeb_74_an idtransform_bonus_monster_typec_74_an idtransform_bonus_monster_typed_74_an idtransform_bonus_monster_typea_75_an idtransform_bonus_monster_typeb_75_an idtransform_bonus_monster_typec_75_an idtransform_bonus_monster_typed_75_an idtransform_e_bonus_monster_typea_66_an idtransform_e_bonus_monster_typeb_66_an idtransform_e_bonus_monster_typec_66_an idtransform_e_bonus_monster_typed_66_an idtransform_e_bonus_monster_typea_67_an idtransform_e_bonus_monster_typeb_67_an idtransform_e_bonus_monster_typec_67_an idtransform_e_bonus_monster_typed_67_an idtransform_e_bonus_monster_typea_68_an idtransform_e_bonus_monster_typeb_68_an idtransform_e_bonus_monster_typec_68_an idtransform_e_bonus_monster_typed_68_an idtransform_e_bonus_monster_typea_69_an idtransform_e_bonus_monster_typeb_69_an idtransform_e_bonus_monster_typec_69_an idtransform_e_bonus_monster_typed_69_an idtransform_e_bonus_monster_typea_70_an idtransform_e_bonus_monster_typeb_70_an idtransform_e_bonus_monster_typec_70_an idtransform_e_bonus_monster_typed_70_an idtransform_e_bonus_monster_typea_71_an idtransform_e_bonus_monster_typeb_71_an idtransform_e_bonus_monster_typec_71_an idtransform_e_bonus_monster_typed_71_an idtransform_e_bonus_monster_typea_72_an idtransform_e_bonus_monster_typeb_72_an idtransform_e_bonus_monster_typec_72_an idtransform_e_bonus_monster_typed_72_an idtransform_e_bonus_monster_typea_73_an idtransform_e_bonus_monster_typeb_73_an idtransform_e_bonus_monster_typec_73_an idtransform_e_bonus_monster_typed_73_an idtransform_e_bonus_monster_typea_74_an idtransform_e_bonus_monster_typeb_74_an idtransform_e_bonus_monster_typec_74_an idtransform_e_bonus_monster_typed_74_an idtransform_e_bonus_monster_typea_75_an idtransform_e_bonus_monster_typeb_75_an idtransform_e_bonus_monster_typec_75_an idtransform_e_bonus_monster_typed_75_an
42001,Progress(SECTION_0==0; SECTION_1<10),0,1,10,simpleQuest,5,lf6_elementallightf_a_66_n lf6_elementallightf_a_67_n lf6_t_elementallightf_a_66_n lf6_t_elementallightf_a_67_n lf6_newmerman_a_66_n lf6_newmerman_a_67_n lf6_t_newmerman_a_66_n lf6_t_newmerman_a_67_n lf6_trico_a_66_n lf6_trico_a_67_n lf6_t_trico_a_66_n lf6_t_trico_a_67_n lf6_baku_a_66_n lf6_baku_a_67_n lf6_t_baku_a_66_n lf6_t_baku_a_67_n lf6_daru_a_66_n lf6_daru_a_67_n lf6_t_daru_a_66_n lf6_t_daru_a_67_n
42002,Progress(SECTION_0==0; SECTION_1<10),0,1,10,simpleQuest,7,lf6_elementallight_m_spring_a2_67_n lf6_elementallight_m_spring_a2_68_n lf6_t_elementallight_m_spring_a2_67_n lf6_t_elementallight_m_spring_a2_68_n lf6_vespa_a2_67_n lf6_vespa_a2_68_n lf6_t_vespa_a2_67_n lf6_t_vespa_a2_68_n lf6_dionaea_a2_67_n lf6_dionaea_a2_68_n lf6_t_dionaea_a2_67_n lf6_t_dionaea_a2_68_n lf6_trico_a2_67_n lf6_trico_a2_68_n lf6_t_trico_a2_67_n lf6_t_trico_a2_68_n lf6_popoku_as_a2_67_n lf6_popoku_as_a2_68_n lf6_t_popoku_as_a2_67_n lf6_t_popoku_as_a2_68_n lf6_woodtesinon_a2_67_n lf6_woodtesinon_a2_68_n lf6_t_woodtesinon_a2_67_n lf6_t_woodtesinon_a2_68_n lf6_newmerman_a2_67_n lf6_newmerman_a2_68_n lf6_t_newmerman_a2_67_n lf6_t_newmerman_a2_68_n
42003,Progress(SECTION_0==0; SECTION_1<15),0,1,15,simpleQuest,25,lf6_mammoth_c_67_n lf6_mammoth_c_68_n lf6_t_mammoth_c_69_n lf6_t_mammoth_c_70_n lf6_t_mammoth_c_71_n lf6_hiiv_c_67_n lf6_hiiv_c_68_n lf6_t_hiiv_c_69_n lf6_t_hiiv_c_70_n lf6_t_hiiv_c_71_n lf6_flowerfairy_c_67_n lf6_flowerfairy_c_68_n lf6_t_flowerfairy_c_69_n lf6_t_flowerfairy_c_70_n lf6_t_flowerfairy_c_71_n lf6_c_flowerworm_67_an lf6_c_flowerworm_68_an lf6_t_c_flowerworm_69_an lf6_t_c_flowerworm_70_an lf6_t_c_flowerworm_71_an lf6_mimic_c_67_d lf6_mimic_c_68_d lf6_mimic_c_69_d lf6_mimic_c_70_d lf6_mimic_c_71_d lf6_t_mimic_c_71_d lf6_t_mimic_c_72_d lf6_t_mimic_c_73_d lf6_t_mimic_c_74_d lf6_empty_c_67_d lf6_empty_c_68_d lf6_empty_c_69_d lf6_empty_c_70_d lf6_empty_c_71_d lf6_t_empty_c_71_d lf6_t_empty_c_72_d lf6_t_empty_c_73_d lf6_t_empty_c_74_d lf6_tauric_c_67_d lf6_tauric_c_68_d lf6_tauric_c_69_d lf6_tauric_c_70_d lf6_tauric_c_71_d lf6_t_tauric_c_71_d lf6_t_tauric_c_72_d lf6_t_tauric_c_73_d lf6_t_tauric_c_74_d lf6_mimic_c_67_d_str lf6_mimic_c_68_d_str lf6_mimic_c_69_d_str lf6_mimic_c_70_d_str lf6_mimic_c_71_d_str lf6_t_mimic_c_71_d_str lf6_t_mimic_c_72_d_str lf6_t_mimic_c_73_d_str lf6_t_mimic_c_74_d_str lf6_mimic_c_67_d_str_geno lf6_mimic_c_68_d_str_geno lf6_mimic_c_69_d_str_geno lf6_mimic_c_70_d_str_geno lf6_mimic_c_71_d_str_geno lf6_mimic_c_67_d_md lf6_mimic_c_68_d_md lf6_mimic_c_69_d_md lf6_mimic_c_70_d_md lf6_mimic_c_71_d_md lf6_t_mimic_c_71_d_md lf6_t_mimic_c_72_d_md lf6_t_mimic_c_73_d_md lf6_t_mimic_c_74_d_md lf6_mimic_c_67_d_pd lf6_mimic_c_68_d_pd lf6_mimic_c_69_d_pd lf6_mimic_c_70_d_pd lf6_mimic_c_71_d_pd lf6_t_mimic_c_71_d_pd lf6_t_mimic_c_72_d_pd lf6_t_mimic_c_73_d_pd lf6_t_mimic_c_74_d_pd lf6_mimic_c_67_d_low lf6_mimic_c_68_d_low lf6_mimic_c_69_d_low lf6_mimic_c_70_d_low lf6_mimic_c_71_d_low lf6_t_mimic_c_71_d_low lf6_t_mimic_c_72_d_low lf6_t_mimic_c_73_d_low lf6_t_mimic_c_74_d_low lf6_mimic_c_67_d_random lf6_mimic_c_68_d_random lf6_mimic_c_69_d_random lf6_mimic_c_70_d_random lf6_mimic_c_71_d_random lf6_empty_c_67_d_str lf6_empty_c_68_d_str lf6_empty_c_69_d_str lf6_empty_c_70_d_str lf6_empty_c_71_d_str lf6_t_empty_c_71_d_str lf6_t_empty_c_72_d_str lf6_t_empty_c_73_d_str lf6_t_empty_c_74_d_str lf6_empty_c_67_d_str_geno lf6_empty_c_68_d_str_geno lf6_empty_c_69_d_str_geno lf6_empty_c_70_d_str_geno lf6_empty_c_71_d_str_geno lf6_empty_c_67_d_md lf6_empty_c_68_d_md lf6_empty_c_69_d_md lf6_empty_c_70_d_md lf6_empty_c_71_d_md lf6_t_empty_c_71_d_md lf6_t_empty_c_72_d_md lf6_t_empty_c_73_d_md lf6_t_empty_c_74_d_md lf6_empty_c_67_d_pd lf6_empty_c_68_d_pd lf6_empty_c_69_d_pd lf6_empty_c_70_d_pd lf6_empty_c_71_d_pd lf6_t_empty_c_71_d_pd lf6_t_empty_c_72_d_pd lf6_t_empty_c_73_d_pd lf6_t_empty_c_74_d_pd lf6_empty_c_67_d_low lf6_empty_c_68_d_low lf6_empty_c_69_d_low lf6_empty_c_70_d_low lf6_empty_c_71_d_low lf6_t_empty_c_71_d_low lf6_t_empty_c_72_d_low lf6_t_empty_c_73_d_low lf6_t_empty_c_74_d_low lf6_empty_c_67_d_random lf6_empty_c_68_d_random lf6_empty_c_69_d_random lf6_empty_c_70_d_random lf6_empty_c_71_d_random lf6_tauric_c_67_d_str lf6_tauric_c_68_d_str lf6_tauric_c_69_d_str lf6_tauric_c_70_d_str lf6_tauric_c_71_d_str lf6_t_tauric_c_71_d_str lf6_t_tauric_c_72_d_str lf6_t_tauric_c_73_d_str lf6_t_tauric_c_74_d_str lf6_tauric_c_67_d_str_geno lf6_tauric_c_68_d_str_geno lf6_tauric_c_69_d_str_geno lf6_tauric_c_70_d_str_geno lf6_tauric_c_71_d_str_geno lf6_tauric_c_67_d_md lf6_tauric_c_68_d_md lf6_tauric_c_69_d_md lf6_tauric_c_70_d_md lf6_tauric_c_71_d_md lf6_t_tauric_c_71_d_md lf6_t_tauric_c_72_d_md lf6_t_tauric_c_73_d_md lf6_t_tauric_c_74_d_md lf6_tauric_c_67_d_pd lf6_tauric_c_68_d_pd lf6_tauric_c_69_d_pd lf6_tauric_c_70_d_pd lf6_tauric_c_71_d_pd lf6_t_tauric_c_71_d_pd lf6_t_tauric_c_72_d_pd lf6_t_tauric_c_73_d_pd lf6_t_tauric_c_74_d_pd lf6_tauric_c_67_d_low lf6_tauric_c_68_d_low lf6_tauric_c_69_d_low lf6_tauric_c_70_d_low lf6_tauric_c_71_d_low lf6_t_tauric_c_71_d_low lf6_t_tauric_c_72_d_low lf6_t_tauric_c_73_d_low lf6_t_tauric_c_74_d_low lf6_tauric_c_67_d_random lf6_tauric_c_68_d_random lf6_tauric_c_69_d_random lf6_tauric_c_70_d_random lf6_tauric_c_71_d_random
42004,Progress(SECTION_0==0; SECTION_1<15),0,1,15,simpleQuest,24,lf6_rottentree_e_67_n lf6_rottentree_e_68_n lf6_t_rottentree_e_69_n lf6_t_rottentree_e_70_n lf6_t_rottentree_e_71_n lf6_elementalwater4_e_67_n lf6_elementalwater4_e_68_n lf6_t_elementalwater4_e_69_n lf6_t_elementalwater4_e_70_n lf6_t_elementalwater4_e_71_n lf6_e_flowerworm_67_an lf6_e_flowerworm_68_an lf6_t_e_flowerworm_69_an lf6_t_e_flowerworm_70_an lf6_t_e_flowerworm_71_an lf6_stropoku_e_67_d lf6_stropoku_e_68_d lf6_stropoku_e_69_d lf6_stropoku_e_70_d lf6_stropoku_e_71_d lf6_t_stropoku_e_71_d lf6_t_stropoku_e_72_d lf6_t_stropoku_e_73_d lf6_t_stropoku_e_74_d lf6_zaif_e_67_d lf6_zaif_e_68_d lf6_zaif_e_69_d lf6_zaif_e_70_d lf6_zaif_e_71_d lf6_t_zaif_e_71_d lf6_t_zaif_e_72_d lf6_t_zaif_e_73_d lf6_t_zaif_e_74_d lf6_neuth_e_67_d lf6_neuth_e_68_d lf6_neuth_e_69_d lf6_neuth_e_70_d lf6_neuth_e_71_d lf6_t_neuth_e_71_d lf6_t_neuth_e_72_d lf6_t_neuth_e_73_d lf6_t_neuth_e_74_d lf6_stropoku_e_67_d_str lf6_stropoku_e_68_d_str lf6_stropoku_e_69_d_str lf6_stropoku_e_70_d_str lf6_stropoku_e_71_d_str lf6_t_stropoku_e_71_d_str lf6_t_stropoku_e_72_d_str lf6_t_stropoku_e_73_d_str lf6_t_stropoku_e_74_d_str lf6_stropoku_e_67_d_str_geno lf6_stropoku_e_68_d_str_geno lf6_stropoku_e_69_d_str_geno lf6_stropoku_e_70_d_str_geno lf6_stropoku_e_71_d_str_geno lf6_stropoku_e_67_d_md lf6_stropoku_e_68_d_md lf6_stropoku_e_69_d_md lf6_stropoku_e_70_d_md lf6_stropoku_e_71_d_md lf6_t_stropoku_e_71_d_md lf6_t_stropoku_e_72_d_md lf6_t_stropoku_e_73_d_md lf6_t_stropoku_e_74_d_md lf6_stropoku_e_67_d_pd lf6_stropoku_e_68_d_pd lf6_stropoku_e_69_d_pd lf6_stropoku_e_70_d_pd lf6_stropoku_e_71_d_pd lf6_t_stropoku_e_71_d_pd lf6_t_stropoku_e_72_d_pd lf6_t_stropoku_e_73_d_pd lf6_t_stropoku_e_74_d_pd lf6_stropoku_e_67_d_low lf6_stropoku_e_68_d_low lf6_stropoku_e_69_d_low lf6_stropoku_e_70_d_low lf6_stropoku_e_71_d_low lf6_t_stropoku_e_71_d_low lf6_t_stropoku_e_72_d_low lf6_t_stropoku_e_73_d_low lf6_t_stropoku_e_74_d_low lf6_stropoku_e_67_d_random lf6_stropoku_e_68_d_random lf6_stropoku_e_69_d_random lf6_stropoku_e_70_d_random lf6_stropoku_e_71_d_random lf6_zaif_e_67_d_str lf6_zaif_e_68_d_str lf6_zaif_e_69_d_str lf6_zaif_e_70_d_str lf6_zaif_e_71_d_str lf6_t_zaif_e_71_d_str lf6_t_zaif_e_72_d_str lf6_t_zaif_e_73_d_str lf6_t_zaif_e_74_d_str lf6_zaif_e_67_d_str_geno lf6_zaif_e_68_d_str_geno lf6_zaif_e_69_d_str_geno lf6_zaif_e_70_d_str_geno lf6_zaif_e_71_d_str_geno lf6_zaif_e_67_d_md lf6_zaif_e_68_d_md lf6_zaif_e_69_d_md lf6_zaif_e_70_d_md lf6_zaif_e_71_d_md lf6_t_zaif_e_71_d_md lf6_t_zaif_e_72_d_md lf6_t_zaif_e_73_d_md lf6_t_zaif_e_74_d_md lf6_zaif_e_67_d_pd lf6_zaif_e_68_d_pd lf6_zaif_e_69_d_pd lf6_zaif_e_70_d_pd lf6_zaif_e_71_d_pd lf6_t_zaif_e_71_d_pd lf6_t_zaif_e_72_d_pd lf6_t_zaif_e_73_d_pd lf6_t_zaif_e_74_d_pd lf6_zaif_e_67_d_low lf6_zaif_e_68_d_low lf6_zaif_e_69_d_low lf6_zaif_e_70_d_low lf6_zaif_e_71_d_low lf6_t_zaif_e_71_d_low lf6_t_zaif_e_72_d_low lf6_t_zaif_e_73_d_low lf6_t_zaif_e_74_d_low lf6_zaif_e_67_d_random lf6_zaif_e_68_d_random lf6_zaif_e_69_d_random lf6_zaif_e_70_d_random lf6_zaif_e_71_d_random lf6_neuth_e_67_d_str lf6_neuth_e_68_d_str lf6_neuth_e_69_d_str lf6_neuth_e_70_d_str lf6_neuth_e_71_d_str lf6_t_neuth_e_71_d_str lf6_t_neuth_e_72_d_str lf6_t_neuth_e_73_d_str lf6_t_neuth_e_74_d_str lf6_neuth_e_67_d_str_geno lf6_neuth_e_68_d_str_geno lf6_neuth_e_69_d_str_geno lf6_neuth_e_70_d_str_geno lf6_neuth_e_71_d_str_geno lf6_neuth_e_67_d_md lf6_neuth_e_68_d_md lf6_neuth_e_69_d_md lf6_neuth_e_70_d_md lf6_neuth_e_71_d_md lf6_t_neuth_e_71_d_md lf6_t_neuth_e_72_d_md lf6_t_neuth_e_73_d_md lf6_t_neuth_e_74_d_md lf6_neuth_e_67_d_pd lf6_neuth_e_68_d_pd lf6_neuth_e_69_d_pd lf6_neuth_e_70_d_pd lf6_neuth_e_71_d_pd lf6_t_neuth_e_71_d_pd lf6_t_neuth_e_72_d_pd lf6_t_neuth_e_73_d_pd lf6_t_neuth_e_74_d_pd lf6_neuth_e_67_d_low lf6_neuth_e_68_d_low lf6_neuth_e_69_d_low lf6_neuth_e_70_d_low lf6_neuth_e_71_d_low lf6_t_neuth_e_71_d_low lf6_t_neuth_e_72_d_low lf6_t_neuth_e_73_d_low lf6_t_neuth_e_74_d_low lf6_neuth_e_67_d_random lf6_neuth_e_68_d_random lf6_neuth_e_69_d_random lf6_neuth_e_70_d_random lf6_neuth_e_71_d_random
42005,Progress(SECTION_0==0; SECTION_1<15),0,1,15,simpleQuest,25,lf6_octaside_red_g_67_n lf6_octaside_red_g_68_n lf6_t_octaside_red_g_69_n lf6_t_octaside_red_g_70_n lf6_t_octaside_red_g_71_n lf6_element_earth2re_g_67_n lf6_element_earth2re_g_68_n lf6_t_element_earth2re_g_69_n lf6_t_element_earth2re_g_70_n lf6_t_element_earth2re_g_71_n lf6_mosbear_g_67_n lf6_mosbear_g_68_n lf6_t_mosbear_g_69_n lf6_t_mosbear_g_70_n lf6_t_mosbear_g_71_n lf6_g_flowerworm_67_an lf6_g_flowerworm_68_an lf6_t_g_flowerworm_69_an lf6_t_g_flowerworm_70_an lf6_t_g_flowerworm_71_an lf6_kuillus_g_67_d lf6_kuillus_g_68_d lf6_kuillus_g_69_d lf6_kuillus_g_70_d lf6_kuillus_g_71_d lf6_t_kuillus_g_71_d lf6_t_kuillus_g_72_d lf6_t_kuillus_g_73_d lf6_t_kuillus_g_74_d lf6_babymosbear_g_67_d lf6_babymosbear_g_68_d lf6_babymosbear_g_69_d lf6_babymosbear_g_70_d lf6_babymosbear_g_71_d lf6_t_babymosbear_g_71_d lf6_t_babymosbear_g_72_d lf6_t_babymosbear_g_73_d lf6_t_babymosbear_g_74_d lf6_lizardman_pr_g_67_d lf6_lizardman_pr_g_68_d lf6_lizardman_pr_g_69_d lf6_lizardman_pr_g_70_d lf6_lizardman_pr_g_71_d lf6_t_lizardman_pr_g_71_d lf6_t_lizardman_pr_g_72_d lf6_t_lizardman_pr_g_73_d lf6_t_lizardman_pr_g_74_d lf6_kuillus_g_67_d_str lf6_kuillus_g_68_d_str lf6_kuillus_g_69_d_str lf6_kuillus_g_70_d_str lf6_kuillus_g_71_d_str lf6_t_kuillus_g_71_d_str lf6_t_kuillus_g_72_d_str lf6_t_kuillus_g_73_d_str lf6_t_kuillus_g_74_d_str lf6_kuillus_g_67_d_str_geno lf6_kuillus_g_68_d_str_geno lf6_kuillus_g_69_d_str_geno lf6_kuillus_g_70_d_str_geno lf6_kuillus_g_71_d_str_geno lf6_kuillus_g_67_d_md lf6_kuillus_g_68_d_md lf6_kuillus_g_69_d_md lf6_kuillus_g_70_d_md lf6_kuillus_g_71_d_md lf6_t_kuillus_g_71_d_md lf6_t_kuillus_g_72_d_md lf6_t_kuillus_g_73_d_md lf6_t_kuillus_g_74_d_md lf6_kuillus_g_67_d_pd lf6_kuillus_g_68_d_pd lf6_kuillus_g_69_d_pd lf6_kuillus_g_70_d_pd lf6_kuillus_g_71_d_pd lf6_t_kuillus_g_71_d_pd lf6_t_kuillus_g_72_d_pd lf6_t_kuillus_g_73_d_pd lf6_t_kuillus_g_74_d_pd lf6_kuillus_g_67_d_low lf6_kuillus_g_68_d_low lf6_kuillus_g_69_d_low lf6_kuillus_g_70_d_low lf6_kuillus_g_71_d_low lf6_t_kuillus_g_71_d_low lf6_t_kuillus_g_72_d_low lf6_t_kuillus_g_73_d_low lf6_t_kuillus_g_74_d_low lf6_kuillus_g_67_d_random lf6_kuillus_g_68_d_random lf6_kuillus_g_69_d_random lf6_kuillus_g_70_d_random lf6_kuillus_g_71_d_random lf6_babymosbear_g_67_d_str lf6_babymosbear_g_68_d_str lf6_babymosbear_g_69_d_str lf6_babymosbear_g_70_d_str lf6_babymosbear_g_71_d_str lf6_t_babymosbear_g_71_d_str lf6_t_babymosbear_g_72_d_str lf6_t_babymosbear_g_73_d_str lf6_t_babymosbear_g_74_d_str lf6_babymosbear_g_67_d_str_geno lf6_babymosbear_g_68_d_str_geno lf6_babymosbear_g_69_d_str_geno lf6_babymosbear_g_70_d_str_geno lf6_babymosbear_g_71_d_str_geno lf6_babymosbear_g_67_d_md lf6_babymosbear_g_68_d_md lf6_babymosbear_g_69_d_md lf6_babymosbear_g_70_d_md lf6_babymosbear_g_71_d_md lf6_t_babymosbear_g_71_d_md lf6_t_babymosbear_g_72_d_md lf6_t_babymosbear_g_73_d_md lf6_t_babymosbear_g_74_d_md lf6_babymosbear_g_67_d_pd lf6_babymosbear_g_68_d_pd lf6_babymosbear_g_69_d_pd lf6_babymosbear_g_70_d_pd lf6_babymosbear_g_71_d_pd lf6_t_babymosbear_g_71_d_pd lf6_t_babymosbear_g_72_d_pd lf6_t_babymosbear_g_73_d_pd lf6_t_babymosbear_g_74_d_pd lf6_babymosbear_g_67_d_low lf6_babymosbear_g_68_d_low lf6_babymosbear_g_69_d_low lf6_babymosbear_g_70_d_low lf6_babymosbear_g_71_d_low lf6_t_babymosbear_g_71_d_low lf6_t_babymosbear_g_72_d_low lf6_t_babymosbear_g_73_d_low lf6_t_babymosbear_g_74_d_low lf6_babymosbear_g_67_d_random lf6_babymosbear_g_68_d_random lf6_babymosbear_g_69_d_random lf6_babymosbear_g_70_d_random lf6_babymosbear_g_71_d_random lf6_lizardman_pr_g_67_d_str lf6_lizardman_pr_g_68_d_str lf6_lizardman_pr_g_69_d_str lf6_lizardman_pr_g_70_d_str lf6_lizardman_pr_g_71_d_str lf6_t_lizardman_pr_g_71_d_str lf6_t_lizardman_pr_g_72_d_str lf6_t_lizardman_pr_g_73_d_str lf6_t_lizardman_pr_g_74_d_str lf6_lizardman_pr_g_67_d_str_geno lf6_lizardman_pr_g_68_d_str_geno lf6_lizardman_pr_g_69_d_str_geno lf6_lizardman_pr_g_70_d_str_geno lf6_lizardman_pr_g_71_d_str_geno lf6_lizardman_pr_g_67_d_md lf6_lizardman_pr_g_68_d_md lf6_lizardman_pr_g_69_d_md lf6_lizardman_pr_g_70_d_md lf6_lizardman_pr_g_71_d_md lf6_t_lizardman_pr_g_71_d_md lf6_t_lizardman_pr_g_72_d_md lf6_t_lizardman_pr_g_73_d_md lf6_t_lizardman_pr_g_74_d_md lf6_lizardman_pr_g_67_d_pd lf6_lizardman_pr_g_68_d_pd lf6_lizardman_pr_g_69_d_pd lf6_lizardman_pr_g_70_d_pd lf6_lizardman_pr_g_71_d_pd lf6_t_lizardman_pr_g_71_d_pd lf6_t_lizardman_pr_g_72_d_pd lf6_t_lizardman_pr_g_73_d_pd lf6_t_lizardman_pr_g_74_d_pd lf6_lizardman_pr_g_67_d_low lf6_lizardman_pr_g_68_d_low lf6_lizardman_pr_g_69_d_low lf6_lizardman_pr_g_70_d_low lf6_lizardman_pr_g_71_d_low lf6_t_lizardman_pr_g_71_d_low lf6_t_lizardman_pr_g_72_d_low lf6_t_lizardman_pr_g_73_d_low lf6_t_lizardman_pr_g_74_d_low lf6_lizardman_pr_g_67_d_random lf6_lizardman_pr_g_68_d_random lf6_lizardman_pr_g_69_d_random lf6_lizardman_pr_g_70_d_random lf6_lizardman_pr_g_71_d_random
42006,Progress(SECTION_0==0; SECTION_1<15),0,1,15,simpleQuest,24,lf6_shellizard_i_67_n lf6_shellizard_i_68_n lf6_t_shellizard_i_69_n lf6_t_shellizard_i_70_n lf6_t_shellizard_i_71_n lf6_fellial_i_67_n lf6_fellial_i_68_n lf6_t_fellial_i_69_n lf6_t_fellial_i_70_n lf6_t_fellial_i_71_n lf6_harpy_i_67_n lf6_harpy_i_68_n lf6_t_harpy_i_69_n lf6_t_harpy_i_70_n lf6_t_harpy_i_71_n lf6_bat_devil_i_67_d lf6_bat_devil_i_68_d lf6_bat_devil_i_69_d lf6_bat_devil_i_70_d lf6_bat_devil_i_71_d lf6_t_bat_devil_i_71_d lf6_t_bat_devil_i_72_d lf6_t_bat_devil_i_73_d lf6_t_bat_devil_i_74_d lf6_rottentree_i_67_d lf6_rottentree_i_68_d lf6_rottentree_i_69_d lf6_rottentree_i_70_d lf6_rottentree_i_71_d lf6_t_rottentree_i_71_d lf6_t_rottentree_i_72_d lf6_t_rottentree_i_73_d lf6_t_rottentree_i_74_d lf6_lepisma_i_67_d lf6_lepisma_i_68_d lf6_lepisma_i_69_d lf6_lepisma_i_70_d lf6_lepisma_i_71_d lf6_t_lepisma_i_71_d lf6_t_lepisma_i_72_d lf6_t_lepisma_i_73_d lf6_t_lepisma_i_74_d lf6_bat_devil_i_67_d_str lf6_bat_devil_i_68_d_str lf6_bat_devil_i_69_d_str lf6_bat_devil_i_70_d_str lf6_bat_devil_i_71_d_str lf6_t_bat_devil_i_71_d_str lf6_t_bat_devil_i_72_d_str lf6_t_bat_devil_i_73_d_str lf6_t_bat_devil_i_74_d_str lf6_bat_devil_i_67_d_str_geno lf6_bat_devil_i_68_d_str_geno lf6_bat_devil_i_69_d_str_geno lf6_bat_devil_i_70_d_str_geno lf6_bat_devil_i_71_d_str_geno lf6_bat_devil_i_67_d_md lf6_bat_devil_i_68_d_md lf6_bat_devil_i_69_d_md lf6_bat_devil_i_70_d_md lf6_bat_devil_i_71_d_md lf6_t_bat_devil_i_71_d_md lf6_t_bat_devil_i_72_d_md lf6_t_bat_devil_i_73_d_md lf6_t_bat_devil_i_74_d_md lf6_bat_devil_i_67_d_pd lf6_bat_devil_i_68_d_pd lf6_bat_devil_i_69_d_pd lf6_bat_devil_i_70_d_pd lf6_bat_devil_i_71_d_pd lf6_t_bat_devil_i_71_d_pd lf6_t_bat_devil_i_72_d_pd lf6_t_bat_devil_i_73_d_pd lf6_t_bat_devil_i_74_d_pd lf6_bat_devil_i_67_d_low lf6_bat_devil_i_68_d_low lf6_bat_devil_i_69_d_low lf6_bat_devil_i_70_d_low lf6_bat_devil_i_71_d_low lf6_t_bat_devil_i_71_d_low lf6_t_bat_devil_i_72_d_low lf6_t_bat_devil_i_73_d_low lf6_t_bat_devil_i_74_d_low lf6_bat_devil_i_67_d_random lf6_bat_devil_i_68_d_random lf6_bat_devil_i_69_d_random lf6_bat_devil_i_70_d_random lf6_bat_devil_i_71_d_random lf6_rottentree_i_67_d_str lf6_rottentree_i_68_d_str lf6_rottentree_i_69_d_str lf6_rottentree_i_70_d_str lf6_rottentree_i_71_d_str lf6_t_rottentree_i_71_d_str lf6_t_rottentree_i_72_d_str lf6_t_rottentree_i_73_d_str lf6_t_rottentree_i_74_d_str lf6_rottentree_i_67_d_str_geno lf6_rottentree_i_68_d_str_geno lf6_rottentree_i_69_d_str_geno lf6_rottentree_i_70_d_str_geno lf6_rottentree_i_71_d_str_geno lf6_rottentree_i_67_d_md lf6_rottentree_i_68_d_md lf6_rottentree_i_69_d_md lf6_rottentree_i_70_d_md lf6_rottentree_i_71_d_md lf6_t_rottentree_i_71_d_md lf6_t_rottentree_i_72_d_md lf6_t_rottentree_i_73_d_md lf6_t_rottentree_i_74_d_md lf6_rottentree_i_67_d_pd lf6_rottentree_i_68_d_pd lf6_rottentree_i_69_d_pd lf6_rottentree_i_70_d_pd lf6_rottentree_i_71_d_pd lf6_t_rottentree_i_71_d_pd lf6_t_rottentree_i_72_d_pd lf6_t_rottentree_i_73_d_pd lf6_t_rottentree_i_74_d_pd lf6_rottentree_i_67_d_low lf6_rottentree_i_68_d_low lf6_rottentree_i_69_d_low lf6_rottentree_i_70_d_low lf6_rottentree_i_71_d_low lf6_t_rottentree_i_71_d_low lf6_t_rottentree_i_72_d_low lf6_t_rottentree_i_73_d_low lf6_t_rottentree_i_74_d_low lf6_rottentree_i_67_d_random lf6_rottentree_i_68_d_random lf6_rottentree_i_69_d_random lf6_rottentree_i_70_d_random lf6_rottentree_i_71_d_random lf6_lepisma_i_67_d_str lf6_lepisma_i_68_d_str lf6_lepisma_i_69_d_str lf6_lepisma_i_70_d_str lf6_lepisma_i_71_d_str lf6_t_lepisma_i_71_d_str lf6_t_lepisma_i_72_d_str lf6_t_lepisma_i_73_d_str lf6_t_lepisma_i_74_d_str lf6_lepisma_i_67_d_str_geno lf6_lepisma_i_68_d_str_geno lf6_lepisma_i_69_d_str_geno lf6_lepisma_i_70_d_str_geno lf6_lepisma_i_71_d_str_geno lf6_lepisma_i_67_d_md lf6_lepisma_i_68_d_md lf6_lepisma_i_69_d_md lf6_lepisma_i_70_d_md lf6_lepisma_i_71_d_md lf6_t_lepisma_i_71_d_md lf6_t_lepisma_i_72_d_md lf6_t_lepisma_i_73_d_md lf6_t_lepisma_i_74_d_md lf6_lepisma_i_67_d_pd lf6_lepisma_i_68_d_pd lf6_lepisma_i_69_d_pd lf6_lepisma_i_70_d_pd lf6_lepisma_i_71_d_pd lf6_t_lepisma_i_71_d_pd lf6_t_lepisma_i_72_d_pd lf6_t_lepisma_i_73_d_pd lf6_t_lepisma_i_74_d_pd lf6_lepisma_i_67_d_low lf6_lepisma_i_68_d_low lf6_lepisma_i_69_d_low lf6_lepisma_i_70_d_low lf6_lepisma_i_71_d_low lf6_t_lepisma_i_71_d_low lf6_t_lepisma_i_72_d_low lf6_t_lepisma_i_73_d_low lf6_t_lepisma_i_74_d_low lf6_lepisma_i_67_d_random lf6_lepisma_i_68_d_random lf6_lepisma_i_69_d_random lf6_lepisma_i_70_d_random lf6_lepisma_i_71_d_random
42010,Progress(SECTION_0==0; SECTION_1<2),0,1,2,simpleQuest,3,lf6_t_named_mammoth_c_74_an lf6_t_named_hiiv_c_74_an lf6_t_named_flowerfairy_c_74_an
42011,Progress(SECTION_0==0; SECTION_1<2),0,1,2,simpleQuest,3,lf6_t_named_foxlight_e_74_an lf6_t_named_rottentree_e_74_an lf6_t_named_elementalwater4_e_74_an
42012,Progress(SECTION_0==0; SECTION_1<2),0,1,2,simpleQuest,3,lf6_t_named_octaside_red_g_74_an lf6_t_named_element_earth2re_g_74_an lf6_t_named_mosbear_g_74_an
42013,Progress(SECTION_0==0; SECTION_1<2),0,1,2,simpleQuest,3,lf6_t_named_shellizard_i_74_an lf6_t_named_fellial_i_74_an lf6_t_named_harpy_i_74_an
42100,Progress(SECTION_0==0; SECTION_1<3),0,1,3,simpleQuest,1,idtransform_bonus_monster_typea_66_an idtransform_bonus_monster_typeb_66_an idtransform_bonus_monster_typec_66_an idtransform_bonus_monster_typed_66_an idtransform_bonus_monster_typea_67_an idtransform_bonus_monster_typeb_67_an idtransform_bonus_monster_typec_67_an idtransform_bonus_monster_typed_67_an idtransform_bonus_monster_typea_68_an idtransform_bonus_monster_typeb_68_an idtransform_bonus_monster_typec_68_an idtransform_bonus_monster_typed_68_an idtransform_bonus_monster_typea_69_an idtransform_bonus_monster_typeb_69_an idtransform_bonus_monster_typec_69_an idtransform_bonus_monster_typed_69_an idtransform_bonus_monster_typea_70_an idtransform_bonus_monster_typeb_70_an idtransform_bonus_monster_typec_70_an idtransform_bonus_monster_typed_70_an idtransform_bonus_monster_typea_71_an idtransform_bonus_monster_typeb_71_an idtransform_bonus_monster_typec_71_an idtransform_bonus_monster_typed_71_an idtransform_bonus_monster_typea_72_an idtransform_bonus_monster_typeb_72_an idtransform_bonus_monster_typec_72_an idtransform_bonus_monster_typed_72_an idtransform_bonus_monster_typea_73_an idtransform_bonus_monster_typeb_73_an idtransform_bonus_monster_typec_73_an idtransform_bonus_monster_typed_73_an idtransform_bonus_monster_typea_74_an idtransform_bonus_monster_typeb_74_an idtransform_bonus_monster_typec_74_an idtransform_bonus_monster_typed_74_an idtransform_bonus_monster_typea_75_an idtransform_bonus_monster_typeb_75_an idtransform_bonus_monster_typec_75_an idtransform_bonus_monster_typed_75_an idtransform_e_bonus_monster_typea_66_an idtransform_e_bonus_monster_typeb_66_an idtransform_e_bonus_monster_typec_66_an idtransform_e_bonus_monster_typed_66_an idtransform_e_bonus_monster_typea_67_an idtransform_e_bonus_monster_typeb_67_an idtransform_e_bonus_monster_typec_67_an idtransform_e_bonus_monster_typed_67_an idtransform_e_bonus_monster_typea_68_an idtransform_e_bonus_monster_typeb_68_an idtransform_e_bonus_monster_typec_68_an idtransform_e_bonus_monster_typed_68_an idtransform_e_bonus_monster_typea_69_an idtransform_e_bonus_monster_typeb_69_an idtransform_e_bonus_monster_typec_69_an idtransform_e_bonus_monster_typed_69_an idtransform_e_bonus_monster_typea_70_an idtransform_e_bonus_monster_typeb_70_an idtransform_e_bonus_monster_typec_70_an idtransform_e_bonus_monster_typed_70_an idtransform_e_bonus_monster_typea_71_an idtransform_e_bonus_monster_typeb_71_an idtransform_e_bonus_monster_typec_71_an idtransform_e_bonus_monster_typed_71_an idtransform_e_bonus_monster_typea_72_an idtransform_e_bonus_monster_typeb_72_an idtransform_e_bonus_monster_typec_72_an idtransform_e_bonus_monster_typed_72_an idtransform_e_bonus_monster_typea_73_an idtransform_e_bonus_monster_typeb_73_an idtransform_e_bonus_monster_typec_73_an idtransform_e_bonus_monster_typed_73_an idtransform_e_bonus_monster_typea_74_an idtransform_e_bonus_monster_typeb_74_an idtransform_e_bonus_monster_typec_74_an idtransform_e_bonus_monster_typed_74_an idtransform_e_bonus_monster_typea_75_an idtransform_e_bonus_monster_typeb_75_an idtransform_e_bonus_monster_typec_75_an idtransform_e_bonus_monster_typed_75_an
42101,Progress(SECTION_0==0; SECTION_1<10),0,1,10,simpleQuest,6,df6_a1_elementallightf_66_n df6_a1_elementallightf_67_n df6_t_a1_elementallightf_66_n df6_t_a1_elementallightf_67_n df6_a1_bookie_66_n df6_a1_bookie_67_n df6_t_a1_bookie_66_n df6_t_a1_bookie_67_n df6_a1_trico_66_n df6_a1_trico_67_n df6_t_a1_trico_66_n df6_t_a1_trico_67_n df6_a1_woodtesinon_66_an df6_a1_woodtesinon_67_an df6_t_a1_woodtesinon_66_an df6_t_a1_woodtesinon_67_an df6_a1_popoku_as_66_an df6_a1_popoku_as_67_an df6_t_a1_popoku_as_66_an df6_t_a1_popoku_as_67_an df6_i_starturtle_66_n df6_i_starturtle_67_n df6_t_i_starturtle_66_n df6_t_i_starturtle_67_n
42102,Progress(SECTION_0==0; SECTION_1<10),0,1,10,simpleQuest,6,df6_a2_elementallightm_67_n df6_a2_elementallightm_68_n df6_t_a2_elementallightm_67_n df6_t_a2_elementallightm_68_n df6_a2_hiiv_67_n df6_a2_hiiv_68_n df6_t_a2_hiiv_67_n df6_t_a2_hiiv_68_n df6_a2_mudthorn_67_an df6_a2_mudthorn_68_an df6_t_a2_mudthorn_67_an df6_t_a2_mudthorn_68_an df6_a2_guardian_67_an df6_a2_guardian_68_an df6_t_a2_guardian_67_an df6_t_a2_guardian_68_an df6_a2_baku_67_an df6_a2_baku_68_an df6_t_a2_baku_67_an df6_t_a2_baku_68_an df6_a2_daru_67_n df6_a2_daru_68_n df6_t_a2_daru_67_n df6_t_a2_daru_68_n
42103,Progress(SECTION_0==0; SECTION_1<15),0,1,15,simpleQuest,24,df6_c_vampiretree_67_an df6_c_vampiretree_68_an df6_t_c_vampiretree_69_an df6_t_c_vampiretree_70_an df6_t_c_vampiretree_71_an df6_c_octaside_67_n df6_c_octaside_68_n df6_t_c_octaside_69_n df6_t_c_octaside_70_n df6_t_c_octaside_71_n df6_c_flowerworm_67_an df6_c_flowerworm_68_an df6_t_c_flowerworm_69_an df6_t_c_flowerworm_70_an df6_t_c_flowerworm_71_an df6_c_zaif_67_an df6_c_zaif_68_an df6_c_zaif_69_an df6_c_zaif_70_an df6_c_zaif_71_an df6_t_c_zaif_71_an df6_t_c_zaif_72_an df6_t_c_zaif_73_an df6_t_c_zaif_74_an df6_c_lizard_pr_67_an df6_c_lizard_pr_68_an df6_c_lizard_pr_69_an df6_c_lizard_pr_70_an df6_c_lizard_pr_71_an df6_t_c_lizard_pr_71_an df6_t_c_lizard_pr_72_an df6_t_c_lizard_pr_73_an df6_t_c_lizard_pr_74_an df6_c_mosbear_67_an df6_c_mosbear_68_an df6_c_mosbear_69_an df6_c_mosbear_70_an df6_c_mosbear_71_an df6_t_c_mosbear_71_an df6_t_c_mosbear_72_an df6_t_c_mosbear_73_an df6_t_c_mosbear_74_an df6_c_zaif_str_67_an df6_c_zaif_str_68_an df6_c_zaif_str_69_an df6_c_zaif_str_70_an df6_c_zaif_str_71_an df6_t_c_zaif_str_71_an df6_t_c_zaif_str_72_an df6_t_c_zaif_str_73_an df6_t_c_zaif_str_74_an df6_c_zaif_str_geno_67_an df6_c_zaif_str_geno_68_an df6_c_zaif_str_geno_69_an df6_c_zaif_str_geno_70_an df6_c_zaif_str_geno_71_an df6_c_zaif_md_67_an df6_c_zaif_md_68_an df6_c_zaif_md_69_an df6_c_zaif_md_70_an df6_c_zaif_md_71_an df6_t_c_zaif_md_71_an df6_t_c_zaif_md_72_an df6_t_c_zaif_md_73_an df6_t_c_zaif_md_74_an df6_c_zaif_pd_67_an df6_c_zaif_pd_68_an df6_c_zaif_pd_69_an df6_c_zaif_pd_70_an df6_c_zaif_pd_71_an df6_t_c_zaif_pd_71_an df6_t_c_zaif_pd_72_an df6_t_c_zaif_pd_73_an df6_t_c_zaif_pd_74_an df6_c_zaif_low_67_an df6_c_zaif_low_68_an df6_c_zaif_low_69_an df6_c_zaif_low_70_an df6_c_zaif_low_71_an df6_t_c_zaif_low_71_an df6_t_c_zaif_low_72_an df6_t_c_zaif_low_73_an df6_t_c_zaif_low_74_an df6_c_zaif_random_67_an df6_c_zaif_random_68_an df6_c_zaif_random_69_an df6_c_zaif_random_70_an df6_c_zaif_random_71_an df6_c_lizard_pr_str_67_an df6_c_lizard_pr_str_68_an df6_c_lizard_pr_str_69_an df6_c_lizard_pr_str_70_an df6_c_lizard_pr_str_71_an df6_t_c_lizard_pr_str_71_an df6_t_c_lizard_pr_str_72_an df6_t_c_lizard_pr_str_73_an df6_t_c_lizard_pr_str_74_an df6_c_lizard_pr_str_geno_67_an df6_c_lizard_pr_str_geno_68_an df6_c_lizard_pr_str_geno_69_an df6_c_lizard_pr_str_geno_70_an df6_c_lizard_pr_str_geno_71_an df6_c_lizard_pr_md_67_an df6_c_lizard_pr_md_68_an df6_c_lizard_pr_md_69_an df6_c_lizard_pr_md_70_an df6_c_lizard_pr_md_71_an df6_t_c_lizard_pr_md_71_an df6_t_c_lizard_pr_md_72_an df6_t_c_lizard_pr_md_73_an df6_t_c_lizard_pr_md_74_an df6_c_lizard_pr_pd_67_an df6_c_lizard_pr_pd_68_an df6_c_lizard_pr_pd_69_an df6_c_lizard_pr_pd_70_an df6_c_lizard_pr_pd_71_an df6_t_c_lizard_pr_pd_71_an df6_t_c_lizard_pr_pd_72_an df6_t_c_lizard_pr_pd_73_an df6_t_c_lizard_pr_pd_74_an df6_c_lizard_pr_low_67_an df6_c_lizard_pr_low_68_an df6_c_lizard_pr_low_69_an df6_c_lizard_pr_low_70_an df6_c_lizard_pr_low_71_an df6_t_c_lizard_pr_low_71_an df6_t_c_lizard_pr_low_72_an df6_t_c_lizard_pr_low_73_an df6_t_c_lizard_pr_low_74_an df6_c_lizard_pr_random_67_an df6_c_lizard_pr_random_68_an df6_c_lizard_pr_random_69_an df6_c_lizard_pr_random_70_an df6_c_lizard_pr_random_71_an df6_c_mosbear_str_67_an df6_c_mosbear_str_68_an df6_c_mosbear_str_69_an df6_c_mosbear_str_70_an df6_c_mosbear_str_71_an df6_t_c_mosbear_str_71_an df6_t_c_mosbear_str_72_an df6_t_c_mosbear_str_73_an df6_t_c_mosbear_str_74_an df6_c_mosbear_str_geno_67_an df6_c_mosbear_str_geno_68_an df6_c_mosbear_str_geno_69_an df6_c_mosbear_str_geno_70_an df6_c_mosbear_str_geno_71_an df6_c_mosbear_md_67_an df6_c_mosbear_md_68_an df6_c_mosbear_md_69_an df6_c_mosbear_md_70_an df6_c_mosbear_md_71_an df6_t_c_mosbear_md_71_an df6_t_c_mosbear_md_72_an df6_t_c_mosbear_md_73_an df6_t_c_mosbear_md_74_an df6_c_mosbear_pd_67_an df6_c_mosbear_pd_68_an df6_c_mosbear_pd_69_an df6_c_mosbear_pd_70_an df6_c_mosbear_pd_71_an df6_t_c_mosbear_pd_71_an df6_t_c_mosbear_pd_72_an df6_t_c_mosbear_pd_73_an df6_t_c_mosbear_pd_74_an df6_c_mosbear_low_67_an df6_c_mosbear_low_68_an df6_c_mosbear_low_69_an df6_c_mosbear_low_70_an df6_c_mosbear_low_71_an df6_t_c_mosbear_low_71_an df6_t_c_mosbear_low_72_an df6_t_c_mosbear_low_73_an df6_t_c_mosbear_low_74_an df6_c_mosbear_random_67_an df6_c_mosbear_random_68_an df6_c_mosbear_random_69_an df6_c_mosbear_random_70_an df6_c_mosbear_random_71_an
42104,Progress(SECTION_0==0; SECTION_1<15),0,1,15,simpleQuest,28,df6_e_locust_67_an df6_e_locust_68_an df6_t_e_locust_69_an df6_t_e_locust_70_an df6_t_e_locust_71_an df6_e_flowerworm_67_an df6_e_flowerworm_68_an df6_t_e_flowerworm_69_an df6_t_e_flowerworm_70_an df6_t_e_flowerworm_71_an df6_e_griffo_67_an df6_e_griffo_68_an df6_e_fanatic_wi_67_an df6_e_fanatic_wi_68_an df6_t_e_fanatic_wi_69_an df6_t_e_fanatic_wi_70_an df6_t_e_fanatic_wi_71_an df6_e_fanatic_el_67_an df6_e_fanatic_el_68_an df6_t_e_fanatic_el_69_an df6_t_e_fanatic_el_70_an df6_t_e_fanatic_el_71_an df6_e_spectre_67_an df6_e_spectre_68_an df6_t_e_spectre_69_an df6_t_e_spectre_70_an df6_t_e_spectre_71_an df6_e_mosbear_67_an df6_e_mosbear_68_an df6_e_mosbear_69_an df6_e_mosbear_70_an df6_e_mosbear_71_an df6_t_e_mosbear_71_an df6_t_e_mosbear_72_an df6_t_e_mosbear_73_an df6_t_e_mosbear_74_an df6_e_cyclops_67_n df6_e_cyclops_68_n df6_e_cyclops_69_n df6_e_cyclops_70_n df6_e_cyclops_71_n df6_e_cyclops_md_67_an df6_e_cyclops_md_68_an df6_e_cyclops_md_69_an df6_e_cyclops_md_70_an df6_e_cyclops_md_71_an df6_t_e_cyclops_71_n df6_t_e_cyclops_72_n df6_t_e_cyclops_73_n df6_t_e_cyclops_74_n df6_t_e_cyclops_md_71_an df6_t_e_cyclops_md_72_an df6_t_e_cyclops_md_73_an df6_t_e_cyclops_md_74_an df6_e_lepisma_67_n df6_e_lepisma_68_n df6_e_lepisma_69_n df6_e_lepisma_70_n df6_e_lepisma_71_n df6_t_e_lepisma_71_n df6_t_e_lepisma_72_n df6_t_e_lepisma_73_n df6_t_e_lepisma_74_n df6_e_mosbear_str_67_an df6_e_mosbear_str_68_an df6_e_mosbear_str_69_an df6_e_mosbear_str_70_an df6_e_mosbear_str_71_an df6_t_e_mosbear_str_71_an df6_t_e_mosbear_str_72_an df6_t_e_mosbear_str_73_an df6_t_e_mosbear_str_74_an df6_e_mosbear_str_geno_67_an df6_e_mosbear_str_geno_68_an df6_e_mosbear_str_geno_69_an df6_e_mosbear_str_geno_70_an df6_e_mosbear_str_geno_71_an df6_e_mosbear_md_67_an df6_e_mosbear_md_68_an df6_e_mosbear_md_69_an df6_e_mosbear_md_70_an df6_e_mosbear_md_71_an df6_t_e_mosbear_md_71_an df6_t_e_mosbear_md_72_an df6_t_e_mosbear_md_73_an df6_t_e_mosbear_md_74_an df6_e_mosbear_pd_67_an df6_e_mosbear_pd_68_an df6_e_mosbear_pd_69_an df6_e_mosbear_pd_70_an df6_e_mosbear_pd_71_an df6_t_e_mosbear_pd_71_an df6_t_e_mosbear_pd_72_an df6_t_e_mosbear_pd_73_an df6_t_e_mosbear_pd_74_an df6_e_mosbear_low_67_an df6_e_mosbear_low_68_an df6_e_mosbear_low_69_an df6_e_mosbear_low_70_an df6_e_mosbear_low_71_an df6_t_e_mosbear_low_71_an df6_t_e_mosbear_low_72_an df6_t_e_mosbear_low_73_an df6_t_e_mosbear_low_74_an df6_e_mosbear_random_67_an df6_e_mosbear_random_68_an df6_e_mosbear_random_69_an df6_e_mosbear_random_70_an df6_e_mosbear_random_71_an df6_e_cyclops_str_67_an df6_e_cyclops_str_68_an df6_e_cyclops_str_69_an df6_e_cyclops_str_70_an df6_e_cyclops_str_71_an df6_t_e_cyclops_str_71_an df6_t_e_cyclops_str_72_an df6_t_e_cyclops_str_73_an df6_t_e_cyclops_str_74_an df6_e_cyclops_str_geno_67_an df6_e_cyclops_str_geno_68_an df6_e_cyclops_str_geno_69_an df6_e_cyclops_str_geno_70_an df6_e_cyclops_str_geno_71_an df6_e_cyclops_pd_67_an df6_e_cyclops_pd_68_an df6_e_cyclops_pd_69_an df6_e_cyclops_pd_70_an df6_e_cyclops_pd_71_an df6_e_cyclops_low_67_an df6_e_cyclops_low_68_an df6_e_cyclops_low_69_an df6_e_cyclops_low_70_an df6_e_cyclops_low_71_an df6_t_e_cyclops_pd_71_an df6_t_e_cyclops_pd_72_an df6_t_e_cyclops_pd_73_an df6_t_e_cyclops_pd_74_an df6_t_e_cyclops_low_71_an df6_t_e_cyclops_low_72_an df6_t_e_cyclops_low_73_an df6_t_e_cyclops_low_74_an df6_e_cyclops_random_67_an df6_e_cyclops_random_68_an df6_e_cyclops_random_69_an df6_e_cyclops_random_70_an df6_e_cyclops_random_71_an df6_e_lepisma_str_67_an df6_e_lepisma_str_68_an df6_e_lepisma_str_69_an df6_e_lepisma_str_70_an df6_e_lepisma_str_71_an df6_t_e_lepisma_str_71_an df6_t_e_lepisma_str_72_an df6_t_e_lepisma_str_73_an df6_t_e_lepisma_str_74_an df6_e_lepisma_str_geno_67_an df6_e_lepisma_str_geno_68_an df6_e_lepisma_str_geno_69_an df6_e_lepisma_str_geno_70_an df6_e_lepisma_str_geno_71_an df6_e_lepisma_md_67_an df6_e_lepisma_md_68_an df6_e_lepisma_md_69_an df6_e_lepisma_md_70_an df6_e_lepisma_md_71_an df6_t_e_lepisma_md_71_an df6_t_e_lepisma_md_72_an df6_t_e_lepisma_md_73_an df6_t_e_lepisma_md_74_an df6_e_lepisma_pd_67_an df6_e_lepisma_pd_68_an df6_e_lepisma_pd_69_an df6_e_lepisma_pd_70_an df6_e_lepisma_pd_71_an df6_t_e_lepisma_pd_71_an df6_t_e_lepisma_pd_72_an df6_t_e_lepisma_pd_73_an df6_t_e_lepisma_pd_74_an df6_e_lepisma_low_67_an df6_e_lepisma_low_68_an df6_e_lepisma_low_69_an df6_e_lepisma_low_70_an df6_e_lepisma_low_71_an df6_t_e_lepisma_low_71_an df6_t_e_lepisma_low_72_an df6_t_e_lepisma_low_73_an df6_t_e_lepisma_low_74_an df6_e_lepisma_random_67_an df6_e_lepisma_random_68_an df6_e_lepisma_random_69_an df6_e_lepisma_random_70_an df6_e_lepisma_random_71_an df6_e_prison_undead_67_an df6_e_prison_undead_68_an df6_t_e_prison_undead_69_an df6_t_e_prison_undead_70_an df6_t_e_prison_undead_71_an
42105,Progress(SECTION_0==0; SECTION_1<15),0,1,15,simpleQuest,25,df6_g_driton_67_n df6_g_driton_68_n df6_t_g_driton_69_n df6_t_g_driton_70_n df6_t_g_driton_71_n df6_g_comade_67_an df6_g_comade_68_an df6_t_g_comade_69_an df6_t_g_comade_70_an df6_t_g_comade_71_an df6_g_cyclops_67_an df6_g_cyclops_68_an df6_t_g_cyclops_69_an df6_t_g_cyclops_70_an df6_t_g_cyclops_71_an df6_g_dionaea_67_an df6_g_dionaea_68_an df6_t_g_dionaea_69_an df6_t_g_dionaea_70_an df6_t_g_dionaea_71_an df6_g_nagamage_67_an df6_g_nagamage_68_an df6_g_nagamage_69_an df6_g_nagamage_70_an df6_g_nagamage_71_an df6_t_g_nagamage_71_an df6_t_g_nagamage_72_an df6_t_g_nagamage_73_an df6_t_g_nagamage_74_an df6_g_cellatu_67_an df6_g_cellatu_68_an df6_g_cellatu_69_an df6_g_cellatu_70_an df6_g_cellatu_71_an df6_t_g_cellatu_71_an df6_t_g_cellatu_72_an df6_t_g_cellatu_73_an df6_t_g_cellatu_74_an df6_g_brax_67_n df6_g_brax_68_n df6_g_brax_69_n df6_g_brax_70_n df6_g_brax_71_n df6_t_g_brax_71_n df6_t_g_brax_72_n df6_t_g_brax_73_n df6_t_g_brax_74_n df6_g_anagamage_str_67_an df6_g_anagamage_str_68_an df6_g_anagamage_str_69_an df6_g_anagamage_str_70_an df6_g_anagamage_str_71_an df6_t_g_anagamage_str_71_an df6_t_g_anagamage_str_72_an df6_t_g_anagamage_str_73_an df6_t_g_anagamage_str_74_an df6_g_anagamage_str_geno_67_an df6_g_anagamage_str_geno_68_an df6_g_anagamage_str_geno_69_an df6_g_anagamage_str_geno_70_an df6_g_anagamage_str_geno_71_an df6_g_anagamage_md_67_an df6_g_anagamage_md_68_an df6_g_anagamage_md_69_an df6_g_anagamage_md_70_an df6_g_anagamage_md_71_an df6_t_g_anagamage_md_71_an df6_t_g_anagamage_md_72_an df6_t_g_anagamage_md_73_an df6_t_g_anagamage_md_74_an df6_g_anagamage_pd_67_an df6_g_anagamage_pd_68_an df6_g_anagamage_pd_69_an df6_g_anagamage_pd_70_an df6_g_anagamage_pd_71_an df6_t_g_anagamage_pd_71_an df6_t_g_anagamage_pd_72_an df6_t_g_anagamage_pd_73_an df6_t_g_anagamage_pd_74_an df6_g_anagamage_low_67_an df6_g_anagamage_low_68_an df6_g_anagamage_low_69_an df6_g_anagamage_low_70_an df6_g_anagamage_low_71_an df6_t_g_anagamage_low_71_an df6_t_g_anagamage_low_72_an df6_t_g_anagamage_low_73_an df6_t_g_anagamage_low_74_an df6_g_anagamage_random_67_an df6_g_anagamage_random_68_an df6_g_anagamage_random_69_an df6_g_anagamage_random_70_an df6_g_anagamage_random_71_an df6_g_cellatu_str_67_an df6_g_cellatu_str_68_an df6_g_cellatu_str_69_an df6_g_cellatu_str_70_an df6_g_cellatu_str_71_an df6_t_g_cellatu_str_71_an df6_t_g_cellatu_str_72_an df6_t_g_cellatu_str_73_an df6_t_g_cellatu_str_74_an df6_g_cellatu_str_geno_67_an df6_g_cellatu_str_geno_68_an df6_g_cellatu_str_geno_69_an df6_g_cellatu_str_geno_70_an df6_g_cellatu_str_geno_71_an df6_g_cellatu_md_67_an df6_g_cellatu_md_68_an df6_g_cellatu_md_69_an df6_g_cellatu_md_70_an df6_g_cellatu_md_71_an df6_t_g_cellatu_md_71_an df6_t_g_cellatu_md_72_an df6_t_g_cellatu_md_73_an df6_t_g_cellatu_md_74_an df6_g_cellatu_pd_67_an df6_g_cellatu_pd_68_an df6_g_cellatu_pd_69_an df6_g_cellatu_pd_70_an df6_g_cellatu_pd_71_an df6_t_g_cellatu_pd_71_an df6_t_g_cellatu_pd_72_an df6_t_g_cellatu_pd_73_an df6_t_g_cellatu_pd_74_an df6_g_cellatu_low_67_an df6_g_cellatu_low_68_an df6_g_cellatu_low_69_an df6_g_cellatu_low_70_an df6_g_cellatu_low_71_an df6_t_g_cellatu_low_71_an df6_t_g_cellatu_low_72_an df6_t_g_cellatu_low_73_an df6_t_g_cellatu_low_74_an df6_g_cellatu_random_67_an df6_g_cellatu_random_68_an df6_g_cellatu_random_69_an df6_g_cellatu_random_70_an df6_g_cellatu_random_71_an df6_g_brax_str_67_an df6_g_brax_str_68_an df6_g_brax_str_69_an df6_g_brax_str_70_an df6_g_brax_str_71_an df6_t_g_brax_str_71_an df6_t_g_brax_str_72_an df6_t_g_brax_str_73_an df6_t_g_brax_str_74_an df6_g_brax_str_geno_67_an df6_g_brax_str_geno_68_an df6_g_brax_str_geno_69_an df6_g_brax_str_geno_70_an df6_g_brax_str_geno_71_an df6_g_brax_md_67_an df6_g_brax_md_68_an df6_g_brax_md_69_an df6_g_brax_md_70_an df6_g_brax_md_71_an df6_t_g_brax_md_71_an df6_t_g_brax_md_72_an df6_t_g_brax_md_73_an df6_t_g_brax_md_74_an df6_g_brax_pd_67_an df6_g_brax_pd_68_an df6_g_brax_pd_69_an df6_g_brax_pd_70_an df6_g_brax_pd_71_an df6_t_g_brax_pd_71_an df6_t_g_brax_pd_72_an df6_t_g_brax_pd_73_an df6_t_g_brax_pd_74_an df6_g_brax_low_67_an df6_g_brax_low_68_an df6_g_brax_low_69_an df6_g_brax_low_70_an df6_g_brax_low_71_an df6_t_g_brax_low_71_an df6_t_g_brax_low_72_an df6_t_g_brax_low_73_an df6_t_g_brax_low_74_an df6_g_brax_random_67_an df6_g_brax_random_68_an df6_g_brax_random_69_an df6_g_brax_random_70_an df6_g_brax_random_71_an
42106,Progress(SECTION_0==0; SECTION_1<15),0,1,15,simpleQuest,23,df6_i_flowerworm_67_an df6_i_flowerworm_68_an df6_t_i_flowerworm_69_an df6_t_i_flowerworm_70_an df6_t_i_flowerworm_71_an df6_i_shellizard_67_n df6_i_shellizard_68_n df6_t_i_shellizard_69_n df6_t_i_shellizard_70_n df6_t_i_shellizard_71_n df6_i_popoku_fi_67_an df6_i_popoku_fi_68_an df6_i_popoku_fi_69_an df6_i_popoku_fi_70_an df6_i_popoku_fi_71_an df6_t_i_popoku_fi_71_an df6_t_i_popoku_fi_72_an df6_t_i_popoku_fi_73_an df6_t_i_popoku_fi_74_an df6_i_fungus_67_an df6_i_fungus_68_an df6_i_fungus_69_an df6_i_fungus_70_an df6_i_fungus_71_an df6_t_i_fungus_71_an df6_t_i_fungus_72_an df6_t_i_fungus_73_an df6_t_i_fungus_74_an df6_i_lepisma_67_n df6_i_lepisma_68_n df6_i_lepisma_69_n df6_i_lepisma_70_n df6_i_lepisma_71_n df6_t_i_lepisma_71_n df6_t_i_lepisma_72_n df6_t_i_lepisma_73_n df6_t_i_lepisma_74_n df6_i_popoku_fi_str_67_an df6_i_popoku_fi_str_68_an df6_i_popoku_fi_str_69_an df6_i_popoku_fi_str_70_an df6_i_popoku_fi_str_71_an df6_t_i_popoku_fi_str_71_an df6_t_i_popoku_fi_str_72_an df6_t_i_popoku_fi_str_73_an df6_t_i_popoku_fi_str_74_an df6_i_popoku_fi_str_geno_67_an df6_i_popoku_fi_str_geno_68_an df6_i_popoku_fi_str_geno_69_an df6_i_popoku_fi_str_geno_70_an df6_i_popoku_fi_str_geno_71_an df6_i_popoku_fi_md_67_an df6_i_popoku_fi_md_68_an df6_i_popoku_fi_md_69_an df6_i_popoku_fi_md_70_an df6_i_popoku_fi_md_71_an df6_t_i_popoku_fi_md_71_an df6_t_i_popoku_fi_md_72_an df6_t_i_popoku_fi_md_73_an df6_t_i_popoku_fi_md_74_an df6_i_popoku_fi_pd_67_an df6_i_popoku_fi_pd_68_an df6_i_popoku_fi_pd_69_an df6_i_popoku_fi_pd_70_an df6_i_popoku_fi_pd_71_an df6_t_i_popoku_fi_pd_71_an df6_t_i_popoku_fi_pd_72_an df6_t_i_popoku_fi_pd_73_an df6_t_i_popoku_fi_pd_74_an df6_i_popoku_fi_low_67_an df6_i_popoku_fi_low_68_an df6_i_popoku_fi_low_69_an df6_i_popoku_fi_low_70_an df6_i_popoku_fi_low_71_an df6_t_i_popoku_fi_low_71_an df6_t_i_popoku_fi_low_72_an df6_t_i_popoku_fi_low_73_an df6_t_i_popoku_fi_low_74_an df6_i_popoku_fi_random_67_an df6_i_popoku_fi_random_68_an df6_i_popoku_fi_random_69_an df6_i_popoku_fi_random_70_an df6_i_popoku_fi_random_71_an df6_i_fungus_str_67_an df6_i_fungus_str_68_an df6_i_fungus_str_69_an df6_i_fungus_str_70_an df6_i_fungus_str_71_an df6_t_i_fungus_str_71_an df6_t_i_fungus_str_72_an df6_t_i_fungus_str_73_an df6_t_i_fungus_str_74_an df6_i_fungus_str_geno_67_an df6_i_fungus_str_geno_68_an df6_i_fungus_str_geno_69_an df6_i_fungus_str_geno_70_an df6_i_fungus_str_geno_71_an df6_i_fungus_md_67_an df6_i_fungus_md_68_an df6_i_fungus_md_69_an df6_i_fungus_md_70_an df6_i_fungus_md_71_an df6_t_i_fungus_md_71_an df6_t_i_fungus_md_72_an df6_t_i_fungus_md_73_an df6_t_i_fungus_md_74_an df6_i_fungus_pd_67_an df6_i_fungus_pd_68_an df6_i_fungus_pd_69_an df6_i_fungus_pd_70_an df6_i_fungus_pd_71_an df6_t_i_fungus_pd_71_an df6_t_i_fungus_pd_72_an df6_t_i_fungus_pd_73_an df6_t_i_fungus_pd_74_an df6_i_fungus_low_67_an df6_i_fungus_low_68_an df6_i_fungus_low_69_an df6_i_fungus_low_70_an df6_i_fungus_low_71_an df6_t_i_fungus_low_71_an df6_t_i_fungus_low_72_an df6_t_i_fungus_low_73_an df6_t_i_fungus_low_74_an df6_i_fungus_random_67_an df6_i_fungus_random_68_an df6_i_fungus_random_69_an df6_i_fungus_random_70_an df6_i_fungus_random_71_an df6_i_lepisma_str_67_an df6_i_lepisma_str_68_an df6_i_lepisma_str_69_an df6_i_lepisma_str_70_an df6_i_lepisma_str_71_an df6_t_i_lepisma_str_71_an df6_t_i_lepisma_str_72_an df6_t_i_lepisma_str_73_an df6_t_i_lepisma_str_74_an df6_i_lepisma_str_geno_67_an df6_i_lepisma_str_geno_68_an df6_i_lepisma_str_geno_69_an df6_i_lepisma_str_geno_70_an df6_i_lepisma_str_geno_71_an df6_i_lepisma_md_67_an df6_i_lepisma_md_68_an df6_i_lepisma_md_69_an df6_i_lepisma_md_70_an df6_i_lepisma_md_71_an df6_t_i_lepisma_md_71_an df6_t_i_lepisma_md_72_an df6_t_i_lepisma_md_73_an df6_t_i_lepisma_md_74_an df6_i_lepisma_pd_67_an df6_i_lepisma_pd_68_an df6_i_lepisma_pd_69_an df6_i_lepisma_pd_70_an df6_i_lepisma_pd_71_an df6_t_i_lepisma_pd_71_an df6_t_i_lepisma_pd_72_an df6_t_i_lepisma_pd_73_an df6_t_i_lepisma_pd_74_an df6_i_lepisma_low_67_an df6_i_lepisma_low_68_an df6_i_lepisma_low_69_an df6_i_lepisma_low_70_an df6_i_lepisma_low_71_an df6_t_i_lepisma_low_71_an df6_t_i_lepisma_low_72_an df6_t_i_lepisma_low_73_an df6_t_i_lepisma_low_74_an df6_i_lepisma_random_67_an df6_i_lepisma_random_68_an df6_i_lepisma_random_69_an df6_i_lepisma_random_70_an df6_i_lepisma_random_71_an
42110,Progress(SECTION_0==0; SECTION_1<2),0,1,2,simpleQuest,3,df6_t_named_c_dionaea_74_an df6_t_named_c_vampiretree_74_an df6_t_named_c_octaside_74_an
42111,Progress(SECTION_0==0; SECTION_1<2),0,1,2,simpleQuest,3,df6_t_named_e_elementalearth1_74_an df6_t_named_e_zaifw_74_an df6_t_named_e_locust_74_an
42112,Progress(SECTION_0==0; SECTION_1<2),0,1,2,simpleQuest,3,df6_t_named_g_millipede_74_an df6_t_named_g_driton_74_an df6_t_named_g_comade_74_an
42113,Progress(SECTION_0==0; SECTION_1<2),0,1,2,simpleQuest,3,df6_t_named_i_neutfly_74_an df6_t_named_i_spider_74_an df6_t_named_i_shellizard_74_an
45052,Progress(SECTION_0==0; SECTION_1<3),0,1,3,simpleQuest,1,df5_fobj_q45052
45058,Progress(SECTION_0==0; SECTION_1<10),0,1,10,simpleQuest,2,df5_b_dionaea_56_an df5_b_dionaea_57_an
45059,Progress(SECTION_0==0; SECTION_1<10),0,1,10,simpleQuest,2,df5_c_harpy_57_an df5_c_harpy_58_an
45060,Progress(SECTION_0==0; SECTION_1<10),0,1,10,simpleQuest,2,df5_d_cyclops_58_an df5_d_cyclops_59_an
45061,Progress(SECTION_0==0; SECTION_1<10),0,1,10,simpleQuest,2,df5_e1_sheluk_59_an df5_e1_sheluk_60_an
45062,Progress(SECTION_0==0; SECTION_1<10),0,1,10,simpleQuest,2,df5_f_nagawarrior_60_an df5_f_nagawarrior_61_an
45063,Progress(SECTION_0==0; SECTION_1<10),0,1,10,simpleQuest,2,df5_h_xipeto_62_an df5_h_xipeto_63_an
45064,Progress(SECTION_0==0; SECTION_1<10),0,1,10,simpleQuest,2,df5_i_cyclops_worker_63_an df5_i_cyclops_worker_64_an
45065,Progress(SECTION_0==0; SECTION_1<10),0,1,10,simpleQuest,2,df5_j_frillfaimam_64_an df5_j_frillfaimam_65_an
46531,Progress(SECTION_0==0; SECTION_1<1),0,1,1,simpleQuest,1,df5_a_qnamde_cherubim_56_n
46532,Progress(SECTION_0==0; SECTION_1<1),0,1,1,simpleQuest,1,df5_b_qnamde_starcrab_56_n
46533,Progress(SECTION_0==0; SECTION_1<1),0,1,1,simpleQuest,1,df5_c_qnamde_harpy_58_an
46534,Progress(SECTION_0==0; SECTION_1<1),0,1,1,simpleQuest,1,df5_d_qnamde_potcrab_58_n
46535,Progress(SECTION_0==0; SECTION_1<1),0,1,1,simpleQuest,1,df5_e2_qnamde_elementalwater1_60_n
46536,Progress(SECTION_0==0; SECTION_1<1),0,1,1,simpleQuest,1,df5_c_qnamde_shellizard_58_n
46539,Progress(SECTION_0==0; SECTION_1<1),0,1,1,simpleQuest,1,df5_f_qnamde_scorpion_61_an
46540,Progress(SECTION_0==0; SECTION_1<1),0,1,1,simpleQuest,1,df5_g_qnamde_startutle_62_n
46541,Progress(SECTION_0==0; SECTION_1<1),0,1,1,simpleQuest,1,df5_h_qnamde_worm_oasis_63_an
46542,Progress(SECTION_0==0; SECTION_1<1),0,1,1,simpleQuest,1,df5_i_qnamde_sandshark_64_an
46543,Progress(SECTION_0==0; SECTION_1<1),0,1,1,simpleQuest,1,df5_j_qnamde_merdion_64_n
46544,Progress(SECTION_0==0; SECTION_1<1),0,1,1,simpleQuest,1,df5_h_qnamde_varanus_63_an
46545,Progress(SECTION_0==0; SECTION_1<1),0,1,1,simpleQuest,1,lf5_a_starfish_55_dq
46546,Progress(SECTION_0==0; SECTION_1<1),0,1,1,simpleQuest,1,lf5_d_potcrab_56_dq
46547,Progress(SECTION_0==0; SECTION_1<1),0,1,1,simpleQuest,1,lf5_e_slime_59_dq
46548,Progress(SECTION_0==0; SECTION_1<1),0,1,1,simpleQuest,1,lf5_h_elemetli_62_dq
46550,Progress(SECTION_0==0; SECTION_1<10),0,1,10,simpleQuest,1,df4_hellhound_wolf_51_an
46551,Progress(SECTION_0==0; SECTION_1<10),0,1,10,simpleQuest,2,df4_mammoth_dr_51_an df4_mammoth_dr_52_an
46552,Progress(SECTION_0==0; SECTION_1<10),0,1,10,simpleQuest,2,df4_ancientclan_ghost_fi_53_an df4_ancientclan_ghost_fi_54_an
46553,Progress(SECTION_0==0; SECTION_1<10),0,1,10,simpleQuest,2,df4_bat_dr_53_n df4_bat_dr_54_n
46554,Progress(SECTION_0==0; SECTION_1<10),0,1,10,simpleQuest,1,df4_rottentree_dr_53_an
46555,Progress(SECTION_0==0; SECTION_1<10),0,1,10,simpleQuest,3,df4_varanus_dr_54_an df4_varanus_dr_55_an df4_sp_varanus_dr_55_an
46556,Progress(SECTION_0==0; SECTION_1<10),0,1,10,simpleQuest,4,df4_drake_dr_54_an df4_drake_dr_55_an df4_drake_dr_54_ae df4_drake_dr_55_ae
46557,Progress(SECTION_0==0; SECTION_1<1),0,1,1,simpleQuest,1,df4_daq_owllau_fi_51
46558,Progress(SECTION_0==0; SECTION_1<1),0,1,1,simpleQuest,1,df4_dayq_condor_dr_52_an
46559,Progress(SECTION_0==0; SECTION_1<1),0,1,1,simpleQuest,1,df4_daq_fanaticfi_53
46560,Progress(SECTION_0==0; SECTION_1<1),0,1,1,simpleQuest,1,df4_dayq_krallfi_dr_53_an
46561,Progress(SECTION_0==0; SECTION_1<1),0,1,1,simpleQuest,1,df4_sp_daq_vampire_dr_54
46562,Progress(SECTION_0==0; SECTION_1<1),0,1,1,simpleQuest,1,df4_sp_daq_drakanfi_re_54
46563,Progress(SECTION_0==0; SECTION_1<10),0,1,10,simpleQuest,2,lf4_a_varanus_axolotl_51_n lf4_a_varanus_axolotl_52_n
46564,Progress(SECTION_0==0; SECTION_1<10),0,1,10,simpleQuest,2,lf4_a_kuillus_feeler_51_an lf4_a_kuillus_feeler_52_an
46565,Progress(SECTION_0==0; SECTION_1<10),0,1,10,simpleQuest,2,lf4_b_fethlot_highland_53_n lf4_b_fethlot_highland_54_n
46566,Progress(SECTION_0==0; SECTION_1<10),0,1,10,simpleQuest,1,lf4_b3_rottentree_green_53_an
46567,Progress(SECTION_0==0; SECTION_1<10),0,1,10,simpleQuest,4,lf4_b_bookie_fairy_53_an lf4_b_bookie_fairy_54_an lf4_b_bookie_fairy_crack_53_an lf4_b_bookie_fairy_crack_54_an
46568,Progress(SECTION_0==0; SECTION_1<10),0,1,10,simpleQuest,1,lf4_c_cyclops_acid_55_an
46569,Progress(SECTION_0==0; SECTION_1<10),0,1,10,simpleQuest,1,lf4_c4_ettin_55_an
46570,Progress(SECTION_0==0; SECTION_1<1),0,1,1,simpleQuest,1,lf4_dayq_shulackfi_51_an
46571,Progress(SECTION_0==0; SECTION_1<1),0,1,1,simpleQuest,1,lf4_dayq_ancientclanfi_52_an
46572,Progress(SECTION_0==0; SECTION_1<1),0,1,1,simpleQuest,1,lf4_dayq_fanaticfi_53_an
46573,Progress(SECTION_0==0; SECTION_1<1),0,1,1,simpleQuest,1,lf4_dayq_lwizard_53_an
46574,Progress(SECTION_0==0; SECTION_1<1),0,1,1,simpleQuest,1,lf4_sp_dayq_drakanfi_54_an
46575,Progress(SECTION_0==0; SECTION_1<1),0,1,1,simpleQuest,1,lf4_sp_dayq_drakanwi_54_an
50068,Progress(SECTION_0==0; SECTION_1<15),0,1,15,simpleQuest,1,idevent_solo_saam_65_n
50069,Progress(SECTION_0==0; SECTION_1<15),0,1,15,simpleQuest,1,idevent_solo_saam_65_n
50070,Progress(SECTION_0==0; SECTION_1<15),0,1,15,simpleQuest,1,idevent_solo_saam_45_n
50072,Progress(SECTION_0==0; SECTION_1<6),0,1,6,simpleQuest,1,idsweep_s2_nmd_05 idsweep_ma_s2_nmd_05 idsweep_live_s2_nmd_05
50073,Progress(SECTION_0==0; SECTION_1<15),0,1,15,simpleQuest,1,idevent_solo_saam_65_n
50074,Progress(SECTION_0==0; SECTION_1<15),0,1,15,simpleQuest,1,idevent_solo_saam_65_n
50075,Progress(SECTION_0==0; SECTION_1<15),0,1,15,simpleQuest,1,idevent_solo_saam_45_n
50076,Progress(SECTION_0==0; SECTION_1<10),0,1,10,simpleQuest,1,ab1_fieldctrl_eresh_wi_65_ae
50077,Progress(SECTION_0==0; SECTION_1<30),0,1,30,simpleQuest,12,lf6_mimic_c_67_d lf6_mimic_c_68_d lf6_mimic_c_69_d lf6_mimic_c_70_d lf6_mimic_c_71_d lf6_t_mimic_c_71_d lf6_t_mimic_c_72_d lf6_t_mimic_c_73_d lf6_t_mimic_c_74_d lf6_empty_c_67_d lf6_empty_c_68_d lf6_empty_c_69_d lf6_empty_c_70_d lf6_empty_c_71_d lf6_t_empty_c_71_d lf6_t_empty_c_72_d lf6_t_empty_c_73_d lf6_t_empty_c_74_d lf6_tauric_c_67_d lf6_tauric_c_68_d lf6_tauric_c_69_d lf6_tauric_c_70_d lf6_tauric_c_71_d lf6_t_tauric_c_71_d lf6_t_tauric_c_72_d lf6_t_tauric_c_73_d lf6_t_tauric_c_74_d lf6_stropoku_e_67_d lf6_stropoku_e_68_d lf6_stropoku_e_69_d lf6_stropoku_e_70_d lf6_stropoku_e_71_d lf6_t_stropoku_e_71_d lf6_t_stropoku_e_72_d lf6_t_stropoku_e_73_d lf6_t_stropoku_e_74_d lf6_zaif_e_67_d lf6_zaif_e_68_d lf6_zaif_e_69_d lf6_zaif_e_70_d lf6_zaif_e_71_d lf6_t_zaif_e_71_d lf6_t_zaif_e_72_d lf6_t_zaif_e_73_d lf6_t_zaif_e_74_d lf6_neuth_e_67_d lf6_neuth_e_68_d lf6_neuth_e_69_d lf6_neuth_e_70_d lf6_neuth_e_71_d lf6_t_neuth_e_71_d lf6_t_neuth_e_72_d lf6_t_neuth_e_73_d lf6_t_neuth_e_74_d lf6_kuillus_g_67_d lf6_kuillus_g_68_d lf6_kuillus_g_69_d lf6_kuillus_g_70_d lf6_kuillus_g_71_d lf6_t_kuillus_g_71_d lf6_t_kuillus_g_72_d lf6_t_kuillus_g_73_d lf6_t_kuillus_g_74_d lf6_babymosbear_g_67_d lf6_babymosbear_g_68_d lf6_babymosbear_g_69_d lf6_babymosbear_g_70_d lf6_babymosbear_g_71_d lf6_t_babymosbear_g_71_d lf6_t_babymosbear_g_72_d lf6_t_babymosbear_g_73_d lf6_t_babymosbear_g_74_d lf6_lizardman_pr_g_67_d lf6_lizardman_pr_g_68_d lf6_lizardman_pr_g_69_d lf6_lizardman_pr_g_70_d lf6_lizardman_pr_g_71_d lf6_t_lizardman_pr_g_71_d lf6_t_lizardman_pr_g_72_d lf6_t_lizardman_pr_g_73_d lf6_t_lizardman_pr_g_74_d lf6_bat_devil_i_67_d lf6_bat_devil_i_68_d lf6_bat_devil_i_69_d lf6_bat_devil_i_70_d lf6_bat_devil_i_71_d lf6_t_bat_devil_i_71_d lf6_t_bat_devil_i_72_d lf6_t_bat_devil_i_73_d lf6_t_bat_devil_i_74_d lf6_rottentree_i_67_d lf6_rottentree_i_68_d lf6_rottentree_i_69_d lf6_rottentree_i_70_d lf6_rottentree_i_71_d lf6_t_rottentree_i_71_d lf6_t_rottentree_i_72_d lf6_t_rottentree_i_73_d lf6_t_rottentree_i_74_d lf6_lepisma_i_67_d lf6_lepisma_i_68_d lf6_lepisma_i_69_d lf6_lepisma_i_70_d lf6_lepisma_i_71_d lf6_t_lepisma_i_71_d lf6_t_lepisma_i_72_d lf6_t_lepisma_i_73_d lf6_t_lepisma_i_74_d
50078,Progress(SECTION_0==0; SECTION_1<30),0,1,30,simpleQuest,12,df6_c_lizard_pr_67_an df6_c_lizard_pr_68_an df6_c_lizard_pr_69_an df6_c_lizard_pr_70_an df6_c_lizard_pr_71_an df6_t_c_lizard_pr_71_an df6_t_c_lizard_pr_72_an df6_t_c_lizard_pr_73_an df6_t_c_lizard_pr_74_an df6_c_mosbear_67_an df6_c_mosbear_68_an df6_c_mosbear_69_an df6_c_mosbear_70_an df6_c_mosbear_71_an df6_t_c_mosbear_71_an df6_t_c_mosbear_72_an df6_t_c_mosbear_73_an df6_t_c_mosbear_74_an df6_c_zaif_67_an df6_c_zaif_68_an df6_c_zaif_69_an df6_c_zaif_70_an df6_c_zaif_71_an df6_t_c_zaif_71_an df6_t_c_zaif_72_an df6_t_c_zaif_73_an df6_t_c_zaif_74_an df6_e_cyclops_67_n df6_e_cyclops_68_n df6_e_cyclops_69_n df6_e_cyclops_70_n df6_e_cyclops_71_n df6_e_cyclops_md_67_an df6_e_cyclops_md_68_an df6_e_cyclops_md_69_an df6_e_cyclops_md_70_an df6_e_cyclops_md_71_an df6_t_e_cyclops_71_n df6_t_e_cyclops_72_n df6_t_e_cyclops_73_n df6_t_e_cyclops_74_n df6_t_e_cyclops_md_71_an df6_t_e_cyclops_md_72_an df6_t_e_cyclops_md_73_an df6_t_e_cyclops_md_74_an df6_e_lepisma_67_n df6_e_lepisma_68_n df6_e_lepisma_69_n df6_e_lepisma_70_n df6_e_lepisma_71_n df6_t_e_lepisma_71_n df6_t_e_lepisma_72_n df6_t_e_lepisma_73_n df6_t_e_lepisma_74_n df6_e_mosbear_67_an df6_e_mosbear_68_an df6_e_mosbear_69_an df6_e_mosbear_70_an df6_e_mosbear_71_an df6_t_e_mosbear_71_an df6_t_e_mosbear_72_an df6_t_e_mosbear_73_an df6_t_e_mosbear_74_an df6_g_brax_67_n df6_g_brax_68_n df6_g_brax_69_n df6_g_brax_70_n df6_g_brax_71_n df6_t_g_brax_71_n df6_t_g_brax_72_n df6_t_g_brax_73_n df6_t_g_brax_74_n df6_g_cellatu_67_an df6_g_cellatu_68_an df6_g_cellatu_69_an df6_g_cellatu_70_an df6_g_cellatu_71_an df6_t_g_cellatu_71_an df6_t_g_cellatu_72_an df6_t_g_cellatu_73_an df6_t_g_cellatu_74_an df6_g_nagamage_67_an df6_g_nagamage_68_an df6_g_nagamage_69_an df6_g_nagamage_70_an df6_g_nagamage_71_an df6_t_g_nagamage_71_an df6_t_g_nagamage_72_an df6_t_g_nagamage_73_an df6_t_g_nagamage_74_an df6_i_fungus_67_an df6_i_fungus_68_an df6_i_fungus_69_an df6_i_fungus_70_an df6_i_fungus_71_an df6_t_i_fungus_71_an df6_t_i_fungus_72_an df6_t_i_fungus_73_an df6_t_i_fungus_74_an df6_i_lepisma_67_n df6_i_lepisma_68_n df6_i_lepisma_69_n df6_i_lepisma_70_n df6_i_lepisma_71_n df6_t_i_lepisma_71_n df6_t_i_lepisma_72_n df6_t_i_lepisma_73_n df6_t_i_lepisma_74_n df6_i_popoku_fi_67_an df6_i_popoku_fi_68_an df6_i_popoku_fi_69_an df6_i_popoku_fi_70_an df6_i_popoku_fi_71_an df6_t_i_popoku_fi_71_an df6_t_i_popoku_fi_72_an df6_t_i_popoku_fi_73_an df6_t_i_popoku_fi_74_an
50082,Progress(SECTION_0==0; SECTION_1<10),0,1,10,simpleQuest,12,ab1_lizardmanranger_48_ae ab1_lizardmanranger_49_ae ab1_lizardmanranger_50_ae ab1_lizardmanfighter_48_ae ab1_lizardmanfighter_49_ae ab1_lizardmanfighter_50_ae ab1_lizardmanassassin_48_ae ab1_lizardmanassassin_49_ae ab1_lizardmanassassin_50_ae ab1_lizardmanpriest_48_ae ab1_lizardmanpriest_49_ae ab1_lizardmanpriest_50_ae
50083,Progress(SECTION_0==0; SECTION_1<10),0,1,10,simpleQuest,2,lf2a_statuet_49_an lf2a_statuet_50_an
50084,Progress(SECTION_0==0; SECTION_1<20),0,1,20,simpleQuest,1,df2a_brohummfid_50_an
50091,Progress(SECTION_0==0; SECTION_1<15),0,1,15,simpleQuest,1,idevent_solo_saam_65_n
50092,Progress(SECTION_0==0; SECTION_1<15),0,1,15,simpleQuest,1,idevent_solo_saam_65_n
50093,Progress(SECTION_0==0; SECTION_1<15),0,1,15,simpleQuest,1,idevent_solo_saam_45_n
50097,Progress(SECTION_0==0; SECTION_1<25),0,1,25,simpleQuest,2,idevent_def_zombievampired_65_2nd idevent_def_zombievampired_65_3rd
50098,Progress(SECTION_0==0; SECTION_1<25),0,1,25,simpleQuest,2,idevent_def_zombievampired_65_2nd idevent_def_zombievampired_65_3rd
50099,Progress(SECTION_0==0; SECTION_1<25),0,1,25,simpleQuest,2,idevent_def_ma_zombievampired_65_2nd idevent_def_ma_zombievampired_65_3rd
50104,Progress(SECTION_0==0; SECTION_1<15),0,1,15,simpleQuest,1,idevent_solo_saam_65_n
50105,Progress(SECTION_0==0; SECTION_1<15),0,1,15,simpleQuest,1,idevent_solo_saam_65_n
50106,Progress(SECTION_0==0; SECTION_1<15),0,1,15,simpleQuest,1,idevent_solo_saam_45_n
50126,Progress(SECTION_0==0; SECTION_1<1),0,1,1,simpleQuest,2,tiamatdown_tiamatagent tdown_dragon_general_named_60_af
50127,Progress(SECTION_0==0; SECTION_1<1),0,1,1,simpleQuest,4,tdown_drakancl_tiamat_key_60_an tdown_drakanfi_tiamat_key_60_ae tdown_drakansc_tiamat_key_60_ae tdown_drakanwi_tiamat_key_60_ae
50129,Progress(SECTION_0==0; SECTION_1<20),0,1,20,simpleQuest,17,tdown_drakancl_noble_60_ae tdown_drakancl_noble_60_ae_link tdown_drakancl_noble_60_an tdown_drakancl_tiamat_60_ae tdown_drakancl_tiamat_60_ae_link tdown_drakancl_tiamat_60_an tdown_drakanfi_noble_60_ae tdown_drakanfi_noble_60_ae_link tdown_drakanfi_noble_60_an tdown_drakanfi_noble_60_an_deco tdown_drakanfi_tiamat_60_ae tdown_drakanfi_tiamat_60_ae_link tdown_drakanfi_tiamat_60_an tdown_drakangiant_60_ae tdown_drakansc_noble_60_ae tdown_drakansc_noble_60_ae_link tdown_drakansc_noble_60_an tdown_drakansc_tiamat_60_ae tdown_drakansc_tiamat_60_ae_link tdown_drakansc_tiamat_60_an tdown_drakanwi_noble_60_ae tdown_drakanwi_noble_60_ae_link tdown_drakanwi_noble_60_an tdown_drakanwi_tiamat_60_ae tdown_drakanwi_tiamat_60_ae_link tdown_drakanwi_tiamat_60_an
50131,Progress(SECTION_0==0; SECTION_1<1),0,1,1,simpleQuest,2,tiamatdown_m_tiamatagent tdown_m_dragon_general_named_60_af
50132,Progress(SECTION_0==0; SECTION_1<1),0,1,1,simpleQuest,4,tdown_m_drakancl_tiamat_key_60_an tdown_m_drakanfi_tiamat_key_60_ae tdown_m_drakansc_tiamat_key_60_ae tdown_m_drakanwi_tiamat_key_60_ae
50134,Progress(SECTION_0==0; SECTION_1<20),0,1,20,simpleQuest,17,tdown_m_drakancl_noble_60_ae tdown_m_drakancl_noble_60_ae_link tdown_m_drakancl_noble_60_an tdown_m_drakancl_tiamat_60_ae tdown_m_drakancl_tiamat_60_ae_link tdown_m_drakancl_tiamat_60_an tdown_m_drakanfi_noble_60_ae tdown_m_drakanfi_noble_60_ae_link tdown_m_drakanfi_noble_60_an tdown_m_drakanfi_noble_60_an_deco tdown_m_drakanfi_tiamat_60_ae tdown_m_drakanfi_tiamat_60_ae_link tdown_m_drakanfi_tiamat_60_an tdown_m_drakangiant_60_ae tdown_m_drakansc_noble_60_ae tdown_m_drakansc_noble_60_ae_link tdown_m_drakansc_noble_60_an tdown_m_drakansc_tiamat_60_ae tdown_m_drakansc_tiamat_60_ae_link tdown_m_drakansc_tiamat_60_an tdown_m_drakanwi_noble_60_ae tdown_m_drakanwi_noble_60_ae_link tdown_m_drakanwi_noble_60_an tdown_m_drakanwi_tiamat_60_ae tdown_m_drakanwi_tiamat_60_ae_link tdown_m_drakanwi_tiamat_60_an
51076,Progress(SECTION_0==0; SECTION_1<10),0,1,10,simpleQuest,1,ab1_fieldctrl_eresh_wi_65_ae
51077,Progress(SECTION_0==0; SECTION_1<30),0,1,30,simpleQuest,12,df6_c_lizard_pr_67_an df6_c_lizard_pr_68_an df6_c_lizard_pr_69_an df6_c_lizard_pr_70_an df6_c_lizard_pr_71_an df6_t_c_lizard_pr_71_an df6_t_c_lizard_pr_72_an df6_t_c_lizard_pr_73_an df6_t_c_lizard_pr_74_an df6_c_mosbear_67_an df6_c_mosbear_68_an df6_c_mosbear_69_an df6_c_mosbear_70_an df6_c_mosbear_71_an df6_t_c_mosbear_71_an df6_t_c_mosbear_72_an df6_t_c_mosbear_73_an df6_t_c_mosbear_74_an df6_c_zaif_67_an df6_c_zaif_68_an df6_c_zaif_69_an df6_c_zaif_70_an df6_c_zaif_71_an df6_t_c_zaif_71_an df6_t_c_zaif_72_an df6_t_c_zaif_73_an df6_t_c_zaif_74_an df6_e_cyclops_67_n df6_e_cyclops_68_n df6_e_cyclops_69_n df6_e_cyclops_70_n df6_e_cyclops_71_n df6_e_cyclops_md_67_an df6_e_cyclops_md_68_an df6_e_cyclops_md_69_an df6_e_cyclops_md_70_an df6_e_cyclops_md_71_an df6_t_e_cyclops_71_n df6_t_e_cyclops_72_n df6_t_e_cyclops_73_n df6_t_e_cyclops_74_n df6_t_e_cyclops_md_71_an df6_t_e_cyclops_md_72_an df6_t_e_cyclops_md_73_an df6_t_e_cyclops_md_74_an df6_e_lepisma_67_n df6_e_lepisma_68_n df6_e_lepisma_69_n df6_e_lepisma_70_n df6_e_lepisma_71_n df6_t_e_lepisma_71_n df6_t_e_lepisma_72_n df6_t_e_lepisma_73_n df6_t_e_lepisma_74_n df6_e_mosbear_67_an df6_e_mosbear_68_an df6_e_mosbear_69_an df6_e_mosbear_70_an df6_e_mosbear_71_an df6_t_e_mosbear_71_an df6_t_e_mosbear_72_an df6_t_e_mosbear_73_an df6_t_e_mosbear_74_an df6_g_brax_67_n df6_g_brax_68_n df6_g_brax_69_n df6_g_brax_70_n df6_g_brax_71_n df6_t_g_brax_71_n df6_t_g_brax_72_n df6_t_g_brax_73_n df6_t_g_brax_74_n df6_g_cellatu_67_an df6_g_cellatu_68_an df6_g_cellatu_69_an df6_g_cellatu_70_an df6_g_cellatu_71_an df6_t_g_cellatu_71_an df6_t_g_cellatu_72_an df6_t_g_cellatu_73_an df6_t_g_cellatu_74_an df6_g_nagamage_67_an df6_g_nagamage_68_an df6_g_nagamage_69_an df6_g_nagamage_70_an df6_g_nagamage_71_an df6_t_g_nagamage_71_an df6_t_g_nagamage_72_an df6_t_g_nagamage_73_an df6_t_g_nagamage_74_an df6_i_fungus_67_an df6_i_fungus_68_an df6_i_fungus_69_an df6_i_fungus_70_an df6_i_fungus_71_an df6_t_i_fungus_71_an df6_t_i_fungus_72_an df6_t_i_fungus_73_an df6_t_i_fungus_74_an df6_i_lepisma_67_n df6_i_lepisma_68_n df6_i_lepisma_69_n df6_i_lepisma_70_n df6_i_lepisma_71_n df6_t_i_lepisma_71_n df6_t_i_lepisma_72_n df6_t_i_lepisma_73_n df6_t_i_lepisma_74_n df6_i_popoku_fi_67_an df6_i_popoku_fi_68_an df6_i_popoku_fi_69_an df6_i_popoku_fi_70_an df6_i_popoku_fi_71_an df6_t_i_popoku_fi_71_an df6_t_i_popoku_fi_72_an df6_t_i_popoku_fi_73_an df6_t_i_popoku_fi_74_an
51078,Progress(SECTION_0==0; SECTION_1<30),0,1,30,simpleQuest,12,lf6_mimic_c_67_d lf6_mimic_c_68_d lf6_mimic_c_69_d lf6_mimic_c_70_d lf6_mimic_c_71_d lf6_t_mimic_c_71_d lf6_t_mimic_c_72_d lf6_t_mimic_c_73_d lf6_t_mimic_c_74_d lf6_empty_c_67_d lf6_empty_c_68_d lf6_empty_c_69_d lf6_empty_c_70_d lf6_empty_c_71_d lf6_t_empty_c_71_d lf6_t_empty_c_72_d lf6_t_empty_c_73_d lf6_t_empty_c_74_d lf6_tauric_c_67_d lf6_tauric_c_68_d lf6_tauric_c_69_d lf6_tauric_c_70_d lf6_tauric_c_71_d lf6_t_tauric_c_71_d lf6_t_tauric_c_72_d lf6_t_tauric_c_73_d lf6_t_tauric_c_74_d lf6_stropoku_e_67_d lf6_stropoku_e_68_d lf6_stropoku_e_69_d lf6_stropoku_e_70_d lf6_stropoku_e_71_d lf6_t_stropoku_e_71_d lf6_t_stropoku_e_72_d lf6_t_stropoku_e_73_d lf6_t_stropoku_e_74_d lf6_zaif_e_67_d lf6_zaif_e_68_d lf6_zaif_e_69_d lf6_zaif_e_70_d lf6_zaif_e_71_d lf6_t_zaif_e_71_d lf6_t_zaif_e_72_d lf6_t_zaif_e_73_d lf6_t_zaif_e_74_d lf6_neuth_e_67_d lf6_neuth_e_68_d lf6_neuth_e_69_d lf6_neuth_e_70_d lf6_neuth_e_71_d lf6_t_neuth_e_71_d lf6_t_neuth_e_72_d lf6_t_neuth_e_73_d lf6_t_neuth_e_74_d lf6_kuillus_g_67_d lf6_kuillus_g_68_d lf6_kuillus_g_69_d lf6_kuillus_g_70_d lf6_kuillus_g_71_d lf6_t_kuillus_g_71_d lf6_t_kuillus_g_72_d lf6_t_kuillus_g_73_d lf6_t_kuillus_g_74_d lf6_babymosbear_g_67_d lf6_babymosbear_g_68_d lf6_babymosbear_g_69_d lf6_babymosbear_g_70_d lf6_babymosbear_g_71_d lf6_t_babymosbear_g_71_d lf6_t_babymosbear_g_72_d lf6_t_babymosbear_g_73_d lf6_t_babymosbear_g_74_d lf6_lizardman_pr_g_67_d lf6_lizardman_pr_g_68_d lf6_lizardman_pr_g_69_d lf6_lizardman_pr_g_70_d lf6_lizardman_pr_g_71_d lf6_t_lizardman_pr_g_71_d lf6_t_lizardman_pr_g_72_d lf6_t_lizardman_pr_g_73_d lf6_t_lizardman_pr_g_74_d lf6_bat_devil_i_67_d lf6_bat_devil_i_68_d lf6_bat_devil_i_69_d lf6_bat_devil_i_70_d lf6_bat_devil_i_71_d lf6_t_bat_devil_i_71_d lf6_t_bat_devil_i_72_d lf6_t_bat_devil_i_73_d lf6_t_bat_devil_i_74_d lf6_rottentree_i_67_d lf6_rottentree_i_68_d lf6_rottentree_i_69_d lf6_rottentree_i_70_d lf6_rottentree_i_71_d lf6_t_rottentree_i_71_d lf6_t_rottentree_i_72_d lf6_t_rottentree_i_73_d lf6_t_rottentree_i_74_d lf6_lepisma_i_67_d lf6_lepisma_i_68_d lf6_lepisma_i_69_d lf6_lepisma_i_70_d lf6_lepisma_i_71_d lf6_t_lepisma_i_71_d lf6_t_lepisma_i_72_d lf6_t_lepisma_i_73_d lf6_t_lepisma_i_74_d
51082,Progress(SECTION_0==0; SECTION_1<10),0,1,10,simpleQuest,12,ab1_lizardmanranger_48_ae ab1_lizardmanranger_49_ae ab1_lizardmanranger_50_ae ab1_lizardmanfighter_48_ae ab1_lizardmanfighter_49_ae ab1_lizardmanfighter_50_ae ab1_lizardmanassassin_48_ae ab1_lizardmanassassin_49_ae ab1_lizardmanassassin_50_ae ab1_lizardmanpriest_48_ae ab1_lizardmanpriest_49_ae ab1_lizardmanpriest_50_ae
51083,Progress(SECTION_0==0; SECTION_1<10),0,1,10,simpleQuest,2,df2a_cockatriceblued_47_an df2a_cockatriceblued_48_an
51084,Progress(SECTION_0==0; SECTION_1<20),0,1,20,simpleQuest,2,lf2a_tauric_47_an lf2a_tauric_48_an
51097,Progress(SECTION_0==0; SECTION_1<25),0,1,25,simpleQuest,2,idevent_def_zombievampired_65_2nd idevent_def_zombievampired_65_3rd
51098,Progress(SECTION_0==0; SECTION_1<25),0,1,25,simpleQuest,2,idevent_def_zombievampired_65_2nd idevent_def_zombievampired_65_3rd
51099,Progress(SECTION_0==0; SECTION_1<25),0,1,25,simpleQuest,2,idevent_def_ma_zombievampired_65_2nd idevent_def_ma_zombievampired_65_3rd
51126,Progress(SECTION_0==0; SECTION_1<1),0,1,1,simpleQuest,2,tiamatdown_tiamatagent tdown_dragon_general_named_60_af
51127,Progress(SECTION_0==0; SECTION_1<1),0,1,1,simpleQuest,4,tdown_drakancl_tiamat_key_60_an tdown_drakanfi_tiamat_key_60_ae tdown_drakansc_tiamat_key_60_ae tdown_drakanwi_tiamat_key_60_ae
51129,Progress(SECTION_0==0; SECTION_1<20),0,1,20,simpleQuest,17,tdown_drakancl_noble_60_ae tdown_drakancl_noble_60_ae_link tdown_drakancl_noble_60_an tdown_drakancl_tiamat_60_ae tdown_drakancl_tiamat_60_ae_link tdown_drakancl_tiamat_60_an tdown_drakanfi_noble_60_ae tdown_drakanfi_noble_60_ae_link tdown_drakanfi_noble_60_an tdown_drakanfi_noble_60_an_deco tdown_drakanfi_tiamat_60_ae tdown_drakanfi_tiamat_60_ae_link tdown_drakanfi_tiamat_60_an tdown_drakangiant_60_ae tdown_drakansc_noble_60_ae tdown_drakansc_noble_60_ae_link tdown_drakansc_noble_60_an tdown_drakansc_tiamat_60_ae tdown_drakansc_tiamat_60_ae_link tdown_drakansc_tiamat_60_an tdown_drakanwi_noble_60_ae tdown_drakanwi_noble_60_ae_link tdown_drakanwi_noble_60_an tdown_drakanwi_tiamat_60_ae tdown_drakanwi_tiamat_60_ae_link tdown_drakanwi_tiamat_60_an
51131,Progress(SECTION_0==0; SECTION_1<1),0,1,1,simpleQuest,2,tiamatdown_m_tiamatagent tdown_m_dragon_general_named_60_af
51132,Progress(SECTION_0==0; SECTION_1<1),0,1,1,simpleQuest,4,tdown_m_drakancl_tiamat_key_60_an tdown_m_drakanfi_tiamat_key_60_ae tdown_m_drakansc_tiamat_key_60_ae tdown_m_drakanwi_tiamat_key_60_ae
51134,Progress(SECTION_0==0; SECTION_1<20),0,1,20,simpleQuest,17,tdown_m_drakancl_noble_60_ae tdown_m_drakancl_noble_60_ae_link tdown_m_drakancl_noble_60_an tdown_m_drakancl_tiamat_60_ae tdown_m_drakancl_tiamat_60_ae_link tdown_m_drakancl_tiamat_60_an tdown_m_drakanfi_noble_60_ae tdown_m_drakanfi_noble_60_ae_link tdown_m_drakanfi_noble_60_an tdown_m_drakanfi_noble_60_an_deco tdown_m_drakanfi_tiamat_60_ae tdown_m_drakanfi_tiamat_60_ae_link tdown_m_drakanfi_tiamat_60_an tdown_m_drakangiant_60_ae tdown_m_drakansc_noble_60_ae tdown_m_drakansc_noble_60_ae_link tdown_m_drakansc_noble_60_an tdown_m_drakansc_tiamat_60_ae tdown_m_drakansc_tiamat_60_ae_link tdown_m_drakansc_tiamat_60_an tdown_m_drakanwi_noble_60_ae tdown_m_drakanwi_noble_60_ae_link tdown_m_drakanwi_noble_60_an tdown_m_drakanwi_tiamat_60_ae tdown_m_drakanwi_tiamat_60_ae_link tdown_m_drakanwi_tiamat_60_an
