page_id,page_constant,html_page_name
0,HTML_PAGE_NULL,
1,HTML_PAGE_SHOW_STIGMA_WINDOW,
2,HTML_PAGE_SHOW_CREATE_GUILD_WINDOW,
3,HTML_PAGE_MENU_DIALOG,menu_dialog
4,HTML_PAGE_SHOW_ASK_QUEST_ACCEPT_WINDOW,ask_quest_accept
5,HTML_PAGE_SHOW_SELECT_QUEST_REWARD_WINDOW1,select_quest_reward1
6,HTML_PAGE_SHOW_SELECT_QUEST_REWARD_WINDOW2,select_quest_reward2
7,HTML_PAGE_SHOW_SELECT_QUEST_REWARD_WINDOW3,select_quest_reward3
8,HTML_PAGE_SHOW_SELECT_QUEST_REWARD_WINDOW4,select_quest_reward4
9,HTML_PAGE_QUEST_SUMMARY,quest_summary
10,HTML_PAGE_SELECT_QUEST,select_quest
11,HTML_PAGE_SELECT_PROGRESSIVE_QUEST_DESC,select_progressive_quest_desc
12,HTML_PAGE_SELECT_ACQUSITIVE_QUEST_DESC,select_acqusitive_quest_desc
13,HTML_PAGE_SHOW_VENDOR_WINDOW,
14,HTML_PAGE_SHOW_RETRIEVE_CHAR_WAREHOUSE,
15,HTML_PAGE_SHOW_DEPOSIT_CHAR_WAREHOUSE,
16,HTML_PAGE_SHOW_RETRIEVE_ACCOUNT_WAREHOUSE,
17,HTML_PAGE_SHOW_DEPOSIT_ACCOUNT_WAREHOUSE,
18,HTML_PAGE_SHOW_MAIL_WINDOW,
19,HTML_PAGE_SHOW_CHANGE_ITEM_SKIN_WINDOW,
20,HTML_PAGE_SHOW_REMOVE_ITEM_OPTION_WINDOW,
21,HTML_PAGE_SHOW_GIVE_ITEM_PROC_WINDOW,
22,HTML_PAGE_SHOW_E3_IN_GAME_HELP,
23,HTML_PAGE_SHOW_GATHER_SKILL_LEVELUP_WINDOW,
24,HTML_PAGE_SHOW_LOOT_WINDOW,
25,HTML_PAGE_SHOW_GUILD_WAREHOUSE,
26,HTML_PAGE_SHOW_PERSONAL_WAREHOUSE,
27,HTML_PAGE_NO_RIGHT,no_right
28,HTML_PAGE_SHOW_COMBINETASK_WINDOW,select_task
29,HTML_PAGE_SHOW_COMPOUND_WEAPON_WINDOW,
30,HTML_PAGE_SHOW_DECOMPOUND_WEAPON_WINDOW,
31,HTML_PAGE_PACKAGE_LIMITATION,package_limitation
32,HTML_PAGE_SHOW_HOUSING_MARKER_WINDOW,
33,HTML_PAGE_SHOW_HOUSING_LIFETIME_WINDOW,
34,HTML_PAGE_SELECT_DAILY_QUEST,select_daily_quest
35,HTML_PAGE_SHOW_CHARGE_ITEM,
36,HTML_PAGE_SHOW_HOUSING_BUDDY_LIST,
37,HTML_PAGE_SHOW_HOUSING_POST,
38,HTML_PAGE_SHOW_HOUSING_AUCTION,
39,HTML_PAGE_SHOW_HOUSING_PAY_RENT,
40,HTML_PAGE_SHOW_HOUSING_KICK,
41,HTML_PAGE_SHOW_HOUSING_CONFIG,
42,HTML_PAGE_SHOW_CHARGE_ITEM2,
43,HTML_PAGE_SHOW_TOWN_CHALLENGE_TASK,
44,HTML_PAGE_NO_TOWN_RESIDENCE,no_town_residence
45,HTML_PAGE_SHOW_SELECT_QUEST_REWARD_WINDOW5,select_quest_reward5
46,HTML_PAGE_SHOW_SELECT_QUEST_REWARD_WINDOW6,select_quest_reward6
47,HTML_PAGE_SHOW_SELECT_QUEST_REWARD_WINDOW7,select_quest_reward7
48,HTML_PAGE_SHOW_SELECT_QUEST_REWARD_WINDOW8,select_quest_reward8
49,HTML_PAGE_SHOW_SELECT_QUEST_REWARD_WINDOW9,select_quest_reward9
50,HTML_PAGE_SHOW_SELECT_QUEST_REWARD_WINDOW10,select_quest_reward10
51,HTML_PAGE_SHOW_MOVE_ITEM_SKIN_WINDOW,
52,HTML_PAGE_SHOW_ITEM_UPGRADE,
53,HTML_PAGE_SHOW_STIGMA_ENCHANT,
54,HTML_PAGE_SHOW_CP_WINDOW,
55,HTML_PAGE_SHOW_EXCHANGE_EQUIPMENT,
1000,HTML_PAGE_TEST,test
1001,HTML_PAGE_QUEST_1_1,quest_1_1
1002,HTML_PAGE_QUEST_1_2,quest_1_2
1003,HTML_PAGE_QUEST_ACCEPT_1,quest_accept_1
1004,HTML_PAGE_QUEST_REFUSE_1,quest_refuse_1
1005,HTML_PAGE_QUEST_REFUSE_2,quest_refuse_2
1006,HTML_PAGE_QUEST_REFUSE_3,quest_refuse_3
1007,HTML_PAGE_QUEST_REFUSE_4,quest_refuse_4
1008,HTML_PAGE_QUEST_COMPLETE,quest_complete
1009,HTML_PAGE_QUEST_FAILED_1,quest_failed_1
1011,HTML_PAGE_SELECT1,select1
1012,HTML_PAGE_SELECT1_1,select1_1
1013,HTML_PAGE_SELECT1_1_1,select1_1_1
1014,HTML_PAGE_SELECT1_1_1_1,select1_1_1_1
1015,HTML_PAGE_SELECT1_1_1_1_1,select1_1_1_1_1
1016,HTML_PAGE_SELECT1_1_1_1_2,select1_1_1_1_2
1017,HTML_PAGE_SELECT1_1_1_1_3,select1_1_1_1_3
1018,HTML_PAGE_SELECT1_1_1_1_4,select1_1_1_1_4
1019,HTML_PAGE_SELECT1_1_1_2,select1_1_1_2
1020,HTML_PAGE_SELECT1_1_1_2_1,select1_1_1_2_1
1021,HTML_PAGE_SELECT1_1_1_2_2,select1_1_1_2_2
1022,HTML_PAGE_SELECT1_1_1_2_3,select1_1_1_2_3
1023,HTML_PAGE_SELECT1_1_1_2_4,select1_1_1_2_4
1024,HTML_PAGE_SELECT1_1_1_3,select1_1_1_3
1025,HTML_PAGE_SELECT1_1_1_3_1,select1_1_1_3_1
1026,HTML_PAGE_SELECT1_1_1_3_2,select1_1_1_3_2
1027,HTML_PAGE_SELECT1_1_1_3_3,select1_1_1_3_3
1028,HTML_PAGE_SELECT1_1_1_3_4,select1_1_1_3_4
1029,HTML_PAGE_SELECT1_1_1_4,select1_1_1_4
1030,HTML_PAGE_SELECT1_1_1_4_1,select1_1_1_4_1
1031,HTML_PAGE_SELECT1_1_1_4_2,select1_1_1_4_2
1032,HTML_PAGE_SELECT1_1_1_4_3,select1_1_1_4_3
1033,HTML_PAGE_SELECT1_1_1_4_4,select1_1_1_4_4
1034,HTML_PAGE_SELECT1_1_2,select1_1_2
1035,HTML_PAGE_SELECT1_1_2_1,select1_1_2_1
1036,HTML_PAGE_SELECT1_1_2_1_1,select1_1_2_1_1
1037,HTML_PAGE_SELECT1_1_2_1_2,select1_1_2_1_2
1038,HTML_PAGE_SELECT1_1_2_1_3,select1_1_2_1_3
1039,HTML_PAGE_SELECT1_1_2_1_4,select1_1_2_1_4
1040,HTML_PAGE_SELECT1_1_2_2,select1_1_2_2
1041,HTML_PAGE_SELECT1_1_2_2_1,select1_1_2_2_1
1042,HTML_PAGE_SELECT1_1_2_2_2,select1_1_2_2_2
1043,HTML_PAGE_SELECT1_1_2_2_3,select1_1_2_2_3
1044,HTML_PAGE_SELECT1_1_2_2_4,select1_1_2_2_4
1045,HTML_PAGE_SELECT1_1_2_3,select1_1_2_3
1046,HTML_PAGE_SELECT1_1_2_3_1,select1_1_2_3_1
1047,HTML_PAGE_SELECT1_1_2_3_2,select1_1_2_3_2
1048,HTML_PAGE_SELECT1_1_2_3_3,select1_1_2_3_3
1049,HTML_PAGE_SELECT1_1_2_3_4,select1_1_2_3_4
1050,HTML_PAGE_SELECT1_1_2_4,select1_1_2_4
1051,HTML_PAGE_SELECT1_1_2_4_1,select1_1_2_4_1
1052,HTML_PAGE_SELECT1_1_2_4_2,select1_1_2_4_2
1053,HTML_PAGE_SELECT1_1_2_4_3,select1_1_2_4_3
1054,HTML_PAGE_SELECT1_1_2_4_4,select1_1_2_4_4
1055,HTML_PAGE_SELECT1_1_3,select1_1_3
1056,HTML_PAGE_SELECT1_1_3_1,select1_1_3_1
1057,HTML_PAGE_SELECT1_1_3_1_1,select1_1_3_1_1
1058,HTML_PAGE_SELECT1_1_3_1_2,select1_1_3_1_2
1059,HTML_PAGE_SELECT1_1_3_1_3,select1_1_3_1_3
1060,HTML_PAGE_SELECT1_1_3_1_4,select1_1_3_1_4
1061,HTML_PAGE_SELECT1_1_3_2,select1_1_3_2
1062,HTML_PAGE_SELECT1_1_3_2_1,select1_1_3_2_1
1063,HTML_PAGE_SELECT1_1_3_2_2,select1_1_3_2_2
1064,HTML_PAGE_SELECT1_1_3_2_3,select1_1_3_2_3
1065,HTML_PAGE_SELECT1_1_3_2_4,select1_1_3_2_4
1066,HTML_PAGE_SELECT1_1_3_3,select1_1_3_3
1067,HTML_PAGE_SELECT1_1_3_3_1,select1_1_3_3_1
1068,HTML_PAGE_SELECT1_1_3_3_2,select1_1_3_3_2
1069,HTML_PAGE_SELECT1_1_3_3_3,select1_1_3_3_3
1070,HTML_PAGE_SELECT1_1_3_3_4,select1_1_3_3_4
1071,HTML_PAGE_SELECT1_1_3_4,select1_1_3_4
1072,HTML_PAGE_SELECT1_1_3_4_1,select1_1_3_4_1
1073,HTML_PAGE_SELECT1_1_3_4_2,select1_1_3_4_2
1074,HTML_PAGE_SELECT1_1_3_4_3,select1_1_3_4_3
1075,HTML_PAGE_SELECT1_1_3_4_4,select1_1_3_4_4
1076,HTML_PAGE_SELECT1_1_4,select1_1_4
1077,HTML_PAGE_SELECT1_1_4_1,select1_1_4_1
1078,HTML_PAGE_SELECT1_1_4_1_1,select1_1_4_1_1
1079,HTML_PAGE_SELECT1_1_4_1_2,select1_1_4_1_2
1080,HTML_PAGE_SELECT1_1_4_1_3,select1_1_4_1_3
1081,HTML_PAGE_SELECT1_1_4_1_4,select1_1_4_1_4
1082,HTML_PAGE_SELECT1_1_4_2,select1_1_4_2
1083,HTML_PAGE_SELECT1_1_4_2_1,select1_1_4_2_1
1084,HTML_PAGE_SELECT1_1_4_2_2,select1_1_4_2_2
1085,HTML_PAGE_SELECT1_1_4_2_3,select1_1_4_2_3
1086,HTML_PAGE_SELECT1_1_4_2_4,select1_1_4_2_4
1087,HTML_PAGE_SELECT1_1_4_3,select1_1_4_3
1088,HTML_PAGE_SELECT1_1_4_3_1,select1_1_4_3_1
1089,HTML_PAGE_SELECT1_1_4_3_2,select1_1_4_3_2
1090,HTML_PAGE_SELECT1_1_4_3_3,select1_1_4_3_3
1091,HTML_PAGE_SELECT1_1_4_3_4,select1_1_4_3_4
1092,HTML_PAGE_SELECT1_1_4_4,select1_1_4_4
1093,HTML_PAGE_SELECT1_1_4_4_1,select1_1_4_4_1
1094,HTML_PAGE_SELECT1_1_4_4_2,select1_1_4_4_2
1095,HTML_PAGE_SELECT1_1_4_4_3,select1_1_4_4_3
1096,HTML_PAGE_SELECT1_1_4_4_4,select1_1_4_4_4
1097,HTML_PAGE_SELECT1_2,select1_2
1098,HTML_PAGE_SELECT1_2_1,select1_2_1
1099,HTML_PAGE_SELECT1_2_1_1,select1_2_1_1
1100,HTML_PAGE_SELECT1_2_1_1_1,select1_2_1_1_1
1101,HTML_PAGE_SELECT1_2_1_1_2,select1_2_1_1_2
1102,HTML_PAGE_SELECT1_2_1_1_3,select1_2_1_1_3
1103,HTML_PAGE_SELECT1_2_1_1_4,select1_2_1_1_4
1104,HTML_PAGE_SELECT1_2_1_2,select1_2_1_2
1105,HTML_PAGE_SELECT1_2_1_2_1,select1_2_1_2_1
1106,HTML_PAGE_SELECT1_2_1_2_2,select1_2_1_2_2
1107,HTML_PAGE_SELECT1_2_1_2_3,select1_2_1_2_3
1108,HTML_PAGE_SELECT1_2_1_2_4,select1_2_1_2_4
1109,HTML_PAGE_SELECT1_2_1_3,select1_2_1_3
1110,HTML_PAGE_SELECT1_2_1_3_1,select1_2_1_3_1
1111,HTML_PAGE_SELECT1_2_1_3_2,select1_2_1_3_2
1112,HTML_PAGE_SELECT1_2_1_3_3,select1_2_1_3_3
1113,HTML_PAGE_SELECT1_2_1_3_4,select1_2_1_3_4
1114,HTML_PAGE_SELECT1_2_1_4,select1_2_1_4
1115,HTML_PAGE_SELECT1_2_1_4_1,select1_2_1_4_1
1116,HTML_PAGE_SELECT1_2_1_4_2,select1_2_1_4_2
1117,HTML_PAGE_SELECT1_2_1_4_3,select1_2_1_4_3
1118,HTML_PAGE_SELECT1_2_1_4_4,select1_2_1_4_4
1119,HTML_PAGE_SELECT1_2_2,select1_2_2
1120,HTML_PAGE_SELECT1_2_2_1,select1_2_2_1
1121,HTML_PAGE_SELECT1_2_2_1_1,select1_2_2_1_1
1122,HTML_PAGE_SELECT1_2_2_1_2,select1_2_2_1_2
1123,HTML_PAGE_SELECT1_2_2_1_3,select1_2_2_1_3
1124,HTML_PAGE_SELECT1_2_2_1_4,select1_2_2_1_4
1125,HTML_PAGE_SELECT1_2_2_2,select1_2_2_2
1126,HTML_PAGE_SELECT1_2_2_2_1,select1_2_2_2_1
1127,HTML_PAGE_SELECT1_2_2_2_2,select1_2_2_2_2
1128,HTML_PAGE_SELECT1_2_2_2_3,select1_2_2_2_3
1129,HTML_PAGE_SELECT1_2_2_2_4,select1_2_2_2_4
1130,HTML_PAGE_SELECT1_2_2_3,select1_2_2_3
1131,HTML_PAGE_SELECT1_2_2_3_1,select1_2_2_3_1
1132,HTML_PAGE_SELECT1_2_2_3_2,select1_2_2_3_2
1133,HTML_PAGE_SELECT1_2_2_3_3,select1_2_2_3_3
1134,HTML_PAGE_SELECT1_2_2_3_4,select1_2_2_3_4
1135,HTML_PAGE_SELECT1_2_2_4,select1_2_2_4
1136,HTML_PAGE_SELECT1_2_2_4_1,select1_2_2_4_1
1137,HTML_PAGE_SELECT1_2_2_4_2,select1_2_2_4_2
1138,HTML_PAGE_SELECT1_2_2_4_3,select1_2_2_4_3
1139,HTML_PAGE_SELECT1_2_2_4_4,select1_2_2_4_4
1140,HTML_PAGE_SELECT1_2_3,select1_2_3
1141,HTML_PAGE_SELECT1_2_3_1,select1_2_3_1
1142,HTML_PAGE_SELECT1_2_3_1_1,select1_2_3_1_1
1143,HTML_PAGE_SELECT1_2_3_1_2,select1_2_3_1_2
1144,HTML_PAGE_SELECT1_2_3_1_3,select1_2_3_1_3
1145,HTML_PAGE_SELECT1_2_3_1_4,select1_2_3_1_4
1146,HTML_PAGE_SELECT1_2_3_2,select1_2_3_2
1147,HTML_PAGE_SELECT1_2_3_2_1,select1_2_3_2_1
1148,HTML_PAGE_SELECT1_2_3_2_2,select1_2_3_2_2
1149,HTML_PAGE_SELECT1_2_3_2_3,select1_2_3_2_3
1150,HTML_PAGE_SELECT1_2_3_2_4,select1_2_3_2_4
1151,HTML_PAGE_SELECT1_2_3_3,select1_2_3_3
1152,HTML_PAGE_SELECT1_2_3_3_1,select1_2_3_3_1
1153,HTML_PAGE_SELECT1_2_3_3_2,select1_2_3_3_2
1154,HTML_PAGE_SELECT1_2_3_3_3,select1_2_3_3_3
1155,HTML_PAGE_SELECT1_2_3_3_4,select1_2_3_3_4
1156,HTML_PAGE_SELECT1_2_3_4,select1_2_3_4
1157,HTML_PAGE_SELECT1_2_3_4_1,select1_2_3_4_1
1158,HTML_PAGE_SELECT1_2_3_4_2,select1_2_3_4_2
1159,HTML_PAGE_SELECT1_2_3_4_3,select1_2_3_4_3
1160,HTML_PAGE_SELECT1_2_3_4_4,select1_2_3_4_4
1161,HTML_PAGE_SELECT1_2_4,select1_2_4
1162,HTML_PAGE_SELECT1_2_4_1,select1_2_4_1
1163,HTML_PAGE_SELECT1_2_4_1_1,select1_2_4_1_1
1164,HTML_PAGE_SELECT1_2_4_1_2,select1_2_4_1_2
1165,HTML_PAGE_SELECT1_2_4_1_3,select1_2_4_1_3
1166,HTML_PAGE_SELECT1_2_4_1_4,select1_2_4_1_4
1167,HTML_PAGE_SELECT1_2_4_2,select1_2_4_2
1168,HTML_PAGE_SELECT1_2_4_2_1,select1_2_4_2_1
1169,HTML_PAGE_SELECT1_2_4_2_2,select1_2_4_2_2
1170,HTML_PAGE_SELECT1_2_4_2_3,select1_2_4_2_3
1171,HTML_PAGE_SELECT1_2_4_2_4,select1_2_4_2_4
1172,HTML_PAGE_SELECT1_2_4_3,select1_2_4_3
1173,HTML_PAGE_SELECT1_2_4_3_1,select1_2_4_3_1
1174,HTML_PAGE_SELECT1_2_4_3_2,select1_2_4_3_2
1175,HTML_PAGE_SELECT1_2_4_3_3,select1_2_4_3_3
1176,HTML_PAGE_SELECT1_2_4_3_4,select1_2_4_3_4
1177,HTML_PAGE_SELECT1_2_4_4,select1_2_4_4
1178,HTML_PAGE_SELECT1_2_4_4_1,select1_2_4_4_1
1179,HTML_PAGE_SELECT1_2_4_4_2,select1_2_4_4_2
1180,HTML_PAGE_SELECT1_2_4_4_3,select1_2_4_4_3
1181,HTML_PAGE_SELECT1_2_4_4_4,select1_2_4_4_4
1182,HTML_PAGE_SELECT1_3,select1_3
1183,HTML_PAGE_SELECT1_3_1,select1_3_1
1184,HTML_PAGE_SELECT1_3_1_1,select1_3_1_1
1185,HTML_PAGE_SELECT1_3_1_1_1,select1_3_1_1_1
1186,HTML_PAGE_SELECT1_3_1_1_2,select1_3_1_1_2
1187,HTML_PAGE_SELECT1_3_1_1_3,select1_3_1_1_3
1188,HTML_PAGE_SELECT1_3_1_1_4,select1_3_1_1_4
1189,HTML_PAGE_SELECT1_3_1_2,select1_3_1_2
1190,HTML_PAGE_SELECT1_3_1_2_1,select1_3_1_2_1
1191,HTML_PAGE_SELECT1_3_1_2_2,select1_3_1_2_2
1192,HTML_PAGE_SELECT1_3_1_2_3,select1_3_1_2_3
1193,HTML_PAGE_SELECT1_3_1_2_4,select1_3_1_2_4
1194,HTML_PAGE_SELECT1_3_1_3,select1_3_1_3
1195,HTML_PAGE_SELECT1_3_1_3_1,select1_3_1_3_1
1196,HTML_PAGE_SELECT1_3_1_3_2,select1_3_1_3_2
1197,HTML_PAGE_SELECT1_3_1_3_3,select1_3_1_3_3
1198,HTML_PAGE_SELECT1_3_1_3_4,select1_3_1_3_4
1199,HTML_PAGE_SELECT1_3_1_4,select1_3_1_4
1200,HTML_PAGE_SELECT1_3_1_4_1,select1_3_1_4_1
1201,HTML_PAGE_SELECT1_3_1_4_2,select1_3_1_4_2
1202,HTML_PAGE_SELECT1_3_1_4_3,select1_3_1_4_3
1203,HTML_PAGE_SELECT1_3_1_4_4,select1_3_1_4_4
1204,HTML_PAGE_SELECT1_3_2,select1_3_2
1205,HTML_PAGE_SELECT1_3_2_1,select1_3_2_1
1206,HTML_PAGE_SELECT1_3_2_1_1,select1_3_2_1_1
1207,HTML_PAGE_SELECT1_3_2_1_2,select1_3_2_1_2
1208,HTML_PAGE_SELECT1_3_2_1_3,select1_3_2_1_3
1209,HTML_PAGE_SELECT1_3_2_1_4,select1_3_2_1_4
1210,HTML_PAGE_SELECT1_3_2_2,select1_3_2_2
1211,HTML_PAGE_SELECT1_3_2_2_1,select1_3_2_2_1
1212,HTML_PAGE_SELECT1_3_2_2_2,select1_3_2_2_2
1213,HTML_PAGE_SELECT1_3_2_2_3,select1_3_2_2_3
1214,HTML_PAGE_SELECT1_3_2_2_4,select1_3_2_2_4
1215,HTML_PAGE_SELECT1_3_2_3,select1_3_2_3
1216,HTML_PAGE_SELECT1_3_2_3_1,select1_3_2_3_1
1217,HTML_PAGE_SELECT1_3_2_3_2,select1_3_2_3_2
1218,HTML_PAGE_SELECT1_3_2_3_3,select1_3_2_3_3
1219,HTML_PAGE_SELECT1_3_2_3_4,select1_3_2_3_4
1220,HTML_PAGE_SELECT1_3_2_4,select1_3_2_4
1221,HTML_PAGE_SELECT1_3_2_4_1,select1_3_2_4_1
1222,HTML_PAGE_SELECT1_3_2_4_2,select1_3_2_4_2
1223,HTML_PAGE_SELECT1_3_2_4_3,select1_3_2_4_3
1224,HTML_PAGE_SELECT1_3_2_4_4,select1_3_2_4_4
1225,HTML_PAGE_SELECT1_3_3,select1_3_3
1226,HTML_PAGE_SELECT1_3_3_1,select1_3_3_1
1227,HTML_PAGE_SELECT1_3_3_1_1,select1_3_3_1_1
1228,HTML_PAGE_SELECT1_3_3_1_2,select1_3_3_1_2
1229,HTML_PAGE_SELECT1_3_3_1_3,select1_3_3_1_3
1230,HTML_PAGE_SELECT1_3_3_1_4,select1_3_3_1_4
1231,HTML_PAGE_SELECT1_3_3_2,select1_3_3_2
1232,HTML_PAGE_SELECT1_3_3_2_1,select1_3_3_2_1
1233,HTML_PAGE_SELECT1_3_3_2_2,select1_3_3_2_2
1234,HTML_PAGE_SELECT1_3_3_2_3,select1_3_3_2_3
1235,HTML_PAGE_SELECT1_3_3_2_4,select1_3_3_2_4
1236,HTML_PAGE_SELECT1_3_3_3,select1_3_3_3
1237,HTML_PAGE_SELECT1_3_3_3_1,select1_3_3_3_1
1238,HTML_PAGE_SELECT1_3_3_3_2,select1_3_3_3_2
1239,HTML_PAGE_SELECT1_3_3_3_3,select1_3_3_3_3
1240,HTML_PAGE_SELECT1_3_3_3_4,select1_3_3_3_4
1241,HTML_PAGE_SELECT1_3_3_4,select1_3_3_4
1242,HTML_PAGE_SELECT1_3_3_4_1,select1_3_3_4_1
1243,HTML_PAGE_SELECT1_3_3_4_2,select1_3_3_4_2
1244,HTML_PAGE_SELECT1_3_3_4_3,select1_3_3_4_3
1245,HTML_PAGE_SELECT1_3_3_4_4,select1_3_3_4_4
1246,HTML_PAGE_SELECT1_3_4,select1_3_4
1247,HTML_PAGE_SELECT1_3_4_1,select1_3_4_1
1248,HTML_PAGE_SELECT1_3_4_1_1,select1_3_4_1_1
1249,HTML_PAGE_SELECT1_3_4_1_2,select1_3_4_1_2
1250,HTML_PAGE_SELECT1_3_4_1_3,select1_3_4_1_3
1251,HTML_PAGE_SELECT1_3_4_1_4,select1_3_4_1_4
1252,HTML_PAGE_SELECT1_3_4_2,select1_3_4_2
1253,HTML_PAGE_SELECT1_3_4_2_1,select1_3_4_2_1
1254,HTML_PAGE_SELECT1_3_4_2_2,select1_3_4_2_2
1255,HTML_PAGE_SELECT1_3_4_2_3,select1_3_4_2_3
1256,HTML_PAGE_SELECT1_3_4_2_4,select1_3_4_2_4
1257,HTML_PAGE_SELECT1_3_4_3,select1_3_4_3
1258,HTML_PAGE_SELECT1_3_4_3_1,select1_3_4_3_1
1259,HTML_PAGE_SELECT1_3_4_3_2,select1_3_4_3_2
1260,HTML_PAGE_SELECT1_3_4_3_3,select1_3_4_3_3
1261,HTML_PAGE_SELECT1_3_4_3_4,select1_3_4_3_4
1262,HTML_PAGE_SELECT1_3_4_4,select1_3_4_4
1263,HTML_PAGE_SELECT1_3_4_4_1,select1_3_4_4_1
1264,HTML_PAGE_SELECT1_3_4_4_2,select1_3_4_4_2
1265,HTML_PAGE_SELECT1_3_4_4_3,select1_3_4_4_3
1266,HTML_PAGE_SELECT1_3_4_4_4,select1_3_4_4_4
1267,HTML_PAGE_SELECT1_4,select1_4
1268,HTML_PAGE_SELECT1_4_1,select1_4_1
1269,HTML_PAGE_SELECT1_4_1_1,select1_4_1_1
1270,HTML_PAGE_SELECT1_4_1_1_1,select1_4_1_1_1
1271,HTML_PAGE_SELECT1_4_1_1_2,select1_4_1_1_2
1272,HTML_PAGE_SELECT1_4_1_1_3,select1_4_1_1_3
1273,HTML_PAGE_SELECT1_4_1_1_4,select1_4_1_1_4
1274,HTML_PAGE_SELECT1_4_1_2,select1_4_1_2
1275,HTML_PAGE_SELECT1_4_1_2_1,select1_4_1_2_1
1276,HTML_PAGE_SELECT1_4_1_2_2,select1_4_1_2_2
1277,HTML_PAGE_SELECT1_4_1_2_3,select1_4_1_2_3
1278,HTML_PAGE_SELECT1_4_1_2_4,select1_4_1_2_4
1279,HTML_PAGE_SELECT1_4_1_3,select1_4_1_3
1280,HTML_PAGE_SELECT1_4_1_3_1,select1_4_1_3_1
1281,HTML_PAGE_SELECT1_4_1_3_2,select1_4_1_3_2
1282,HTML_PAGE_SELECT1_4_1_3_3,select1_4_1_3_3
1283,HTML_PAGE_SELECT1_4_1_3_4,select1_4_1_3_4
1284,HTML_PAGE_SELECT1_4_1_4,select1_4_1_4
1285,HTML_PAGE_SELECT1_4_1_4_1,select1_4_1_4_1
1286,HTML_PAGE_SELECT1_4_1_4_2,select1_4_1_4_2
1287,HTML_PAGE_SELECT1_4_1_4_3,select1_4_1_4_3
1288,HTML_PAGE_SELECT1_4_1_4_4,select1_4_1_4_4
1289,HTML_PAGE_SELECT1_4_2,select1_4_2
1290,HTML_PAGE_SELECT1_4_2_1,select1_4_2_1
1291,HTML_PAGE_SELECT1_4_2_1_1,select1_4_2_1_1
1292,HTML_PAGE_SELECT1_4_2_1_2,select1_4_2_1_2
1293,HTML_PAGE_SELECT1_4_2_1_3,select1_4_2_1_3
1294,HTML_PAGE_SELECT1_4_2_1_4,select1_4_2_1_4
1295,HTML_PAGE_SELECT1_4_2_2,select1_4_2_2
1296,HTML_PAGE_SELECT1_4_2_2_1,select1_4_2_2_1
1297,HTML_PAGE_SELECT1_4_2_2_2,select1_4_2_2_2
1298,HTML_PAGE_SELECT1_4_2_2_3,select1_4_2_2_3
1299,HTML_PAGE_SELECT1_4_2_2_4,select1_4_2_2_4
1300,HTML_PAGE_SELECT1_4_2_3,select1_4_2_3
1301,HTML_PAGE_SELECT1_4_2_3_1,select1_4_2_3_1
1302,HTML_PAGE_SELECT1_4_2_3_2,select1_4_2_3_2
1303,HTML_PAGE_SELECT1_4_2_3_3,select1_4_2_3_3
1304,HTML_PAGE_SELECT1_4_2_3_4,select1_4_2_3_4
1305,HTML_PAGE_SELECT1_4_2_4,select1_4_2_4
1306,HTML_PAGE_SELECT1_4_2_4_1,select1_4_2_4_1
1307,HTML_PAGE_SELECT1_4_2_4_2,select1_4_2_4_2
1308,HTML_PAGE_SELECT1_4_2_4_3,select1_4_2_4_3
1309,HTML_PAGE_SELECT1_4_2_4_4,select1_4_2_4_4
1310,HTML_PAGE_SELECT1_4_3,select1_4_3
1311,HTML_PAGE_SELECT1_4_3_1,select1_4_3_1
1312,HTML_PAGE_SELECT1_4_3_1_1,select1_4_3_1_1
1313,HTML_PAGE_SELECT1_4_3_1_2,select1_4_3_1_2
1314,HTML_PAGE_SELECT1_4_3_1_3,select1_4_3_1_3
1315,HTML_PAGE_SELECT1_4_3_1_4,select1_4_3_1_4
1316,HTML_PAGE_SELECT1_4_3_2,select1_4_3_2
1317,HTML_PAGE_SELECT1_4_3_2_1,select1_4_3_2_1
1318,HTML_PAGE_SELECT1_4_3_2_2,select1_4_3_2_2
1319,HTML_PAGE_SELECT1_4_3_2_3,select1_4_3_2_3
1320,HTML_PAGE_SELECT1_4_3_2_4,select1_4_3_2_4
1321,HTML_PAGE_SELECT1_4_3_3,select1_4_3_3
1322,HTML_PAGE_SELECT1_4_3_3_1,select1_4_3_3_1
1323,HTML_PAGE_SELECT1_4_3_3_2,select1_4_3_3_2
1324,HTML_PAGE_SELECT1_4_3_3_3,select1_4_3_3_3
1325,HTML_PAGE_SELECT1_4_3_3_4,select1_4_3_3_4
1326,HTML_PAGE_SELECT1_4_3_4,select1_4_3_4
1327,HTML_PAGE_SELECT1_4_3_4_1,select1_4_3_4_1
1328,HTML_PAGE_SELECT1_4_3_4_2,select1_4_3_4_2
1329,HTML_PAGE_SELECT1_4_3_4_3,select1_4_3_4_3
1330,HTML_PAGE_SELECT1_4_3_4_4,select1_4_3_4_4
1331,HTML_PAGE_SELECT1_4_4,select1_4_4
1332,HTML_PAGE_SELECT1_4_4_1,select1_4_4_1
1333,HTML_PAGE_SELECT1_4_4_1_1,select1_4_4_1_1
1334,HTML_PAGE_SELECT1_4_4_1_2,select1_4_4_1_2
1335,HTML_PAGE_SELECT1_4_4_1_3,select1_4_4_1_3
1336,HTML_PAGE_SELECT1_4_4_1_4,select1_4_4_1_4
1337,HTML_PAGE_SELECT1_4_4_2,select1_4_4_2
1338,HTML_PAGE_SELECT1_4_4_2_1,select1_4_4_2_1
1339,HTML_PAGE_SELECT1_4_4_2_2,select1_4_4_2_2
1340,HTML_PAGE_SELECT1_4_4_2_3,select1_4_4_2_3
1341,HTML_PAGE_SELECT1_4_4_2_4,select1_4_4_2_4
1342,HTML_PAGE_SELECT1_4_4_3,select1_4_4_3
1343,HTML_PAGE_SELECT1_4_4_3_1,select1_4_4_3_1
1344,HTML_PAGE_SELECT1_4_4_3_2,select1_4_4_3_2
1345,HTML_PAGE_SELECT1_4_4_3_3,select1_4_4_3_3
1346,HTML_PAGE_SELECT1_4_4_3_4,select1_4_4_3_4
1347,HTML_PAGE_SELECT1_4_4_4,select1_4_4_4
1348,HTML_PAGE_SELECT1_4_4_4_1,select1_4_4_4_1
1349,HTML_PAGE_SELECT1_4_4_4_2,select1_4_4_4_2
1350,HTML_PAGE_SELECT1_4_4_4_3,select1_4_4_4_3
1351,HTML_PAGE_SELECT1_4_4_4_4,select1_4_4_4_4
1352,HTML_PAGE_SELECT2,select2
1353,HTML_PAGE_SELECT2_1,select2_1
1354,HTML_PAGE_SELECT2_1_1,select2_1_1
1355,HTML_PAGE_SELECT2_1_1_1,select2_1_1_1
1356,HTML_PAGE_SELECT2_1_1_1_1,select2_1_1_1_1
1357,HTML_PAGE_SELECT2_1_1_1_2,select2_1_1_1_2
1358,HTML_PAGE_SELECT2_1_1_1_3,select2_1_1_1_3
1359,HTML_PAGE_SELECT2_1_1_1_4,select2_1_1_1_4
1360,HTML_PAGE_SELECT2_1_1_2,select2_1_1_2
1361,HTML_PAGE_SELECT2_1_1_2_1,select2_1_1_2_1
1362,HTML_PAGE_SELECT2_1_1_2_2,select2_1_1_2_2
1363,HTML_PAGE_SELECT2_1_1_2_3,select2_1_1_2_3
1364,HTML_PAGE_SELECT2_1_1_2_4,select2_1_1_2_4
1365,HTML_PAGE_SELECT2_1_1_3,select2_1_1_3
1366,HTML_PAGE_SELECT2_1_1_3_1,select2_1_1_3_1
1367,HTML_PAGE_SELECT2_1_1_3_2,select2_1_1_3_2
1368,HTML_PAGE_SELECT2_1_1_3_3,select2_1_1_3_3
1369,HTML_PAGE_SELECT2_1_1_3_4,select2_1_1_3_4
1370,HTML_PAGE_SELECT2_1_1_4,select2_1_1_4
1371,HTML_PAGE_SELECT2_1_1_4_1,select2_1_1_4_1
1372,HTML_PAGE_SELECT2_1_1_4_2,select2_1_1_4_2
1373,HTML_PAGE_SELECT2_1_1_4_3,select2_1_1_4_3
1374,HTML_PAGE_SELECT2_1_1_4_4,select2_1_1_4_4
1375,HTML_PAGE_SELECT2_1_2,select2_1_2
1376,HTML_PAGE_SELECT2_1_2_1,select2_1_2_1
1377,HTML_PAGE_SELECT2_1_2_1_1,select2_1_2_1_1
1378,HTML_PAGE_SELECT2_1_2_1_2,select2_1_2_1_2
1379,HTML_PAGE_SELECT2_1_2_1_3,select2_1_2_1_3
1380,HTML_PAGE_SELECT2_1_2_1_4,select2_1_2_1_4
1381,HTML_PAGE_SELECT2_1_2_2,select2_1_2_2
1382,HTML_PAGE_SELECT2_1_2_2_1,select2_1_2_2_1
1383,HTML_PAGE_SELECT2_1_2_2_2,select2_1_2_2_2
1384,HTML_PAGE_SELECT2_1_2_2_3,select2_1_2_2_3
1385,HTML_PAGE_SELECT2_1_2_2_4,select2_1_2_2_4
1386,HTML_PAGE_SELECT2_1_2_3,select2_1_2_3
1387,HTML_PAGE_SELECT2_1_2_3_1,select2_1_2_3_1
1388,HTML_PAGE_SELECT2_1_2_3_2,select2_1_2_3_2
1389,HTML_PAGE_SELECT2_1_2_3_3,select2_1_2_3_3
1390,HTML_PAGE_SELECT2_1_2_3_4,select2_1_2_3_4
1391,HTML_PAGE_SELECT2_1_2_4,select2_1_2_4
1392,HTML_PAGE_SELECT2_1_2_4_1,select2_1_2_4_1
1393,HTML_PAGE_SELECT2_1_2_4_2,select2_1_2_4_2
1394,HTML_PAGE_SELECT2_1_2_4_3,select2_1_2_4_3
1395,HTML_PAGE_SELECT2_1_2_4_4,select2_1_2_4_4
1396,HTML_PAGE_SELECT2_1_3,select2_1_3
1397,HTML_PAGE_SELECT2_1_3_1,select2_1_3_1
1398,HTML_PAGE_SELECT2_1_3_1_1,select2_1_3_1_1
1399,HTML_PAGE_SELECT2_1_3_1_2,select2_1_3_1_2
1400,HTML_PAGE_SELECT2_1_3_1_3,select2_1_3_1_3
1401,HTML_PAGE_SELECT2_1_3_1_4,select2_1_3_1_4
1402,HTML_PAGE_SELECT2_1_3_2,select2_1_3_2
1403,HTML_PAGE_SELECT2_1_3_2_1,select2_1_3_2_1
1404,HTML_PAGE_SELECT2_1_3_2_2,select2_1_3_2_2
1405,HTML_PAGE_SELECT2_1_3_2_3,select2_1_3_2_3
1406,HTML_PAGE_SELECT2_1_3_2_4,select2_1_3_2_4
1407,HTML_PAGE_SELECT2_1_3_3,select2_1_3_3
1408,HTML_PAGE_SELECT2_1_3_3_1,select2_1_3_3_1
1409,HTML_PAGE_SELECT2_1_3_3_2,select2_1_3_3_2
1410,HTML_PAGE_SELECT2_1_3_3_3,select2_1_3_3_3
1411,HTML_PAGE_SELECT2_1_3_3_4,select2_1_3_3_4
1412,HTML_PAGE_SELECT2_1_3_4,select2_1_3_4
1413,HTML_PAGE_SELECT2_1_3_4_1,select2_1_3_4_1
1414,HTML_PAGE_SELECT2_1_3_4_2,select2_1_3_4_2
1415,HTML_PAGE_SELECT2_1_3_4_3,select2_1_3_4_3
1416,HTML_PAGE_SELECT2_1_3_4_4,select2_1_3_4_4
1417,HTML_PAGE_SELECT2_1_4,select2_1_4
1418,HTML_PAGE_SELECT2_1_4_1,select2_1_4_1
1419,HTML_PAGE_SELECT2_1_4_1_1,select2_1_4_1_1
1420,HTML_PAGE_SELECT2_1_4_1_2,select2_1_4_1_2
1421,HTML_PAGE_SELECT2_1_4_1_3,select2_1_4_1_3
1422,HTML_PAGE_SELECT2_1_4_1_4,select2_1_4_1_4
1423,HTML_PAGE_SELECT2_1_4_2,select2_1_4_2
1424,HTML_PAGE_SELECT2_1_4_2_1,select2_1_4_2_1
1425,HTML_PAGE_SELECT2_1_4_2_2,select2_1_4_2_2
1426,HTML_PAGE_SELECT2_1_4_2_3,select2_1_4_2_3
1427,HTML_PAGE_SELECT2_1_4_2_4,select2_1_4_2_4
1428,HTML_PAGE_SELECT2_1_4_3,select2_1_4_3
1429,HTML_PAGE_SELECT2_1_4_3_1,select2_1_4_3_1
1430,HTML_PAGE_SELECT2_1_4_3_2,select2_1_4_3_2
1431,HTML_PAGE_SELECT2_1_4_3_3,select2_1_4_3_3
1432,HTML_PAGE_SELECT2_1_4_3_4,select2_1_4_3_4
1433,HTML_PAGE_SELECT2_1_4_4,select2_1_4_4
1434,HTML_PAGE_SELECT2_1_4_4_1,select2_1_4_4_1
1435,HTML_PAGE_SELECT2_1_4_4_2,select2_1_4_4_2
1436,HTML_PAGE_SELECT2_1_4_4_3,select2_1_4_4_3
1437,HTML_PAGE_SELECT2_1_4_4_4,select2_1_4_4_4
1438,HTML_PAGE_SELECT2_2,select2_2
1439,HTML_PAGE_SELECT2_2_1,select2_2_1
1440,HTML_PAGE_SELECT2_2_1_1,select2_2_1_1
1441,HTML_PAGE_SELECT2_2_1_1_1,select2_2_1_1_1
1442,HTML_PAGE_SELECT2_2_1_1_2,select2_2_1_1_2
1443,HTML_PAGE_SELECT2_2_1_1_3,select2_2_1_1_3
1444,HTML_PAGE_SELECT2_2_1_1_4,select2_2_1_1_4
1445,HTML_PAGE_SELECT2_2_1_2,select2_2_1_2
1446,HTML_PAGE_SELECT2_2_1_2_1,select2_2_1_2_1
1447,HTML_PAGE_SELECT2_2_1_2_2,select2_2_1_2_2
1448,HTML_PAGE_SELECT2_2_1_2_3,select2_2_1_2_3
1449,HTML_PAGE_SELECT2_2_1_2_4,select2_2_1_2_4
1450,HTML_PAGE_SELECT2_2_1_3,select2_2_1_3
1451,HTML_PAGE_SELECT2_2_1_3_1,select2_2_1_3_1
1452,HTML_PAGE_SELECT2_2_1_3_2,select2_2_1_3_2
1453,HTML_PAGE_SELECT2_2_1_3_3,select2_2_1_3_3
1454,HTML_PAGE_SELECT2_2_1_3_4,select2_2_1_3_4
1455,HTML_PAGE_SELECT2_2_1_4,select2_2_1_4
1456,HTML_PAGE_SELECT2_2_1_4_1,select2_2_1_4_1
1457,HTML_PAGE_SELECT2_2_1_4_2,select2_2_1_4_2
1458,HTML_PAGE_SELECT2_2_1_4_3,select2_2_1_4_3
1459,HTML_PAGE_SELECT2_2_1_4_4,select2_2_1_4_4
1460,HTML_PAGE_SELECT2_2_2,select2_2_2
1461,HTML_PAGE_SELECT2_2_2_1,select2_2_2_1
1462,HTML_PAGE_SELECT2_2_2_1_1,select2_2_2_1_1
1463,HTML_PAGE_SELECT2_2_2_1_2,select2_2_2_1_2
1464,HTML_PAGE_SELECT2_2_2_1_3,select2_2_2_1_3
1465,HTML_PAGE_SELECT2_2_2_1_4,select2_2_2_1_4
1466,HTML_PAGE_SELECT2_2_2_2,select2_2_2_2
1467,HTML_PAGE_SELECT2_2_2_2_1,select2_2_2_2_1
1468,HTML_PAGE_SELECT2_2_2_2_2,select2_2_2_2_2
1469,HTML_PAGE_SELECT2_2_2_2_3,select2_2_2_2_3
1470,HTML_PAGE_SELECT2_2_2_2_4,select2_2_2_2_4
1471,HTML_PAGE_SELECT2_2_2_3,select2_2_2_3
1472,HTML_PAGE_SELECT2_2_2_3_1,select2_2_2_3_1
1473,HTML_PAGE_SELECT2_2_2_3_2,select2_2_2_3_2
1474,HTML_PAGE_SELECT2_2_2_3_3,select2_2_2_3_3
1475,HTML_PAGE_SELECT2_2_2_3_4,select2_2_2_3_4
1476,HTML_PAGE_SELECT2_2_2_4,select2_2_2_4
1477,HTML_PAGE_SELECT2_2_2_4_1,select2_2_2_4_1
1478,HTML_PAGE_SELECT2_2_2_4_2,select2_2_2_4_2
1479,HTML_PAGE_SELECT2_2_2_4_3,select2_2_2_4_3
1480,HTML_PAGE_SELECT2_2_2_4_4,select2_2_2_4_4
1481,HTML_PAGE_SELECT2_2_3,select2_2_3
1482,HTML_PAGE_SELECT2_2_3_1,select2_2_3_1
1483,HTML_PAGE_SELECT2_2_3_1_1,select2_2_3_1_1
1484,HTML_PAGE_SELECT2_2_3_1_2,select2_2_3_1_2
1485,HTML_PAGE_SELECT2_2_3_1_3,select2_2_3_1_3
1486,HTML_PAGE_SELECT2_2_3_1_4,select2_2_3_1_4
1487,HTML_PAGE_SELECT2_2_3_2,select2_2_3_2
1488,HTML_PAGE_SELECT2_2_3_2_1,select2_2_3_2_1
1489,HTML_PAGE_SELECT2_2_3_2_2,select2_2_3_2_2
1490,HTML_PAGE_SELECT2_2_3_2_3,select2_2_3_2_3
1491,HTML_PAGE_SELECT2_2_3_2_4,select2_2_3_2_4
1492,HTML_PAGE_SELECT2_2_3_3,select2_2_3_3
1493,HTML_PAGE_SELECT2_2_3_3_1,select2_2_3_3_1
1494,HTML_PAGE_SELECT2_2_3_3_2,select2_2_3_3_2
1495,HTML_PAGE_SELECT2_2_3_3_3,select2_2_3_3_3
1496,HTML_PAGE_SELECT2_2_3_3_4,select2_2_3_3_4
1497,HTML_PAGE_SELECT2_2_3_4,select2_2_3_4
1498,HTML_PAGE_SELECT2_2_3_4_1,select2_2_3_4_1
1499,HTML_PAGE_SELECT2_2_3_4_2,select2_2_3_4_2
1500,HTML_PAGE_SELECT2_2_3_4_3,select2_2_3_4_3
1501,HTML_PAGE_SELECT2_2_3_4_4,select2_2_3_4_4
1502,HTML_PAGE_SELECT2_2_4,select2_2_4
1503,HTML_PAGE_SELECT2_2_4_1,select2_2_4_1
1504,HTML_PAGE_SELECT2_2_4_1_1,select2_2_4_1_1
1505,HTML_PAGE_SELECT2_2_4_1_2,select2_2_4_1_2
1506,HTML_PAGE_SELECT2_2_4_1_3,select2_2_4_1_3
1507,HTML_PAGE_SELECT2_2_4_1_4,select2_2_4_1_4
1508,HTML_PAGE_SELECT2_2_4_2,select2_2_4_2
1509,HTML_PAGE_SELECT2_2_4_2_1,select2_2_4_2_1
1510,HTML_PAGE_SELECT2_2_4_2_2,select2_2_4_2_2
1511,HTML_PAGE_SELECT2_2_4_2_3,select2_2_4_2_3
1512,HTML_PAGE_SELECT2_2_4_2_4,select2_2_4_2_4
1513,HTML_PAGE_SELECT2_2_4_3,select2_2_4_3
1514,HTML_PAGE_SELECT2_2_4_3_1,select2_2_4_3_1
1515,HTML_PAGE_SELECT2_2_4_3_2,select2_2_4_3_2
1516,HTML_PAGE_SELECT2_2_4_3_3,select2_2_4_3_3
1517,HTML_PAGE_SELECT2_2_4_3_4,select2_2_4_3_4
1518,HTML_PAGE_SELECT2_2_4_4,select2_2_4_4
1519,HTML_PAGE_SELECT2_2_4_4_1,select2_2_4_4_1
1520,HTML_PAGE_SELECT2_2_4_4_2,select2_2_4_4_2
1521,HTML_PAGE_SELECT2_2_4_4_3,select2_2_4_4_3
1522,HTML_PAGE_SELECT2_2_4_4_4,select2_2_4_4_4
1523,HTML_PAGE_SELECT2_3,select2_3
1524,HTML_PAGE_SELECT2_3_1,select2_3_1
1525,HTML_PAGE_SELECT2_3_1_1,select2_3_1_1
1526,HTML_PAGE_SELECT2_3_1_1_1,select2_3_1_1_1
1527,HTML_PAGE_SELECT2_3_1_1_2,select2_3_1_1_2
1528,HTML_PAGE_SELECT2_3_1_1_3,select2_3_1_1_3
1529,HTML_PAGE_SELECT2_3_1_1_4,select2_3_1_1_4
1530,HTML_PAGE_SELECT2_3_1_2,select2_3_1_2
1531,HTML_PAGE_SELECT2_3_1_2_1,select2_3_1_2_1
1532,HTML_PAGE_SELECT2_3_1_2_2,select2_3_1_2_2
1533,HTML_PAGE_SELECT2_3_1_2_3,select2_3_1_2_3
1534,HTML_PAGE_SELECT2_3_1_2_4,select2_3_1_2_4
1535,HTML_PAGE_SELECT2_3_1_3,select2_3_1_3
1536,HTML_PAGE_SELECT2_3_1_3_1,select2_3_1_3_1
1537,HTML_PAGE_SELECT2_3_1_3_2,select2_3_1_3_2
1538,HTML_PAGE_SELECT2_3_1_3_3,select2_3_1_3_3
1539,HTML_PAGE_SELECT2_3_1_3_4,select2_3_1_3_4
1540,HTML_PAGE_SELECT2_3_1_4,select2_3_1_4
1541,HTML_PAGE_SELECT2_3_1_4_1,select2_3_1_4_1
1542,HTML_PAGE_SELECT2_3_1_4_2,select2_3_1_4_2
1543,HTML_PAGE_SELECT2_3_1_4_3,select2_3_1_4_3
1544,HTML_PAGE_SELECT2_3_1_4_4,select2_3_1_4_4
1545,HTML_PAGE_SELECT2_3_2,select2_3_2
1546,HTML_PAGE_SELECT2_3_2_1,select2_3_2_1
1547,HTML_PAGE_SELECT2_3_2_1_1,select2_3_2_1_1
1548,HTML_PAGE_SELECT2_3_2_1_2,select2_3_2_1_2
1549,HTML_PAGE_SELECT2_3_2_1_3,select2_3_2_1_3
1550,HTML_PAGE_SELECT2_3_2_1_4,select2_3_2_1_4
1551,HTML_PAGE_SELECT2_3_2_2,select2_3_2_2
1552,HTML_PAGE_SELECT2_3_2_2_1,select2_3_2_2_1
1553,HTML_PAGE_SELECT2_3_2_2_2,select2_3_2_2_2
1554,HTML_PAGE_SELECT2_3_2_2_3,select2_3_2_2_3
1555,HTML_PAGE_SELECT2_3_2_2_4,select2_3_2_2_4
1556,HTML_PAGE_SELECT2_3_2_3,select2_3_2_3
1557,HTML_PAGE_SELECT2_3_2_3_1,select2_3_2_3_1
1558,HTML_PAGE_SELECT2_3_2_3_2,select2_3_2_3_2
1559,HTML_PAGE_SELECT2_3_2_3_3,select2_3_2_3_3
1560,HTML_PAGE_SELECT2_3_2_3_4,select2_3_2_3_4
1561,HTML_PAGE_SELECT2_3_2_4,select2_3_2_4
1562,HTML_PAGE_SELECT2_3_2_4_1,select2_3_2_4_1
1563,HTML_PAGE_SELECT2_3_2_4_2,select2_3_2_4_2
1564,HTML_PAGE_SELECT2_3_2_4_3,select2_3_2_4_3
1565,HTML_PAGE_SELECT2_3_2_4_4,select2_3_2_4_4
1566,HTML_PAGE_SELECT2_3_3,select2_3_3
1567,HTML_PAGE_SELECT2_3_3_1,select2_3_3_1
1568,HTML_PAGE_SELECT2_3_3_1_1,select2_3_3_1_1
1569,HTML_PAGE_SELECT2_3_3_1_2,select2_3_3_1_2
1570,HTML_PAGE_SELECT2_3_3_1_3,select2_3_3_1_3
1571,HTML_PAGE_SELECT2_3_3_1_4,select2_3_3_1_4
1572,HTML_PAGE_SELECT2_3_3_2,select2_3_3_2
1573,HTML_PAGE_SELECT2_3_3_2_1,select2_3_3_2_1
1574,HTML_PAGE_SELECT2_3_3_2_2,select2_3_3_2_2
1575,HTML_PAGE_SELECT2_3_3_2_3,select2_3_3_2_3
1576,HTML_PAGE_SELECT2_3_3_2_4,select2_3_3_2_4
1577,HTML_PAGE_SELECT2_3_3_3,select2_3_3_3
1578,HTML_PAGE_SELECT2_3_3_3_1,select2_3_3_3_1
1579,HTML_PAGE_SELECT2_3_3_3_2,select2_3_3_3_2
1580,HTML_PAGE_SELECT2_3_3_3_3,select2_3_3_3_3
1581,HTML_PAGE_SELECT2_3_3_3_4,select2_3_3_3_4
1582,HTML_PAGE_SELECT2_3_3_4,select2_3_3_4
1583,HTML_PAGE_SELECT2_3_3_4_1,select2_3_3_4_1
1584,HTML_PAGE_SELECT2_3_3_4_2,select2_3_3_4_2
1585,HTML_PAGE_SELECT2_3_3_4_3,select2_3_3_4_3
1586,HTML_PAGE_SELECT2_3_3_4_4,select2_3_3_4_4
1587,HTML_PAGE_SELECT2_3_4,select2_3_4
1588,HTML_PAGE_SELECT2_3_4_1,select2_3_4_1
1589,HTML_PAGE_SELECT2_3_4_1_1,select2_3_4_1_1
1590,HTML_PAGE_SELECT2_3_4_1_2,select2_3_4_1_2
1591,HTML_PAGE_SELECT2_3_4_1_3,select2_3_4_1_3
1592,HTML_PAGE_SELECT2_3_4_1_4,select2_3_4_1_4
1593,HTML_PAGE_SELECT2_3_4_2,select2_3_4_2
1594,HTML_PAGE_SELECT2_3_4_2_1,select2_3_4_2_1
1595,HTML_PAGE_SELECT2_3_4_2_2,select2_3_4_2_2
1596,HTML_PAGE_SELECT2_3_4_2_3,select2_3_4_2_3
1597,HTML_PAGE_SELECT2_3_4_2_4,select2_3_4_2_4
1598,HTML_PAGE_SELECT2_3_4_3,select2_3_4_3
1599,HTML_PAGE_SELECT2_3_4_3_1,select2_3_4_3_1
1600,HTML_PAGE_SELECT2_3_4_3_2,select2_3_4_3_2
1601,HTML_PAGE_SELECT2_3_4_3_3,select2_3_4_3_3
1602,HTML_PAGE_SELECT2_3_4_3_4,select2_3_4_3_4
1603,HTML_PAGE_SELECT2_3_4_4,select2_3_4_4
1604,HTML_PAGE_SELECT2_3_4_4_1,select2_3_4_4_1
1605,HTML_PAGE_SELECT2_3_4_4_2,select2_3_4_4_2
1606,HTML_PAGE_SELECT2_3_4_4_3,select2_3_4_4_3
1607,HTML_PAGE_SELECT2_3_4_4_4,select2_3_4_4_4
1608,HTML_PAGE_SELECT2_4,select2_4
1609,HTML_PAGE_SELECT2_4_1,select2_4_1
1610,HTML_PAGE_SELECT2_4_1_1,select2_4_1_1
1611,HTML_PAGE_SELECT2_4_1_1_1,select2_4_1_1_1
1612,HTML_PAGE_SELECT2_4_1_1_2,select2_4_1_1_2
1613,HTML_PAGE_SELECT2_4_1_1_3,select2_4_1_1_3
1614,HTML_PAGE_SELECT2_4_1_1_4,select2_4_1_1_4
1615,HTML_PAGE_SELECT2_4_1_2,select2_4_1_2
1616,HTML_PAGE_SELECT2_4_1_2_1,select2_4_1_2_1
1617,HTML_PAGE_SELECT2_4_1_2_2,select2_4_1_2_2
1618,HTML_PAGE_SELECT2_4_1_2_3,select2_4_1_2_3
1619,HTML_PAGE_SELECT2_4_1_2_4,select2_4_1_2_4
1620,HTML_PAGE_SELECT2_4_1_3,select2_4_1_3
1621,HTML_PAGE_SELECT2_4_1_3_1,select2_4_1_3_1
1622,HTML_PAGE_SELECT2_4_1_3_2,select2_4_1_3_2
1623,HTML_PAGE_SELECT2_4_1_3_3,select2_4_1_3_3
1624,HTML_PAGE_SELECT2_4_1_3_4,select2_4_1_3_4
1625,HTML_PAGE_SELECT2_4_1_4,select2_4_1_4
1626,HTML_PAGE_SELECT2_4_1_4_1,select2_4_1_4_1
1627,HTML_PAGE_SELECT2_4_1_4_2,select2_4_1_4_2
1628,HTML_PAGE_SELECT2_4_1_4_3,select2_4_1_4_3
1629,HTML_PAGE_SELECT2_4_1_4_4,select2_4_1_4_4
1630,HTML_PAGE_SELECT2_4_2,select2_4_2
1631,HTML_PAGE_SELECT2_4_2_1,select2_4_2_1
1632,HTML_PAGE_SELECT2_4_2_1_1,select2_4_2_1_1
1633,HTML_PAGE_SELECT2_4_2_1_2,select2_4_2_1_2
1634,HTML_PAGE_SELECT2_4_2_1_3,select2_4_2_1_3
1635,HTML_PAGE_SELECT2_4_2_1_4,select2_4_2_1_4
1636,HTML_PAGE_SELECT2_4_2_2,select2_4_2_2
1637,HTML_PAGE_SELECT2_4_2_2_1,select2_4_2_2_1
1638,HTML_PAGE_SELECT2_4_2_2_2,select2_4_2_2_2
1639,HTML_PAGE_SELECT2_4_2_2_3,select2_4_2_2_3
1640,HTML_PAGE_SELECT2_4_2_2_4,select2_4_2_2_4
1641,HTML_PAGE_SELECT2_4_2_3,select2_4_2_3
1642,HTML_PAGE_SELECT2_4_2_3_1,select2_4_2_3_1
1643,HTML_PAGE_SELECT2_4_2_3_2,select2_4_2_3_2
1644,HTML_PAGE_SELECT2_4_2_3_3,select2_4_2_3_3
1645,HTML_PAGE_SELECT2_4_2_3_4,select2_4_2_3_4
1646,HTML_PAGE_SELECT2_4_2_4,select2_4_2_4
1647,HTML_PAGE_SELECT2_4_2_4_1,select2_4_2_4_1
1648,HTML_PAGE_SELECT2_4_2_4_2,select2_4_2_4_2
1649,HTML_PAGE_SELECT2_4_2_4_3,select2_4_2_4_3
1650,HTML_PAGE_SELECT2_4_2_4_4,select2_4_2_4_4
1651,HTML_PAGE_SELECT2_4_3,select2_4_3
1652,HTML_PAGE_SELECT2_4_3_1,select2_4_3_1
1653,HTML_PAGE_SELECT2_4_3_1_1,select2_4_3_1_1
1654,HTML_PAGE_SELECT2_4_3_1_2,select2_4_3_1_2
1655,HTML_PAGE_SELECT2_4_3_1_3,select2_4_3_1_3
1656,HTML_PAGE_SELECT2_4_3_1_4,select2_4_3_1_4
1657,HTML_PAGE_SELECT2_4_3_2,select2_4_3_2
1658,HTML_PAGE_SELECT2_4_3_2_1,select2_4_3_2_1
1659,HTML_PAGE_SELECT2_4_3_2_2,select2_4_3_2_2
1660,HTML_PAGE_SELECT2_4_3_2_3,select2_4_3_2_3
1661,HTML_PAGE_SELECT2_4_3_2_4,select2_4_3_2_4
1662,HTML_PAGE_SELECT2_4_3_3,select2_4_3_3
1663,HTML_PAGE_SELECT2_4_3_3_1,select2_4_3_3_1
1664,HTML_PAGE_SELECT2_4_3_3_2,select2_4_3_3_2
1665,HTML_PAGE_SELECT2_4_3_3_3,select2_4_3_3_3
1666,HTML_PAGE_SELECT2_4_3_3_4,select2_4_3_3_4
1667,HTML_PAGE_SELECT2_4_3_4,select2_4_3_4
1668,HTML_PAGE_SELECT2_4_3_4_1,select2_4_3_4_1
1669,HTML_PAGE_SELECT2_4_3_4_2,select2_4_3_4_2
1670,HTML_PAGE_SELECT2_4_3_4_3,select2_4_3_4_3
1671,HTML_PAGE_SELECT2_4_3_4_4,select2_4_3_4_4
1672,HTML_PAGE_SELECT2_4_4,select2_4_4
1673,HTML_PAGE_SELECT2_4_4_1,select2_4_4_1
1674,HTML_PAGE_SELECT2_4_4_1_1,select2_4_4_1_1
1675,HTML_PAGE_SELECT2_4_4_1_2,select2_4_4_1_2
1676,HTML_PAGE_SELECT2_4_4_1_3,select2_4_4_1_3
1677,HTML_PAGE_SELECT2_4_4_1_4,select2_4_4_1_4
1678,HTML_PAGE_SELECT2_4_4_2,select2_4_4_2
1679,HTML_PAGE_SELECT2_4_4_2_1,select2_4_4_2_1
1680,HTML_PAGE_SELECT2_4_4_2_2,select2_4_4_2_2
1681,HTML_PAGE_SELECT2_4_4_2_3,select2_4_4_2_3
1682,HTML_PAGE_SELECT2_4_4_2_4,select2_4_4_2_4
1683,HTML_PAGE_SELECT2_4_4_3,select2_4_4_3
1684,HTML_PAGE_SELECT2_4_4_3_1,select2_4_4_3_1
1685,HTML_PAGE_SELECT2_4_4_3_2,select2_4_4_3_2
1686,HTML_PAGE_SELECT2_4_4_3_3,select2_4_4_3_3
1687,HTML_PAGE_SELECT2_4_4_3_4,select2_4_4_3_4
1688,HTML_PAGE_SELECT2_4_4_4,select2_4_4_4
1689,HTML_PAGE_SELECT2_4_4_4_1,select2_4_4_4_1
1690,HTML_PAGE_SELECT2_4_4_4_2,select2_4_4_4_2
1691,HTML_PAGE_SELECT2_4_4_4_3,select2_4_4_4_3
1692,HTML_PAGE_SELECT2_4_4_4_4,select2_4_4_4_4
1693,HTML_PAGE_SELECT3,select3
1694,HTML_PAGE_SELECT3_1,select3_1
1695,HTML_PAGE_SELECT3_1_1,select3_1_1
1696,HTML_PAGE_SELECT3_1_1_1,select3_1_1_1
1697,HTML_PAGE_SELECT3_1_1_1_1,select3_1_1_1_1
1698,HTML_PAGE_SELECT3_1_1_1_2,select3_1_1_1_2
1699,HTML_PAGE_SELECT3_1_1_1_3,select3_1_1_1_3
1700,HTML_PAGE_SELECT3_1_1_1_4,select3_1_1_1_4
1701,HTML_PAGE_SELECT3_1_1_2,select3_1_1_2
1702,HTML_PAGE_SELECT3_1_1_2_1,select3_1_1_2_1
1703,HTML_PAGE_SELECT3_1_1_2_2,select3_1_1_2_2
1704,HTML_PAGE_SELECT3_1_1_2_3,select3_1_1_2_3
1705,HTML_PAGE_SELECT3_1_1_2_4,select3_1_1_2_4
1706,HTML_PAGE_SELECT3_1_1_3,select3_1_1_3
1707,HTML_PAGE_SELECT3_1_1_3_1,select3_1_1_3_1
1708,HTML_PAGE_SELECT3_1_1_3_2,select3_1_1_3_2
1709,HTML_PAGE_SELECT3_1_1_3_3,select3_1_1_3_3
1710,HTML_PAGE_SELECT3_1_1_3_4,select3_1_1_3_4
1711,HTML_PAGE_SELECT3_1_1_4,select3_1_1_4
1712,HTML_PAGE_SELECT3_1_1_4_1,select3_1_1_4_1
1713,HTML_PAGE_SELECT3_1_1_4_2,select3_1_1_4_2
1714,HTML_PAGE_SELECT3_1_1_4_3,select3_1_1_4_3
1715,HTML_PAGE_SELECT3_1_1_4_4,select3_1_1_4_4
1716,HTML_PAGE_SELECT3_1_2,select3_1_2
1717,HTML_PAGE_SELECT3_1_2_1,select3_1_2_1
1718,HTML_PAGE_SELECT3_1_2_1_1,select3_1_2_1_1
1719,HTML_PAGE_SELECT3_1_2_1_2,select3_1_2_1_2
1720,HTML_PAGE_SELECT3_1_2_1_3,select3_1_2_1_3
1721,HTML_PAGE_SELECT3_1_2_1_4,select3_1_2_1_4
1722,HTML_PAGE_SELECT3_1_2_2,select3_1_2_2
1723,HTML_PAGE_SELECT3_1_2_2_1,select3_1_2_2_1
1724,HTML_PAGE_SELECT3_1_2_2_2,select3_1_2_2_2
1725,HTML_PAGE_SELECT3_1_2_2_3,select3_1_2_2_3
1726,HTML_PAGE_SELECT3_1_2_2_4,select3_1_2_2_4
1727,HTML_PAGE_SELECT3_1_2_3,select3_1_2_3
1728,HTML_PAGE_SELECT3_1_2_3_1,select3_1_2_3_1
1729,HTML_PAGE_SELECT3_1_2_3_2,select3_1_2_3_2
1730,HTML_PAGE_SELECT3_1_2_3_3,select3_1_2_3_3
1731,HTML_PAGE_SELECT3_1_2_3_4,select3_1_2_3_4
1732,HTML_PAGE_SELECT3_1_2_4,select3_1_2_4
1733,HTML_PAGE_SELECT3_1_2_4_1,select3_1_2_4_1
1734,HTML_PAGE_SELECT3_1_2_4_2,select3_1_2_4_2
1735,HTML_PAGE_SELECT3_1_2_4_3,select3_1_2_4_3
1736,HTML_PAGE_SELECT3_1_2_4_4,select3_1_2_4_4
1737,HTML_PAGE_SELECT3_1_3,select3_1_3
1738,HTML_PAGE_SELECT3_1_3_1,select3_1_3_1
1739,HTML_PAGE_SELECT3_1_3_1_1,select3_1_3_1_1
1740,HTML_PAGE_SELECT3_1_3_1_2,select3_1_3_1_2
1741,HTML_PAGE_SELECT3_1_3_1_3,select3_1_3_1_3
1742,HTML_PAGE_SELECT3_1_3_1_4,select3_1_3_1_4
1743,HTML_PAGE_SELECT3_1_3_2,select3_1_3_2
1744,HTML_PAGE_SELECT3_1_3_2_1,select3_1_3_2_1
1745,HTML_PAGE_SELECT3_1_3_2_2,select3_1_3_2_2
1746,HTML_PAGE_SELECT3_1_3_2_3,select3_1_3_2_3
1747,HTML_PAGE_SELECT3_1_3_2_4,select3_1_3_2_4
1748,HTML_PAGE_SELECT3_1_3_3,select3_1_3_3
1749,HTML_PAGE_SELECT3_1_3_3_1,select3_1_3_3_1
1750,HTML_PAGE_SELECT3_1_3_3_2,select3_1_3_3_2
1751,HTML_PAGE_SELECT3_1_3_3_3,select3_1_3_3_3
1752,HTML_PAGE_SELECT3_1_3_3_4,select3_1_3_3_4
1753,HTML_PAGE_SELECT3_1_3_4,select3_1_3_4
1754,HTML_PAGE_SELECT3_1_3_4_1,select3_1_3_4_1
1755,HTML_PAGE_SELECT3_1_3_4_2,select3_1_3_4_2
1756,HTML_PAGE_SELECT3_1_3_4_3,select3_1_3_4_3
1757,HTML_PAGE_SELECT3_1_3_4_4,select3_1_3_4_4
1758,HTML_PAGE_SELECT3_1_4,select3_1_4
1759,HTML_PAGE_SELECT3_1_4_1,select3_1_4_1
1760,HTML_PAGE_SELECT3_1_4_1_1,select3_1_4_1_1
1761,HTML_PAGE_SELECT3_1_4_1_2,select3_1_4_1_2
1762,HTML_PAGE_SELECT3_1_4_1_3,select3_1_4_1_3
1763,HTML_PAGE_SELECT3_1_4_1_4,select3_1_4_1_4
1764,HTML_PAGE_SELECT3_1_4_2,select3_1_4_2
1765,HTML_PAGE_SELECT3_1_4_2_1,select3_1_4_2_1
1766,HTML_PAGE_SELECT3_1_4_2_2,select3_1_4_2_2
1767,HTML_PAGE_SELECT3_1_4_2_3,select3_1_4_2_3
1768,HTML_PAGE_SELECT3_1_4_2_4,select3_1_4_2_4
1769,HTML_PAGE_SELECT3_1_4_3,select3_1_4_3
1770,HTML_PAGE_SELECT3_1_4_3_1,select3_1_4_3_1
1771,HTML_PAGE_SELECT3_1_4_3_2,select3_1_4_3_2
1772,HTML_PAGE_SELECT3_1_4_3_3,select3_1_4_3_3
1773,HTML_PAGE_SELECT3_1_4_3_4,select3_1_4_3_4
1774,HTML_PAGE_SELECT3_1_4_4,select3_1_4_4
1775,HTML_PAGE_SELECT3_1_4_4_1,select3_1_4_4_1
1776,HTML_PAGE_SELECT3_1_4_4_2,select3_1_4_4_2
1777,HTML_PAGE_SELECT3_1_4_4_3,select3_1_4_4_3
1778,HTML_PAGE_SELECT3_1_4_4_4,select3_1_4_4_4
1779,HTML_PAGE_SELECT3_2,select3_2
1780,HTML_PAGE_SELECT3_2_1,select3_2_1
1781,HTML_PAGE_SELECT3_2_1_1,select3_2_1_1
1782,HTML_PAGE_SELECT3_2_1_1_1,select3_2_1_1_1
1783,HTML_PAGE_SELECT3_2_1_1_2,select3_2_1_1_2
1784,HTML_PAGE_SELECT3_2_1_1_3,select3_2_1_1_3
1785,HTML_PAGE_SELECT3_2_1_1_4,select3_2_1_1_4
1786,HTML_PAGE_SELECT3_2_1_2,select3_2_1_2
1787,HTML_PAGE_SELECT3_2_1_2_1,select3_2_1_2_1
1788,HTML_PAGE_SELECT3_2_1_2_2,select3_2_1_2_2
1789,HTML_PAGE_SELECT3_2_1_2_3,select3_2_1_2_3
1790,HTML_PAGE_SELECT3_2_1_2_4,select3_2_1_2_4
1791,HTML_PAGE_SELECT3_2_1_3,select3_2_1_3
1792,HTML_PAGE_SELECT3_2_1_3_1,select3_2_1_3_1
1793,HTML_PAGE_SELECT3_2_1_3_2,select3_2_1_3_2
1794,HTML_PAGE_SELECT3_2_1_3_3,select3_2_1_3_3
1795,HTML_PAGE_SELECT3_2_1_3_4,select3_2_1_3_4
1796,HTML_PAGE_SELECT3_2_1_4,select3_2_1_4
1797,HTML_PAGE_SELECT3_2_1_4_1,select3_2_1_4_1
1798,HTML_PAGE_SELECT3_2_1_4_2,select3_2_1_4_2
1799,HTML_PAGE_SELECT3_2_1_4_3,select3_2_1_4_3
1800,HTML_PAGE_SELECT3_2_1_4_4,select3_2_1_4_4
1801,HTML_PAGE_SELECT3_2_2,select3_2_2
1802,HTML_PAGE_SELECT3_2_2_1,select3_2_2_1
1803,HTML_PAGE_SELECT3_2_2_1_1,select3_2_2_1_1
1804,HTML_PAGE_SELECT3_2_2_1_2,select3_2_2_1_2
1805,HTML_PAGE_SELECT3_2_2_1_3,select3_2_2_1_3
1806,HTML_PAGE_SELECT3_2_2_1_4,select3_2_2_1_4
1807,HTML_PAGE_SELECT3_2_2_2,select3_2_2_2
1808,HTML_PAGE_SELECT3_2_2_2_1,select3_2_2_2_1
1809,HTML_PAGE_SELECT3_2_2_2_2,select3_2_2_2_2
1810,HTML_PAGE_SELECT3_2_2_2_3,select3_2_2_2_3
1811,HTML_PAGE_SELECT3_2_2_2_4,select3_2_2_2_4
1812,HTML_PAGE_SELECT3_2_2_3,select3_2_2_3
1813,HTML_PAGE_SELECT3_2_2_3_1,select3_2_2_3_1
1814,HTML_PAGE_SELECT3_2_2_3_2,select3_2_2_3_2
1815,HTML_PAGE_SELECT3_2_2_3_3,select3_2_2_3_3
1816,HTML_PAGE_SELECT3_2_2_3_4,select3_2_2_3_4
1817,HTML_PAGE_SELECT3_2_2_4,select3_2_2_4
1818,HTML_PAGE_SELECT3_2_2_4_1,select3_2_2_4_1
1819,HTML_PAGE_SELECT3_2_2_4_2,select3_2_2_4_2
1820,HTML_PAGE_SELECT3_2_2_4_3,select3_2_2_4_3
1821,HTML_PAGE_SELECT3_2_2_4_4,select3_2_2_4_4
1822,HTML_PAGE_SELECT3_2_3,select3_2_3
1823,HTML_PAGE_SELECT3_2_3_1,select3_2_3_1
1824,HTML_PAGE_SELECT3_2_3_1_1,select3_2_3_1_1
1825,HTML_PAGE_SELECT3_2_3_1_2,select3_2_3_1_2
1826,HTML_PAGE_SELECT3_2_3_1_3,select3_2_3_1_3
1827,HTML_PAGE_SELECT3_2_3_1_4,select3_2_3_1_4
1828,HTML_PAGE_SELECT3_2_3_2,select3_2_3_2
1829,HTML_PAGE_SELECT3_2_3_2_1,select3_2_3_2_1
1830,HTML_PAGE_SELECT3_2_3_2_2,select3_2_3_2_2
1831,HTML_PAGE_SELECT3_2_3_2_3,select3_2_3_2_3
1832,HTML_PAGE_SELECT3_2_3_2_4,select3_2_3_2_4
1833,HTML_PAGE_SELECT3_2_3_3,select3_2_3_3
1834,HTML_PAGE_SELECT3_2_3_3_1,select3_2_3_3_1
1835,HTML_PAGE_SELECT3_2_3_3_2,select3_2_3_3_2
1836,HTML_PAGE_SELECT3_2_3_3_3,select3_2_3_3_3
1837,HTML_PAGE_SELECT3_2_3_3_4,select3_2_3_3_4
1838,HTML_PAGE_SELECT3_2_3_4,select3_2_3_4
1839,HTML_PAGE_SELECT3_2_3_4_1,select3_2_3_4_1
1840,HTML_PAGE_SELECT3_2_3_4_2,select3_2_3_4_2
1841,HTML_PAGE_SELECT3_2_3_4_3,select3_2_3_4_3
1842,HTML_PAGE_SELECT3_2_3_4_4,select3_2_3_4_4
1843,HTML_PAGE_SELECT3_2_4,select3_2_4
1844,HTML_PAGE_SELECT3_2_4_1,select3_2_4_1
1845,HTML_PAGE_SELECT3_2_4_1_1,select3_2_4_1_1
1846,HTML_PAGE_SELECT3_2_4_1_2,select3_2_4_1_2
1847,HTML_PAGE_SELECT3_2_4_1_3,select3_2_4_1_3
1848,HTML_PAGE_SELECT3_2_4_1_4,select3_2_4_1_4
1849,HTML_PAGE_SELECT3_2_4_2,select3_2_4_2
1850,HTML_PAGE_SELECT3_2_4_2_1,select3_2_4_2_1
1851,HTML_PAGE_SELECT3_2_4_2_2,select3_2_4_2_2
1852,HTML_PAGE_SELECT3_2_4_2_3,select3_2_4_2_3
1853,HTML_PAGE_SELECT3_2_4_2_4,select3_2_4_2_4
1854,HTML_PAGE_SELECT3_2_4_3,select3_2_4_3
1855,HTML_PAGE_SELECT3_2_4_3_1,select3_2_4_3_1
1856,HTML_PAGE_SELECT3_2_4_3_2,select3_2_4_3_2
1857,HTML_PAGE_SELECT3_2_4_3_3,select3_2_4_3_3
1858,HTML_PAGE_SELECT3_2_4_3_4,select3_2_4_3_4
1859,HTML_PAGE_SELECT3_2_4_4,select3_2_4_4
1860,HTML_PAGE_SELECT3_2_4_4_1,select3_2_4_4_1
1861,HTML_PAGE_SELECT3_2_4_4_2,select3_2_4_4_2
1862,HTML_PAGE_SELECT3_2_4_4_3,select3_2_4_4_3
1863,HTML_PAGE_SELECT3_2_4_4_4,select3_2_4_4_4
1864,HTML_PAGE_SELECT3_3,select3_3
1865,HTML_PAGE_SELECT3_3_1,select3_3_1
1866,HTML_PAGE_SELECT3_3_1_1,select3_3_1_1
1867,HTML_PAGE_SELECT3_3_1_1_1,select3_3_1_1_1
1868,HTML_PAGE_SELECT3_3_1_1_2,select3_3_1_1_2
1869,HTML_PAGE_SELECT3_3_1_1_3,select3_3_1_1_3
1870,HTML_PAGE_SELECT3_3_1_1_4,select3_3_1_1_4
1871,HTML_PAGE_SELECT3_3_1_2,select3_3_1_2
1872,HTML_PAGE_SELECT3_3_1_2_1,select3_3_1_2_1
1873,HTML_PAGE_SELECT3_3_1_2_2,select3_3_1_2_2
1874,HTML_PAGE_SELECT3_3_1_2_3,select3_3_1_2_3
1875,HTML_PAGE_SELECT3_3_1_2_4,select3_3_1_2_4
1876,HTML_PAGE_SELECT3_3_1_3,select3_3_1_3
1877,HTML_PAGE_SELECT3_3_1_3_1,select3_3_1_3_1
1878,HTML_PAGE_SELECT3_3_1_3_2,select3_3_1_3_2
1879,HTML_PAGE_SELECT3_3_1_3_3,select3_3_1_3_3
1880,HTML_PAGE_SELECT3_3_1_3_4,select3_3_1_3_4
1881,HTML_PAGE_SELECT3_3_1_4,select3_3_1_4
1882,HTML_PAGE_SELECT3_3_1_4_1,select3_3_1_4_1
1883,HTML_PAGE_SELECT3_3_1_4_2,select3_3_1_4_2
1884,HTML_PAGE_SELECT3_3_1_4_3,select3_3_1_4_3
1885,HTML_PAGE_SELECT3_3_1_4_4,select3_3_1_4_4
1886,HTML_PAGE_SELECT3_3_2,select3_3_2
1887,HTML_PAGE_SELECT3_3_2_1,select3_3_2_1
1888,HTML_PAGE_SELECT3_3_2_1_1,select3_3_2_1_1
1889,HTML_PAGE_SELECT3_3_2_1_2,select3_3_2_1_2
1890,HTML_PAGE_SELECT3_3_2_1_3,select3_3_2_1_3
1891,HTML_PAGE_SELECT3_3_2_1_4,select3_3_2_1_4
1892,HTML_PAGE_SELECT3_3_2_2,select3_3_2_2
1893,HTML_PAGE_SELECT3_3_2_2_1,select3_3_2_2_1
1894,HTML_PAGE_SELECT3_3_2_2_2,select3_3_2_2_2
1895,HTML_PAGE_SELECT3_3_2_2_3,select3_3_2_2_3
1896,HTML_PAGE_SELECT3_3_2_2_4,select3_3_2_2_4
1897,HTML_PAGE_SELECT3_3_2_3,select3_3_2_3
1898,HTML_PAGE_SELECT3_3_2_3_1,select3_3_2_3_1
1899,HTML_PAGE_SELECT3_3_2_3_2,select3_3_2_3_2
1900,HTML_PAGE_SELECT3_3_2_3_3,select3_3_2_3_3
1901,HTML_PAGE_SELECT3_3_2_3_4,select3_3_2_3_4
1902,HTML_PAGE_SELECT3_3_2_4,select3_3_2_4
1903,HTML_PAGE_SELECT3_3_2_4_1,select3_3_2_4_1
1904,HTML_PAGE_SELECT3_3_2_4_2,select3_3_2_4_2
1905,HTML_PAGE_SELECT3_3_2_4_3,select3_3_2_4_3
1906,HTML_PAGE_SELECT3_3_2_4_4,select3_3_2_4_4
1907,HTML_PAGE_SELECT3_3_3,select3_3_3
1908,HTML_PAGE_SELECT3_3_3_1,select3_3_3_1
1909,HTML_PAGE_SELECT3_3_3_1_1,select3_3_3_1_1
1910,HTML_PAGE_SELECT3_3_3_1_2,select3_3_3_1_2
1911,HTML_PAGE_SELECT3_3_3_1_3,select3_3_3_1_3
1912,HTML_PAGE_SELECT3_3_3_1_4,select3_3_3_1_4
1913,HTML_PAGE_SELECT3_3_3_2,select3_3_3_2
1914,HTML_PAGE_SELECT3_3_3_2_1,select3_3_3_2_1
1915,HTML_PAGE_SELECT3_3_3_2_2,select3_3_3_2_2
1916,HTML_PAGE_SELECT3_3_3_2_3,select3_3_3_2_3
1917,HTML_PAGE_SELECT3_3_3_2_4,select3_3_3_2_4
1918,HTML_PAGE_SELECT3_3_3_3,select3_3_3_3
1919,HTML_PAGE_SELECT3_3_3_3_1,select3_3_3_3_1
1920,HTML_PAGE_SELECT3_3_3_3_2,select3_3_3_3_2
1921,HTML_PAGE_SELECT3_3_3_3_3,select3_3_3_3_3
1922,HTML_PAGE_SELECT3_3_3_3_4,select3_3_3_3_4
1923,HTML_PAGE_SELECT3_3_3_4,select3_3_3_4
1924,HTML_PAGE_SELECT3_3_3_4_1,select3_3_3_4_1
1925,HTML_PAGE_SELECT3_3_3_4_2,select3_3_3_4_2
1926,HTML_PAGE_SELECT3_3_3_4_3,select3_3_3_4_3
1927,HTML_PAGE_SELECT3_3_3_4_4,select3_3_3_4_4
1928,HTML_PAGE_SELECT3_3_4,select3_3_4
1929,HTML_PAGE_SELECT3_3_4_1,select3_3_4_1
1930,HTML_PAGE_SELECT3_3_4_1_1,select3_3_4_1_1
1931,HTML_PAGE_SELECT3_3_4_1_2,select3_3_4_1_2
1932,HTML_PAGE_SELECT3_3_4_1_3,select3_3_4_1_3
1933,HTML_PAGE_SELECT3_3_4_1_4,select3_3_4_1_4
1934,HTML_PAGE_SELECT3_3_4_2,select3_3_4_2
1935,HTML_PAGE_SELECT3_3_4_2_1,select3_3_4_2_1
1936,HTML_PAGE_SELECT3_3_4_2_2,select3_3_4_2_2
1937,HTML_PAGE_SELECT3_3_4_2_3,select3_3_4_2_3
1938,HTML_PAGE_SELECT3_3_4_2_4,select3_3_4_2_4
1939,HTML_PAGE_SELECT3_3_4_3,select3_3_4_3
1940,HTML_PAGE_SELECT3_3_4_3_1,select3_3_4_3_1
1941,HTML_PAGE_SELECT3_3_4_3_2,select3_3_4_3_2
1942,HTML_PAGE_SELECT3_3_4_3_3,select3_3_4_3_3
1943,HTML_PAGE_SELECT3_3_4_3_4,select3_3_4_3_4
1944,HTML_PAGE_SELECT3_3_4_4,select3_3_4_4
1945,HTML_PAGE_SELECT3_3_4_4_1,select3_3_4_4_1
1946,HTML_PAGE_SELECT3_3_4_4_2,select3_3_4_4_2
1947,HTML_PAGE_SELECT3_3_4_4_3,select3_3_4_4_3
1948,HTML_PAGE_SELECT3_3_4_4_4,select3_3_4_4_4
1949,HTML_PAGE_SELECT3_4,select3_4
1950,HTML_PAGE_SELECT3_4_1,select3_4_1
1951,HTML_PAGE_SELECT3_4_1_1,select3_4_1_1
1952,HTML_PAGE_SELECT3_4_1_1_1,select3_4_1_1_1
1953,HTML_PAGE_SELECT3_4_1_1_2,select3_4_1_1_2
1954,HTML_PAGE_SELECT3_4_1_1_3,select3_4_1_1_3
1955,HTML_PAGE_SELECT3_4_1_1_4,select3_4_1_1_4
1956,HTML_PAGE_SELECT3_4_1_2,select3_4_1_2
1957,HTML_PAGE_SELECT3_4_1_2_1,select3_4_1_2_1
1958,HTML_PAGE_SELECT3_4_1_2_2,select3_4_1_2_2
1959,HTML_PAGE_SELECT3_4_1_2_3,select3_4_1_2_3
1960,HTML_PAGE_SELECT3_4_1_2_4,select3_4_1_2_4
1961,HTML_PAGE_SELECT3_4_1_3,select3_4_1_3
1962,HTML_PAGE_SELECT3_4_1_3_1,select3_4_1_3_1
1963,HTML_PAGE_SELECT3_4_1_3_2,select3_4_1_3_2
1964,HTML_PAGE_SELECT3_4_1_3_3,select3_4_1_3_3
1965,HTML_PAGE_SELECT3_4_1_3_4,select3_4_1_3_4
1966,HTML_PAGE_SELECT3_4_1_4,select3_4_1_4
1967,HTML_PAGE_SELECT3_4_1_4_1,select3_4_1_4_1
1968,HTML_PAGE_SELECT3_4_1_4_2,select3_4_1_4_2
1969,HTML_PAGE_SELECT3_4_1_4_3,select3_4_1_4_3
1970,HTML_PAGE_SELECT3_4_1_4_4,select3_4_1_4_4
1971,HTML_PAGE_SELECT3_4_2,select3_4_2
1972,HTML_PAGE_SELECT3_4_2_1,select3_4_2_1
1973,HTML_PAGE_SELECT3_4_2_1_1,select3_4_2_1_1
1974,HTML_PAGE_SELECT3_4_2_1_2,select3_4_2_1_2
1975,HTML_PAGE_SELECT3_4_2_1_3,select3_4_2_1_3
1976,HTML_PAGE_SELECT3_4_2_1_4,select3_4_2_1_4
1977,HTML_PAGE_SELECT3_4_2_2,select3_4_2_2
1978,HTML_PAGE_SELECT3_4_2_2_1,select3_4_2_2_1
1979,HTML_PAGE_SELECT3_4_2_2_2,select3_4_2_2_2
1980,HTML_PAGE_SELECT3_4_2_2_3,select3_4_2_2_3
1981,HTML_PAGE_SELECT3_4_2_2_4,select3_4_2_2_4
1982,HTML_PAGE_SELECT3_4_2_3,select3_4_2_3
1983,HTML_PAGE_SELECT3_4_2_3_1,select3_4_2_3_1
1984,HTML_PAGE_SELECT3_4_2_3_2,select3_4_2_3_2
1985,HTML_PAGE_SELECT3_4_2_3_3,select3_4_2_3_3
1986,HTML_PAGE_SELECT3_4_2_3_4,select3_4_2_3_4
1987,HTML_PAGE_SELECT3_4_2_4,select3_4_2_4
1988,HTML_PAGE_SELECT3_4_2_4_1,select3_4_2_4_1
1989,HTML_PAGE_SELECT3_4_2_4_2,select3_4_2_4_2
1990,HTML_PAGE_SELECT3_4_2_4_3,select3_4_2_4_3
1991,HTML_PAGE_SELECT3_4_2_4_4,select3_4_2_4_4
1992,HTML_PAGE_SELECT3_4_3,select3_4_3
1993,HTML_PAGE_SELECT3_4_3_1,select3_4_3_1
1994,HTML_PAGE_SELECT3_4_3_1_1,select3_4_3_1_1
1995,HTML_PAGE_SELECT3_4_3_1_2,select3_4_3_1_2
1996,HTML_PAGE_SELECT3_4_3_1_3,select3_4_3_1_3
1997,HTML_PAGE_SELECT3_4_3_1_4,select3_4_3_1_4
1998,HTML_PAGE_SELECT3_4_3_2,select3_4_3_2
1999,HTML_PAGE_SELECT3_4_3_2_1,select3_4_3_2_1
2000,HTML_PAGE_SELECT3_4_3_2_2,select3_4_3_2_2
2001,HTML_PAGE_SELECT3_4_3_2_3,select3_4_3_2_3
2002,HTML_PAGE_SELECT3_4_3_2_4,select3_4_3_2_4
2003,HTML_PAGE_SELECT3_4_3_3,select3_4_3_3
2004,HTML_PAGE_SELECT3_4_3_3_1,select3_4_3_3_1
2005,HTML_PAGE_SELECT3_4_3_3_2,select3_4_3_3_2
2006,HTML_PAGE_SELECT3_4_3_3_3,select3_4_3_3_3
2007,HTML_PAGE_SELECT3_4_3_3_4,select3_4_3_3_4
2008,HTML_PAGE_SELECT3_4_3_4,select3_4_3_4
2009,HTML_PAGE_SELECT3_4_3_4_1,select3_4_3_4_1
2010,HTML_PAGE_SELECT3_4_3_4_2,select3_4_3_4_2
2011,HTML_PAGE_SELECT3_4_3_4_3,select3_4_3_4_3
2012,HTML_PAGE_SELECT3_4_3_4_4,select3_4_3_4_4
2013,HTML_PAGE_SELECT3_4_4,select3_4_4
2014,HTML_PAGE_SELECT3_4_4_1,select3_4_4_1
2015,HTML_PAGE_SELECT3_4_4_1_1,select3_4_4_1_1
2016,HTML_PAGE_SELECT3_4_4_1_2,select3_4_4_1_2
2017,HTML_PAGE_SELECT3_4_4_1_3,select3_4_4_1_3
2018,HTML_PAGE_SELECT3_4_4_1_4,select3_4_4_1_4
2019,HTML_PAGE_SELECT3_4_4_2,select3_4_4_2
2020,HTML_PAGE_SELECT3_4_4_2_1,select3_4_4_2_1
2021,HTML_PAGE_SELECT3_4_4_2_2,select3_4_4_2_2
2022,HTML_PAGE_SELECT3_4_4_2_3,select3_4_4_2_3
2023,HTML_PAGE_SELECT3_4_4_2_4,select3_4_4_2_4
2024,HTML_PAGE_SELECT3_4_4_3,select3_4_4_3
2025,HTML_PAGE_SELECT3_4_4_3_1,select3_4_4_3_1
2026,HTML_PAGE_SELECT3_4_4_3_2,select3_4_4_3_2
2027,HTML_PAGE_SELECT3_4_4_3_3,select3_4_4_3_3
2028,HTML_PAGE_SELECT3_4_4_3_4,select3_4_4_3_4
2029,HTML_PAGE_SELECT3_4_4_4,select3_4_4_4
2030,HTML_PAGE_SELECT3_4_4_4_1,select3_4_4_4_1
2031,HTML_PAGE_SELECT3_4_4_4_2,select3_4_4_4_2
2032,HTML_PAGE_SELECT3_4_4_4_3,select3_4_4_4_3
2033,HTML_PAGE_SELECT3_4_4_4_4,select3_4_4_4_4
2034,HTML_PAGE_SELECT4,select4
2035,HTML_PAGE_SELECT4_1,select4_1
2036,HTML_PAGE_SELECT4_1_1,select4_1_1
2037,HTML_PAGE_SELECT4_1_1_1,select4_1_1_1
2038,HTML_PAGE_SELECT4_1_1_1_1,select4_1_1_1_1
2039,HTML_PAGE_SELECT4_1_1_1_2,select4_1_1_1_2
2040,HTML_PAGE_SELECT4_1_1_1_3,select4_1_1_1_3
2041,HTML_PAGE_SELECT4_1_1_1_4,select4_1_1_1_4
2042,HTML_PAGE_SELECT4_1_1_2,select4_1_1_2
2043,HTML_PAGE_SELECT4_1_1_2_1,select4_1_1_2_1
2044,HTML_PAGE_SELECT4_1_1_2_2,select4_1_1_2_2
2045,HTML_PAGE_SELECT4_1_1_2_3,select4_1_1_2_3
2046,HTML_PAGE_SELECT4_1_1_2_4,select4_1_1_2_4
2047,HTML_PAGE_SELECT4_1_1_3,select4_1_1_3
2048,HTML_PAGE_SELECT4_1_1_3_1,select4_1_1_3_1
2049,HTML_PAGE_SELECT4_1_1_3_2,select4_1_1_3_2
2050,HTML_PAGE_SELECT4_1_1_3_3,select4_1_1_3_3
2051,HTML_PAGE_SELECT4_1_1_3_4,select4_1_1_3_4
2052,HTML_PAGE_SELECT4_1_1_4,select4_1_1_4
2053,HTML_PAGE_SELECT4_1_1_4_1,select4_1_1_4_1
2054,HTML_PAGE_SELECT4_1_1_4_2,select4_1_1_4_2
2055,HTML_PAGE_SELECT4_1_1_4_3,select4_1_1_4_3
2056,HTML_PAGE_SELECT4_1_1_4_4,select4_1_1_4_4
2057,HTML_PAGE_SELECT4_1_2,select4_1_2
2058,HTML_PAGE_SELECT4_1_2_1,select4_1_2_1
2059,HTML_PAGE_SELECT4_1_2_1_1,select4_1_2_1_1
2060,HTML_PAGE_SELECT4_1_2_1_2,select4_1_2_1_2
2061,HTML_PAGE_SELECT4_1_2_1_3,select4_1_2_1_3
2062,HTML_PAGE_SELECT4_1_2_1_4,select4_1_2_1_4
2063,HTML_PAGE_SELECT4_1_2_2,select4_1_2_2
2064,HTML_PAGE_SELECT4_1_2_2_1,select4_1_2_2_1
2065,HTML_PAGE_SELECT4_1_2_2_2,select4_1_2_2_2
2066,HTML_PAGE_SELECT4_1_2_2_3,select4_1_2_2_3
2067,HTML_PAGE_SELECT4_1_2_2_4,select4_1_2_2_4
2068,HTML_PAGE_SELECT4_1_2_3,select4_1_2_3
2069,HTML_PAGE_SELECT4_1_2_3_1,select4_1_2_3_1
2070,HTML_PAGE_SELECT4_1_2_3_2,select4_1_2_3_2
2071,HTML_PAGE_SELECT4_1_2_3_3,select4_1_2_3_3
2072,HTML_PAGE_SELECT4_1_2_3_4,select4_1_2_3_4
2073,HTML_PAGE_SELECT4_1_2_4,select4_1_2_4
2074,HTML_PAGE_SELECT4_1_2_4_1,select4_1_2_4_1
2075,HTML_PAGE_SELECT4_1_2_4_2,select4_1_2_4_2
2076,HTML_PAGE_SELECT4_1_2_4_3,select4_1_2_4_3
2077,HTML_PAGE_SELECT4_1_2_4_4,select4_1_2_4_4
2078,HTML_PAGE_SELECT4_1_3,select4_1_3
2079,HTML_PAGE_SELECT4_1_3_1,select4_1_3_1
2080,HTML_PAGE_SELECT4_1_3_1_1,select4_1_3_1_1
2081,HTML_PAGE_SELECT4_1_3_1_2,select4_1_3_1_2
2082,HTML_PAGE_SELECT4_1_3_1_3,select4_1_3_1_3
2083,HTML_PAGE_SELECT4_1_3_1_4,select4_1_3_1_4
2084,HTML_PAGE_SELECT4_1_3_2,select4_1_3_2
2085,HTML_PAGE_SELECT4_1_3_2_1,select4_1_3_2_1
2086,HTML_PAGE_SELECT4_1_3_2_2,select4_1_3_2_2
2087,HTML_PAGE_SELECT4_1_3_2_3,select4_1_3_2_3
2088,HTML_PAGE_SELECT4_1_3_2_4,select4_1_3_2_4
2089,HTML_PAGE_SELECT4_1_3_3,select4_1_3_3
2090,HTML_PAGE_SELECT4_1_3_3_1,select4_1_3_3_1
2091,HTML_PAGE_SELECT4_1_3_3_2,select4_1_3_3_2
2092,HTML_PAGE_SELECT4_1_3_3_3,select4_1_3_3_3
2093,HTML_PAGE_SELECT4_1_3_3_4,select4_1_3_3_4
2094,HTML_PAGE_SELECT4_1_3_4,select4_1_3_4
2095,HTML_PAGE_SELECT4_1_3_4_1,select4_1_3_4_1
2096,HTML_PAGE_SELECT4_1_3_4_2,select4_1_3_4_2
2097,HTML_PAGE_SELECT4_1_3_4_3,select4_1_3_4_3
2098,HTML_PAGE_SELECT4_1_3_4_4,select4_1_3_4_4
2099,HTML_PAGE_SELECT4_1_4,select4_1_4
2100,HTML_PAGE_SELECT4_1_4_1,select4_1_4_1
2101,HTML_PAGE_SELECT4_1_4_1_1,select4_1_4_1_1
2102,HTML_PAGE_SELECT4_1_4_1_2,select4_1_4_1_2
2103,HTML_PAGE_SELECT4_1_4_1_3,select4_1_4_1_3
2104,HTML_PAGE_SELECT4_1_4_1_4,select4_1_4_1_4
2105,HTML_PAGE_SELECT4_1_4_2,select4_1_4_2
2106,HTML_PAGE_SELECT4_1_4_2_1,select4_1_4_2_1
2107,HTML_PAGE_SELECT4_1_4_2_2,select4_1_4_2_2
2108,HTML_PAGE_SELECT4_1_4_2_3,select4_1_4_2_3
2109,HTML_PAGE_SELECT4_1_4_2_4,select4_1_4_2_4
2110,HTML_PAGE_SELECT4_1_4_3,select4_1_4_3
2111,HTML_PAGE_SELECT4_1_4_3_1,select4_1_4_3_1
2112,HTML_PAGE_SELECT4_1_4_3_2,select4_1_4_3_2
2113,HTML_PAGE_SELECT4_1_4_3_3,select4_1_4_3_3
2114,HTML_PAGE_SELECT4_1_4_3_4,select4_1_4_3_4
2115,HTML_PAGE_SELECT4_1_4_4,select4_1_4_4
2116,HTML_PAGE_SELECT4_1_4_4_1,select4_1_4_4_1
2117,HTML_PAGE_SELECT4_1_4_4_2,select4_1_4_4_2
2118,HTML_PAGE_SELECT4_1_4_4_3,select4_1_4_4_3
2119,HTML_PAGE_SELECT4_1_4_4_4,select4_1_4_4_4
2120,HTML_PAGE_SELECT4_2,select4_2
2121,HTML_PAGE_SELECT4_2_1,select4_2_1
2122,HTML_PAGE_SELECT4_2_1_1,select4_2_1_1
2123,HTML_PAGE_SELECT4_2_1_1_1,select4_2_1_1_1
2124,HTML_PAGE_SELECT4_2_1_1_2,select4_2_1_1_2
2125,HTML_PAGE_SELECT4_2_1_1_3,select4_2_1_1_3
2126,HTML_PAGE_SELECT4_2_1_1_4,select4_2_1_1_4
2127,HTML_PAGE_SELECT4_2_1_2,select4_2_1_2
2128,HTML_PAGE_SELECT4_2_1_2_1,select4_2_1_2_1
2129,HTML_PAGE_SELECT4_2_1_2_2,select4_2_1_2_2
2130,HTML_PAGE_SELECT4_2_1_2_3,select4_2_1_2_3
2131,HTML_PAGE_SELECT4_2_1_2_4,select4_2_1_2_4
2132,HTML_PAGE_SELECT4_2_1_3,select4_2_1_3
2133,HTML_PAGE_SELECT4_2_1_3_1,select4_2_1_3_1
2134,HTML_PAGE_SELECT4_2_1_3_2,select4_2_1_3_2
2135,HTML_PAGE_SELECT4_2_1_3_3,select4_2_1_3_3
2136,HTML_PAGE_SELECT4_2_1_3_4,select4_2_1_3_4
2137,HTML_PAGE_SELECT4_2_1_4,select4_2_1_4
2138,HTML_PAGE_SELECT4_2_1_4_1,select4_2_1_4_1
2139,HTML_PAGE_SELECT4_2_1_4_2,select4_2_1_4_2
2140,HTML_PAGE_SELECT4_2_1_4_3,select4_2_1_4_3
2141,HTML_PAGE_SELECT4_2_1_4_4,select4_2_1_4_4
2142,HTML_PAGE_SELECT4_2_2,select4_2_2
2143,HTML_PAGE_SELECT4_2_2_1,select4_2_2_1
2144,HTML_PAGE_SELECT4_2_2_1_1,select4_2_2_1_1
2145,HTML_PAGE_SELECT4_2_2_1_2,select4_2_2_1_2
2146,HTML_PAGE_SELECT4_2_2_1_3,select4_2_2_1_3
2147,HTML_PAGE_SELECT4_2_2_1_4,select4_2_2_1_4
2148,HTML_PAGE_SELECT4_2_2_2,select4_2_2_2
2149,HTML_PAGE_SELECT4_2_2_2_1,select4_2_2_2_1
2150,HTML_PAGE_SELECT4_2_2_2_2,select4_2_2_2_2
2151,HTML_PAGE_SELECT4_2_2_2_3,select4_2_2_2_3
2152,HTML_PAGE_SELECT4_2_2_2_4,select4_2_2_2_4
2153,HTML_PAGE_SELECT4_2_2_3,select4_2_2_3
2154,HTML_PAGE_SELECT4_2_2_3_1,select4_2_2_3_1
2155,HTML_PAGE_SELECT4_2_2_3_2,select4_2_2_3_2
2156,HTML_PAGE_SELECT4_2_2_3_3,select4_2_2_3_3
2157,HTML_PAGE_SELECT4_2_2_3_4,select4_2_2_3_4
2158,HTML_PAGE_SELECT4_2_2_4,select4_2_2_4
2159,HTML_PAGE_SELECT4_2_2_4_1,select4_2_2_4_1
2160,HTML_PAGE_SELECT4_2_2_4_2,select4_2_2_4_2
2161,HTML_PAGE_SELECT4_2_2_4_3,select4_2_2_4_3
2162,HTML_PAGE_SELECT4_2_2_4_4,select4_2_2_4_4
2163,HTML_PAGE_SELECT4_2_3,select4_2_3
2164,HTML_PAGE_SELECT4_2_3_1,select4_2_3_1
2165,HTML_PAGE_SELECT4_2_3_1_1,select4_2_3_1_1
2166,HTML_PAGE_SELECT4_2_3_1_2,select4_2_3_1_2
2167,HTML_PAGE_SELECT4_2_3_1_3,select4_2_3_1_3
2168,HTML_PAGE_SELECT4_2_3_1_4,select4_2_3_1_4
2169,HTML_PAGE_SELECT4_2_3_2,select4_2_3_2
2170,HTML_PAGE_SELECT4_2_3_2_1,select4_2_3_2_1
2171,HTML_PAGE_SELECT4_2_3_2_2,select4_2_3_2_2
2172,HTML_PAGE_SELECT4_2_3_2_3,select4_2_3_2_3
2173,HTML_PAGE_SELECT4_2_3_2_4,select4_2_3_2_4
2174,HTML_PAGE_SELECT4_2_3_3,select4_2_3_3
2175,HTML_PAGE_SELECT4_2_3_3_1,select4_2_3_3_1
2176,HTML_PAGE_SELECT4_2_3_3_2,select4_2_3_3_2
2177,HTML_PAGE_SELECT4_2_3_3_3,select4_2_3_3_3
2178,HTML_PAGE_SELECT4_2_3_3_4,select4_2_3_3_4
2179,HTML_PAGE_SELECT4_2_3_4,select4_2_3_4
2180,HTML_PAGE_SELECT4_2_3_4_1,select4_2_3_4_1
2181,HTML_PAGE_SELECT4_2_3_4_2,select4_2_3_4_2
2182,HTML_PAGE_SELECT4_2_3_4_3,select4_2_3_4_3
2183,HTML_PAGE_SELECT4_2_3_4_4,select4_2_3_4_4
2184,HTML_PAGE_SELECT4_2_4,select4_2_4
2185,HTML_PAGE_SELECT4_2_4_1,select4_2_4_1
2186,HTML_PAGE_SELECT4_2_4_1_1,select4_2_4_1_1
2187,HTML_PAGE_SELECT4_2_4_1_2,select4_2_4_1_2
2188,HTML_PAGE_SELECT4_2_4_1_3,select4_2_4_1_3
2189,HTML_PAGE_SELECT4_2_4_1_4,select4_2_4_1_4
2190,HTML_PAGE_SELECT4_2_4_2,select4_2_4_2
2191,HTML_PAGE_SELECT4_2_4_2_1,select4_2_4_2_1
2192,HTML_PAGE_SELECT4_2_4_2_2,select4_2_4_2_2
2193,HTML_PAGE_SELECT4_2_4_2_3,select4_2_4_2_3
2194,HTML_PAGE_SELECT4_2_4_2_4,select4_2_4_2_4
2195,HTML_PAGE_SELECT4_2_4_3,select4_2_4_3
2196,HTML_PAGE_SELECT4_2_4_3_1,select4_2_4_3_1
2197,HTML_PAGE_SELECT4_2_4_3_2,select4_2_4_3_2
2198,HTML_PAGE_SELECT4_2_4_3_3,select4_2_4_3_3
2199,HTML_PAGE_SELECT4_2_4_3_4,select4_2_4_3_4
2200,HTML_PAGE_SELECT4_2_4_4,select4_2_4_4
2201,HTML_PAGE_SELECT4_2_4_4_1,select4_2_4_4_1
2202,HTML_PAGE_SELECT4_2_4_4_2,select4_2_4_4_2
2203,HTML_PAGE_SELECT4_2_4_4_3,select4_2_4_4_3
2204,HTML_PAGE_SELECT4_2_4_4_4,select4_2_4_4_4
2205,HTML_PAGE_SELECT4_3,select4_3
2206,HTML_PAGE_SELECT4_3_1,select4_3_1
2207,HTML_PAGE_SELECT4_3_1_1,select4_3_1_1
2208,HTML_PAGE_SELECT4_3_1_1_1,select4_3_1_1_1
2209,HTML_PAGE_SELECT4_3_1_1_2,select4_3_1_1_2
2210,HTML_PAGE_SELECT4_3_1_1_3,select4_3_1_1_3
2211,HTML_PAGE_SELECT4_3_1_1_4,select4_3_1_1_4
2212,HTML_PAGE_SELECT4_3_1_2,select4_3_1_2
2213,HTML_PAGE_SELECT4_3_1_2_1,select4_3_1_2_1
2214,HTML_PAGE_SELECT4_3_1_2_2,select4_3_1_2_2
2215,HTML_PAGE_SELECT4_3_1_2_3,select4_3_1_2_3
2216,HTML_PAGE_SELECT4_3_1_2_4,select4_3_1_2_4
2217,HTML_PAGE_SELECT4_3_1_3,select4_3_1_3
2218,HTML_PAGE_SELECT4_3_1_3_1,select4_3_1_3_1
2219,HTML_PAGE_SELECT4_3_1_3_2,select4_3_1_3_2
2220,HTML_PAGE_SELECT4_3_1_3_3,select4_3_1_3_3
2221,HTML_PAGE_SELECT4_3_1_3_4,select4_3_1_3_4
2222,HTML_PAGE_SELECT4_3_1_4,select4_3_1_4
2223,HTML_PAGE_SELECT4_3_1_4_1,select4_3_1_4_1
2224,HTML_PAGE_SELECT4_3_1_4_2,select4_3_1_4_2
2225,HTML_PAGE_SELECT4_3_1_4_3,select4_3_1_4_3
2226,HTML_PAGE_SELECT4_3_1_4_4,select4_3_1_4_4
2227,HTML_PAGE_SELECT4_3_2,select4_3_2
2228,HTML_PAGE_SELECT4_3_2_1,select4_3_2_1
2229,HTML_PAGE_SELECT4_3_2_1_1,select4_3_2_1_1
2230,HTML_PAGE_SELECT4_3_2_1_2,select4_3_2_1_2
2231,HTML_PAGE_SELECT4_3_2_1_3,select4_3_2_1_3
2232,HTML_PAGE_SELECT4_3_2_1_4,select4_3_2_1_4
2233,HTML_PAGE_SELECT4_3_2_2,select4_3_2_2
2234,HTML_PAGE_SELECT4_3_2_2_1,select4_3_2_2_1
2235,HTML_PAGE_SELECT4_3_2_2_2,select4_3_2_2_2
2236,HTML_PAGE_SELECT4_3_2_2_3,select4_3_2_2_3
2237,HTML_PAGE_SELECT4_3_2_2_4,select4_3_2_2_4
2238,HTML_PAGE_SELECT4_3_2_3,select4_3_2_3
2239,HTML_PAGE_SELECT4_3_2_3_1,select4_3_2_3_1
2240,HTML_PAGE_SELECT4_3_2_3_2,select4_3_2_3_2
2241,HTML_PAGE_SELECT4_3_2_3_3,select4_3_2_3_3
2242,HTML_PAGE_SELECT4_3_2_3_4,select4_3_2_3_4
2243,HTML_PAGE_SELECT4_3_2_4,select4_3_2_4
2244,HTML_PAGE_SELECT4_3_2_4_1,select4_3_2_4_1
2245,HTML_PAGE_SELECT4_3_2_4_2,select4_3_2_4_2
2246,HTML_PAGE_SELECT4_3_2_4_3,select4_3_2_4_3
2247,HTML_PAGE_SELECT4_3_2_4_4,select4_3_2_4_4
2248,HTML_PAGE_SELECT4_3_3,select4_3_3
2249,HTML_PAGE_SELECT4_3_3_1,select4_3_3_1
2250,HTML_PAGE_SELECT4_3_3_1_1,select4_3_3_1_1
2251,HTML_PAGE_SELECT4_3_3_1_2,select4_3_3_1_2
2252,HTML_PAGE_SELECT4_3_3_1_3,select4_3_3_1_3
2253,HTML_PAGE_SELECT4_3_3_1_4,select4_3_3_1_4
2254,HTML_PAGE_SELECT4_3_3_2,select4_3_3_2
2255,HTML_PAGE_SELECT4_3_3_2_1,select4_3_3_2_1
2256,HTML_PAGE_SELECT4_3_3_2_2,select4_3_3_2_2
2257,HTML_PAGE_SELECT4_3_3_2_3,select4_3_3_2_3
2258,HTML_PAGE_SELECT4_3_3_2_4,select4_3_3_2_4
2259,HTML_PAGE_SELECT4_3_3_3,select4_3_3_3
2260,HTML_PAGE_SELECT4_3_3_3_1,select4_3_3_3_1
2261,HTML_PAGE_SELECT4_3_3_3_2,select4_3_3_3_2
2262,HTML_PAGE_SELECT4_3_3_3_3,select4_3_3_3_3
2263,HTML_PAGE_SELECT4_3_3_3_4,select4_3_3_3_4
2264,HTML_PAGE_SELECT4_3_3_4,select4_3_3_4
2265,HTML_PAGE_SELECT4_3_3_4_1,select4_3_3_4_1
2266,HTML_PAGE_SELECT4_3_3_4_2,select4_3_3_4_2
2267,HTML_PAGE_SELECT4_3_3_4_3,select4_3_3_4_3
2268,HTML_PAGE_SELECT4_3_3_4_4,select4_3_3_4_4
2269,HTML_PAGE_SELECT4_3_4,select4_3_4
2270,HTML_PAGE_SELECT4_3_4_1,select4_3_4_1
2271,HTML_PAGE_SELECT4_3_4_1_1,select4_3_4_1_1
2272,HTML_PAGE_SELECT4_3_4_1_2,select4_3_4_1_2
2273,HTML_PAGE_SELECT4_3_4_1_3,select4_3_4_1_3
2274,HTML_PAGE_SELECT4_3_4_1_4,select4_3_4_1_4
2275,HTML_PAGE_SELECT4_3_4_2,select4_3_4_2
2276,HTML_PAGE_SELECT4_3_4_2_1,select4_3_4_2_1
2277,HTML_PAGE_SELECT4_3_4_2_2,select4_3_4_2_2
2278,HTML_PAGE_SELECT4_3_4_2_3,select4_3_4_2_3
2279,HTML_PAGE_SELECT4_3_4_2_4,select4_3_4_2_4
2280,HTML_PAGE_SELECT4_3_4_3,select4_3_4_3
2281,HTML_PAGE_SELECT4_3_4_3_1,select4_3_4_3_1
2282,HTML_PAGE_SELECT4_3_4_3_2,select4_3_4_3_2
2283,HTML_PAGE_SELECT4_3_4_3_3,select4_3_4_3_3
2284,HTML_PAGE_SELECT4_3_4_3_4,select4_3_4_3_4
2285,HTML_PAGE_SELECT4_3_4_4,select4_3_4_4
2286,HTML_PAGE_SELECT4_3_4_4_1,select4_3_4_4_1
2287,HTML_PAGE_SELECT4_3_4_4_2,select4_3_4_4_2
2288,HTML_PAGE_SELECT4_3_4_4_3,select4_3_4_4_3
2289,HTML_PAGE_SELECT4_3_4_4_4,select4_3_4_4_4
2290,HTML_PAGE_SELECT4_4,select4_4
2291,HTML_PAGE_SELECT4_4_1,select4_4_1
2292,HTML_PAGE_SELECT4_4_1_1,select4_4_1_1
2293,HTML_PAGE_SELECT4_4_1_1_1,select4_4_1_1_1
2294,HTML_PAGE_SELECT4_4_1_1_2,select4_4_1_1_2
2295,HTML_PAGE_SELECT4_4_1_1_3,select4_4_1_1_3
2296,HTML_PAGE_SELECT4_4_1_1_4,select4_4_1_1_4
2297,HTML_PAGE_SELECT4_4_1_2,select4_4_1_2
2298,HTML_PAGE_SELECT4_4_1_2_1,select4_4_1_2_1
2299,HTML_PAGE_SELECT4_4_1_2_2,select4_4_1_2_2
2300,HTML_PAGE_SELECT4_4_1_2_3,select4_4_1_2_3
2301,HTML_PAGE_SELECT4_4_1_2_4,select4_4_1_2_4
2302,HTML_PAGE_SELECT4_4_1_3,select4_4_1_3
2303,HTML_PAGE_SELECT4_4_1_3_1,select4_4_1_3_1
2304,HTML_PAGE_SELECT4_4_1_3_2,select4_4_1_3_2
2305,HTML_PAGE_SELECT4_4_1_3_3,select4_4_1_3_3
2306,HTML_PAGE_SELECT4_4_1_3_4,select4_4_1_3_4
2307,HTML_PAGE_SELECT4_4_1_4,select4_4_1_4
2308,HTML_PAGE_SELECT4_4_1_4_1,select4_4_1_4_1
2309,HTML_PAGE_SELECT4_4_1_4_2,select4_4_1_4_2
2310,HTML_PAGE_SELECT4_4_1_4_3,select4_4_1_4_3
2311,HTML_PAGE_SELECT4_4_1_4_4,select4_4_1_4_4
2312,HTML_PAGE_SELECT4_4_2,select4_4_2
2313,HTML_PAGE_SELECT4_4_2_1,select4_4_2_1
2314,HTML_PAGE_SELECT4_4_2_1_1,select4_4_2_1_1
2315,HTML_PAGE_SELECT4_4_2_1_2,select4_4_2_1_2
2316,HTML_PAGE_SELECT4_4_2_1_3,select4_4_2_1_3
2317,HTML_PAGE_SELECT4_4_2_1_4,select4_4_2_1_4
2318,HTML_PAGE_SELECT4_4_2_2,select4_4_2_2
2319,HTML_PAGE_SELECT4_4_2_2_1,select4_4_2_2_1
2320,HTML_PAGE_SELECT4_4_2_2_2,select4_4_2_2_2
2321,HTML_PAGE_SELECT4_4_2_2_3,select4_4_2_2_3
2322,HTML_PAGE_SELECT4_4_2_2_4,select4_4_2_2_4
2323,HTML_PAGE_SELECT4_4_2_3,select4_4_2_3
2324,HTML_PAGE_SELECT4_4_2_3_1,select4_4_2_3_1
2325,HTML_PAGE_SELECT4_4_2_3_2,select4_4_2_3_2
2326,HTML_PAGE_SELECT4_4_2_3_3,select4_4_2_3_3
2327,HTML_PAGE_SELECT4_4_2_3_4,select4_4_2_3_4
2328,HTML_PAGE_SELECT4_4_2_4,select4_4_2_4
2329,HTML_PAGE_SELECT4_4_2_4_1,select4_4_2_4_1
2330,HTML_PAGE_SELECT4_4_2_4_2,select4_4_2_4_2
2331,HTML_PAGE_SELECT4_4_2_4_3,select4_4_2_4_3
2332,HTML_PAGE_SELECT4_4_2_4_4,select4_4_2_4_4
2333,HTML_PAGE_SELECT4_4_3,select4_4_3
2334,HTML_PAGE_SELECT4_4_3_1,select4_4_3_1
2335,HTML_PAGE_SELECT4_4_3_1_1,select4_4_3_1_1
2336,HTML_PAGE_SELECT4_4_3_1_2,select4_4_3_1_2
2337,HTML_PAGE_SELECT4_4_3_1_3,select4_4_3_1_3
2338,HTML_PAGE_SELECT4_4_3_1_4,select4_4_3_1_4
2339,HTML_PAGE_SELECT4_4_3_2,select4_4_3_2
2340,HTML_PAGE_SELECT4_4_3_2_1,select4_4_3_2_1
2341,HTML_PAGE_SELECT4_4_3_2_2,select4_4_3_2_2
2342,HTML_PAGE_SELECT4_4_3_2_3,select4_4_3_2_3
2343,HTML_PAGE_SELECT4_4_3_2_4,select4_4_3_2_4
2344,HTML_PAGE_SELECT4_4_3_3,select4_4_3_3
2345,HTML_PAGE_SELECT4_4_3_3_1,select4_4_3_3_1
2346,HTML_PAGE_SELECT4_4_3_3_2,select4_4_3_3_2
2347,HTML_PAGE_SELECT4_4_3_3_3,select4_4_3_3_3
2348,HTML_PAGE_SELECT4_4_3_3_4,select4_4_3_3_4
2349,HTML_PAGE_SELECT4_4_3_4,select4_4_3_4
2350,HTML_PAGE_SELECT4_4_3_4_1,select4_4_3_4_1
2351,HTML_PAGE_SELECT4_4_3_4_2,select4_4_3_4_2
2352,HTML_PAGE_SELECT4_4_3_4_3,select4_4_3_4_3
2353,HTML_PAGE_SELECT4_4_3_4_4,select4_4_3_4_4
2354,HTML_PAGE_SELECT4_4_4,select4_4_4
2355,HTML_PAGE_SELECT4_4_4_1,select4_4_4_1
2356,HTML_PAGE_SELECT4_4_4_1_1,select4_4_4_1_1
2357,HTML_PAGE_SELECT4_4_4_1_2,select4_4_4_1_2
2358,HTML_PAGE_SELECT4_4_4_1_3,select4_4_4_1_3
2359,HTML_PAGE_SELECT4_4_4_1_4,select4_4_4_1_4
2360,HTML_PAGE_SELECT4_4_4_2,select4_4_4_2
2361,HTML_PAGE_SELECT4_4_4_2_1,select4_4_4_2_1
2362,HTML_PAGE_SELECT4_4_4_2_2,select4_4_4_2_2
2363,HTML_PAGE_SELECT4_4_4_2_3,select4_4_4_2_3
2364,HTML_PAGE_SELECT4_4_4_2_4,select4_4_4_2_4
2365,HTML_PAGE_SELECT4_4_4_3,select4_4_4_3
2366,HTML_PAGE_SELECT4_4_4_3_1,select4_4_4_3_1
2367,HTML_PAGE_SELECT4_4_4_3_2,select4_4_4_3_2
2368,HTML_PAGE_SELECT4_4_4_3_3,select4_4_4_3_3
2369,HTML_PAGE_SELECT4_4_4_3_4,select4_4_4_3_4
2370,HTML_PAGE_SELECT4_4_4_4,select4_4_4_4
2371,HTML_PAGE_SELECT4_4_4_4_1,select4_4_4_4_1
2372,HTML_PAGE_SELECT4_4_4_4_2,select4_4_4_4_2
2373,HTML_PAGE_SELECT4_4_4_4_3,select4_4_4_4_3
2374,HTML_PAGE_SELECT4_4_4_4_4,select4_4_4_4_4
2375,HTML_PAGE_SELECT5,select5
2376,HTML_PAGE_SELECT5_1,select5_1
2377,HTML_PAGE_SELECT5_1_1,select5_1_1
2378,HTML_PAGE_SELECT5_1_1_1,select5_1_1_1
2379,HTML_PAGE_SELECT5_1_1_1_1,select5_1_1_1_1
2380,HTML_PAGE_SELECT5_1_1_1_2,select5_1_1_1_2
2381,HTML_PAGE_SELECT5_1_1_1_3,select5_1_1_1_3
2382,HTML_PAGE_SELECT5_1_1_1_4,select5_1_1_1_4
2383,HTML_PAGE_SELECT5_1_1_2,select5_1_1_2
2384,HTML_PAGE_SELECT5_1_1_2_1,select5_1_1_2_1
2385,HTML_PAGE_SELECT5_1_1_2_2,select5_1_1_2_2
2386,HTML_PAGE_SELECT5_1_1_2_3,select5_1_1_2_3
2387,HTML_PAGE_SELECT5_1_1_2_4,select5_1_1_2_4
2388,HTML_PAGE_SELECT5_1_1_3,select5_1_1_3
2389,HTML_PAGE_SELECT5_1_1_3_1,select5_1_1_3_1
2390,HTML_PAGE_SELECT5_1_1_3_2,select5_1_1_3_2
2391,HTML_PAGE_SELECT5_1_1_3_3,select5_1_1_3_3
2392,HTML_PAGE_SELECT5_1_1_3_4,select5_1_1_3_4
2393,HTML_PAGE_SELECT5_1_1_4,select5_1_1_4
2394,HTML_PAGE_SELECT5_1_1_4_1,select5_1_1_4_1
2395,HTML_PAGE_SELECT5_1_1_4_2,select5_1_1_4_2
2396,HTML_PAGE_SELECT5_1_1_4_3,select5_1_1_4_3
2397,HTML_PAGE_SELECT5_1_1_4_4,select5_1_1_4_4
2398,HTML_PAGE_SELECT5_1_2,select5_1_2
2399,HTML_PAGE_SELECT5_1_2_1,select5_1_2_1
2400,HTML_PAGE_SELECT5_1_2_1_1,select5_1_2_1_1
2401,HTML_PAGE_SELECT5_1_2_1_2,select5_1_2_1_2
2402,HTML_PAGE_SELECT5_1_2_1_3,select5_1_2_1_3
2403,HTML_PAGE_SELECT5_1_2_1_4,select5_1_2_1_4
2404,HTML_PAGE_SELECT5_1_2_2,select5_1_2_2
2405,HTML_PAGE_SELECT5_1_2_2_1,select5_1_2_2_1
2406,HTML_PAGE_SELECT5_1_2_2_2,select5_1_2_2_2
2407,HTML_PAGE_SELECT5_1_2_2_3,select5_1_2_2_3
2408,HTML_PAGE_SELECT5_1_2_2_4,select5_1_2_2_4
2409,HTML_PAGE_SELECT5_1_2_3,select5_1_2_3
2410,HTML_PAGE_SELECT5_1_2_3_1,select5_1_2_3_1
2411,HTML_PAGE_SELECT5_1_2_3_2,select5_1_2_3_2
2412,HTML_PAGE_SELECT5_1_2_3_3,select5_1_2_3_3
2413,HTML_PAGE_SELECT5_1_2_3_4,select5_1_2_3_4
2414,HTML_PAGE_SELECT5_1_2_4,select5_1_2_4
2415,HTML_PAGE_SELECT5_1_2_4_1,select5_1_2_4_1
2416,HTML_PAGE_SELECT5_1_2_4_2,select5_1_2_4_2
2417,HTML_PAGE_SELECT5_1_2_4_3,select5_1_2_4_3
2418,HTML_PAGE_SELECT5_1_2_4_4,select5_1_2_4_4
2419,HTML_PAGE_SELECT5_1_3,select5_1_3
2420,HTML_PAGE_SELECT5_1_3_1,select5_1_3_1
2421,HTML_PAGE_SELECT5_1_3_1_1,select5_1_3_1_1
2422,HTML_PAGE_SELECT5_1_3_1_2,select5_1_3_1_2
2423,HTML_PAGE_SELECT5_1_3_1_3,select5_1_3_1_3
2424,HTML_PAGE_SELECT5_1_3_1_4,select5_1_3_1_4
2425,HTML_PAGE_SELECT5_1_3_2,select5_1_3_2
2426,HTML_PAGE_SELECT5_1_3_2_1,select5_1_3_2_1
2427,HTML_PAGE_SELECT5_1_3_2_2,select5_1_3_2_2
2428,HTML_PAGE_SELECT5_1_3_2_3,select5_1_3_2_3
2429,HTML_PAGE_SELECT5_1_3_2_4,select5_1_3_2_4
2430,HTML_PAGE_SELECT5_1_3_3,select5_1_3_3
2431,HTML_PAGE_SELECT5_1_3_3_1,select5_1_3_3_1
2432,HTML_PAGE_SELECT5_1_3_3_2,select5_1_3_3_2
2433,HTML_PAGE_SELECT5_1_3_3_3,select5_1_3_3_3
2434,HTML_PAGE_SELECT5_1_3_3_4,select5_1_3_3_4
2435,HTML_PAGE_SELECT5_1_3_4,select5_1_3_4
2436,HTML_PAGE_SELECT5_1_3_4_1,select5_1_3_4_1
2437,HTML_PAGE_SELECT5_1_3_4_2,select5_1_3_4_2
2438,HTML_PAGE_SELECT5_1_3_4_3,select5_1_3_4_3
2439,HTML_PAGE_SELECT5_1_3_4_4,select5_1_3_4_4
2440,HTML_PAGE_SELECT5_1_4,select5_1_4
2441,HTML_PAGE_SELECT5_1_4_1,select5_1_4_1
2442,HTML_PAGE_SELECT5_1_4_1_1,select5_1_4_1_1
2443,HTML_PAGE_SELECT5_1_4_1_2,select5_1_4_1_2
2444,HTML_PAGE_SELECT5_1_4_1_3,select5_1_4_1_3
2445,HTML_PAGE_SELECT5_1_4_1_4,select5_1_4_1_4
2446,HTML_PAGE_SELECT5_1_4_2,select5_1_4_2
2447,HTML_PAGE_SELECT5_1_4_2_1,select5_1_4_2_1
2448,HTML_PAGE_SELECT5_1_4_2_2,select5_1_4_2_2
2449,HTML_PAGE_SELECT5_1_4_2_3,select5_1_4_2_3
2450,HTML_PAGE_SELECT5_1_4_2_4,select5_1_4_2_4
2451,HTML_PAGE_SELECT5_1_4_3,select5_1_4_3
2452,HTML_PAGE_SELECT5_1_4_3_1,select5_1_4_3_1
2453,HTML_PAGE_SELECT5_1_4_3_2,select5_1_4_3_2
2454,HTML_PAGE_SELECT5_1_4_3_3,select5_1_4_3_3
2455,HTML_PAGE_SELECT5_1_4_3_4,select5_1_4_3_4
2456,HTML_PAGE_SELECT5_1_4_4,select5_1_4_4
2457,HTML_PAGE_SELECT5_1_4_4_1,select5_1_4_4_1
2458,HTML_PAGE_SELECT5_1_4_4_2,select5_1_4_4_2
2459,HTML_PAGE_SELECT5_1_4_4_3,select5_1_4_4_3
2460,HTML_PAGE_SELECT5_1_4_4_4,select5_1_4_4_4
2461,HTML_PAGE_SELECT5_2,select5_2
2462,HTML_PAGE_SELECT5_2_1,select5_2_1
2463,HTML_PAGE_SELECT5_2_1_1,select5_2_1_1
2464,HTML_PAGE_SELECT5_2_1_1_1,select5_2_1_1_1
2465,HTML_PAGE_SELECT5_2_1_1_2,select5_2_1_1_2
2466,HTML_PAGE_SELECT5_2_1_1_3,select5_2_1_1_3
2467,HTML_PAGE_SELECT5_2_1_1_4,select5_2_1_1_4
2468,HTML_PAGE_SELECT5_2_1_2,select5_2_1_2
2469,HTML_PAGE_SELECT5_2_1_2_1,select5_2_1_2_1
2470,HTML_PAGE_SELECT5_2_1_2_2,select5_2_1_2_2
2471,HTML_PAGE_SELECT5_2_1_2_3,select5_2_1_2_3
2472,HTML_PAGE_SELECT5_2_1_2_4,select5_2_1_2_4
2473,HTML_PAGE_SELECT5_2_1_3,select5_2_1_3
2474,HTML_PAGE_SELECT5_2_1_3_1,select5_2_1_3_1
2475,HTML_PAGE_SELECT5_2_1_3_2,select5_2_1_3_2
2476,HTML_PAGE_SELECT5_2_1_3_3,select5_2_1_3_3
2477,HTML_PAGE_SELECT5_2_1_3_4,select5_2_1_3_4
2478,HTML_PAGE_SELECT5_2_1_4,select5_2_1_4
2479,HTML_PAGE_SELECT5_2_1_4_1,select5_2_1_4_1
2480,HTML_PAGE_SELECT5_2_1_4_2,select5_2_1_4_2
2481,HTML_PAGE_SELECT5_2_1_4_3,select5_2_1_4_3
2482,HTML_PAGE_SELECT5_2_1_4_4,select5_2_1_4_4
2483,HTML_PAGE_SELECT5_2_2,select5_2_2
2484,HTML_PAGE_SELECT5_2_2_1,select5_2_2_1
2485,HTML_PAGE_SELECT5_2_2_1_1,select5_2_2_1_1
2486,HTML_PAGE_SELECT5_2_2_1_2,select5_2_2_1_2
2487,HTML_PAGE_SELECT5_2_2_1_3,select5_2_2_1_3
2488,HTML_PAGE_SELECT5_2_2_1_4,select5_2_2_1_4
2489,HTML_PAGE_SELECT5_2_2_2,select5_2_2_2
2490,HTML_PAGE_SELECT5_2_2_2_1,select5_2_2_2_1
2491,HTML_PAGE_SELECT5_2_2_2_2,select5_2_2_2_2
2492,HTML_PAGE_SELECT5_2_2_2_3,select5_2_2_2_3
2493,HTML_PAGE_SELECT5_2_2_2_4,select5_2_2_2_4
2494,HTML_PAGE_SELECT5_2_2_3,select5_2_2_3
2495,HTML_PAGE_SELECT5_2_2_3_1,select5_2_2_3_1
2496,HTML_PAGE_SELECT5_2_2_3_2,select5_2_2_3_2
2497,HTML_PAGE_SELECT5_2_2_3_3,select5_2_2_3_3
2498,HTML_PAGE_SELECT5_2_2_3_4,select5_2_2_3_4
2499,HTML_PAGE_SELECT5_2_2_4,select5_2_2_4
2500,HTML_PAGE_SELECT5_2_2_4_1,select5_2_2_4_1
2501,HTML_PAGE_SELECT5_2_2_4_2,select5_2_2_4_2
2502,HTML_PAGE_SELECT5_2_2_4_3,select5_2_2_4_3
2503,HTML_PAGE_SELECT5_2_2_4_4,select5_2_2_4_4
2504,HTML_PAGE_SELECT5_2_3,select5_2_3
2505,HTML_PAGE_SELECT5_2_3_1,select5_2_3_1
2506,HTML_PAGE_SELECT5_2_3_1_1,select5_2_3_1_1
2507,HTML_PAGE_SELECT5_2_3_1_2,select5_2_3_1_2
2508,HTML_PAGE_SELECT5_2_3_1_3,select5_2_3_1_3
2509,HTML_PAGE_SELECT5_2_3_1_4,select5_2_3_1_4
2510,HTML_PAGE_SELECT5_2_3_2,select5_2_3_2
2511,HTML_PAGE_SELECT5_2_3_2_1,select5_2_3_2_1
2512,HTML_PAGE_SELECT5_2_3_2_2,select5_2_3_2_2
2513,HTML_PAGE_SELECT5_2_3_2_3,select5_2_3_2_3
2514,HTML_PAGE_SELECT5_2_3_2_4,select5_2_3_2_4
2515,HTML_PAGE_SELECT5_2_3_3,select5_2_3_3
2516,HTML_PAGE_SELECT5_2_3_3_1,select5_2_3_3_1
2517,HTML_PAGE_SELECT5_2_3_3_2,select5_2_3_3_2
2518,HTML_PAGE_SELECT5_2_3_3_3,select5_2_3_3_3
2519,HTML_PAGE_SELECT5_2_3_3_4,select5_2_3_3_4
2520,HTML_PAGE_SELECT5_2_3_4,select5_2_3_4
2521,HTML_PAGE_SELECT5_2_3_4_1,select5_2_3_4_1
2522,HTML_PAGE_SELECT5_2_3_4_2,select5_2_3_4_2
2523,HTML_PAGE_SELECT5_2_3_4_3,select5_2_3_4_3
2524,HTML_PAGE_SELECT5_2_3_4_4,select5_2_3_4_4
2525,HTML_PAGE_SELECT5_2_4,select5_2_4
2526,HTML_PAGE_SELECT5_2_4_1,select5_2_4_1
2527,HTML_PAGE_SELECT5_2_4_1_1,select5_2_4_1_1
2528,HTML_PAGE_SELECT5_2_4_1_2,select5_2_4_1_2
2529,HTML_PAGE_SELECT5_2_4_1_3,select5_2_4_1_3
2530,HTML_PAGE_SELECT5_2_4_1_4,select5_2_4_1_4
2531,HTML_PAGE_SELECT5_2_4_2,select5_2_4_2
2532,HTML_PAGE_SELECT5_2_4_2_1,select5_2_4_2_1
2533,HTML_PAGE_SELECT5_2_4_2_2,select5_2_4_2_2
2534,HTML_PAGE_SELECT5_2_4_2_3,select5_2_4_2_3
2535,HTML_PAGE_SELECT5_2_4_2_4,select5_2_4_2_4
2536,HTML_PAGE_SELECT5_2_4_3,select5_2_4_3
2537,HTML_PAGE_SELECT5_2_4_3_1,select5_2_4_3_1
2538,HTML_PAGE_SELECT5_2_4_3_2,select5_2_4_3_2
2539,HTML_PAGE_SELECT5_2_4_3_3,select5_2_4_3_3
2540,HTML_PAGE_SELECT5_2_4_3_4,select5_2_4_3_4
2541,HTML_PAGE_SELECT5_2_4_4,select5_2_4_4
2542,HTML_PAGE_SELECT5_2_4_4_1,select5_2_4_4_1
2543,HTML_PAGE_SELECT5_2_4_4_2,select5_2_4_4_2
2544,HTML_PAGE_SELECT5_2_4_4_3,select5_2_4_4_3
2545,HTML_PAGE_SELECT5_2_4_4_4,select5_2_4_4_4
2546,HTML_PAGE_SELECT5_3,select5_3
2547,HTML_PAGE_SELECT5_3_1,select5_3_1
2548,HTML_PAGE_SELECT5_3_1_1,select5_3_1_1
2549,HTML_PAGE_SELECT5_3_1_1_1,select5_3_1_1_1
2550,HTML_PAGE_SELECT5_3_1_1_2,select5_3_1_1_2
2551,HTML_PAGE_SELECT5_3_1_1_3,select5_3_1_1_3
2552,HTML_PAGE_SELECT5_3_1_1_4,select5_3_1_1_4
2553,HTML_PAGE_SELECT5_3_1_2,select5_3_1_2
2554,HTML_PAGE_SELECT5_3_1_2_1,select5_3_1_2_1
2555,HTML_PAGE_SELECT5_3_1_2_2,select5_3_1_2_2
2556,HTML_PAGE_SELECT5_3_1_2_3,select5_3_1_2_3
2557,HTML_PAGE_SELECT5_3_1_2_4,select5_3_1_2_4
2558,HTML_PAGE_SELECT5_3_1_3,select5_3_1_3
2559,HTML_PAGE_SELECT5_3_1_3_1,select5_3_1_3_1
2560,HTML_PAGE_SELECT5_3_1_3_2,select5_3_1_3_2
2561,HTML_PAGE_SELECT5_3_1_3_3,select5_3_1_3_3
2562,HTML_PAGE_SELECT5_3_1_3_4,select5_3_1_3_4
2563,HTML_PAGE_SELECT5_3_1_4,select5_3_1_4
2564,HTML_PAGE_SELECT5_3_1_4_1,select5_3_1_4_1
2565,HTML_PAGE_SELECT5_3_1_4_2,select5_3_1_4_2
2566,HTML_PAGE_SELECT5_3_1_4_3,select5_3_1_4_3
2567,HTML_PAGE_SELECT5_3_1_4_4,select5_3_1_4_4
2568,HTML_PAGE_SELECT5_3_2,select5_3_2
2569,HTML_PAGE_SELECT5_3_2_1,select5_3_2_1
2570,HTML_PAGE_SELECT5_3_2_1_1,select5_3_2_1_1
2571,HTML_PAGE_SELECT5_3_2_1_2,select5_3_2_1_2
2572,HTML_PAGE_SELECT5_3_2_1_3,select5_3_2_1_3
2573,HTML_PAGE_SELECT5_3_2_1_4,select5_3_2_1_4
2574,HTML_PAGE_SELECT5_3_2_2,select5_3_2_2
2575,HTML_PAGE_SELECT5_3_2_2_1,select5_3_2_2_1
2576,HTML_PAGE_SELECT5_3_2_2_2,select5_3_2_2_2
2577,HTML_PAGE_SELECT5_3_2_2_3,select5_3_2_2_3
2578,HTML_PAGE_SELECT5_3_2_2_4,select5_3_2_2_4
2579,HTML_PAGE_SELECT5_3_2_3,select5_3_2_3
2580,HTML_PAGE_SELECT5_3_2_3_1,select5_3_2_3_1
2581,HTML_PAGE_SELECT5_3_2_3_2,select5_3_2_3_2
2582,HTML_PAGE_SELECT5_3_2_3_3,select5_3_2_3_3
2583,HTML_PAGE_SELECT5_3_2_3_4,select5_3_2_3_4
2584,HTML_PAGE_SELECT5_3_2_4,select5_3_2_4
2585,HTML_PAGE_SELECT5_3_2_4_1,select5_3_2_4_1
2586,HTML_PAGE_SELECT5_3_2_4_2,select5_3_2_4_2
2587,HTML_PAGE_SELECT5_3_2_4_3,select5_3_2_4_3
2588,HTML_PAGE_SELECT5_3_2_4_4,select5_3_2_4_4
2589,HTML_PAGE_SELECT5_3_3,select5_3_3
2590,HTML_PAGE_SELECT5_3_3_1,select5_3_3_1
2591,HTML_PAGE_SELECT5_3_3_1_1,select5_3_3_1_1
2592,HTML_PAGE_SELECT5_3_3_1_2,select5_3_3_1_2
2593,HTML_PAGE_SELECT5_3_3_1_3,select5_3_3_1_3
2594,HTML_PAGE_SELECT5_3_3_1_4,select5_3_3_1_4
2595,HTML_PAGE_SELECT5_3_3_2,select5_3_3_2
2596,HTML_PAGE_SELECT5_3_3_2_1,select5_3_3_2_1
2597,HTML_PAGE_SELECT5_3_3_2_2,select5_3_3_2_2
2598,HTML_PAGE_SELECT5_3_3_2_3,select5_3_3_2_3
2599,HTML_PAGE_SELECT5_3_3_2_4,select5_3_3_2_4
2600,HTML_PAGE_SELECT5_3_3_3,select5_3_3_3
2601,HTML_PAGE_SELECT5_3_3_3_1,select5_3_3_3_1
2602,HTML_PAGE_SELECT5_3_3_3_2,select5_3_3_3_2
2603,HTML_PAGE_SELECT5_3_3_3_3,select5_3_3_3_3
2604,HTML_PAGE_SELECT5_3_3_3_4,select5_3_3_3_4
2605,HTML_PAGE_SELECT5_3_3_4,select5_3_3_4
2606,HTML_PAGE_SELECT5_3_3_4_1,select5_3_3_4_1
2607,HTML_PAGE_SELECT5_3_3_4_2,select5_3_3_4_2
2608,HTML_PAGE_SELECT5_3_3_4_3,select5_3_3_4_3
2609,HTML_PAGE_SELECT5_3_3_4_4,select5_3_3_4_4
2610,HTML_PAGE_SELECT5_3_4,select5_3_4
2611,HTML_PAGE_SELECT5_3_4_1,select5_3_4_1
2612,HTML_PAGE_SELECT5_3_4_1_1,select5_3_4_1_1
2613,HTML_PAGE_SELECT5_3_4_1_2,select5_3_4_1_2
2614,HTML_PAGE_SELECT5_3_4_1_3,select5_3_4_1_3
2615,HTML_PAGE_SELECT5_3_4_1_4,select5_3_4_1_4
2616,HTML_PAGE_SELECT5_3_4_2,select5_3_4_2
2617,HTML_PAGE_SELECT5_3_4_2_1,select5_3_4_2_1
2618,HTML_PAGE_SELECT5_3_4_2_2,select5_3_4_2_2
2619,HTML_PAGE_SELECT5_3_4_2_3,select5_3_4_2_3
2620,HTML_PAGE_SELECT5_3_4_2_4,select5_3_4_2_4
2621,HTML_PAGE_SELECT5_3_4_3,select5_3_4_3
2622,HTML_PAGE_SELECT5_3_4_3_1,select5_3_4_3_1
2623,HTML_PAGE_SELECT5_3_4_3_2,select5_3_4_3_2
2624,HTML_PAGE_SELECT5_3_4_3_3,select5_3_4_3_3
2625,HTML_PAGE_SELECT5_3_4_3_4,select5_3_4_3_4
2626,HTML_PAGE_SELECT5_3_4_4,select5_3_4_4
2627,HTML_PAGE_SELECT5_3_4_4_1,select5_3_4_4_1
2628,HTML_PAGE_SELECT5_3_4_4_2,select5_3_4_4_2
2629,HTML_PAGE_SELECT5_3_4_4_3,select5_3_4_4_3
2630,HTML_PAGE_SELECT5_3_4_4_4,select5_3_4_4_4
2631,HTML_PAGE_SELECT5_4,select5_4
2632,HTML_PAGE_SELECT5_4_1,select5_4_1
2633,HTML_PAGE_SELECT5_4_1_1,select5_4_1_1
2634,HTML_PAGE_SELECT5_4_1_1_1,select5_4_1_1_1
2635,HTML_PAGE_SELECT5_4_1_1_2,select5_4_1_1_2
2636,HTML_PAGE_SELECT5_4_1_1_3,select5_4_1_1_3
2637,HTML_PAGE_SELECT5_4_1_1_4,select5_4_1_1_4
2638,HTML_PAGE_SELECT5_4_1_2,select5_4_1_2
2639,HTML_PAGE_SELECT5_4_1_2_1,select5_4_1_2_1
2640,HTML_PAGE_SELECT5_4_1_2_2,select5_4_1_2_2
2641,HTML_PAGE_SELECT5_4_1_2_3,select5_4_1_2_3
2642,HTML_PAGE_SELECT5_4_1_2_4,select5_4_1_2_4
2643,HTML_PAGE_SELECT5_4_1_3,select5_4_1_3
2644,HTML_PAGE_SELECT5_4_1_3_1,select5_4_1_3_1
2645,HTML_PAGE_SELECT5_4_1_3_2,select5_4_1_3_2
2646,HTML_PAGE_SELECT5_4_1_3_3,select5_4_1_3_3
2647,HTML_PAGE_SELECT5_4_1_3_4,select5_4_1_3_4
2648,HTML_PAGE_SELECT5_4_1_4,select5_4_1_4
2649,HTML_PAGE_SELECT5_4_1_4_1,select5_4_1_4_1
2650,HTML_PAGE_SELECT5_4_1_4_2,select5_4_1_4_2
2651,HTML_PAGE_SELECT5_4_1_4_3,select5_4_1_4_3
2652,HTML_PAGE_SELECT5_4_1_4_4,select5_4_1_4_4
2653,HTML_PAGE_SELECT5_4_2,select5_4_2
2654,HTML_PAGE_SELECT5_4_2_1,select5_4_2_1
2655,HTML_PAGE_SELECT5_4_2_1_1,select5_4_2_1_1
2656,HTML_PAGE_SELECT5_4_2_1_2,select5_4_2_1_2
2657,HTML_PAGE_SELECT5_4_2_1_3,select5_4_2_1_3
2658,HTML_PAGE_SELECT5_4_2_1_4,select5_4_2_1_4
2659,HTML_PAGE_SELECT5_4_2_2,select5_4_2_2
2660,HTML_PAGE_SELECT5_4_2_2_1,select5_4_2_2_1
2661,HTML_PAGE_SELECT5_4_2_2_2,select5_4_2_2_2
2662,HTML_PAGE_SELECT5_4_2_2_3,select5_4_2_2_3
2663,HTML_PAGE_SELECT5_4_2_2_4,select5_4_2_2_4
2664,HTML_PAGE_SELECT5_4_2_3,select5_4_2_3
2665,HTML_PAGE_SELECT5_4_2_3_1,select5_4_2_3_1
2666,HTML_PAGE_SELECT5_4_2_3_2,select5_4_2_3_2
2667,HTML_PAGE_SELECT5_4_2_3_3,select5_4_2_3_3
2668,HTML_PAGE_SELECT5_4_2_3_4,select5_4_2_3_4
2669,HTML_PAGE_SELECT5_4_2_4,select5_4_2_4
2670,HTML_PAGE_SELECT5_4_2_4_1,select5_4_2_4_1
2671,HTML_PAGE_SELECT5_4_2_4_2,select5_4_2_4_2
2672,HTML_PAGE_SELECT5_4_2_4_3,select5_4_2_4_3
2673,HTML_PAGE_SELECT5_4_2_4_4,select5_4_2_4_4
2674,HTML_PAGE_SELECT5_4_3,select5_4_3
2675,HTML_PAGE_SELECT5_4_3_1,select5_4_3_1
2676,HTML_PAGE_SELECT5_4_3_1_1,select5_4_3_1_1
2677,HTML_PAGE_SELECT5_4_3_1_2,select5_4_3_1_2
2678,HTML_PAGE_SELECT5_4_3_1_3,select5_4_3_1_3
2679,HTML_PAGE_SELECT5_4_3_1_4,select5_4_3_1_4
2680,HTML_PAGE_SELECT5_4_3_2,select5_4_3_2
2681,HTML_PAGE_SELECT5_4_3_2_1,select5_4_3_2_1
2682,HTML_PAGE_SELECT5_4_3_2_2,select5_4_3_2_2
2683,HTML_PAGE_SELECT5_4_3_2_3,select5_4_3_2_3
2684,HTML_PAGE_SELECT5_4_3_2_4,select5_4_3_2_4
2685,HTML_PAGE_SELECT5_4_3_3,select5_4_3_3
2686,HTML_PAGE_SELECT5_4_3_3_1,select5_4_3_3_1
2687,HTML_PAGE_SELECT5_4_3_3_2,select5_4_3_3_2
2688,HTML_PAGE_SELECT5_4_3_3_3,select5_4_3_3_3
2689,HTML_PAGE_SELECT5_4_3_3_4,select5_4_3_3_4
2690,HTML_PAGE_SELECT5_4_3_4,select5_4_3_4
2691,HTML_PAGE_SELECT5_4_3_4_1,select5_4_3_4_1
2692,HTML_PAGE_SELECT5_4_3_4_2,select5_4_3_4_2
2693,HTML_PAGE_SELECT5_4_3_4_3,select5_4_3_4_3
2694,HTML_PAGE_SELECT5_4_3_4_4,select5_4_3_4_4
2695,HTML_PAGE_SELECT5_4_4,select5_4_4
2696,HTML_PAGE_SELECT5_4_4_1,select5_4_4_1
2697,HTML_PAGE_SELECT5_4_4_1_1,select5_4_4_1_1
2698,HTML_PAGE_SELECT5_4_4_1_2,select5_4_4_1_2
2699,HTML_PAGE_SELECT5_4_4_1_3,select5_4_4_1_3
2700,HTML_PAGE_SELECT5_4_4_1_4,select5_4_4_1_4
2701,HTML_PAGE_SELECT5_4_4_2,select5_4_4_2
2702,HTML_PAGE_SELECT5_4_4_2_1,select5_4_4_2_1
2703,HTML_PAGE_SELECT5_4_4_2_2,select5_4_4_2_2
2704,HTML_PAGE_SELECT5_4_4_2_3,select5_4_4_2_3
2705,HTML_PAGE_SELECT5_4_4_2_4,select5_4_4_2_4
2706,HTML_PAGE_SELECT5_4_4_3,select5_4_4_3
2707,HTML_PAGE_SELECT5_4_4_3_1,select5_4_4_3_1
2708,HTML_PAGE_SELECT5_4_4_3_2,select5_4_4_3_2
2709,HTML_PAGE_SELECT5_4_4_3_3,select5_4_4_3_3
2710,HTML_PAGE_SELECT5_4_4_3_4,select5_4_4_3_4
2711,HTML_PAGE_SELECT5_4_4_4,select5_4_4_4
2712,HTML_PAGE_SELECT5_4_4_4_1,select5_4_4_4_1
2713,HTML_PAGE_SELECT5_4_4_4_2,select5_4_4_4_2
2714,HTML_PAGE_SELECT5_4_4_4_3,select5_4_4_4_3
2715,HTML_PAGE_SELECT5_4_4_4_4,select5_4_4_4_4
2716,HTML_PAGE_SELECT6,select6
2717,HTML_PAGE_SELECT6_1,select6_1
2718,HTML_PAGE_SELECT6_1_1,select6_1_1
2719,HTML_PAGE_SELECT6_1_1_1,select6_1_1_1
2720,HTML_PAGE_SELECT6_1_1_1_1,select6_1_1_1_1
2721,HTML_PAGE_SELECT6_1_1_1_2,select6_1_1_1_2
2722,HTML_PAGE_SELECT6_1_1_1_3,select6_1_1_1_3
2723,HTML_PAGE_SELECT6_1_1_1_4,select6_1_1_1_4
2724,HTML_PAGE_SELECT6_1_1_2,select6_1_1_2
2725,HTML_PAGE_SELECT6_1_1_2_1,select6_1_1_2_1
2726,HTML_PAGE_SELECT6_1_1_2_2,select6_1_1_2_2
2727,HTML_PAGE_SELECT6_1_1_2_3,select6_1_1_2_3
2728,HTML_PAGE_SELECT6_1_1_2_4,select6_1_1_2_4
2729,HTML_PAGE_SELECT6_1_1_3,select6_1_1_3
2730,HTML_PAGE_SELECT6_1_1_3_1,select6_1_1_3_1
2731,HTML_PAGE_SELECT6_1_1_3_2,select6_1_1_3_2
2732,HTML_PAGE_SELECT6_1_1_3_3,select6_1_1_3_3
2733,HTML_PAGE_SELECT6_1_1_3_4,select6_1_1_3_4
2734,HTML_PAGE_SELECT6_1_1_4,select6_1_1_4
2735,HTML_PAGE_SELECT6_1_1_4_1,select6_1_1_4_1
2736,HTML_PAGE_SELECT6_1_1_4_2,select6_1_1_4_2
2737,HTML_PAGE_SELECT6_1_1_4_3,select6_1_1_4_3
2738,HTML_PAGE_SELECT6_1_1_4_4,select6_1_1_4_4
2739,HTML_PAGE_SELECT6_1_2,select6_1_2
2740,HTML_PAGE_SELECT6_1_2_1,select6_1_2_1
2741,HTML_PAGE_SELECT6_1_2_1_1,select6_1_2_1_1
2742,HTML_PAGE_SELECT6_1_2_1_2,select6_1_2_1_2
2743,HTML_PAGE_SELECT6_1_2_1_3,select6_1_2_1_3
2744,HTML_PAGE_SELECT6_1_2_1_4,select6_1_2_1_4
2745,HTML_PAGE_SELECT6_1_2_2,select6_1_2_2
2746,HTML_PAGE_SELECT6_1_2_2_1,select6_1_2_2_1
2747,HTML_PAGE_SELECT6_1_2_2_2,select6_1_2_2_2
2748,HTML_PAGE_SELECT6_1_2_2_3,select6_1_2_2_3
2749,HTML_PAGE_SELECT6_1_2_2_4,select6_1_2_2_4
2750,HTML_PAGE_SELECT6_1_2_3,select6_1_2_3
2751,HTML_PAGE_SELECT6_1_2_3_1,select6_1_2_3_1
2752,HTML_PAGE_SELECT6_1_2_3_2,select6_1_2_3_2
2753,HTML_PAGE_SELECT6_1_2_3_3,select6_1_2_3_3
2754,HTML_PAGE_SELECT6_1_2_3_4,select6_1_2_3_4
2755,HTML_PAGE_SELECT6_1_2_4,select6_1_2_4
2756,HTML_PAGE_SELECT6_1_2_4_1,select6_1_2_4_1
2757,HTML_PAGE_SELECT6_1_2_4_2,select6_1_2_4_2
2758,HTML_PAGE_SELECT6_1_2_4_3,select6_1_2_4_3
2759,HTML_PAGE_SELECT6_1_2_4_4,select6_1_2_4_4
2760,HTML_PAGE_SELECT6_1_3,select6_1_3
2761,HTML_PAGE_SELECT6_1_3_1,select6_1_3_1
2762,HTML_PAGE_SELECT6_1_3_1_1,select6_1_3_1_1
2763,HTML_PAGE_SELECT6_1_3_1_2,select6_1_3_1_2
2764,HTML_PAGE_SELECT6_1_3_1_3,select6_1_3_1_3
2765,HTML_PAGE_SELECT6_1_3_1_4,select6_1_3_1_4
2766,HTML_PAGE_SELECT6_1_3_2,select6_1_3_2
2767,HTML_PAGE_SELECT6_1_3_2_1,select6_1_3_2_1
2768,HTML_PAGE_SELECT6_1_3_2_2,select6_1_3_2_2
2769,HTML_PAGE_SELECT6_1_3_2_3,select6_1_3_2_3
2770,HTML_PAGE_SELECT6_1_3_2_4,select6_1_3_2_4
2771,HTML_PAGE_SELECT6_1_3_3,select6_1_3_3
2772,HTML_PAGE_SELECT6_1_3_3_1,select6_1_3_3_1
2773,HTML_PAGE_SELECT6_1_3_3_2,select6_1_3_3_2
2774,HTML_PAGE_SELECT6_1_3_3_3,select6_1_3_3_3
2775,HTML_PAGE_SELECT6_1_3_3_4,select6_1_3_3_4
2776,HTML_PAGE_SELECT6_1_3_4,select6_1_3_4
2777,HTML_PAGE_SELECT6_1_3_4_1,select6_1_3_4_1
2778,HTML_PAGE_SELECT6_1_3_4_2,select6_1_3_4_2
2779,HTML_PAGE_SELECT6_1_3_4_3,select6_1_3_4_3
2780,HTML_PAGE_SELECT6_1_3_4_4,select6_1_3_4_4
2781,HTML_PAGE_SELECT6_1_4,select6_1_4
2782,HTML_PAGE_SELECT6_1_4_1,select6_1_4_1
2783,HTML_PAGE_SELECT6_1_4_1_1,select6_1_4_1_1
2784,HTML_PAGE_SELECT6_1_4_1_2,select6_1_4_1_2
2785,HTML_PAGE_SELECT6_1_4_1_3,select6_1_4_1_3
2786,HTML_PAGE_SELECT6_1_4_1_4,select6_1_4_1_4
2787,HTML_PAGE_SELECT6_1_4_2,select6_1_4_2
2788,HTML_PAGE_SELECT6_1_4_2_1,select6_1_4_2_1
2789,HTML_PAGE_SELECT6_1_4_2_2,select6_1_4_2_2
2790,HTML_PAGE_SELECT6_1_4_2_3,select6_1_4_2_3
2791,HTML_PAGE_SELECT6_1_4_2_4,select6_1_4_2_4
2792,HTML_PAGE_SELECT6_1_4_3,select6_1_4_3
2793,HTML_PAGE_SELECT6_1_4_3_1,select6_1_4_3_1
2794,HTML_PAGE_SELECT6_1_4_3_2,select6_1_4_3_2
2795,HTML_PAGE_SELECT6_1_4_3_3,select6_1_4_3_3
2796,HTML_PAGE_SELECT6_1_4_3_4,select6_1_4_3_4
2797,HTML_PAGE_SELECT6_1_4_4,select6_1_4_4
2798,HTML_PAGE_SELECT6_1_4_4_1,select6_1_4_4_1
2799,HTML_PAGE_SELECT6_1_4_4_2,select6_1_4_4_2
2800,HTML_PAGE_SELECT6_1_4_4_3,select6_1_4_4_3
2801,HTML_PAGE_SELECT6_1_4_4_4,select6_1_4_4_4
2802,HTML_PAGE_SELECT6_2,select6_2
2803,HTML_PAGE_SELECT6_2_1,select6_2_1
2804,HTML_PAGE_SELECT6_2_1_1,select6_2_1_1
2805,HTML_PAGE_SELECT6_2_1_1_1,select6_2_1_1_1
2806,HTML_PAGE_SELECT6_2_1_1_2,select6_2_1_1_2
2807,HTML_PAGE_SELECT6_2_1_1_3,select6_2_1_1_3
2808,HTML_PAGE_SELECT6_2_1_1_4,select6_2_1_1_4
2809,HTML_PAGE_SELECT6_2_1_2,select6_2_1_2
2810,HTML_PAGE_SELECT6_2_1_2_1,select6_2_1_2_1
2811,HTML_PAGE_SELECT6_2_1_2_2,select6_2_1_2_2
2812,HTML_PAGE_SELECT6_2_1_2_3,select6_2_1_2_3
2813,HTML_PAGE_SELECT6_2_1_2_4,select6_2_1_2_4
2814,HTML_PAGE_SELECT6_2_1_3,select6_2_1_3
2815,HTML_PAGE_SELECT6_2_1_3_1,select6_2_1_3_1
2816,HTML_PAGE_SELECT6_2_1_3_2,select6_2_1_3_2
2817,HTML_PAGE_SELECT6_2_1_3_3,select6_2_1_3_3
2818,HTML_PAGE_SELECT6_2_1_3_4,select6_2_1_3_4
2819,HTML_PAGE_SELECT6_2_1_4,select6_2_1_4
2820,HTML_PAGE_SELECT6_2_1_4_1,select6_2_1_4_1
2821,HTML_PAGE_SELECT6_2_1_4_2,select6_2_1_4_2
2822,HTML_PAGE_SELECT6_2_1_4_3,select6_2_1_4_3
2823,HTML_PAGE_SELECT6_2_1_4_4,select6_2_1_4_4
2824,HTML_PAGE_SELECT6_2_2,select6_2_2
2825,HTML_PAGE_SELECT6_2_2_1,select6_2_2_1
2826,HTML_PAGE_SELECT6_2_2_1_1,select6_2_2_1_1
2827,HTML_PAGE_SELECT6_2_2_1_2,select6_2_2_1_2
2828,HTML_PAGE_SELECT6_2_2_1_3,select6_2_2_1_3
2829,HTML_PAGE_SELECT6_2_2_1_4,select6_2_2_1_4
2830,HTML_PAGE_SELECT6_2_2_2,select6_2_2_2
2831,HTML_PAGE_SELECT6_2_2_2_1,select6_2_2_2_1
2832,HTML_PAGE_SELECT6_2_2_2_2,select6_2_2_2_2
2833,HTML_PAGE_SELECT6_2_2_2_3,select6_2_2_2_3
2834,HTML_PAGE_SELECT6_2_2_2_4,select6_2_2_2_4
2835,HTML_PAGE_SELECT6_2_2_3,select6_2_2_3
2836,HTML_PAGE_SELECT6_2_2_3_1,select6_2_2_3_1
2837,HTML_PAGE_SELECT6_2_2_3_2,select6_2_2_3_2
2838,HTML_PAGE_SELECT6_2_2_3_3,select6_2_2_3_3
2839,HTML_PAGE_SELECT6_2_2_3_4,select6_2_2_3_4
2840,HTML_PAGE_SELECT6_2_2_4,select6_2_2_4
2841,HTML_PAGE_SELECT6_2_2_4_1,select6_2_2_4_1
2842,HTML_PAGE_SELECT6_2_2_4_2,select6_2_2_4_2
2843,HTML_PAGE_SELECT6_2_2_4_3,select6_2_2_4_3
2844,HTML_PAGE_SELECT6_2_2_4_4,select6_2_2_4_4
2845,HTML_PAGE_SELECT6_2_3,select6_2_3
2846,HTML_PAGE_SELECT6_2_3_1,select6_2_3_1
2847,HTML_PAGE_SELECT6_2_3_1_1,select6_2_3_1_1
2848,HTML_PAGE_SELECT6_2_3_1_2,select6_2_3_1_2
2849,HTML_PAGE_SELECT6_2_3_1_3,select6_2_3_1_3
2850,HTML_PAGE_SELECT6_2_3_1_4,select6_2_3_1_4
2851,HTML_PAGE_SELECT6_2_3_2,select6_2_3_2
2852,HTML_PAGE_SELECT6_2_3_2_1,select6_2_3_2_1
2853,HTML_PAGE_SELECT6_2_3_2_2,select6_2_3_2_2
2854,HTML_PAGE_SELECT6_2_3_2_3,select6_2_3_2_3
2855,HTML_PAGE_SELECT6_2_3_2_4,select6_2_3_2_4
2856,HTML_PAGE_SELECT6_2_3_3,select6_2_3_3
2857,HTML_PAGE_SELECT6_2_3_3_1,select6_2_3_3_1
2858,HTML_PAGE_SELECT6_2_3_3_2,select6_2_3_3_2
2859,HTML_PAGE_SELECT6_2_3_3_3,select6_2_3_3_3
2860,HTML_PAGE_SELECT6_2_3_3_4,select6_2_3_3_4
2861,HTML_PAGE_SELECT6_2_3_4,select6_2_3_4
2862,HTML_PAGE_SELECT6_2_3_4_1,select6_2_3_4_1
2863,HTML_PAGE_SELECT6_2_3_4_2,select6_2_3_4_2
2864,HTML_PAGE_SELECT6_2_3_4_3,select6_2_3_4_3
2865,HTML_PAGE_SELECT6_2_3_4_4,select6_2_3_4_4
2866,HTML_PAGE_SELECT6_2_4,select6_2_4
2867,HTML_PAGE_SELECT6_2_4_1,select6_2_4_1
2868,HTML_PAGE_SELECT6_2_4_1_1,select6_2_4_1_1
2869,HTML_PAGE_SELECT6_2_4_1_2,select6_2_4_1_2
2870,HTML_PAGE_SELECT6_2_4_1_3,select6_2_4_1_3
2871,HTML_PAGE_SELECT6_2_4_1_4,select6_2_4_1_4
2872,HTML_PAGE_SELECT6_2_4_2,select6_2_4_2
2873,HTML_PAGE_SELECT6_2_4_2_1,select6_2_4_2_1
2874,HTML_PAGE_SELECT6_2_4_2_2,select6_2_4_2_2
2875,HTML_PAGE_SELECT6_2_4_2_3,select6_2_4_2_3
2876,HTML_PAGE_SELECT6_2_4_2_4,select6_2_4_2_4
2877,HTML_PAGE_SELECT6_2_4_3,select6_2_4_3
2878,HTML_PAGE_SELECT6_2_4_3_1,select6_2_4_3_1
2879,HTML_PAGE_SELECT6_2_4_3_2,select6_2_4_3_2
2880,HTML_PAGE_SELECT6_2_4_3_3,select6_2_4_3_3
2881,HTML_PAGE_SELECT6_2_4_3_4,select6_2_4_3_4
2882,HTML_PAGE_SELECT6_2_4_4,select6_2_4_4
2883,HTML_PAGE_SELECT6_2_4_4_1,select6_2_4_4_1
2884,HTML_PAGE_SELECT6_2_4_4_2,select6_2_4_4_2
2885,HTML_PAGE_SELECT6_2_4_4_3,select6_2_4_4_3
2886,HTML_PAGE_SELECT6_2_4_4_4,select6_2_4_4_4
2887,HTML_PAGE_SELECT6_3,select6_3
2888,HTML_PAGE_SELECT6_3_1,select6_3_1
2889,HTML_PAGE_SELECT6_3_1_1,select6_3_1_1
2890,HTML_PAGE_SELECT6_3_1_1_1,select6_3_1_1_1
2891,HTML_PAGE_SELECT6_3_1_1_2,select6_3_1_1_2
2892,HTML_PAGE_SELECT6_3_1_1_3,select6_3_1_1_3
2893,HTML_PAGE_SELECT6_3_1_1_4,select6_3_1_1_4
2894,HTML_PAGE_SELECT6_3_1_2,select6_3_1_2
2895,HTML_PAGE_SELECT6_3_1_2_1,select6_3_1_2_1
2896,HTML_PAGE_SELECT6_3_1_2_2,select6_3_1_2_2
2897,HTML_PAGE_SELECT6_3_1_2_3,select6_3_1_2_3
2898,HTML_PAGE_SELECT6_3_1_2_4,select6_3_1_2_4
2899,HTML_PAGE_SELECT6_3_1_3,select6_3_1_3
2900,HTML_PAGE_SELECT6_3_1_3_1,select6_3_1_3_1
2901,HTML_PAGE_SELECT6_3_1_3_2,select6_3_1_3_2
2902,HTML_PAGE_SELECT6_3_1_3_3,select6_3_1_3_3
2903,HTML_PAGE_SELECT6_3_1_3_4,select6_3_1_3_4
2904,HTML_PAGE_SELECT6_3_1_4,select6_3_1_4
2905,HTML_PAGE_SELECT6_3_1_4_1,select6_3_1_4_1
2906,HTML_PAGE_SELECT6_3_1_4_2,select6_3_1_4_2
2907,HTML_PAGE_SELECT6_3_1_4_3,select6_3_1_4_3
2908,HTML_PAGE_SELECT6_3_1_4_4,select6_3_1_4_4
2909,HTML_PAGE_SELECT6_3_2,select6_3_2
2910,HTML_PAGE_SELECT6_3_2_1,select6_3_2_1
2911,HTML_PAGE_SELECT6_3_2_1_1,select6_3_2_1_1
2912,HTML_PAGE_SELECT6_3_2_1_2,select6_3_2_1_2
2913,HTML_PAGE_SELECT6_3_2_1_3,select6_3_2_1_3
2914,HTML_PAGE_SELECT6_3_2_1_4,select6_3_2_1_4
2915,HTML_PAGE_SELECT6_3_2_2,select6_3_2_2
2916,HTML_PAGE_SELECT6_3_2_2_1,select6_3_2_2_1
2917,HTML_PAGE_SELECT6_3_2_2_2,select6_3_2_2_2
2918,HTML_PAGE_SELECT6_3_2_2_3,select6_3_2_2_3
2919,HTML_PAGE_SELECT6_3_2_2_4,select6_3_2_2_4
2920,HTML_PAGE_SELECT6_3_2_3,select6_3_2_3
2921,HTML_PAGE_SELECT6_3_2_3_1,select6_3_2_3_1
2922,HTML_PAGE_SELECT6_3_2_3_2,select6_3_2_3_2
2923,HTML_PAGE_SELECT6_3_2_3_3,select6_3_2_3_3
2924,HTML_PAGE_SELECT6_3_2_3_4,select6_3_2_3_4
2925,HTML_PAGE_SELECT6_3_2_4,select6_3_2_4
2926,HTML_PAGE_SELECT6_3_2_4_1,select6_3_2_4_1
2927,HTML_PAGE_SELECT6_3_2_4_2,select6_3_2_4_2
2928,HTML_PAGE_SELECT6_3_2_4_3,select6_3_2_4_3
2929,HTML_PAGE_SELECT6_3_2_4_4,select6_3_2_4_4
2930,HTML_PAGE_SELECT6_3_3,select6_3_3
2931,HTML_PAGE_SELECT6_3_3_1,select6_3_3_1
2932,HTML_PAGE_SELECT6_3_3_1_1,select6_3_3_1_1
2933,HTML_PAGE_SELECT6_3_3_1_2,select6_3_3_1_2
2934,HTML_PAGE_SELECT6_3_3_1_3,select6_3_3_1_3
2935,HTML_PAGE_SELECT6_3_3_1_4,select6_3_3_1_4
2936,HTML_PAGE_SELECT6_3_3_2,select6_3_3_2
2937,HTML_PAGE_SELECT6_3_3_2_1,select6_3_3_2_1
2938,HTML_PAGE_SELECT6_3_3_2_2,select6_3_3_2_2
2939,HTML_PAGE_SELECT6_3_3_2_3,select6_3_3_2_3
2940,HTML_PAGE_SELECT6_3_3_2_4,select6_3_3_2_4
2941,HTML_PAGE_SELECT6_3_3_3,select6_3_3_3
2942,HTML_PAGE_SELECT6_3_3_3_1,select6_3_3_3_1
2943,HTML_PAGE_SELECT6_3_3_3_2,select6_3_3_3_2
2944,HTML_PAGE_SELECT6_3_3_3_3,select6_3_3_3_3
2945,HTML_PAGE_SELECT6_3_3_3_4,select6_3_3_3_4
2946,HTML_PAGE_SELECT6_3_3_4,select6_3_3_4
2947,HTML_PAGE_SELECT6_3_3_4_1,select6_3_3_4_1
2948,HTML_PAGE_SELECT6_3_3_4_2,select6_3_3_4_2
2949,HTML_PAGE_SELECT6_3_3_4_3,select6_3_3_4_3
2950,HTML_PAGE_SELECT6_3_3_4_4,select6_3_3_4_4
2951,HTML_PAGE_SELECT6_3_4,select6_3_4
2952,HTML_PAGE_SELECT6_3_4_1,select6_3_4_1
2953,HTML_PAGE_SELECT6_3_4_1_1,select6_3_4_1_1
2954,HTML_PAGE_SELECT6_3_4_1_2,select6_3_4_1_2
2955,HTML_PAGE_SELECT6_3_4_1_3,select6_3_4_1_3
2956,HTML_PAGE_SELECT6_3_4_1_4,select6_3_4_1_4
2957,HTML_PAGE_SELECT6_3_4_2,select6_3_4_2
2958,HTML_PAGE_SELECT6_3_4_2_1,select6_3_4_2_1
2959,HTML_PAGE_SELECT6_3_4_2_2,select6_3_4_2_2
2960,HTML_PAGE_SELECT6_3_4_2_3,select6_3_4_2_3
2961,HTML_PAGE_SELECT6_3_4_2_4,select6_3_4_2_4
2962,HTML_PAGE_SELECT6_3_4_3,select6_3_4_3
2963,HTML_PAGE_SELECT6_3_4_3_1,select6_3_4_3_1
2964,HTML_PAGE_SELECT6_3_4_3_2,select6_3_4_3_2
2965,HTML_PAGE_SELECT6_3_4_3_3,select6_3_4_3_3
2966,HTML_PAGE_SELECT6_3_4_3_4,select6_3_4_3_4
2967,HTML_PAGE_SELECT6_3_4_4,select6_3_4_4
2968,HTML_PAGE_SELECT6_3_4_4_1,select6_3_4_4_1
2969,HTML_PAGE_SELECT6_3_4_4_2,select6_3_4_4_2
2970,HTML_PAGE_SELECT6_3_4_4_3,select6_3_4_4_3
2971,HTML_PAGE_SELECT6_3_4_4_4,select6_3_4_4_4
2972,HTML_PAGE_SELECT6_4,select6_4
2973,HTML_PAGE_SELECT6_4_1,select6_4_1
2974,HTML_PAGE_SELECT6_4_1_1,select6_4_1_1
2975,HTML_PAGE_SELECT6_4_1_1_1,select6_4_1_1_1
2976,HTML_PAGE_SELECT6_4_1_1_2,select6_4_1_1_2
2977,HTML_PAGE_SELECT6_4_1_1_3,select6_4_1_1_3
2978,HTML_PAGE_SELECT6_4_1_1_4,select6_4_1_1_4
2979,HTML_PAGE_SELECT6_4_1_2,select6_4_1_2
2980,HTML_PAGE_SELECT6_4_1_2_1,select6_4_1_2_1
2981,HTML_PAGE_SELECT6_4_1_2_2,select6_4_1_2_2
2982,HTML_PAGE_SELECT6_4_1_2_3,select6_4_1_2_3
2983,HTML_PAGE_SELECT6_4_1_2_4,select6_4_1_2_4
2984,HTML_PAGE_SELECT6_4_1_3,select6_4_1_3
2985,HTML_PAGE_SELECT6_4_1_3_1,select6_4_1_3_1
2986,HTML_PAGE_SELECT6_4_1_3_2,select6_4_1_3_2
2987,HTML_PAGE_SELECT6_4_1_3_3,select6_4_1_3_3
2988,HTML_PAGE_SELECT6_4_1_3_4,select6_4_1_3_4
2989,HTML_PAGE_SELECT6_4_1_4,select6_4_1_4
2990,HTML_PAGE_SELECT6_4_1_4_1,select6_4_1_4_1
2991,HTML_PAGE_SELECT6_4_1_4_2,select6_4_1_4_2
2992,HTML_PAGE_SELECT6_4_1_4_3,select6_4_1_4_3
2993,HTML_PAGE_SELECT6_4_1_4_4,select6_4_1_4_4
2994,HTML_PAGE_SELECT6_4_2,select6_4_2
2995,HTML_PAGE_SELECT6_4_2_1,select6_4_2_1
2996,HTML_PAGE_SELECT6_4_2_1_1,select6_4_2_1_1
2997,HTML_PAGE_SELECT6_4_2_1_2,select6_4_2_1_2
2998,HTML_PAGE_SELECT6_4_2_1_3,select6_4_2_1_3
2999,HTML_PAGE_SELECT6_4_2_1_4,select6_4_2_1_4
3000,HTML_PAGE_SELECT6_4_2_2,select6_4_2_2
3001,HTML_PAGE_SELECT6_4_2_2_1,select6_4_2_2_1
3002,HTML_PAGE_SELECT6_4_2_2_2,select6_4_2_2_2
3003,HTML_PAGE_SELECT6_4_2_2_3,select6_4_2_2_3
3004,HTML_PAGE_SELECT6_4_2_2_4,select6_4_2_2_4
3005,HTML_PAGE_SELECT6_4_2_3,select6_4_2_3
3006,HTML_PAGE_SELECT6_4_2_3_1,select6_4_2_3_1
3007,HTML_PAGE_SELECT6_4_2_3_2,select6_4_2_3_2
3008,HTML_PAGE_SELECT6_4_2_3_3,select6_4_2_3_3
3009,HTML_PAGE_SELECT6_4_2_3_4,select6_4_2_3_4
3010,HTML_PAGE_SELECT6_4_2_4,select6_4_2_4
3011,HTML_PAGE_SELECT6_4_2_4_1,select6_4_2_4_1
3012,HTML_PAGE_SELECT6_4_2_4_2,select6_4_2_4_2
3013,HTML_PAGE_SELECT6_4_2_4_3,select6_4_2_4_3
3014,HTML_PAGE_SELECT6_4_2_4_4,select6_4_2_4_4
3015,HTML_PAGE_SELECT6_4_3,select6_4_3
3016,HTML_PAGE_SELECT6_4_3_1,select6_4_3_1
3017,HTML_PAGE_SELECT6_4_3_1_1,select6_4_3_1_1
3018,HTML_PAGE_SELECT6_4_3_1_2,select6_4_3_1_2
3019,HTML_PAGE_SELECT6_4_3_1_3,select6_4_3_1_3
3020,HTML_PAGE_SELECT6_4_3_1_4,select6_4_3_1_4
3021,HTML_PAGE_SELECT6_4_3_2,select6_4_3_2
3022,HTML_PAGE_SELECT6_4_3_2_1,select6_4_3_2_1
3023,HTML_PAGE_SELECT6_4_3_2_2,select6_4_3_2_2
3024,HTML_PAGE_SELECT6_4_3_2_3,select6_4_3_2_3
3025,HTML_PAGE_SELECT6_4_3_2_4,select6_4_3_2_4
3026,HTML_PAGE_SELECT6_4_3_3,select6_4_3_3
3027,HTML_PAGE_SELECT6_4_3_3_1,select6_4_3_3_1
3028,HTML_PAGE_SELECT6_4_3_3_2,select6_4_3_3_2
3029,HTML_PAGE_SELECT6_4_3_3_3,select6_4_3_3_3
3030,HTML_PAGE_SELECT6_4_3_3_4,select6_4_3_3_4
3031,HTML_PAGE_SELECT6_4_3_4,select6_4_3_4
3032,HTML_PAGE_SELECT6_4_3_4_1,select6_4_3_4_1
3033,HTML_PAGE_SELECT6_4_3_4_2,select6_4_3_4_2
3034,HTML_PAGE_SELECT6_4_3_4_3,select6_4_3_4_3
3035,HTML_PAGE_SELECT6_4_3_4_4,select6_4_3_4_4
3036,HTML_PAGE_SELECT6_4_4,select6_4_4
3037,HTML_PAGE_SELECT6_4_4_1,select6_4_4_1
3038,HTML_PAGE_SELECT6_4_4_1_1,select6_4_4_1_1
3039,HTML_PAGE_SELECT6_4_4_1_2,select6_4_4_1_2
3040,HTML_PAGE_SELECT6_4_4_1_3,select6_4_4_1_3
3041,HTML_PAGE_SELECT6_4_4_1_4,select6_4_4_1_4
3042,HTML_PAGE_SELECT6_4_4_2,select6_4_4_2
3043,HTML_PAGE_SELECT6_4_4_2_1,select6_4_4_2_1
3044,HTML_PAGE_SELECT6_4_4_2_2,select6_4_4_2_2
3045,HTML_PAGE_SELECT6_4_4_2_3,select6_4_4_2_3
3046,HTML_PAGE_SELECT6_4_4_2_4,select6_4_4_2_4
3047,HTML_PAGE_SELECT6_4_4_3,select6_4_4_3
3048,HTML_PAGE_SELECT6_4_4_3_1,select6_4_4_3_1
3049,HTML_PAGE_SELECT6_4_4_3_2,select6_4_4_3_2
3050,HTML_PAGE_SELECT6_4_4_3_3,select6_4_4_3_3
3051,HTML_PAGE_SELECT6_4_4_3_4,select6_4_4_3_4
3052,HTML_PAGE_SELECT6_4_4_4,select6_4_4_4
3053,HTML_PAGE_SELECT6_4_4_4_1,select6_4_4_4_1
3054,HTML_PAGE_SELECT6_4_4_4_2,select6_4_4_4_2
3055,HTML_PAGE_SELECT6_4_4_4_3,select6_4_4_4_3
3056,HTML_PAGE_SELECT6_4_4_4_4,select6_4_4_4_4
3057,HTML_PAGE_SELECT7,select7
3058,HTML_PAGE_SELECT7_1,select7_1
3059,HTML_PAGE_SELECT7_1_1,select7_1_1
3060,HTML_PAGE_SELECT7_1_1_1,select7_1_1_1
3061,HTML_PAGE_SELECT7_1_1_1_1,select7_1_1_1_1
3062,HTML_PAGE_SELECT7_1_1_1_2,select7_1_1_1_2
3063,HTML_PAGE_SELECT7_1_1_1_3,select7_1_1_1_3
3064,HTML_PAGE_SELECT7_1_1_1_4,select7_1_1_1_4
3065,HTML_PAGE_SELECT7_1_1_2,select7_1_1_2
3066,HTML_PAGE_SELECT7_1_1_2_1,select7_1_1_2_1
3067,HTML_PAGE_SELECT7_1_1_2_2,select7_1_1_2_2
3068,HTML_PAGE_SELECT7_1_1_2_3,select7_1_1_2_3
3069,HTML_PAGE_SELECT7_1_1_2_4,select7_1_1_2_4
3070,HTML_PAGE_SELECT7_1_1_3,select7_1_1_3
3071,HTML_PAGE_SELECT7_1_1_3_1,select7_1_1_3_1
3072,HTML_PAGE_SELECT7_1_1_3_2,select7_1_1_3_2
3073,HTML_PAGE_SELECT7_1_1_3_3,select7_1_1_3_3
3074,HTML_PAGE_SELECT7_1_1_3_4,select7_1_1_3_4
3075,HTML_PAGE_SELECT7_1_1_4,select7_1_1_4
3076,HTML_PAGE_SELECT7_1_1_4_1,select7_1_1_4_1
3077,HTML_PAGE_SELECT7_1_1_4_2,select7_1_1_4_2
3078,HTML_PAGE_SELECT7_1_1_4_3,select7_1_1_4_3
3079,HTML_PAGE_SELECT7_1_1_4_4,select7_1_1_4_4
3080,HTML_PAGE_SELECT7_1_2,select7_1_2
3081,HTML_PAGE_SELECT7_1_2_1,select7_1_2_1
3082,HTML_PAGE_SELECT7_1_2_1_1,select7_1_2_1_1
3083,HTML_PAGE_SELECT7_1_2_1_2,select7_1_2_1_2
3084,HTML_PAGE_SELECT7_1_2_1_3,select7_1_2_1_3
3085,HTML_PAGE_SELECT7_1_2_1_4,select7_1_2_1_4
3086,HTML_PAGE_SELECT7_1_2_2,select7_1_2_2
3087,HTML_PAGE_SELECT7_1_2_2_1,select7_1_2_2_1
3088,HTML_PAGE_SELECT7_1_2_2_2,select7_1_2_2_2
3089,HTML_PAGE_SELECT7_1_2_2_3,select7_1_2_2_3
3090,HTML_PAGE_SELECT7_1_2_2_4,select7_1_2_2_4
3091,HTML_PAGE_SELECT7_1_2_3,select7_1_2_3
3092,HTML_PAGE_SELECT7_1_2_3_1,select7_1_2_3_1
3093,HTML_PAGE_SELECT7_1_2_3_2,select7_1_2_3_2
3094,HTML_PAGE_SELECT7_1_2_3_3,select7_1_2_3_3
3095,HTML_PAGE_SELECT7_1_2_3_4,select7_1_2_3_4
3096,HTML_PAGE_SELECT7_1_2_4,select7_1_2_4
3097,HTML_PAGE_SELECT7_1_2_4_1,select7_1_2_4_1
3098,HTML_PAGE_SELECT7_1_2_4_2,select7_1_2_4_2
3099,HTML_PAGE_SELECT7_1_2_4_3,select7_1_2_4_3
3100,HTML_PAGE_SELECT7_1_2_4_4,select7_1_2_4_4
3101,HTML_PAGE_SELECT7_1_3,select7_1_3
3102,HTML_PAGE_SELECT7_1_3_1,select7_1_3_1
3103,HTML_PAGE_SELECT7_1_3_1_1,select7_1_3_1_1
3104,HTML_PAGE_SELECT7_1_3_1_2,select7_1_3_1_2
3105,HTML_PAGE_SELECT7_1_3_1_3,select7_1_3_1_3
3106,HTML_PAGE_SELECT7_1_3_1_4,select7_1_3_1_4
3107,HTML_PAGE_SELECT7_1_3_2,select7_1_3_2
3108,HTML_PAGE_SELECT7_1_3_2_1,select7_1_3_2_1
3109,HTML_PAGE_SELECT7_1_3_2_2,select7_1_3_2_2
3110,HTML_PAGE_SELECT7_1_3_2_3,select7_1_3_2_3
3111,HTML_PAGE_SELECT7_1_3_2_4,select7_1_3_2_4
3112,HTML_PAGE_SELECT7_1_3_3,select7_1_3_3
3113,HTML_PAGE_SELECT7_1_3_3_1,select7_1_3_3_1
3114,HTML_PAGE_SELECT7_1_3_3_2,select7_1_3_3_2
3115,HTML_PAGE_SELECT7_1_3_3_3,select7_1_3_3_3
3116,HTML_PAGE_SELECT7_1_3_3_4,select7_1_3_3_4
3117,HTML_PAGE_SELECT7_1_3_4,select7_1_3_4
3118,HTML_PAGE_SELECT7_1_3_4_1,select7_1_3_4_1
3119,HTML_PAGE_SELECT7_1_3_4_2,select7_1_3_4_2
3120,HTML_PAGE_SELECT7_1_3_4_3,select7_1_3_4_3
3121,HTML_PAGE_SELECT7_1_3_4_4,select7_1_3_4_4
3122,HTML_PAGE_SELECT7_1_4,select7_1_4
3123,HTML_PAGE_SELECT7_1_4_1,select7_1_4_1
3124,HTML_PAGE_SELECT7_1_4_1_1,select7_1_4_1_1
3125,HTML_PAGE_SELECT7_1_4_1_2,select7_1_4_1_2
3126,HTML_PAGE_SELECT7_1_4_1_3,select7_1_4_1_3
3127,HTML_PAGE_SELECT7_1_4_1_4,select7_1_4_1_4
3128,HTML_PAGE_SELECT7_1_4_2,select7_1_4_2
3129,HTML_PAGE_SELECT7_1_4_2_1,select7_1_4_2_1
3130,HTML_PAGE_SELECT7_1_4_2_2,select7_1_4_2_2
3131,HTML_PAGE_SELECT7_1_4_2_3,select7_1_4_2_3
3132,HTML_PAGE_SELECT7_1_4_2_4,select7_1_4_2_4
3133,HTML_PAGE_SELECT7_1_4_3,select7_1_4_3
3134,HTML_PAGE_SELECT7_1_4_3_1,select7_1_4_3_1
3135,HTML_PAGE_SELECT7_1_4_3_2,select7_1_4_3_2
3136,HTML_PAGE_SELECT7_1_4_3_3,select7_1_4_3_3
3137,HTML_PAGE_SELECT7_1_4_3_4,select7_1_4_3_4
3138,HTML_PAGE_SELECT7_1_4_4,select7_1_4_4
3139,HTML_PAGE_SELECT7_1_4_4_1,select7_1_4_4_1
3140,HTML_PAGE_SELECT7_1_4_4_2,select7_1_4_4_2
3141,HTML_PAGE_SELECT7_1_4_4_3,select7_1_4_4_3
3142,HTML_PAGE_SELECT7_1_4_4_4,select7_1_4_4_4
3143,HTML_PAGE_SELECT7_2,select7_2
3144,HTML_PAGE_SELECT7_2_1,select7_2_1
3145,HTML_PAGE_SELECT7_2_1_1,select7_2_1_1
3146,HTML_PAGE_SELECT7_2_1_1_1,select7_2_1_1_1
3147,HTML_PAGE_SELECT7_2_1_1_2,select7_2_1_1_2
3148,HTML_PAGE_SELECT7_2_1_1_3,select7_2_1_1_3
3149,HTML_PAGE_SELECT7_2_1_1_4,select7_2_1_1_4
3150,HTML_PAGE_SELECT7_2_1_2,select7_2_1_2
3151,HTML_PAGE_SELECT7_2_1_2_1,select7_2_1_2_1
3152,HTML_PAGE_SELECT7_2_1_2_2,select7_2_1_2_2
3153,HTML_PAGE_SELECT7_2_1_2_3,select7_2_1_2_3
3154,HTML_PAGE_SELECT7_2_1_2_4,select7_2_1_2_4
3155,HTML_PAGE_SELECT7_2_1_3,select7_2_1_3
3156,HTML_PAGE_SELECT7_2_1_3_1,select7_2_1_3_1
3157,HTML_PAGE_SELECT7_2_1_3_2,select7_2_1_3_2
3158,HTML_PAGE_SELECT7_2_1_3_3,select7_2_1_3_3
3159,HTML_PAGE_SELECT7_2_1_3_4,select7_2_1_3_4
3160,HTML_PAGE_SELECT7_2_1_4,select7_2_1_4
3161,HTML_PAGE_SELECT7_2_1_4_1,select7_2_1_4_1
3162,HTML_PAGE_SELECT7_2_1_4_2,select7_2_1_4_2
3163,HTML_PAGE_SELECT7_2_1_4_3,select7_2_1_4_3
3164,HTML_PAGE_SELECT7_2_1_4_4,select7_2_1_4_4
3165,HTML_PAGE_SELECT7_2_2,select7_2_2
3166,HTML_PAGE_SELECT7_2_2_1,select7_2_2_1
3167,HTML_PAGE_SELECT7_2_2_1_1,select7_2_2_1_1
3168,HTML_PAGE_SELECT7_2_2_1_2,select7_2_2_1_2
3169,HTML_PAGE_SELECT7_2_2_1_3,select7_2_2_1_3
3170,HTML_PAGE_SELECT7_2_2_1_4,select7_2_2_1_4
3171,HTML_PAGE_SELECT7_2_2_2,select7_2_2_2
3172,HTML_PAGE_SELECT7_2_2_2_1,select7_2_2_2_1
3173,HTML_PAGE_SELECT7_2_2_2_2,select7_2_2_2_2
3174,HTML_PAGE_SELECT7_2_2_2_3,select7_2_2_2_3
3175,HTML_PAGE_SELECT7_2_2_2_4,select7_2_2_2_4
3176,HTML_PAGE_SELECT7_2_2_3,select7_2_2_3
3177,HTML_PAGE_SELECT7_2_2_3_1,select7_2_2_3_1
3178,HTML_PAGE_SELECT7_2_2_3_2,select7_2_2_3_2
3179,HTML_PAGE_SELECT7_2_2_3_3,select7_2_2_3_3
3180,HTML_PAGE_SELECT7_2_2_3_4,select7_2_2_3_4
3181,HTML_PAGE_SELECT7_2_2_4,select7_2_2_4
3182,HTML_PAGE_SELECT7_2_2_4_1,select7_2_2_4_1
3183,HTML_PAGE_SELECT7_2_2_4_2,select7_2_2_4_2
3184,HTML_PAGE_SELECT7_2_2_4_3,select7_2_2_4_3
3185,HTML_PAGE_SELECT7_2_2_4_4,select7_2_2_4_4
3186,HTML_PAGE_SELECT7_2_3,select7_2_3
3187,HTML_PAGE_SELECT7_2_3_1,select7_2_3_1
3188,HTML_PAGE_SELECT7_2_3_1_1,select7_2_3_1_1
3189,HTML_PAGE_SELECT7_2_3_1_2,select7_2_3_1_2
3190,HTML_PAGE_SELECT7_2_3_1_3,select7_2_3_1_3
3191,HTML_PAGE_SELECT7_2_3_1_4,select7_2_3_1_4
3192,HTML_PAGE_SELECT7_2_3_2,select7_2_3_2
3193,HTML_PAGE_SELECT7_2_3_2_1,select7_2_3_2_1
3194,HTML_PAGE_SELECT7_2_3_2_2,select7_2_3_2_2
3195,HTML_PAGE_SELECT7_2_3_2_3,select7_2_3_2_3
3196,HTML_PAGE_SELECT7_2_3_2_4,select7_2_3_2_4
3197,HTML_PAGE_SELECT7_2_3_3,select7_2_3_3
3198,HTML_PAGE_SELECT7_2_3_3_1,select7_2_3_3_1
3199,HTML_PAGE_SELECT7_2_3_3_2,select7_2_3_3_2
3200,HTML_PAGE_SELECT7_2_3_3_3,select7_2_3_3_3
3201,HTML_PAGE_SELECT7_2_3_3_4,select7_2_3_3_4
3202,HTML_PAGE_SELECT7_2_3_4,select7_2_3_4
3203,HTML_PAGE_SELECT7_2_3_4_1,select7_2_3_4_1
3204,HTML_PAGE_SELECT7_2_3_4_2,select7_2_3_4_2
3205,HTML_PAGE_SELECT7_2_3_4_3,select7_2_3_4_3
3206,HTML_PAGE_SELECT7_2_3_4_4,select7_2_3_4_4
3207,HTML_PAGE_SELECT7_2_4,select7_2_4
3208,HTML_PAGE_SELECT7_2_4_1,select7_2_4_1
3209,HTML_PAGE_SELECT7_2_4_1_1,select7_2_4_1_1
3210,HTML_PAGE_SELECT7_2_4_1_2,select7_2_4_1_2
3211,HTML_PAGE_SELECT7_2_4_1_3,select7_2_4_1_3
3212,HTML_PAGE_SELECT7_2_4_1_4,select7_2_4_1_4
3213,HTML_PAGE_SELECT7_2_4_2,select7_2_4_2
3214,HTML_PAGE_SELECT7_2_4_2_1,select7_2_4_2_1
3215,HTML_PAGE_SELECT7_2_4_2_2,select7_2_4_2_2
3216,HTML_PAGE_SELECT7_2_4_2_3,select7_2_4_2_3
3217,HTML_PAGE_SELECT7_2_4_2_4,select7_2_4_2_4
3218,HTML_PAGE_SELECT7_2_4_3,select7_2_4_3
3219,HTML_PAGE_SELECT7_2_4_3_1,select7_2_4_3_1
3220,HTML_PAGE_SELECT7_2_4_3_2,select7_2_4_3_2
3221,HTML_PAGE_SELECT7_2_4_3_3,select7_2_4_3_3
3222,HTML_PAGE_SELECT7_2_4_3_4,select7_2_4_3_4
3223,HTML_PAGE_SELECT7_2_4_4,select7_2_4_4
3224,HTML_PAGE_SELECT7_2_4_4_1,select7_2_4_4_1
3225,HTML_PAGE_SELECT7_2_4_4_2,select7_2_4_4_2
3226,HTML_PAGE_SELECT7_2_4_4_3,select7_2_4_4_3
3227,HTML_PAGE_SELECT7_2_4_4_4,select7_2_4_4_4
3228,HTML_PAGE_SELECT7_3,select7_3
3229,HTML_PAGE_SELECT7_3_1,select7_3_1
3230,HTML_PAGE_SELECT7_3_1_1,select7_3_1_1
3231,HTML_PAGE_SELECT7_3_1_1_1,select7_3_1_1_1
3232,HTML_PAGE_SELECT7_3_1_1_2,select7_3_1_1_2
3233,HTML_PAGE_SELECT7_3_1_1_3,select7_3_1_1_3
3234,HTML_PAGE_SELECT7_3_1_1_4,select7_3_1_1_4
3235,HTML_PAGE_SELECT7_3_1_2,select7_3_1_2
3236,HTML_PAGE_SELECT7_3_1_2_1,select7_3_1_2_1
3237,HTML_PAGE_SELECT7_3_1_2_2,select7_3_1_2_2
3238,HTML_PAGE_SELECT7_3_1_2_3,select7_3_1_2_3
3239,HTML_PAGE_SELECT7_3_1_2_4,select7_3_1_2_4
3240,HTML_PAGE_SELECT7_3_1_3,select7_3_1_3
3241,HTML_PAGE_SELECT7_3_1_3_1,select7_3_1_3_1
3242,HTML_PAGE_SELECT7_3_1_3_2,select7_3_1_3_2
3243,HTML_PAGE_SELECT7_3_1_3_3,select7_3_1_3_3
3244,HTML_PAGE_SELECT7_3_1_3_4,select7_3_1_3_4
3245,HTML_PAGE_SELECT7_3_1_4,select7_3_1_4
3246,HTML_PAGE_SELECT7_3_1_4_1,select7_3_1_4_1
3247,HTML_PAGE_SELECT7_3_1_4_2,select7_3_1_4_2
3248,HTML_PAGE_SELECT7_3_1_4_3,select7_3_1_4_3
3249,HTML_PAGE_SELECT7_3_1_4_4,select7_3_1_4_4
3250,HTML_PAGE_SELECT7_3_2,select7_3_2
3251,HTML_PAGE_SELECT7_3_2_1,select7_3_2_1
3252,HTML_PAGE_SELECT7_3_2_1_1,select7_3_2_1_1
3253,HTML_PAGE_SELECT7_3_2_1_2,select7_3_2_1_2
3254,HTML_PAGE_SELECT7_3_2_1_3,select7_3_2_1_3
3255,HTML_PAGE_SELECT7_3_2_1_4,select7_3_2_1_4
3256,HTML_PAGE_SELECT7_3_2_2,select7_3_2_2
3257,HTML_PAGE_SELECT7_3_2_2_1,select7_3_2_2_1
3258,HTML_PAGE_SELECT7_3_2_2_2,select7_3_2_2_2
3259,HTML_PAGE_SELECT7_3_2_2_3,select7_3_2_2_3
3260,HTML_PAGE_SELECT7_3_2_2_4,select7_3_2_2_4
3261,HTML_PAGE_SELECT7_3_2_3,select7_3_2_3
3262,HTML_PAGE_SELECT7_3_2_3_1,select7_3_2_3_1
3263,HTML_PAGE_SELECT7_3_2_3_2,select7_3_2_3_2
3264,HTML_PAGE_SELECT7_3_2_3_3,select7_3_2_3_3
3265,HTML_PAGE_SELECT7_3_2_3_4,select7_3_2_3_4
3266,HTML_PAGE_SELECT7_3_2_4,select7_3_2_4
3267,HTML_PAGE_SELECT7_3_2_4_1,select7_3_2_4_1
3268,HTML_PAGE_SELECT7_3_2_4_2,select7_3_2_4_2
3269,HTML_PAGE_SELECT7_3_2_4_3,select7_3_2_4_3
3270,HTML_PAGE_SELECT7_3_2_4_4,select7_3_2_4_4
3271,HTML_PAGE_SELECT7_3_3,select7_3_3
3272,HTML_PAGE_SELECT7_3_3_1,select7_3_3_1
3273,HTML_PAGE_SELECT7_3_3_1_1,select7_3_3_1_1
3274,HTML_PAGE_SELECT7_3_3_1_2,select7_3_3_1_2
3275,HTML_PAGE_SELECT7_3_3_1_3,select7_3_3_1_3
3276,HTML_PAGE_SELECT7_3_3_1_4,select7_3_3_1_4
3277,HTML_PAGE_SELECT7_3_3_2,select7_3_3_2
3278,HTML_PAGE_SELECT7_3_3_2_1,select7_3_3_2_1
3279,HTML_PAGE_SELECT7_3_3_2_2,select7_3_3_2_2
3280,HTML_PAGE_SELECT7_3_3_2_3,select7_3_3_2_3
3281,HTML_PAGE_SELECT7_3_3_2_4,select7_3_3_2_4
3282,HTML_PAGE_SELECT7_3_3_3,select7_3_3_3
3283,HTML_PAGE_SELECT7_3_3_3_1,select7_3_3_3_1
3284,HTML_PAGE_SELECT7_3_3_3_2,select7_3_3_3_2
3285,HTML_PAGE_SELECT7_3_3_3_3,select7_3_3_3_3
3286,HTML_PAGE_SELECT7_3_3_3_4,select7_3_3_3_4
3287,HTML_PAGE_SELECT7_3_3_4,select7_3_3_4
3288,HTML_PAGE_SELECT7_3_3_4_1,select7_3_3_4_1
3289,HTML_PAGE_SELECT7_3_3_4_2,select7_3_3_4_2
3290,HTML_PAGE_SELECT7_3_3_4_3,select7_3_3_4_3
3291,HTML_PAGE_SELECT7_3_3_4_4,select7_3_3_4_4
3292,HTML_PAGE_SELECT7_3_4,select7_3_4
3293,HTML_PAGE_SELECT7_3_4_1,select7_3_4_1
3294,HTML_PAGE_SELECT7_3_4_1_1,select7_3_4_1_1
3295,HTML_PAGE_SELECT7_3_4_1_2,select7_3_4_1_2
3296,HTML_PAGE_SELECT7_3_4_1_3,select7_3_4_1_3
3297,HTML_PAGE_SELECT7_3_4_1_4,select7_3_4_1_4
3298,HTML_PAGE_SELECT7_3_4_2,select7_3_4_2
3299,HTML_PAGE_SELECT7_3_4_2_1,select7_3_4_2_1
3300,HTML_PAGE_SELECT7_3_4_2_2,select7_3_4_2_2
3301,HTML_PAGE_SELECT7_3_4_2_3,select7_3_4_2_3
3302,HTML_PAGE_SELECT7_3_4_2_4,select7_3_4_2_4
3303,HTML_PAGE_SELECT7_3_4_3,select7_3_4_3
3304,HTML_PAGE_SELECT7_3_4_3_1,select7_3_4_3_1
3305,HTML_PAGE_SELECT7_3_4_3_2,select7_3_4_3_2
3306,HTML_PAGE_SELECT7_3_4_3_3,select7_3_4_3_3
3307,HTML_PAGE_SELECT7_3_4_3_4,select7_3_4_3_4
3308,HTML_PAGE_SELECT7_3_4_4,select7_3_4_4
3309,HTML_PAGE_SELECT7_3_4_4_1,select7_3_4_4_1
3310,HTML_PAGE_SELECT7_3_4_4_2,select7_3_4_4_2
3311,HTML_PAGE_SELECT7_3_4_4_3,select7_3_4_4_3
3312,HTML_PAGE_SELECT7_3_4_4_4,select7_3_4_4_4
3313,HTML_PAGE_SELECT7_4,select7_4
3314,HTML_PAGE_SELECT7_4_1,select7_4_1
3315,HTML_PAGE_SELECT7_4_1_1,select7_4_1_1
3316,HTML_PAGE_SELECT7_4_1_1_1,select7_4_1_1_1
3317,HTML_PAGE_SELECT7_4_1_1_2,select7_4_1_1_2
3318,HTML_PAGE_SELECT7_4_1_1_3,select7_4_1_1_3
3319,HTML_PAGE_SELECT7_4_1_1_4,select7_4_1_1_4
3320,HTML_PAGE_SELECT7_4_1_2,select7_4_1_2
3321,HTML_PAGE_SELECT7_4_1_2_1,select7_4_1_2_1
3322,HTML_PAGE_SELECT7_4_1_2_2,select7_4_1_2_2
3323,HTML_PAGE_SELECT7_4_1_2_3,select7_4_1_2_3
3324,HTML_PAGE_SELECT7_4_1_2_4,select7_4_1_2_4
3325,HTML_PAGE_SELECT7_4_1_3,select7_4_1_3
3326,HTML_PAGE_SELECT7_4_1_3_1,select7_4_1_3_1
3327,HTML_PAGE_SELECT7_4_1_3_2,select7_4_1_3_2
3328,HTML_PAGE_SELECT7_4_1_3_3,select7_4_1_3_3
3329,HTML_PAGE_SELECT7_4_1_3_4,select7_4_1_3_4
3330,HTML_PAGE_SELECT7_4_1_4,select7_4_1_4
3331,HTML_PAGE_SELECT7_4_1_4_1,select7_4_1_4_1
3332,HTML_PAGE_SELECT7_4_1_4_2,select7_4_1_4_2
3333,HTML_PAGE_SELECT7_4_1_4_3,select7_4_1_4_3
3334,HTML_PAGE_SELECT7_4_1_4_4,select7_4_1_4_4
3335,HTML_PAGE_SELECT7_4_2,select7_4_2
3336,HTML_PAGE_SELECT7_4_2_1,select7_4_2_1
3337,HTML_PAGE_SELECT7_4_2_1_1,select7_4_2_1_1
3338,HTML_PAGE_SELECT7_4_2_1_2,select7_4_2_1_2
3339,HTML_PAGE_SELECT7_4_2_1_3,select7_4_2_1_3
3340,HTML_PAGE_SELECT7_4_2_1_4,select7_4_2_1_4
3341,HTML_PAGE_SELECT7_4_2_2,select7_4_2_2
3342,HTML_PAGE_SELECT7_4_2_2_1,select7_4_2_2_1
3343,HTML_PAGE_SELECT7_4_2_2_2,select7_4_2_2_2
3344,HTML_PAGE_SELECT7_4_2_2_3,select7_4_2_2_3
3345,HTML_PAGE_SELECT7_4_2_2_4,select7_4_2_2_4
3346,HTML_PAGE_SELECT7_4_2_3,select7_4_2_3
3347,HTML_PAGE_SELECT7_4_2_3_1,select7_4_2_3_1
3348,HTML_PAGE_SELECT7_4_2_3_2,select7_4_2_3_2
3349,HTML_PAGE_SELECT7_4_2_3_3,select7_4_2_3_3
3350,HTML_PAGE_SELECT7_4_2_3_4,select7_4_2_3_4
3351,HTML_PAGE_SELECT7_4_2_4,select7_4_2_4
3352,HTML_PAGE_SELECT7_4_2_4_1,select7_4_2_4_1
3353,HTML_PAGE_SELECT7_4_2_4_2,select7_4_2_4_2
3354,HTML_PAGE_SELECT7_4_2_4_3,select7_4_2_4_3
3355,HTML_PAGE_SELECT7_4_2_4_4,select7_4_2_4_4
3356,HTML_PAGE_SELECT7_4_3,select7_4_3
3357,HTML_PAGE_SELECT7_4_3_1,select7_4_3_1
3358,HTML_PAGE_SELECT7_4_3_1_1,select7_4_3_1_1
3359,HTML_PAGE_SELECT7_4_3_1_2,select7_4_3_1_2
3360,HTML_PAGE_SELECT7_4_3_1_3,select7_4_3_1_3
3361,HTML_PAGE_SELECT7_4_3_1_4,select7_4_3_1_4
3362,HTML_PAGE_SELECT7_4_3_2,select7_4_3_2
3363,HTML_PAGE_SELECT7_4_3_2_1,select7_4_3_2_1
3364,HTML_PAGE_SELECT7_4_3_2_2,select7_4_3_2_2
3365,HTML_PAGE_SELECT7_4_3_2_3,select7_4_3_2_3
3366,HTML_PAGE_SELECT7_4_3_2_4,select7_4_3_2_4
3367,HTML_PAGE_SELECT7_4_3_3,select7_4_3_3
3368,HTML_PAGE_SELECT7_4_3_3_1,select7_4_3_3_1
3369,HTML_PAGE_SELECT7_4_3_3_2,select7_4_3_3_2
3370,HTML_PAGE_SELECT7_4_3_3_3,select7_4_3_3_3
3371,HTML_PAGE_SELECT7_4_3_3_4,select7_4_3_3_4
3372,HTML_PAGE_SELECT7_4_3_4,select7_4_3_4
3373,HTML_PAGE_SELECT7_4_3_4_1,select7_4_3_4_1
3374,HTML_PAGE_SELECT7_4_3_4_2,select7_4_3_4_2
3375,HTML_PAGE_SELECT7_4_3_4_3,select7_4_3_4_3
3376,HTML_PAGE_SELECT7_4_3_4_4,select7_4_3_4_4
3377,HTML_PAGE_SELECT7_4_4,select7_4_4
3378,HTML_PAGE_SELECT7_4_4_1,select7_4_4_1
3379,HTML_PAGE_SELECT7_4_4_1_1,select7_4_4_1_1
3380,HTML_PAGE_SELECT7_4_4_1_2,select7_4_4_1_2
3381,HTML_PAGE_SELECT7_4_4_1_3,select7_4_4_1_3
3382,HTML_PAGE_SELECT7_4_4_1_4,select7_4_4_1_4
3383,HTML_PAGE_SELECT7_4_4_2,select7_4_4_2
3384,HTML_PAGE_SELECT7_4_4_2_1,select7_4_4_2_1
3385,HTML_PAGE_SELECT7_4_4_2_2,select7_4_4_2_2
3386,HTML_PAGE_SELECT7_4_4_2_3,select7_4_4_2_3
3387,HTML_PAGE_SELECT7_4_4_2_4,select7_4_4_2_4
3388,HTML_PAGE_SELECT7_4_4_3,select7_4_4_3
3389,HTML_PAGE_SELECT7_4_4_3_1,select7_4_4_3_1
3390,HTML_PAGE_SELECT7_4_4_3_2,select7_4_4_3_2
3391,HTML_PAGE_SELECT7_4_4_3_3,select7_4_4_3_3
3392,HTML_PAGE_SELECT7_4_4_3_4,select7_4_4_3_4
3393,HTML_PAGE_SELECT7_4_4_4,select7_4_4_4
3394,HTML_PAGE_SELECT7_4_4_4_1,select7_4_4_4_1
3395,HTML_PAGE_SELECT7_4_4_4_2,select7_4_4_4_2
3396,HTML_PAGE_SELECT7_4_4_4_3,select7_4_4_4_3
3397,HTML_PAGE_SELECT7_4_4_4_4,select7_4_4_4_4
3398,HTML_PAGE_SELECT8,select8
3399,HTML_PAGE_SELECT8_1,select8_1
3400,HTML_PAGE_SELECT8_1_1,select8_1_1
3401,HTML_PAGE_SELECT8_1_1_1,select8_1_1_1
3402,HTML_PAGE_SELECT8_1_1_1_1,select8_1_1_1_1
3403,HTML_PAGE_SELECT8_1_1_1_2,select8_1_1_1_2
3404,HTML_PAGE_SELECT8_1_1_1_3,select8_1_1_1_3
3405,HTML_PAGE_SELECT8_1_1_1_4,select8_1_1_1_4
3406,HTML_PAGE_SELECT8_1_1_2,select8_1_1_2
3407,HTML_PAGE_SELECT8_1_1_2_1,select8_1_1_2_1
3408,HTML_PAGE_SELECT8_1_1_2_2,select8_1_1_2_2
3409,HTML_PAGE_SELECT8_1_1_2_3,select8_1_1_2_3
3410,HTML_PAGE_SELECT8_1_1_2_4,select8_1_1_2_4
3411,HTML_PAGE_SELECT8_1_1_3,select8_1_1_3
3412,HTML_PAGE_SELECT8_1_1_3_1,select8_1_1_3_1
3413,HTML_PAGE_SELECT8_1_1_3_2,select8_1_1_3_2
3414,HTML_PAGE_SELECT8_1_1_3_3,select8_1_1_3_3
3415,HTML_PAGE_SELECT8_1_1_3_4,select8_1_1_3_4
3416,HTML_PAGE_SELECT8_1_1_4,select8_1_1_4
3417,HTML_PAGE_SELECT8_1_1_4_1,select8_1_1_4_1
3418,HTML_PAGE_SELECT8_1_1_4_2,select8_1_1_4_2
3419,HTML_PAGE_SELECT8_1_1_4_3,select8_1_1_4_3
3420,HTML_PAGE_SELECT8_1_1_4_4,select8_1_1_4_4
3421,HTML_PAGE_SELECT8_1_2,select8_1_2
3422,HTML_PAGE_SELECT8_1_2_1,select8_1_2_1
3423,HTML_PAGE_SELECT8_1_2_1_1,select8_1_2_1_1
3424,HTML_PAGE_SELECT8_1_2_1_2,select8_1_2_1_2
3425,HTML_PAGE_SELECT8_1_2_1_3,select8_1_2_1_3
3426,HTML_PAGE_SELECT8_1_2_1_4,select8_1_2_1_4
3427,HTML_PAGE_SELECT8_1_2_2,select8_1_2_2
3428,HTML_PAGE_SELECT8_1_2_2_1,select8_1_2_2_1
3429,HTML_PAGE_SELECT8_1_2_2_2,select8_1_2_2_2
3430,HTML_PAGE_SELECT8_1_2_2_3,select8_1_2_2_3
3431,HTML_PAGE_SELECT8_1_2_2_4,select8_1_2_2_4
3432,HTML_PAGE_SELECT8_1_2_3,select8_1_2_3
3433,HTML_PAGE_SELECT8_1_2_3_1,select8_1_2_3_1
3434,HTML_PAGE_SELECT8_1_2_3_2,select8_1_2_3_2
3435,HTML_PAGE_SELECT8_1_2_3_3,select8_1_2_3_3
3436,HTML_PAGE_SELECT8_1_2_3_4,select8_1_2_3_4
3437,HTML_PAGE_SELECT8_1_2_4,select8_1_2_4
3438,HTML_PAGE_SELECT8_1_2_4_1,select8_1_2_4_1
3439,HTML_PAGE_SELECT8_1_2_4_2,select8_1_2_4_2
3440,HTML_PAGE_SELECT8_1_2_4_3,select8_1_2_4_3
3441,HTML_PAGE_SELECT8_1_2_4_4,select8_1_2_4_4
3442,HTML_PAGE_SELECT8_1_3,select8_1_3
3443,HTML_PAGE_SELECT8_1_3_1,select8_1_3_1
3444,HTML_PAGE_SELECT8_1_3_1_1,select8_1_3_1_1
3445,HTML_PAGE_SELECT8_1_3_1_2,select8_1_3_1_2
3446,HTML_PAGE_SELECT8_1_3_1_3,select8_1_3_1_3
3447,HTML_PAGE_SELECT8_1_3_1_4,select8_1_3_1_4
3448,HTML_PAGE_SELECT8_1_3_2,select8_1_3_2
3449,HTML_PAGE_SELECT8_1_3_2_1,select8_1_3_2_1
3450,HTML_PAGE_SELECT8_1_3_2_2,select8_1_3_2_2
3451,HTML_PAGE_SELECT8_1_3_2_3,select8_1_3_2_3
3452,HTML_PAGE_SELECT8_1_3_2_4,select8_1_3_2_4
3453,HTML_PAGE_SELECT8_1_3_3,select8_1_3_3
3454,HTML_PAGE_SELECT8_1_3_3_1,select8_1_3_3_1
3455,HTML_PAGE_SELECT8_1_3_3_2,select8_1_3_3_2
3456,HTML_PAGE_SELECT8_1_3_3_3,select8_1_3_3_3
3457,HTML_PAGE_SELECT8_1_3_3_4,select8_1_3_3_4
3458,HTML_PAGE_SELECT8_1_3_4,select8_1_3_4
3459,HTML_PAGE_SELECT8_1_3_4_1,select8_1_3_4_1
3460,HTML_PAGE_SELECT8_1_3_4_2,select8_1_3_4_2
3461,HTML_PAGE_SELECT8_1_3_4_3,select8_1_3_4_3
3462,HTML_PAGE_SELECT8_1_3_4_4,select8_1_3_4_4
3463,HTML_PAGE_SELECT8_1_4,select8_1_4
3464,HTML_PAGE_SELECT8_1_4_1,select8_1_4_1
3465,HTML_PAGE_SELECT8_1_4_1_1,select8_1_4_1_1
3466,HTML_PAGE_SELECT8_1_4_1_2,select8_1_4_1_2
3467,HTML_PAGE_SELECT8_1_4_1_3,select8_1_4_1_3
3468,HTML_PAGE_SELECT8_1_4_1_4,select8_1_4_1_4
3469,HTML_PAGE_SELECT8_1_4_2,select8_1_4_2
3470,HTML_PAGE_SELECT8_1_4_2_1,select8_1_4_2_1
3471,HTML_PAGE_SELECT8_1_4_2_2,select8_1_4_2_2
3472,HTML_PAGE_SELECT8_1_4_2_3,select8_1_4_2_3
3473,HTML_PAGE_SELECT8_1_4_2_4,select8_1_4_2_4
3474,HTML_PAGE_SELECT8_1_4_3,select8_1_4_3
3475,HTML_PAGE_SELECT8_1_4_3_1,select8_1_4_3_1
3476,HTML_PAGE_SELECT8_1_4_3_2,select8_1_4_3_2
3477,HTML_PAGE_SELECT8_1_4_3_3,select8_1_4_3_3
3478,HTML_PAGE_SELECT8_1_4_3_4,select8_1_4_3_4
3479,HTML_PAGE_SELECT8_1_4_4,select8_1_4_4
3480,HTML_PAGE_SELECT8_1_4_4_1,select8_1_4_4_1
3481,HTML_PAGE_SELECT8_1_4_4_2,select8_1_4_4_2
3482,HTML_PAGE_SELECT8_1_4_4_3,select8_1_4_4_3
3483,HTML_PAGE_SELECT8_1_4_4_4,select8_1_4_4_4
3484,HTML_PAGE_SELECT8_2,select8_2
3485,HTML_PAGE_SELECT8_2_1,select8_2_1
3486,HTML_PAGE_SELECT8_2_1_1,select8_2_1_1
3487,HTML_PAGE_SELECT8_2_1_1_1,select8_2_1_1_1
3488,HTML_PAGE_SELECT8_2_1_1_2,select8_2_1_1_2
3489,HTML_PAGE_SELECT8_2_1_1_3,select8_2_1_1_3
3490,HTML_PAGE_SELECT8_2_1_1_4,select8_2_1_1_4
3491,HTML_PAGE_SELECT8_2_1_2,select8_2_1_2
3492,HTML_PAGE_SELECT8_2_1_2_1,select8_2_1_2_1
3493,HTML_PAGE_SELECT8_2_1_2_2,select8_2_1_2_2
3494,HTML_PAGE_SELECT8_2_1_2_3,select8_2_1_2_3
3495,HTML_PAGE_SELECT8_2_1_2_4,select8_2_1_2_4
3496,HTML_PAGE_SELECT8_2_1_3,select8_2_1_3
3497,HTML_PAGE_SELECT8_2_1_3_1,select8_2_1_3_1
3498,HTML_PAGE_SELECT8_2_1_3_2,select8_2_1_3_2
3499,HTML_PAGE_SELECT8_2_1_3_3,select8_2_1_3_3
3500,HTML_PAGE_SELECT8_2_1_3_4,select8_2_1_3_4
3501,HTML_PAGE_SELECT8_2_1_4,select8_2_1_4
3502,HTML_PAGE_SELECT8_2_1_4_1,select8_2_1_4_1
3503,HTML_PAGE_SELECT8_2_1_4_2,select8_2_1_4_2
3504,HTML_PAGE_SELECT8_2_1_4_3,select8_2_1_4_3
3505,HTML_PAGE_SELECT8_2_1_4_4,select8_2_1_4_4
3506,HTML_PAGE_SELECT8_2_2,select8_2_2
3507,HTML_PAGE_SELECT8_2_2_1,select8_2_2_1
3508,HTML_PAGE_SELECT8_2_2_1_1,select8_2_2_1_1
3509,HTML_PAGE_SELECT8_2_2_1_2,select8_2_2_1_2
3510,HTML_PAGE_SELECT8_2_2_1_3,select8_2_2_1_3
3511,HTML_PAGE_SELECT8_2_2_1_4,select8_2_2_1_4
3512,HTML_PAGE_SELECT8_2_2_2,select8_2_2_2
3513,HTML_PAGE_SELECT8_2_2_2_1,select8_2_2_2_1
3514,HTML_PAGE_SELECT8_2_2_2_2,select8_2_2_2_2
3515,HTML_PAGE_SELECT8_2_2_2_3,select8_2_2_2_3
3516,HTML_PAGE_SELECT8_2_2_2_4,select8_2_2_2_4
3517,HTML_PAGE_SELECT8_2_2_3,select8_2_2_3
3518,HTML_PAGE_SELECT8_2_2_3_1,select8_2_2_3_1
3519,HTML_PAGE_SELECT8_2_2_3_2,select8_2_2_3_2
3520,HTML_PAGE_SELECT8_2_2_3_3,select8_2_2_3_3
3521,HTML_PAGE_SELECT8_2_2_3_4,select8_2_2_3_4
3522,HTML_PAGE_SELECT8_2_2_4,select8_2_2_4
3523,HTML_PAGE_SELECT8_2_2_4_1,select8_2_2_4_1
3524,HTML_PAGE_SELECT8_2_2_4_2,select8_2_2_4_2
3525,HTML_PAGE_SELECT8_2_2_4_3,select8_2_2_4_3
3526,HTML_PAGE_SELECT8_2_2_4_4,select8_2_2_4_4
3527,HTML_PAGE_SELECT8_2_3,select8_2_3
3528,HTML_PAGE_SELECT8_2_3_1,select8_2_3_1
3529,HTML_PAGE_SELECT8_2_3_1_1,select8_2_3_1_1
3530,HTML_PAGE_SELECT8_2_3_1_2,select8_2_3_1_2
3531,HTML_PAGE_SELECT8_2_3_1_3,select8_2_3_1_3
3532,HTML_PAGE_SELECT8_2_3_1_4,select8_2_3_1_4
3533,HTML_PAGE_SELECT8_2_3_2,select8_2_3_2
3534,HTML_PAGE_SELECT8_2_3_2_1,select8_2_3_2_1
3535,HTML_PAGE_SELECT8_2_3_2_2,select8_2_3_2_2
3536,HTML_PAGE_SELECT8_2_3_2_3,select8_2_3_2_3
3537,HTML_PAGE_SELECT8_2_3_2_4,select8_2_3_2_4
3538,HTML_PAGE_SELECT8_2_3_3,select8_2_3_3
3539,HTML_PAGE_SELECT8_2_3_3_1,select8_2_3_3_1
3540,HTML_PAGE_SELECT8_2_3_3_2,select8_2_3_3_2
3541,HTML_PAGE_SELECT8_2_3_3_3,select8_2_3_3_3
3542,HTML_PAGE_SELECT8_2_3_3_4,select8_2_3_3_4
3543,HTML_PAGE_SELECT8_2_3_4,select8_2_3_4
3544,HTML_PAGE_SELECT8_2_3_4_1,select8_2_3_4_1
3545,HTML_PAGE_SELECT8_2_3_4_2,select8_2_3_4_2
3546,HTML_PAGE_SELECT8_2_3_4_3,select8_2_3_4_3
3547,HTML_PAGE_SELECT8_2_3_4_4,select8_2_3_4_4
3548,HTML_PAGE_SELECT8_2_4,select8_2_4
3549,HTML_PAGE_SELECT8_2_4_1,select8_2_4_1
3550,HTML_PAGE_SELECT8_2_4_1_1,select8_2_4_1_1
3551,HTML_PAGE_SELECT8_2_4_1_2,select8_2_4_1_2
3552,HTML_PAGE_SELECT8_2_4_1_3,select8_2_4_1_3
3553,HTML_PAGE_SELECT8_2_4_1_4,select8_2_4_1_4
3554,HTML_PAGE_SELECT8_2_4_2,select8_2_4_2
3555,HTML_PAGE_SELECT8_2_4_2_1,select8_2_4_2_1
3556,HTML_PAGE_SELECT8_2_4_2_2,select8_2_4_2_2
3557,HTML_PAGE_SELECT8_2_4_2_3,select8_2_4_2_3
3558,HTML_PAGE_SELECT8_2_4_2_4,select8_2_4_2_4
3559,HTML_PAGE_SELECT8_2_4_3,select8_2_4_3
3560,HTML_PAGE_SELECT8_2_4_3_1,select8_2_4_3_1
3561,HTML_PAGE_SELECT8_2_4_3_2,select8_2_4_3_2
3562,HTML_PAGE_SELECT8_2_4_3_3,select8_2_4_3_3
3563,HTML_PAGE_SELECT8_2_4_3_4,select8_2_4_3_4
3564,HTML_PAGE_SELECT8_2_4_4,select8_2_4_4
3565,HTML_PAGE_SELECT8_2_4_4_1,select8_2_4_4_1
3566,HTML_PAGE_SELECT8_2_4_4_2,select8_2_4_4_2
3567,HTML_PAGE_SELECT8_2_4_4_3,select8_2_4_4_3
3568,HTML_PAGE_SELECT8_2_4_4_4,select8_2_4_4_4
3569,HTML_PAGE_SELECT8_3,select8_3
3570,HTML_PAGE_SELECT8_3_1,select8_3_1
3571,HTML_PAGE_SELECT8_3_1_1,select8_3_1_1
3572,HTML_PAGE_SELECT8_3_1_1_1,select8_3_1_1_1
3573,HTML_PAGE_SELECT8_3_1_1_2,select8_3_1_1_2
3574,HTML_PAGE_SELECT8_3_1_1_3,select8_3_1_1_3
3575,HTML_PAGE_SELECT8_3_1_1_4,select8_3_1_1_4
3576,HTML_PAGE_SELECT8_3_1_2,select8_3_1_2
3577,HTML_PAGE_SELECT8_3_1_2_1,select8_3_1_2_1
3578,HTML_PAGE_SELECT8_3_1_2_2,select8_3_1_2_2
3579,HTML_PAGE_SELECT8_3_1_2_3,select8_3_1_2_3
3580,HTML_PAGE_SELECT8_3_1_2_4,select8_3_1_2_4
3581,HTML_PAGE_SELECT8_3_1_3,select8_3_1_3
3582,HTML_PAGE_SELECT8_3_1_3_1,select8_3_1_3_1
3583,HTML_PAGE_SELECT8_3_1_3_2,select8_3_1_3_2
3584,HTML_PAGE_SELECT8_3_1_3_3,select8_3_1_3_3
3585,HTML_PAGE_SELECT8_3_1_3_4,select8_3_1_3_4
3586,HTML_PAGE_SELECT8_3_1_4,select8_3_1_4
3587,HTML_PAGE_SELECT8_3_1_4_1,select8_3_1_4_1
3588,HTML_PAGE_SELECT8_3_1_4_2,select8_3_1_4_2
3589,HTML_PAGE_SELECT8_3_1_4_3,select8_3_1_4_3
3590,HTML_PAGE_SELECT8_3_1_4_4,select8_3_1_4_4
3591,HTML_PAGE_SELECT8_3_2,select8_3_2
3592,HTML_PAGE_SELECT8_3_2_1,select8_3_2_1
3593,HTML_PAGE_SELECT8_3_2_1_1,select8_3_2_1_1
3594,HTML_PAGE_SELECT8_3_2_1_2,select8_3_2_1_2
3595,HTML_PAGE_SELECT8_3_2_1_3,select8_3_2_1_3
3596,HTML_PAGE_SELECT8_3_2_1_4,select8_3_2_1_4
3597,HTML_PAGE_SELECT8_3_2_2,select8_3_2_2
3598,HTML_PAGE_SELECT8_3_2_2_1,select8_3_2_2_1
3599,HTML_PAGE_SELECT8_3_2_2_2,select8_3_2_2_2
3600,HTML_PAGE_SELECT8_3_2_2_3,select8_3_2_2_3
3601,HTML_PAGE_SELECT8_3_2_2_4,select8_3_2_2_4
3602,HTML_PAGE_SELECT8_3_2_3,select8_3_2_3
3603,HTML_PAGE_SELECT8_3_2_3_1,select8_3_2_3_1
3604,HTML_PAGE_SELECT8_3_2_3_2,select8_3_2_3_2
3605,HTML_PAGE_SELECT8_3_2_3_3,select8_3_2_3_3
3606,HTML_PAGE_SELECT8_3_2_3_4,select8_3_2_3_4
3607,HTML_PAGE_SELECT8_3_2_4,select8_3_2_4
3608,HTML_PAGE_SELECT8_3_2_4_1,select8_3_2_4_1
3609,HTML_PAGE_SELECT8_3_2_4_2,select8_3_2_4_2
3610,HTML_PAGE_SELECT8_3_2_4_3,select8_3_2_4_3
3611,HTML_PAGE_SELECT8_3_2_4_4,select8_3_2_4_4
3612,HTML_PAGE_SELECT8_3_3,select8_3_3
3613,HTML_PAGE_SELECT8_3_3_1,select8_3_3_1
3614,HTML_PAGE_SELECT8_3_3_1_1,select8_3_3_1_1
3615,HTML_PAGE_SELECT8_3_3_1_2,select8_3_3_1_2
3616,HTML_PAGE_SELECT8_3_3_1_3,select8_3_3_1_3
3617,HTML_PAGE_SELECT8_3_3_1_4,select8_3_3_1_4
3618,HTML_PAGE_SELECT8_3_3_2,select8_3_3_2
3619,HTML_PAGE_SELECT8_3_3_2_1,select8_3_3_2_1
3620,HTML_PAGE_SELECT8_3_3_2_2,select8_3_3_2_2
3621,HTML_PAGE_SELECT8_3_3_2_3,select8_3_3_2_3
3622,HTML_PAGE_SELECT8_3_3_2_4,select8_3_3_2_4
3623,HTML_PAGE_SELECT8_3_3_3,select8_3_3_3
3624,HTML_PAGE_SELECT8_3_3_3_1,select8_3_3_3_1
3625,HTML_PAGE_SELECT8_3_3_3_2,select8_3_3_3_2
3626,HTML_PAGE_SELECT8_3_3_3_3,select8_3_3_3_3
3627,HTML_PAGE_SELECT8_3_3_3_4,select8_3_3_3_4
3628,HTML_PAGE_SELECT8_3_3_4,select8_3_3_4
3629,HTML_PAGE_SELECT8_3_3_4_1,select8_3_3_4_1
3630,HTML_PAGE_SELECT8_3_3_4_2,select8_3_3_4_2
3631,HTML_PAGE_SELECT8_3_3_4_3,select8_3_3_4_3
3632,HTML_PAGE_SELECT8_3_3_4_4,select8_3_3_4_4
3633,HTML_PAGE_SELECT8_3_4,select8_3_4
3634,HTML_PAGE_SELECT8_3_4_1,select8_3_4_1
3635,HTML_PAGE_SELECT8_3_4_1_1,select8_3_4_1_1
3636,HTML_PAGE_SELECT8_3_4_1_2,select8_3_4_1_2
3637,HTML_PAGE_SELECT8_3_4_1_3,select8_3_4_1_3
3638,HTML_PAGE_SELECT8_3_4_1_4,select8_3_4_1_4
3639,HTML_PAGE_SELECT8_3_4_2,select8_3_4_2
3640,HTML_PAGE_SELECT8_3_4_2_1,select8_3_4_2_1
3641,HTML_PAGE_SELECT8_3_4_2_2,select8_3_4_2_2
3642,HTML_PAGE_SELECT8_3_4_2_3,select8_3_4_2_3
3643,HTML_PAGE_SELECT8_3_4_2_4,select8_3_4_2_4
3644,HTML_PAGE_SELECT8_3_4_3,select8_3_4_3
3645,HTML_PAGE_SELECT8_3_4_3_1,select8_3_4_3_1
3646,HTML_PAGE_SELECT8_3_4_3_2,select8_3_4_3_2
3647,HTML_PAGE_SELECT8_3_4_3_3,select8_3_4_3_3
3648,HTML_PAGE_SELECT8_3_4_3_4,select8_3_4_3_4
3649,HTML_PAGE_SELECT8_3_4_4,select8_3_4_4
3650,HTML_PAGE_SELECT8_3_4_4_1,select8_3_4_4_1
3651,HTML_PAGE_SELECT8_3_4_4_2,select8_3_4_4_2
3652,HTML_PAGE_SELECT8_3_4_4_3,select8_3_4_4_3
3653,HTML_PAGE_SELECT8_3_4_4_4,select8_3_4_4_4
3654,HTML_PAGE_SELECT8_4,select8_4
3655,HTML_PAGE_SELECT8_4_1,select8_4_1
3656,HTML_PAGE_SELECT8_4_1_1,select8_4_1_1
3657,HTML_PAGE_SELECT8_4_1_1_1,select8_4_1_1_1
3658,HTML_PAGE_SELECT8_4_1_1_2,select8_4_1_1_2
3659,HTML_PAGE_SELECT8_4_1_1_3,select8_4_1_1_3
3660,HTML_PAGE_SELECT8_4_1_1_4,select8_4_1_1_4
3661,HTML_PAGE_SELECT8_4_1_2,select8_4_1_2
3662,HTML_PAGE_SELECT8_4_1_2_1,select8_4_1_2_1
3663,HTML_PAGE_SELECT8_4_1_2_2,select8_4_1_2_2
3664,HTML_PAGE_SELECT8_4_1_2_3,select8_4_1_2_3
3665,HTML_PAGE_SELECT8_4_1_2_4,select8_4_1_2_4
3666,HTML_PAGE_SELECT8_4_1_3,select8_4_1_3
3667,HTML_PAGE_SELECT8_4_1_3_1,select8_4_1_3_1
3668,HTML_PAGE_SELECT8_4_1_3_2,select8_4_1_3_2
3669,HTML_PAGE_SELECT8_4_1_3_3,select8_4_1_3_3
3670,HTML_PAGE_SELECT8_4_1_3_4,select8_4_1_3_4
3671,HTML_PAGE_SELECT8_4_1_4,select8_4_1_4
3672,HTML_PAGE_SELECT8_4_1_4_1,select8_4_1_4_1
3673,HTML_PAGE_SELECT8_4_1_4_2,select8_4_1_4_2
3674,HTML_PAGE_SELECT8_4_1_4_3,select8_4_1_4_3
3675,HTML_PAGE_SELECT8_4_1_4_4,select8_4_1_4_4
3676,HTML_PAGE_SELECT8_4_2,select8_4_2
3677,HTML_PAGE_SELECT8_4_2_1,select8_4_2_1
3678,HTML_PAGE_SELECT8_4_2_1_1,select8_4_2_1_1
3679,HTML_PAGE_SELECT8_4_2_1_2,select8_4_2_1_2
3680,HTML_PAGE_SELECT8_4_2_1_3,select8_4_2_1_3
3681,HTML_PAGE_SELECT8_4_2_1_4,select8_4_2_1_4
3682,HTML_PAGE_SELECT8_4_2_2,select8_4_2_2
3683,HTML_PAGE_SELECT8_4_2_2_1,select8_4_2_2_1
3684,HTML_PAGE_SELECT8_4_2_2_2,select8_4_2_2_2
3685,HTML_PAGE_SELECT8_4_2_2_3,select8_4_2_2_3
3686,HTML_PAGE_SELECT8_4_2_2_4,select8_4_2_2_4
3687,HTML_PAGE_SELECT8_4_2_3,select8_4_2_3
3688,HTML_PAGE_SELECT8_4_2_3_1,select8_4_2_3_1
3689,HTML_PAGE_SELECT8_4_2_3_2,select8_4_2_3_2
3690,HTML_PAGE_SELECT8_4_2_3_3,select8_4_2_3_3
3691,HTML_PAGE_SELECT8_4_2_3_4,select8_4_2_3_4
3692,HTML_PAGE_SELECT8_4_2_4,select8_4_2_4
3693,HTML_PAGE_SELECT8_4_2_4_1,select8_4_2_4_1
3694,HTML_PAGE_SELECT8_4_2_4_2,select8_4_2_4_2
3695,HTML_PAGE_SELECT8_4_2_4_3,select8_4_2_4_3
3696,HTML_PAGE_SELECT8_4_2_4_4,select8_4_2_4_4
3697,HTML_PAGE_SELECT8_4_3,select8_4_3
3698,HTML_PAGE_SELECT8_4_3_1,select8_4_3_1
3699,HTML_PAGE_SELECT8_4_3_1_1,select8_4_3_1_1
3700,HTML_PAGE_SELECT8_4_3_1_2,select8_4_3_1_2
3701,HTML_PAGE_SELECT8_4_3_1_3,select8_4_3_1_3
3702,HTML_PAGE_SELECT8_4_3_1_4,select8_4_3_1_4
3703,HTML_PAGE_SELECT8_4_3_2,select8_4_3_2
3704,HTML_PAGE_SELECT8_4_3_2_1,select8_4_3_2_1
3705,HTML_PAGE_SELECT8_4_3_2_2,select8_4_3_2_2
3706,HTML_PAGE_SELECT8_4_3_2_3,select8_4_3_2_3
3707,HTML_PAGE_SELECT8_4_3_2_4,select8_4_3_2_4
3708,HTML_PAGE_SELECT8_4_3_3,select8_4_3_3
3709,HTML_PAGE_SELECT8_4_3_3_1,select8_4_3_3_1
3710,HTML_PAGE_SELECT8_4_3_3_2,select8_4_3_3_2
3711,HTML_PAGE_SELECT8_4_3_3_3,select8_4_3_3_3
3712,HTML_PAGE_SELECT8_4_3_3_4,select8_4_3_3_4
3713,HTML_PAGE_SELECT8_4_3_4,select8_4_3_4
3714,HTML_PAGE_SELECT8_4_3_4_1,select8_4_3_4_1
3715,HTML_PAGE_SELECT8_4_3_4_2,select8_4_3_4_2
3716,HTML_PAGE_SELECT8_4_3_4_3,select8_4_3_4_3
3717,HTML_PAGE_SELECT8_4_3_4_4,select8_4_3_4_4
3718,HTML_PAGE_SELECT8_4_4,select8_4_4
3719,HTML_PAGE_SELECT8_4_4_1,select8_4_4_1
3720,HTML_PAGE_SELECT8_4_4_1_1,select8_4_4_1_1
3721,HTML_PAGE_SELECT8_4_4_1_2,select8_4_4_1_2
3722,HTML_PAGE_SELECT8_4_4_1_3,select8_4_4_1_3
3723,HTML_PAGE_SELECT8_4_4_1_4,select8_4_4_1_4
3724,HTML_PAGE_SELECT8_4_4_2,select8_4_4_2
3725,HTML_PAGE_SELECT8_4_4_2_1,select8_4_4_2_1
3726,HTML_PAGE_SELECT8_4_4_2_2,select8_4_4_2_2
3727,HTML_PAGE_SELECT8_4_4_2_3,select8_4_4_2_3
3728,HTML_PAGE_SELECT8_4_4_2_4,select8_4_4_2_4
3729,HTML_PAGE_SELECT8_4_4_3,select8_4_4_3
3730,HTML_PAGE_SELECT8_4_4_3_1,select8_4_4_3_1
3731,HTML_PAGE_SELECT8_4_4_3_2,select8_4_4_3_2
3732,HTML_PAGE_SELECT8_4_4_3_3,select8_4_4_3_3
3733,HTML_PAGE_SELECT8_4_4_3_4,select8_4_4_3_4
3734,HTML_PAGE_SELECT8_4_4_4,select8_4_4_4
3735,HTML_PAGE_SELECT8_4_4_4_1,select8_4_4_4_1
3736,HTML_PAGE_SELECT8_4_4_4_2,select8_4_4_4_2
3737,HTML_PAGE_SELECT8_4_4_4_3,select8_4_4_4_3
3738,HTML_PAGE_SELECT8_4_4_4_4,select8_4_4_4_4
3739,HTML_PAGE_SELECT9,select9
3740,HTML_PAGE_SELECT9_1,select9_1
3741,HTML_PAGE_SELECT9_1_1,select9_1_1
3742,HTML_PAGE_SELECT9_1_1_1,select9_1_1_1
3743,HTML_PAGE_SELECT9_1_1_1_1,select9_1_1_1_1
3744,HTML_PAGE_SELECT9_1_1_1_2,select9_1_1_1_2
3745,HTML_PAGE_SELECT9_1_1_1_3,select9_1_1_1_3
3746,HTML_PAGE_SELECT9_1_1_1_4,select9_1_1_1_4
3747,HTML_PAGE_SELECT9_1_1_2,select9_1_1_2
3748,HTML_PAGE_SELECT9_1_1_2_1,select9_1_1_2_1
3749,HTML_PAGE_SELECT9_1_1_2_2,select9_1_1_2_2
3750,HTML_PAGE_SELECT9_1_1_2_3,select9_1_1_2_3
3751,HTML_PAGE_SELECT9_1_1_2_4,select9_1_1_2_4
3752,HTML_PAGE_SELECT9_1_1_3,select9_1_1_3
3753,HTML_PAGE_SELECT9_1_1_3_1,select9_1_1_3_1
3754,HTML_PAGE_SELECT9_1_1_3_2,select9_1_1_3_2
3755,HTML_PAGE_SELECT9_1_1_3_3,select9_1_1_3_3
3756,HTML_PAGE_SELECT9_1_1_3_4,select9_1_1_3_4
3757,HTML_PAGE_SELECT9_1_1_4,select9_1_1_4
3758,HTML_PAGE_SELECT9_1_1_4_1,select9_1_1_4_1
3759,HTML_PAGE_SELECT9_1_1_4_2,select9_1_1_4_2
3760,HTML_PAGE_SELECT9_1_1_4_3,select9_1_1_4_3
3761,HTML_PAGE_SELECT9_1_1_4_4,select9_1_1_4_4
3762,HTML_PAGE_SELECT9_1_2,select9_1_2
3763,HTML_PAGE_SELECT9_1_2_1,select9_1_2_1
3764,HTML_PAGE_SELECT9_1_2_1_1,select9_1_2_1_1
3765,HTML_PAGE_SELECT9_1_2_1_2,select9_1_2_1_2
3766,HTML_PAGE_SELECT9_1_2_1_3,select9_1_2_1_3
3767,HTML_PAGE_SELECT9_1_2_1_4,select9_1_2_1_4
3768,HTML_PAGE_SELECT9_1_2_2,select9_1_2_2
3769,HTML_PAGE_SELECT9_1_2_2_1,select9_1_2_2_1
3770,HTML_PAGE_SELECT9_1_2_2_2,select9_1_2_2_2
3771,HTML_PAGE_SELECT9_1_2_2_3,select9_1_2_2_3
3772,HTML_PAGE_SELECT9_1_2_2_4,select9_1_2_2_4
3773,HTML_PAGE_SELECT9_1_2_3,select9_1_2_3
3774,HTML_PAGE_SELECT9_1_2_3_1,select9_1_2_3_1
3775,HTML_PAGE_SELECT9_1_2_3_2,select9_1_2_3_2
3776,HTML_PAGE_SELECT9_1_2_3_3,select9_1_2_3_3
3777,HTML_PAGE_SELECT9_1_2_3_4,select9_1_2_3_4
3778,HTML_PAGE_SELECT9_1_2_4,select9_1_2_4
3779,HTML_PAGE_SELECT9_1_2_4_1,select9_1_2_4_1
3780,HTML_PAGE_SELECT9_1_2_4_2,select9_1_2_4_2
3781,HTML_PAGE_SELECT9_1_2_4_3,select9_1_2_4_3
3782,HTML_PAGE_SELECT9_1_2_4_4,select9_1_2_4_4
3783,HTML_PAGE_SELECT9_1_3,select9_1_3
3784,HTML_PAGE_SELECT9_1_3_1,select9_1_3_1
3785,HTML_PAGE_SELECT9_1_3_1_1,select9_1_3_1_1
3786,HTML_PAGE_SELECT9_1_3_1_2,select9_1_3_1_2
3787,HTML_PAGE_SELECT9_1_3_1_3,select9_1_3_1_3
3788,HTML_PAGE_SELECT9_1_3_1_4,select9_1_3_1_4
3789,HTML_PAGE_SELECT9_1_3_2,select9_1_3_2
3790,HTML_PAGE_SELECT9_1_3_2_1,select9_1_3_2_1
3791,HTML_PAGE_SELECT9_1_3_2_2,select9_1_3_2_2
3792,HTML_PAGE_SELECT9_1_3_2_3,select9_1_3_2_3
3793,HTML_PAGE_SELECT9_1_3_2_4,select9_1_3_2_4
3794,HTML_PAGE_SELECT9_1_3_3,select9_1_3_3
3795,HTML_PAGE_SELECT9_1_3_3_1,select9_1_3_3_1
3796,HTML_PAGE_SELECT9_1_3_3_2,select9_1_3_3_2
3797,HTML_PAGE_SELECT9_1_3_3_3,select9_1_3_3_3
3798,HTML_PAGE_SELECT9_1_3_3_4,select9_1_3_3_4
3799,HTML_PAGE_SELECT9_1_3_4,select9_1_3_4
3800,HTML_PAGE_SELECT9_1_3_4_1,select9_1_3_4_1
3801,HTML_PAGE_SELECT9_1_3_4_2,select9_1_3_4_2
3802,HTML_PAGE_SELECT9_1_3_4_3,select9_1_3_4_3
3803,HTML_PAGE_SELECT9_1_3_4_4,select9_1_3_4_4
3804,HTML_PAGE_SELECT9_1_4,select9_1_4
3805,HTML_PAGE_SELECT9_1_4_1,select9_1_4_1
3806,HTML_PAGE_SELECT9_1_4_1_1,select9_1_4_1_1
3807,HTML_PAGE_SELECT9_1_4_1_2,select9_1_4_1_2
3808,HTML_PAGE_SELECT9_1_4_1_3,select9_1_4_1_3
3809,HTML_PAGE_SELECT9_1_4_1_4,select9_1_4_1_4
3810,HTML_PAGE_SELECT9_1_4_2,select9_1_4_2
3811,HTML_PAGE_SELECT9_1_4_2_1,select9_1_4_2_1
3812,HTML_PAGE_SELECT9_1_4_2_2,select9_1_4_2_2
3813,HTML_PAGE_SELECT9_1_4_2_3,select9_1_4_2_3
3814,HTML_PAGE_SELECT9_1_4_2_4,select9_1_4_2_4
3815,HTML_PAGE_SELECT9_1_4_3,select9_1_4_3
3816,HTML_PAGE_SELECT9_1_4_3_1,select9_1_4_3_1
3817,HTML_PAGE_SELECT9_1_4_3_2,select9_1_4_3_2
3818,HTML_PAGE_SELECT9_1_4_3_3,select9_1_4_3_3
3819,HTML_PAGE_SELECT9_1_4_3_4,select9_1_4_3_4
3820,HTML_PAGE_SELECT9_1_4_4,select9_1_4_4
3821,HTML_PAGE_SELECT9_1_4_4_1,select9_1_4_4_1
3822,HTML_PAGE_SELECT9_1_4_4_2,select9_1_4_4_2
3823,HTML_PAGE_SELECT9_1_4_4_3,select9_1_4_4_3
3824,HTML_PAGE_SELECT9_1_4_4_4,select9_1_4_4_4
3825,HTML_PAGE_SELECT9_2,select9_2
3826,HTML_PAGE_SELECT9_2_1,select9_2_1
3827,HTML_PAGE_SELECT9_2_1_1,select9_2_1_1
3828,HTML_PAGE_SELECT9_2_1_1_1,select9_2_1_1_1
3829,HTML_PAGE_SELECT9_2_1_1_2,select9_2_1_1_2
3830,HTML_PAGE_SELECT9_2_1_1_3,select9_2_1_1_3
3831,HTML_PAGE_SELECT9_2_1_1_4,select9_2_1_1_4
3832,HTML_PAGE_SELECT9_2_1_2,select9_2_1_2
3833,HTML_PAGE_SELECT9_2_1_2_1,select9_2_1_2_1
3834,HTML_PAGE_SELECT9_2_1_2_2,select9_2_1_2_2
3835,HTML_PAGE_SELECT9_2_1_2_3,select9_2_1_2_3
3836,HTML_PAGE_SELECT9_2_1_2_4,select9_2_1_2_4
3837,HTML_PAGE_SELECT9_2_1_3,select9_2_1_3
3838,HTML_PAGE_SELECT9_2_1_3_1,select9_2_1_3_1
3839,HTML_PAGE_SELECT9_2_1_3_2,select9_2_1_3_2
3840,HTML_PAGE_SELECT9_2_1_3_3,select9_2_1_3_3
3841,HTML_PAGE_SELECT9_2_1_3_4,select9_2_1_3_4
3842,HTML_PAGE_SELECT9_2_1_4,select9_2_1_4
3843,HTML_PAGE_SELECT9_2_1_4_1,select9_2_1_4_1
3844,HTML_PAGE_SELECT9_2_1_4_2,select9_2_1_4_2
3845,HTML_PAGE_SELECT9_2_1_4_3,select9_2_1_4_3
3846,HTML_PAGE_SELECT9_2_1_4_4,select9_2_1_4_4
3847,HTML_PAGE_SELECT9_2_2,select9_2_2
3848,HTML_PAGE_SELECT9_2_2_1,select9_2_2_1
3849,HTML_PAGE_SELECT9_2_2_1_1,select9_2_2_1_1
3850,HTML_PAGE_SELECT9_2_2_1_2,select9_2_2_1_2
3851,HTML_PAGE_SELECT9_2_2_1_3,select9_2_2_1_3
3852,HTML_PAGE_SELECT9_2_2_1_4,select9_2_2_1_4
3853,HTML_PAGE_SELECT9_2_2_2,select9_2_2_2
3854,HTML_PAGE_SELECT9_2_2_2_1,select9_2_2_2_1
3855,HTML_PAGE_SELECT9_2_2_2_2,select9_2_2_2_2
3856,HTML_PAGE_SELECT9_2_2_2_3,select9_2_2_2_3
3857,HTML_PAGE_SELECT9_2_2_2_4,select9_2_2_2_4
3858,HTML_PAGE_SELECT9_2_2_3,select9_2_2_3
3859,HTML_PAGE_SELECT9_2_2_3_1,select9_2_2_3_1
3860,HTML_PAGE_SELECT9_2_2_3_2,select9_2_2_3_2
3861,HTML_PAGE_SELECT9_2_2_3_3,select9_2_2_3_3
3862,HTML_PAGE_SELECT9_2_2_3_4,select9_2_2_3_4
3863,HTML_PAGE_SELECT9_2_2_4,select9_2_2_4
3864,HTML_PAGE_SELECT9_2_2_4_1,select9_2_2_4_1
3865,HTML_PAGE_SELECT9_2_2_4_2,select9_2_2_4_2
3866,HTML_PAGE_SELECT9_2_2_4_3,select9_2_2_4_3
3867,HTML_PAGE_SELECT9_2_2_4_4,select9_2_2_4_4
3868,HTML_PAGE_SELECT9_2_3,select9_2_3
3869,HTML_PAGE_SELECT9_2_3_1,select9_2_3_1
3870,HTML_PAGE_SELECT9_2_3_1_1,select9_2_3_1_1
3871,HTML_PAGE_SELECT9_2_3_1_2,select9_2_3_1_2
3872,HTML_PAGE_SELECT9_2_3_1_3,select9_2_3_1_3
3873,HTML_PAGE_SELECT9_2_3_1_4,select9_2_3_1_4
3874,HTML_PAGE_SELECT9_2_3_2,select9_2_3_2
3875,HTML_PAGE_SELECT9_2_3_2_1,select9_2_3_2_1
3876,HTML_PAGE_SELECT9_2_3_2_2,select9_2_3_2_2
3877,HTML_PAGE_SELECT9_2_3_2_3,select9_2_3_2_3
3878,HTML_PAGE_SELECT9_2_3_2_4,select9_2_3_2_4
3879,HTML_PAGE_SELECT9_2_3_3,select9_2_3_3
3880,HTML_PAGE_SELECT9_2_3_3_1,select9_2_3_3_1
3881,HTML_PAGE_SELECT9_2_3_3_2,select9_2_3_3_2
3882,HTML_PAGE_SELECT9_2_3_3_3,select9_2_3_3_3
3883,HTML_PAGE_SELECT9_2_3_3_4,select9_2_3_3_4
3884,HTML_PAGE_SELECT9_2_3_4,select9_2_3_4
3885,HTML_PAGE_SELECT9_2_3_4_1,select9_2_3_4_1
3886,HTML_PAGE_SELECT9_2_3_4_2,select9_2_3_4_2
3887,HTML_PAGE_SELECT9_2_3_4_3,select9_2_3_4_3
3888,HTML_PAGE_SELECT9_2_3_4_4,select9_2_3_4_4
3889,HTML_PAGE_SELECT9_2_4,select9_2_4
3890,HTML_PAGE_SELECT9_2_4_1,select9_2_4_1
3891,HTML_PAGE_SELECT9_2_4_1_1,select9_2_4_1_1
3892,HTML_PAGE_SELECT9_2_4_1_2,select9_2_4_1_2
3893,HTML_PAGE_SELECT9_2_4_1_3,select9_2_4_1_3
3894,HTML_PAGE_SELECT9_2_4_1_4,select9_2_4_1_4
3895,HTML_PAGE_SELECT9_2_4_2,select9_2_4_2
3896,HTML_PAGE_SELECT9_2_4_2_1,select9_2_4_2_1
3897,HTML_PAGE_SELECT9_2_4_2_2,select9_2_4_2_2
3898,HTML_PAGE_SELECT9_2_4_2_3,select9_2_4_2_3
3899,HTML_PAGE_SELECT9_2_4_2_4,select9_2_4_2_4
3900,HTML_PAGE_SELECT9_2_4_3,select9_2_4_3
3901,HTML_PAGE_SELECT9_2_4_3_1,select9_2_4_3_1
3902,HTML_PAGE_SELECT9_2_4_3_2,select9_2_4_3_2
3903,HTML_PAGE_SELECT9_2_4_3_3,select9_2_4_3_3
3904,HTML_PAGE_SELECT9_2_4_3_4,select9_2_4_3_4
3905,HTML_PAGE_SELECT9_2_4_4,select9_2_4_4
3906,HTML_PAGE_SELECT9_2_4_4_1,select9_2_4_4_1
3907,HTML_PAGE_SELECT9_2_4_4_2,select9_2_4_4_2
3908,HTML_PAGE_SELECT9_2_4_4_3,select9_2_4_4_3
3909,HTML_PAGE_SELECT9_2_4_4_4,select9_2_4_4_4
3910,HTML_PAGE_SELECT9_3,select9_3
3911,HTML_PAGE_SELECT9_3_1,select9_3_1
3912,HTML_PAGE_SELECT9_3_1_1,select9_3_1_1
3913,HTML_PAGE_SELECT9_3_1_1_1,select9_3_1_1_1
3914,HTML_PAGE_SELECT9_3_1_1_2,select9_3_1_1_2
3915,HTML_PAGE_SELECT9_3_1_1_3,select9_3_1_1_3
3916,HTML_PAGE_SELECT9_3_1_1_4,select9_3_1_1_4
3917,HTML_PAGE_SELECT9_3_1_2,select9_3_1_2
3918,HTML_PAGE_SELECT9_3_1_2_1,select9_3_1_2_1
3919,HTML_PAGE_SELECT9_3_1_2_2,select9_3_1_2_2
3920,HTML_PAGE_SELECT9_3_1_2_3,select9_3_1_2_3
3921,HTML_PAGE_SELECT9_3_1_2_4,select9_3_1_2_4
3922,HTML_PAGE_SELECT9_3_1_3,select9_3_1_3
3923,HTML_PAGE_SELECT9_3_1_3_1,select9_3_1_3_1
3924,HTML_PAGE_SELECT9_3_1_3_2,select9_3_1_3_2
3925,HTML_PAGE_SELECT9_3_1_3_3,select9_3_1_3_3
3926,HTML_PAGE_SELECT9_3_1_3_4,select9_3_1_3_4
3927,HTML_PAGE_SELECT9_3_1_4,select9_3_1_4
3928,HTML_PAGE_SELECT9_3_1_4_1,select9_3_1_4_1
3929,HTML_PAGE_SELECT9_3_1_4_2,select9_3_1_4_2
3930,HTML_PAGE_SELECT9_3_1_4_3,select9_3_1_4_3
3931,HTML_PAGE_SELECT9_3_1_4_4,select9_3_1_4_4
3932,HTML_PAGE_SELECT9_3_2,select9_3_2
3933,HTML_PAGE_SELECT9_3_2_1,select9_3_2_1
3934,HTML_PAGE_SELECT9_3_2_1_1,select9_3_2_1_1
3935,HTML_PAGE_SELECT9_3_2_1_2,select9_3_2_1_2
3936,HTML_PAGE_SELECT9_3_2_1_3,select9_3_2_1_3
3937,HTML_PAGE_SELECT9_3_2_1_4,select9_3_2_1_4
3938,HTML_PAGE_SELECT9_3_2_2,select9_3_2_2
3939,HTML_PAGE_SELECT9_3_2_2_1,select9_3_2_2_1
3940,HTML_PAGE_SELECT9_3_2_2_2,select9_3_2_2_2
3941,HTML_PAGE_SELECT9_3_2_2_3,select9_3_2_2_3
3942,HTML_PAGE_SELECT9_3_2_2_4,select9_3_2_2_4
3943,HTML_PAGE_SELECT9_3_2_3,select9_3_2_3
3944,HTML_PAGE_SELECT9_3_2_3_1,select9_3_2_3_1
3945,HTML_PAGE_SELECT9_3_2_3_2,select9_3_2_3_2
3946,HTML_PAGE_SELECT9_3_2_3_3,select9_3_2_3_3
3947,HTML_PAGE_SELECT9_3_2_3_4,select9_3_2_3_4
3948,HTML_PAGE_SELECT9_3_2_4,select9_3_2_4
3949,HTML_PAGE_SELECT9_3_2_4_1,select9_3_2_4_1
3950,HTML_PAGE_SELECT9_3_2_4_2,select9_3_2_4_2
3951,HTML_PAGE_SELECT9_3_2_4_3,select9_3_2_4_3
3952,HTML_PAGE_SELECT9_3_2_4_4,select9_3_2_4_4
3953,HTML_PAGE_SELECT9_3_3,select9_3_3
3954,HTML_PAGE_SELECT9_3_3_1,select9_3_3_1
3955,HTML_PAGE_SELECT9_3_3_1_1,select9_3_3_1_1
3956,HTML_PAGE_SELECT9_3_3_1_2,select9_3_3_1_2
3957,HTML_PAGE_SELECT9_3_3_1_3,select9_3_3_1_3
3958,HTML_PAGE_SELECT9_3_3_1_4,select9_3_3_1_4
3959,HTML_PAGE_SELECT9_3_3_2,select9_3_3_2
3960,HTML_PAGE_SELECT9_3_3_2_1,select9_3_3_2_1
3961,HTML_PAGE_SELECT9_3_3_2_2,select9_3_3_2_2
3962,HTML_PAGE_SELECT9_3_3_2_3,select9_3_3_2_3
3963,HTML_PAGE_SELECT9_3_3_2_4,select9_3_3_2_4
3964,HTML_PAGE_SELECT9_3_3_3,select9_3_3_3
3965,HTML_PAGE_SELECT9_3_3_3_1,select9_3_3_3_1
3966,HTML_PAGE_SELECT9_3_3_3_2,select9_3_3_3_2
3967,HTML_PAGE_SELECT9_3_3_3_3,select9_3_3_3_3
3968,HTML_PAGE_SELECT9_3_3_3_4,select9_3_3_3_4
3969,HTML_PAGE_SELECT9_3_3_4,select9_3_3_4
3970,HTML_PAGE_SELECT9_3_3_4_1,select9_3_3_4_1
3971,HTML_PAGE_SELECT9_3_3_4_2,select9_3_3_4_2
3972,HTML_PAGE_SELECT9_3_3_4_3,select9_3_3_4_3
3973,HTML_PAGE_SELECT9_3_3_4_4,select9_3_3_4_4
3974,HTML_PAGE_SELECT9_3_4,select9_3_4
3975,HTML_PAGE_SELECT9_3_4_1,select9_3_4_1
3976,HTML_PAGE_SELECT9_3_4_1_1,select9_3_4_1_1
3977,HTML_PAGE_SELECT9_3_4_1_2,select9_3_4_1_2
3978,HTML_PAGE_SELECT9_3_4_1_3,select9_3_4_1_3
3979,HTML_PAGE_SELECT9_3_4_1_4,select9_3_4_1_4
3980,HTML_PAGE_SELECT9_3_4_2,select9_3_4_2
3981,HTML_PAGE_SELECT9_3_4_2_1,select9_3_4_2_1
3982,HTML_PAGE_SELECT9_3_4_2_2,select9_3_4_2_2
3983,HTML_PAGE_SELECT9_3_4_2_3,select9_3_4_2_3
3984,HTML_PAGE_SELECT9_3_4_2_4,select9_3_4_2_4
3985,HTML_PAGE_SELECT9_3_4_3,select9_3_4_3
3986,HTML_PAGE_SELECT9_3_4_3_1,select9_3_4_3_1
3987,HTML_PAGE_SELECT9_3_4_3_2,select9_3_4_3_2
3988,HTML_PAGE_SELECT9_3_4_3_3,select9_3_4_3_3
3989,HTML_PAGE_SELECT9_3_4_3_4,select9_3_4_3_4
3990,HTML_PAGE_SELECT9_3_4_4,select9_3_4_4
3991,HTML_PAGE_SELECT9_3_4_4_1,select9_3_4_4_1
3992,HTML_PAGE_SELECT9_3_4_4_2,select9_3_4_4_2
3993,HTML_PAGE_SELECT9_3_4_4_3,select9_3_4_4_3
3994,HTML_PAGE_SELECT9_3_4_4_4,select9_3_4_4_4
3995,HTML_PAGE_SELECT9_4,select9_4
3996,HTML_PAGE_SELECT9_4_1,select9_4_1
3997,HTML_PAGE_SELECT9_4_1_1,select9_4_1_1
3998,HTML_PAGE_SELECT9_4_1_1_1,select9_4_1_1_1
3999,HTML_PAGE_SELECT9_4_1_1_2,select9_4_1_1_2
4000,HTML_PAGE_SELECT9_4_1_1_3,select9_4_1_1_3
4001,HTML_PAGE_SELECT9_4_1_1_4,select9_4_1_1_4
4002,HTML_PAGE_SELECT9_4_1_2,select9_4_1_2
4003,HTML_PAGE_SELECT9_4_1_2_1,select9_4_1_2_1
4004,HTML_PAGE_SELECT9_4_1_2_2,select9_4_1_2_2
4005,HTML_PAGE_SELECT9_4_1_2_3,select9_4_1_2_3
4006,HTML_PAGE_SELECT9_4_1_2_4,select9_4_1_2_4
4007,HTML_PAGE_SELECT9_4_1_3,select9_4_1_3
4008,HTML_PAGE_SELECT9_4_1_3_1,select9_4_1_3_1
4009,HTML_PAGE_SELECT9_4_1_3_2,select9_4_1_3_2
4010,HTML_PAGE_SELECT9_4_1_3_3,select9_4_1_3_3
4011,HTML_PAGE_SELECT9_4_1_3_4,select9_4_1_3_4
4012,HTML_PAGE_SELECT9_4_1_4,select9_4_1_4
4013,HTML_PAGE_SELECT9_4_1_4_1,select9_4_1_4_1
4014,HTML_PAGE_SELECT9_4_1_4_2,select9_4_1_4_2
4015,HTML_PAGE_SELECT9_4_1_4_3,select9_4_1_4_3
4016,HTML_PAGE_SELECT9_4_1_4_4,select9_4_1_4_4
4017,HTML_PAGE_SELECT9_4_2,select9_4_2
4018,HTML_PAGE_SELECT9_4_2_1,select9_4_2_1
4019,HTML_PAGE_SELECT9_4_2_1_1,select9_4_2_1_1
4020,HTML_PAGE_SELECT9_4_2_1_2,select9_4_2_1_2
4021,HTML_PAGE_SELECT9_4_2_1_3,select9_4_2_1_3
4022,HTML_PAGE_SELECT9_4_2_1_4,select9_4_2_1_4
4023,HTML_PAGE_SELECT9_4_2_2,select9_4_2_2
4024,HTML_PAGE_SELECT9_4_2_2_1,select9_4_2_2_1
4025,HTML_PAGE_SELECT9_4_2_2_2,select9_4_2_2_2
4026,HTML_PAGE_SELECT9_4_2_2_3,select9_4_2_2_3
4027,HTML_PAGE_SELECT9_4_2_2_4,select9_4_2_2_4
4028,HTML_PAGE_SELECT9_4_2_3,select9_4_2_3
4029,HTML_PAGE_SELECT9_4_2_3_1,select9_4_2_3_1
4030,HTML_PAGE_SELECT9_4_2_3_2,select9_4_2_3_2
4031,HTML_PAGE_SELECT9_4_2_3_3,select9_4_2_3_3
4032,HTML_PAGE_SELECT9_4_2_3_4,select9_4_2_3_4
4033,HTML_PAGE_SELECT9_4_2_4,select9_4_2_4
4034,HTML_PAGE_SELECT9_4_2_4_1,select9_4_2_4_1
4035,HTML_PAGE_SELECT9_4_2_4_2,select9_4_2_4_2
4036,HTML_PAGE_SELECT9_4_2_4_3,select9_4_2_4_3
4037,HTML_PAGE_SELECT9_4_2_4_4,select9_4_2_4_4
4038,HTML_PAGE_SELECT9_4_3,select9_4_3
4039,HTML_PAGE_SELECT9_4_3_1,select9_4_3_1
4040,HTML_PAGE_SELECT9_4_3_1_1,select9_4_3_1_1
4041,HTML_PAGE_SELECT9_4_3_1_2,select9_4_3_1_2
4042,HTML_PAGE_SELECT9_4_3_1_3,select9_4_3_1_3
4043,HTML_PAGE_SELECT9_4_3_1_4,select9_4_3_1_4
4044,HTML_PAGE_SELECT9_4_3_2,select9_4_3_2
4045,HTML_PAGE_SELECT9_4_3_2_1,select9_4_3_2_1
4046,HTML_PAGE_SELECT9_4_3_2_2,select9_4_3_2_2
4047,HTML_PAGE_SELECT9_4_3_2_3,select9_4_3_2_3
4048,HTML_PAGE_SELECT9_4_3_2_4,select9_4_3_2_4
4049,HTML_PAGE_SELECT9_4_3_3,select9_4_3_3
4050,HTML_PAGE_SELECT9_4_3_3_1,select9_4_3_3_1
4051,HTML_PAGE_SELECT9_4_3_3_2,select9_4_3_3_2
4052,HTML_PAGE_SELECT9_4_3_3_3,select9_4_3_3_3
4053,HTML_PAGE_SELECT9_4_3_3_4,select9_4_3_3_4
4054,HTML_PAGE_SELECT9_4_3_4,select9_4_3_4
4055,HTML_PAGE_SELECT9_4_3_4_1,select9_4_3_4_1
4056,HTML_PAGE_SELECT9_4_3_4_2,select9_4_3_4_2
4057,HTML_PAGE_SELECT9_4_3_4_3,select9_4_3_4_3
4058,HTML_PAGE_SELECT9_4_3_4_4,select9_4_3_4_4
4059,HTML_PAGE_SELECT9_4_4,select9_4_4
4060,HTML_PAGE_SELECT9_4_4_1,select9_4_4_1
4061,HTML_PAGE_SELECT9_4_4_1_1,select9_4_4_1_1
4062,HTML_PAGE_SELECT9_4_4_1_2,select9_4_4_1_2
4063,HTML_PAGE_SELECT9_4_4_1_3,select9_4_4_1_3
4064,HTML_PAGE_SELECT9_4_4_1_4,select9_4_4_1_4
4065,HTML_PAGE_SELECT9_4_4_2,select9_4_4_2
4066,HTML_PAGE_SELECT9_4_4_2_1,select9_4_4_2_1
4067,HTML_PAGE_SELECT9_4_4_2_2,select9_4_4_2_2
4068,HTML_PAGE_SELECT9_4_4_2_3,select9_4_4_2_3
4069,HTML_PAGE_SELECT9_4_4_2_4,select9_4_4_2_4
4070,HTML_PAGE_SELECT9_4_4_3,select9_4_4_3
4071,HTML_PAGE_SELECT9_4_4_3_1,select9_4_4_3_1
4072,HTML_PAGE_SELECT9_4_4_3_2,select9_4_4_3_2
4073,HTML_PAGE_SELECT9_4_4_3_3,select9_4_4_3_3
4074,HTML_PAGE_SELECT9_4_4_3_4,select9_4_4_3_4
4075,HTML_PAGE_SELECT9_4_4_4,select9_4_4_4
4076,HTML_PAGE_SELECT9_4_4_4_1,select9_4_4_4_1
4077,HTML_PAGE_SELECT9_4_4_4_2,select9_4_4_4_2
4078,HTML_PAGE_SELECT9_4_4_4_3,select9_4_4_4_3
4079,HTML_PAGE_SELECT9_4_4_4_4,select9_4_4_4_4
4080,HTML_PAGE_SELECT10,select10
4081,HTML_PAGE_SELECT10_1,select10_1
4082,HTML_PAGE_SELECT10_1_1,select10_1_1
4083,HTML_PAGE_SELECT10_1_1_1,select10_1_1_1
4084,HTML_PAGE_SELECT10_1_1_1_1,select10_1_1_1_1
4085,HTML_PAGE_SELECT10_1_1_1_2,select10_1_1_1_2
4086,HTML_PAGE_SELECT10_1_1_1_3,select10_1_1_1_3
4087,HTML_PAGE_SELECT10_1_1_1_4,select10_1_1_1_4
4088,HTML_PAGE_SELECT10_1_1_2,select10_1_1_2
4089,HTML_PAGE_SELECT10_1_1_2_1,select10_1_1_2_1
4090,HTML_PAGE_SELECT10_1_1_2_2,select10_1_1_2_2
4091,HTML_PAGE_SELECT10_1_1_2_3,select10_1_1_2_3
4092,HTML_PAGE_SELECT10_1_1_2_4,select10_1_1_2_4
4093,HTML_PAGE_SELECT10_1_1_3,select10_1_1_3
4094,HTML_PAGE_SELECT10_1_1_3_1,select10_1_1_3_1
4095,HTML_PAGE_SELECT10_1_1_3_2,select10_1_1_3_2
4096,HTML_PAGE_SELECT10_1_1_3_3,select10_1_1_3_3
4097,HTML_PAGE_SELECT10_1_1_3_4,select10_1_1_3_4
4098,HTML_PAGE_SELECT10_1_1_4,select10_1_1_4
4099,HTML_PAGE_SELECT10_1_1_4_1,select10_1_1_4_1
4100,HTML_PAGE_SELECT10_1_1_4_2,select10_1_1_4_2
4101,HTML_PAGE_SELECT10_1_1_4_3,select10_1_1_4_3
4102,HTML_PAGE_SELECT10_1_1_4_4,select10_1_1_4_4
4103,HTML_PAGE_SELECT10_1_2,select10_1_2
4104,HTML_PAGE_SELECT10_1_2_1,select10_1_2_1
4105,HTML_PAGE_SELECT10_1_2_1_1,select10_1_2_1_1
4106,HTML_PAGE_SELECT10_1_2_1_2,select10_1_2_1_2
4107,HTML_PAGE_SELECT10_1_2_1_3,select10_1_2_1_3
4108,HTML_PAGE_SELECT10_1_2_1_4,select10_1_2_1_4
4109,HTML_PAGE_SELECT10_1_2_2,select10_1_2_2
4110,HTML_PAGE_SELECT10_1_2_2_1,select10_1_2_2_1
4111,HTML_PAGE_SELECT10_1_2_2_2,select10_1_2_2_2
4112,HTML_PAGE_SELECT10_1_2_2_3,select10_1_2_2_3
4113,HTML_PAGE_SELECT10_1_2_2_4,select10_1_2_2_4
4114,HTML_PAGE_SELECT10_1_2_3,select10_1_2_3
4115,HTML_PAGE_SELECT10_1_2_3_1,select10_1_2_3_1
4116,HTML_PAGE_SELECT10_1_2_3_2,select10_1_2_3_2
4117,HTML_PAGE_SELECT10_1_2_3_3,select10_1_2_3_3
4118,HTML_PAGE_SELECT10_1_2_3_4,select10_1_2_3_4
4119,HTML_PAGE_SELECT10_1_2_4,select10_1_2_4
4120,HTML_PAGE_SELECT10_1_2_4_1,select10_1_2_4_1
4121,HTML_PAGE_SELECT10_1_2_4_2,select10_1_2_4_2
4122,HTML_PAGE_SELECT10_1_2_4_3,select10_1_2_4_3
4123,HTML_PAGE_SELECT10_1_2_4_4,select10_1_2_4_4
4124,HTML_PAGE_SELECT10_1_3,select10_1_3
4125,HTML_PAGE_SELECT10_1_3_1,select10_1_3_1
4126,HTML_PAGE_SELECT10_1_3_1_1,select10_1_3_1_1
4127,HTML_PAGE_SELECT10_1_3_1_2,select10_1_3_1_2
4128,HTML_PAGE_SELECT10_1_3_1_3,select10_1_3_1_3
4129,HTML_PAGE_SELECT10_1_3_1_4,select10_1_3_1_4
4130,HTML_PAGE_SELECT10_1_3_2,select10_1_3_2
4131,HTML_PAGE_SELECT10_1_3_2_1,select10_1_3_2_1
4132,HTML_PAGE_SELECT10_1_3_2_2,select10_1_3_2_2
4133,HTML_PAGE_SELECT10_1_3_2_3,select10_1_3_2_3
4134,HTML_PAGE_SELECT10_1_3_2_4,select10_1_3_2_4
4135,HTML_PAGE_SELECT10_1_3_3,select10_1_3_3
4136,HTML_PAGE_SELECT10_1_3_3_1,select10_1_3_3_1
4137,HTML_PAGE_SELECT10_1_3_3_2,select10_1_3_3_2
4138,HTML_PAGE_SELECT10_1_3_3_3,select10_1_3_3_3
4139,HTML_PAGE_SELECT10_1_3_3_4,select10_1_3_3_4
4140,HTML_PAGE_SELECT10_1_3_4,select10_1_3_4
4141,HTML_PAGE_SELECT10_1_3_4_1,select10_1_3_4_1
4142,HTML_PAGE_SELECT10_1_3_4_2,select10_1_3_4_2
4143,HTML_PAGE_SELECT10_1_3_4_3,select10_1_3_4_3
4144,HTML_PAGE_SELECT10_1_3_4_4,select10_1_3_4_4
4145,HTML_PAGE_SELECT10_1_4,select10_1_4
4146,HTML_PAGE_SELECT10_1_4_1,select10_1_4_1
4147,HTML_PAGE_SELECT10_1_4_1_1,select10_1_4_1_1
4148,HTML_PAGE_SELECT10_1_4_1_2,select10_1_4_1_2
4149,HTML_PAGE_SELECT10_1_4_1_3,select10_1_4_1_3
4150,HTML_PAGE_SELECT10_1_4_1_4,select10_1_4_1_4
4151,HTML_PAGE_SELECT10_1_4_2,select10_1_4_2
4152,HTML_PAGE_SELECT10_1_4_2_1,select10_1_4_2_1
4153,HTML_PAGE_SELECT10_1_4_2_2,select10_1_4_2_2
4154,HTML_PAGE_SELECT10_1_4_2_3,select10_1_4_2_3
4155,HTML_PAGE_SELECT10_1_4_2_4,select10_1_4_2_4
4156,HTML_PAGE_SELECT10_1_4_3,select10_1_4_3
4157,HTML_PAGE_SELECT10_1_4_3_1,select10_1_4_3_1
4158,HTML_PAGE_SELECT10_1_4_3_2,select10_1_4_3_2
4159,HTML_PAGE_SELECT10_1_4_3_3,select10_1_4_3_3
4160,HTML_PAGE_SELECT10_1_4_3_4,select10_1_4_3_4
4161,HTML_PAGE_SELECT10_1_4_4,select10_1_4_4
4162,HTML_PAGE_SELECT10_1_4_4_1,select10_1_4_4_1
4163,HTML_PAGE_SELECT10_1_4_4_2,select10_1_4_4_2
4164,HTML_PAGE_SELECT10_1_4_4_3,select10_1_4_4_3
4165,HTML_PAGE_SELECT10_1_4_4_4,select10_1_4_4_4
4166,HTML_PAGE_SELECT10_2,select10_2
4167,HTML_PAGE_SELECT10_2_1,select10_2_1
4168,HTML_PAGE_SELECT10_2_1_1,select10_2_1_1
4169,HTML_PAGE_SELECT10_2_1_1_1,select10_2_1_1_1
4170,HTML_PAGE_SELECT10_2_1_1_2,select10_2_1_1_2
4171,HTML_PAGE_SELECT10_2_1_1_3,select10_2_1_1_3
4172,HTML_PAGE_SELECT10_2_1_1_4,select10_2_1_1_4
4173,HTML_PAGE_SELECT10_2_1_2,select10_2_1_2
4174,HTML_PAGE_SELECT10_2_1_2_1,select10_2_1_2_1
4175,HTML_PAGE_SELECT10_2_1_2_2,select10_2_1_2_2
4176,HTML_PAGE_SELECT10_2_1_2_3,select10_2_1_2_3
4177,HTML_PAGE_SELECT10_2_1_2_4,select10_2_1_2_4
4178,HTML_PAGE_SELECT10_2_1_3,select10_2_1_3
4179,HTML_PAGE_SELECT10_2_1_3_1,select10_2_1_3_1
4180,HTML_PAGE_SELECT10_2_1_3_2,select10_2_1_3_2
4181,HTML_PAGE_SELECT10_2_1_3_3,select10_2_1_3_3
4182,HTML_PAGE_SELECT10_2_1_3_4,select10_2_1_3_4
4183,HTML_PAGE_SELECT10_2_1_4,select10_2_1_4
4184,HTML_PAGE_SELECT10_2_1_4_1,select10_2_1_4_1
4185,HTML_PAGE_SELECT10_2_1_4_2,select10_2_1_4_2
4186,HTML_PAGE_SELECT10_2_1_4_3,select10_2_1_4_3
4187,HTML_PAGE_SELECT10_2_1_4_4,select10_2_1_4_4
4188,HTML_PAGE_SELECT10_2_2,select10_2_2
4189,HTML_PAGE_SELECT10_2_2_1,select10_2_2_1
4190,HTML_PAGE_SELECT10_2_2_1_1,select10_2_2_1_1
4191,HTML_PAGE_SELECT10_2_2_1_2,select10_2_2_1_2
4192,HTML_PAGE_SELECT10_2_2_1_3,select10_2_2_1_3
4193,HTML_PAGE_SELECT10_2_2_1_4,select10_2_2_1_4
4194,HTML_PAGE_SELECT10_2_2_2,select10_2_2_2
4195,HTML_PAGE_SELECT10_2_2_2_1,select10_2_2_2_1
4196,HTML_PAGE_SELECT10_2_2_2_2,select10_2_2_2_2
4197,HTML_PAGE_SELECT10_2_2_2_3,select10_2_2_2_3
4198,HTML_PAGE_SELECT10_2_2_2_4,select10_2_2_2_4
4199,HTML_PAGE_SELECT10_2_2_3,select10_2_2_3
4200,HTML_PAGE_SELECT10_2_2_3_1,select10_2_2_3_1
4201,HTML_PAGE_SELECT10_2_2_3_2,select10_2_2_3_2
4202,HTML_PAGE_SELECT10_2_2_3_3,select10_2_2_3_3
4203,HTML_PAGE_SELECT10_2_2_3_4,select10_2_2_3_4
4204,HTML_PAGE_SELECT10_2_2_4,select10_2_2_4
4205,HTML_PAGE_SELECT10_2_2_4_1,select10_2_2_4_1
4206,HTML_PAGE_SELECT10_2_2_4_2,select10_2_2_4_2
4207,HTML_PAGE_SELECT10_2_2_4_3,select10_2_2_4_3
4208,HTML_PAGE_SELECT10_2_2_4_4,select10_2_2_4_4
4209,HTML_PAGE_SELECT10_2_3,select10_2_3
4210,HTML_PAGE_SELECT10_2_3_1,select10_2_3_1
4211,HTML_PAGE_SELECT10_2_3_1_1,select10_2_3_1_1
4212,HTML_PAGE_SELECT10_2_3_1_2,select10_2_3_1_2
4213,HTML_PAGE_SELECT10_2_3_1_3,select10_2_3_1_3
4214,HTML_PAGE_SELECT10_2_3_1_4,select10_2_3_1_4
4215,HTML_PAGE_SELECT10_2_3_2,select10_2_3_2
4216,HTML_PAGE_SELECT10_2_3_2_1,select10_2_3_2_1
4217,HTML_PAGE_SELECT10_2_3_2_2,select10_2_3_2_2
4218,HTML_PAGE_SELECT10_2_3_2_3,select10_2_3_2_3
4219,HTML_PAGE_SELECT10_2_3_2_4,select10_2_3_2_4
4220,HTML_PAGE_SELECT10_2_3_3,select10_2_3_3
4221,HTML_PAGE_SELECT10_2_3_3_1,select10_2_3_3_1
4222,HTML_PAGE_SELECT10_2_3_3_2,select10_2_3_3_2
4223,HTML_PAGE_SELECT10_2_3_3_3,select10_2_3_3_3
4224,HTML_PAGE_SELECT10_2_3_3_4,select10_2_3_3_4
4225,HTML_PAGE_SELECT10_2_3_4,select10_2_3_4
4226,HTML_PAGE_SELECT10_2_3_4_1,select10_2_3_4_1
4227,HTML_PAGE_SELECT10_2_3_4_2,select10_2_3_4_2
4228,HTML_PAGE_SELECT10_2_3_4_3,select10_2_3_4_3
4229,HTML_PAGE_SELECT10_2_3_4_4,select10_2_3_4_4
4230,HTML_PAGE_SELECT10_2_4,select10_2_4
4231,HTML_PAGE_SELECT10_2_4_1,select10_2_4_1
4232,HTML_PAGE_SELECT10_2_4_1_1,select10_2_4_1_1
4233,HTML_PAGE_SELECT10_2_4_1_2,select10_2_4_1_2
4234,HTML_PAGE_SELECT10_2_4_1_3,select10_2_4_1_3
4235,HTML_PAGE_SELECT10_2_4_1_4,select10_2_4_1_4
4236,HTML_PAGE_SELECT10_2_4_2,select10_2_4_2
4237,HTML_PAGE_SELECT10_2_4_2_1,select10_2_4_2_1
4238,HTML_PAGE_SELECT10_2_4_2_2,select10_2_4_2_2
4239,HTML_PAGE_SELECT10_2_4_2_3,select10_2_4_2_3
4240,HTML_PAGE_SELECT10_2_4_2_4,select10_2_4_2_4
4241,HTML_PAGE_SELECT10_2_4_3,select10_2_4_3
4242,HTML_PAGE_SELECT10_2_4_3_1,select10_2_4_3_1
4243,HTML_PAGE_SELECT10_2_4_3_2,select10_2_4_3_2
4244,HTML_PAGE_SELECT10_2_4_3_3,select10_2_4_3_3
4245,HTML_PAGE_SELECT10_2_4_3_4,select10_2_4_3_4
4246,HTML_PAGE_SELECT10_2_4_4,select10_2_4_4
4247,HTML_PAGE_SELECT10_2_4_4_1,select10_2_4_4_1
4248,HTML_PAGE_SELECT10_2_4_4_2,select10_2_4_4_2
4249,HTML_PAGE_SELECT10_2_4_4_3,select10_2_4_4_3
4250,HTML_PAGE_SELECT10_2_4_4_4,select10_2_4_4_4
4251,HTML_PAGE_SELECT10_3,select10_3
4252,HTML_PAGE_SELECT10_3_1,select10_3_1
4253,HTML_PAGE_SELECT10_3_1_1,select10_3_1_1
4254,HTML_PAGE_SELECT10_3_1_1_1,select10_3_1_1_1
4255,HTML_PAGE_SELECT10_3_1_1_2,select10_3_1_1_2
4256,HTML_PAGE_SELECT10_3_1_1_3,select10_3_1_1_3
4257,HTML_PAGE_SELECT10_3_1_1_4,select10_3_1_1_4
4258,HTML_PAGE_SELECT10_3_1_2,select10_3_1_2
4259,HTML_PAGE_SELECT10_3_1_2_1,select10_3_1_2_1
4260,HTML_PAGE_SELECT10_3_1_2_2,select10_3_1_2_2
4261,HTML_PAGE_SELECT10_3_1_2_3,select10_3_1_2_3
4262,HTML_PAGE_SELECT10_3_1_2_4,select10_3_1_2_4
4263,HTML_PAGE_SELECT10_3_1_3,select10_3_1_3
4264,HTML_PAGE_SELECT10_3_1_3_1,select10_3_1_3_1
4265,HTML_PAGE_SELECT10_3_1_3_2,select10_3_1_3_2
4266,HTML_PAGE_SELECT10_3_1_3_3,select10_3_1_3_3
4267,HTML_PAGE_SELECT10_3_1_3_4,select10_3_1_3_4
4268,HTML_PAGE_SELECT10_3_1_4,select10_3_1_4
4269,HTML_PAGE_SELECT10_3_1_4_1,select10_3_1_4_1
4270,HTML_PAGE_SELECT10_3_1_4_2,select10_3_1_4_2
4271,HTML_PAGE_SELECT10_3_1_4_3,select10_3_1_4_3
4272,HTML_PAGE_SELECT10_3_1_4_4,select10_3_1_4_4
4273,HTML_PAGE_SELECT10_3_2,select10_3_2
4274,HTML_PAGE_SELECT10_3_2_1,select10_3_2_1
4275,HTML_PAGE_SELECT10_3_2_1_1,select10_3_2_1_1
4276,HTML_PAGE_SELECT10_3_2_1_2,select10_3_2_1_2
4277,HTML_PAGE_SELECT10_3_2_1_3,select10_3_2_1_3
4278,HTML_PAGE_SELECT10_3_2_1_4,select10_3_2_1_4
4279,HTML_PAGE_SELECT10_3_2_2,select10_3_2_2
4280,HTML_PAGE_SELECT10_3_2_2_1,select10_3_2_2_1
4281,HTML_PAGE_SELECT10_3_2_2_2,select10_3_2_2_2
4282,HTML_PAGE_SELECT10_3_2_2_3,select10_3_2_2_3
4283,HTML_PAGE_SELECT10_3_2_2_4,select10_3_2_2_4
4284,HTML_PAGE_SELECT10_3_2_3,select10_3_2_3
4285,HTML_PAGE_SELECT10_3_2_3_1,select10_3_2_3_1
4286,HTML_PAGE_SELECT10_3_2_3_2,select10_3_2_3_2
4287,HTML_PAGE_SELECT10_3_2_3_3,select10_3_2_3_3
4288,HTML_PAGE_SELECT10_3_2_3_4,select10_3_2_3_4
4289,HTML_PAGE_SELECT10_3_2_4,select10_3_2_4
4290,HTML_PAGE_SELECT10_3_2_4_1,select10_3_2_4_1
4291,HTML_PAGE_SELECT10_3_2_4_2,select10_3_2_4_2
4292,HTML_PAGE_SELECT10_3_2_4_3,select10_3_2_4_3
4293,HTML_PAGE_SELECT10_3_2_4_4,select10_3_2_4_4
4294,HTML_PAGE_SELECT10_3_3,select10_3_3
4295,HTML_PAGE_SELECT10_3_3_1,select10_3_3_1
4296,HTML_PAGE_SELECT10_3_3_1_1,select10_3_3_1_1
4297,HTML_PAGE_SELECT10_3_3_1_2,select10_3_3_1_2
4298,HTML_PAGE_SELECT10_3_3_1_3,select10_3_3_1_3
4299,HTML_PAGE_SELECT10_3_3_1_4,select10_3_3_1_4
4300,HTML_PAGE_SELECT10_3_3_2,select10_3_3_2
4301,HTML_PAGE_SELECT10_3_3_2_1,select10_3_3_2_1
4302,HTML_PAGE_SELECT10_3_3_2_2,select10_3_3_2_2
4303,HTML_PAGE_SELECT10_3_3_2_3,select10_3_3_2_3
4304,HTML_PAGE_SELECT10_3_3_2_4,select10_3_3_2_4
4305,HTML_PAGE_SELECT10_3_3_3,select10_3_3_3
4306,HTML_PAGE_SELECT10_3_3_3_1,select10_3_3_3_1
4307,HTML_PAGE_SELECT10_3_3_3_2,select10_3_3_3_2
4308,HTML_PAGE_SELECT10_3_3_3_3,select10_3_3_3_3
4309,HTML_PAGE_SELECT10_3_3_3_4,select10_3_3_3_4
4310,HTML_PAGE_SELECT10_3_3_4,select10_3_3_4
4311,HTML_PAGE_SELECT10_3_3_4_1,select10_3_3_4_1
4312,HTML_PAGE_SELECT10_3_3_4_2,select10_3_3_4_2
4313,HTML_PAGE_SELECT10_3_3_4_3,select10_3_3_4_3
4314,HTML_PAGE_SELECT10_3_3_4_4,select10_3_3_4_4
4315,HTML_PAGE_SELECT10_3_4,select10_3_4
4316,HTML_PAGE_SELECT10_3_4_1,select10_3_4_1
4317,HTML_PAGE_SELECT10_3_4_1_1,select10_3_4_1_1
4318,HTML_PAGE_SELECT10_3_4_1_2,select10_3_4_1_2
4319,HTML_PAGE_SELECT10_3_4_1_3,select10_3_4_1_3
4320,HTML_PAGE_SELECT10_3_4_1_4,select10_3_4_1_4
4321,HTML_PAGE_SELECT10_3_4_2,select10_3_4_2
4322,HTML_PAGE_SELECT10_3_4_2_1,select10_3_4_2_1
4323,HTML_PAGE_SELECT10_3_4_2_2,select10_3_4_2_2
4324,HTML_PAGE_SELECT10_3_4_2_3,select10_3_4_2_3
4325,HTML_PAGE_SELECT10_3_4_2_4,select10_3_4_2_4
4326,HTML_PAGE_SELECT10_3_4_3,select10_3_4_3
4327,HTML_PAGE_SELECT10_3_4_3_1,select10_3_4_3_1
4328,HTML_PAGE_SELECT10_3_4_3_2,select10_3_4_3_2
4329,HTML_PAGE_SELECT10_3_4_3_3,select10_3_4_3_3
4330,HTML_PAGE_SELECT10_3_4_3_4,select10_3_4_3_4
4331,HTML_PAGE_SELECT10_3_4_4,select10_3_4_4
4332,HTML_PAGE_SELECT10_3_4_4_1,select10_3_4_4_1
4333,HTML_PAGE_SELECT10_3_4_4_2,select10_3_4_4_2
4334,HTML_PAGE_SELECT10_3_4_4_3,select10_3_4_4_3
4335,HTML_PAGE_SELECT10_3_4_4_4,select10_3_4_4_4
4336,HTML_PAGE_SELECT10_4,select10_4
4337,HTML_PAGE_SELECT10_4_1,select10_4_1
4338,HTML_PAGE_SELECT10_4_1_1,select10_4_1_1
4339,HTML_PAGE_SELECT10_4_1_1_1,select10_4_1_1_1
4340,HTML_PAGE_SELECT10_4_1_1_2,select10_4_1_1_2
4341,HTML_PAGE_SELECT10_4_1_1_3,select10_4_1_1_3
4342,HTML_PAGE_SELECT10_4_1_1_4,select10_4_1_1_4
4343,HTML_PAGE_SELECT10_4_1_2,select10_4_1_2
4344,HTML_PAGE_SELECT10_4_1_2_1,select10_4_1_2_1
4345,HTML_PAGE_SELECT10_4_1_2_2,select10_4_1_2_2
4346,HTML_PAGE_SELECT10_4_1_2_3,select10_4_1_2_3
4347,HTML_PAGE_SELECT10_4_1_2_4,select10_4_1_2_4
4348,HTML_PAGE_SELECT10_4_1_3,select10_4_1_3
4349,HTML_PAGE_SELECT10_4_1_3_1,select10_4_1_3_1
4350,HTML_PAGE_SELECT10_4_1_3_2,select10_4_1_3_2
4351,HTML_PAGE_SELECT10_4_1_3_3,select10_4_1_3_3
4352,HTML_PAGE_SELECT10_4_1_3_4,select10_4_1_3_4
4353,HTML_PAGE_SELECT10_4_1_4,select10_4_1_4
4354,HTML_PAGE_SELECT10_4_1_4_1,select10_4_1_4_1
4355,HTML_PAGE_SELECT10_4_1_4_2,select10_4_1_4_2
4356,HTML_PAGE_SELECT10_4_1_4_3,select10_4_1_4_3
4357,HTML_PAGE_SELECT10_4_1_4_4,select10_4_1_4_4
4358,HTML_PAGE_SELECT10_4_2,select10_4_2
4359,HTML_PAGE_SELECT10_4_2_1,select10_4_2_1
4360,HTML_PAGE_SELECT10_4_2_1_1,select10_4_2_1_1
4361,HTML_PAGE_SELECT10_4_2_1_2,select10_4_2_1_2
4362,HTML_PAGE_SELECT10_4_2_1_3,select10_4_2_1_3
4363,HTML_PAGE_SELECT10_4_2_1_4,select10_4_2_1_4
4364,HTML_PAGE_SELECT10_4_2_2,select10_4_2_2
4365,HTML_PAGE_SELECT10_4_2_2_1,select10_4_2_2_1
4366,HTML_PAGE_SELECT10_4_2_2_2,select10_4_2_2_2
4367,HTML_PAGE_SELECT10_4_2_2_3,select10_4_2_2_3
4368,HTML_PAGE_SELECT10_4_2_2_4,select10_4_2_2_4
4369,HTML_PAGE_SELECT10_4_2_3,select10_4_2_3
4370,HTML_PAGE_SELECT10_4_2_3_1,select10_4_2_3_1
4371,HTML_PAGE_SELECT10_4_2_3_2,select10_4_2_3_2
4372,HTML_PAGE_SELECT10_4_2_3_3,select10_4_2_3_3
4373,HTML_PAGE_SELECT10_4_2_3_4,select10_4_2_3_4
4374,HTML_PAGE_SELECT10_4_2_4,select10_4_2_4
4375,HTML_PAGE_SELECT10_4_2_4_1,select10_4_2_4_1
4376,HTML_PAGE_SELECT10_4_2_4_2,select10_4_2_4_2
4377,HTML_PAGE_SELECT10_4_2_4_3,select10_4_2_4_3
4378,HTML_PAGE_SELECT10_4_2_4_4,select10_4_2_4_4
4379,HTML_PAGE_SELECT10_4_3,select10_4_3
4380,HTML_PAGE_SELECT10_4_3_1,select10_4_3_1
4381,HTML_PAGE_SELECT10_4_3_1_1,select10_4_3_1_1
4382,HTML_PAGE_SELECT10_4_3_1_2,select10_4_3_1_2
4383,HTML_PAGE_SELECT10_4_3_1_3,select10_4_3_1_3
4384,HTML_PAGE_SELECT10_4_3_1_4,select10_4_3_1_4
4385,HTML_PAGE_SELECT10_4_3_2,select10_4_3_2
4386,HTML_PAGE_SELECT10_4_3_2_1,select10_4_3_2_1
4387,HTML_PAGE_SELECT10_4_3_2_2,select10_4_3_2_2
4388,HTML_PAGE_SELECT10_4_3_2_3,select10_4_3_2_3
4389,HTML_PAGE_SELECT10_4_3_2_4,select10_4_3_2_4
4390,HTML_PAGE_SELECT10_4_3_3,select10_4_3_3
4391,HTML_PAGE_SELECT10_4_3_3_1,select10_4_3_3_1
4392,HTML_PAGE_SELECT10_4_3_3_2,select10_4_3_3_2
4393,HTML_PAGE_SELECT10_4_3_3_3,select10_4_3_3_3
4394,HTML_PAGE_SELECT10_4_3_3_4,select10_4_3_3_4
4395,HTML_PAGE_SELECT10_4_3_4,select10_4_3_4
4396,HTML_PAGE_SELECT10_4_3_4_1,select10_4_3_4_1
4397,HTML_PAGE_SELECT10_4_3_4_2,select10_4_3_4_2
4398,HTML_PAGE_SELECT10_4_3_4_3,select10_4_3_4_3
4399,HTML_PAGE_SELECT10_4_3_4_4,select10_4_3_4_4
4400,HTML_PAGE_SELECT10_4_4,select10_4_4
4401,HTML_PAGE_SELECT10_4_4_1,select10_4_4_1
4402,HTML_PAGE_SELECT10_4_4_1_1,select10_4_4_1_1
4403,HTML_PAGE_SELECT10_4_4_1_2,select10_4_4_1_2
4404,HTML_PAGE_SELECT10_4_4_1_3,select10_4_4_1_3
4405,HTML_PAGE_SELECT10_4_4_1_4,select10_4_4_1_4
4406,HTML_PAGE_SELECT10_4_4_2,select10_4_4_2
4407,HTML_PAGE_SELECT10_4_4_2_1,select10_4_4_2_1
4408,HTML_PAGE_SELECT10_4_4_2_2,select10_4_4_2_2
4409,HTML_PAGE_SELECT10_4_4_2_3,select10_4_4_2_3
4410,HTML_PAGE_SELECT10_4_4_2_4,select10_4_4_2_4
4411,HTML_PAGE_SELECT10_4_4_3,select10_4_4_3
4412,HTML_PAGE_SELECT10_4_4_3_1,select10_4_4_3_1
4413,HTML_PAGE_SELECT10_4_4_3_2,select10_4_4_3_2
4414,HTML_PAGE_SELECT10_4_4_3_3,select10_4_4_3_3
4415,HTML_PAGE_SELECT10_4_4_3_4,select10_4_4_3_4
4416,HTML_PAGE_SELECT10_4_4_4,select10_4_4_4
4417,HTML_PAGE_SELECT10_4_4_4_1,select10_4_4_4_1
4418,HTML_PAGE_SELECT10_4_4_4_2,select10_4_4_4_2
4419,HTML_PAGE_SELECT10_4_4_4_3,select10_4_4_4_3
4420,HTML_PAGE_SELECT10_4_4_4_4,select10_4_4_4_4
4421,HTML_PAGE_SELECT0,select0
4422,HTML_PAGE_SELECT0_1,select0_1
4423,HTML_PAGE_SELECT0_1_1,select0_1_1
4424,HTML_PAGE_SELECT0_1_1_1,select0_1_1_1
4425,HTML_PAGE_SELECT0_1_1_1_1,select0_1_1_1_1
4426,HTML_PAGE_SELECT0_1_1_1_2,select0_1_1_1_2
4427,HTML_PAGE_SELECT0_1_1_1_3,select0_1_1_1_3
4428,HTML_PAGE_SELECT0_1_1_1_4,select0_1_1_1_4
4429,HTML_PAGE_SELECT0_1_1_2,select0_1_1_2
4430,HTML_PAGE_SELECT0_1_1_2_1,select0_1_1_2_1
4431,HTML_PAGE_SELECT0_1_1_2_2,select0_1_1_2_2
4432,HTML_PAGE_SELECT0_1_1_2_3,select0_1_1_2_3
4433,HTML_PAGE_SELECT0_1_1_2_4,select0_1_1_2_4
4434,HTML_PAGE_SELECT0_1_1_3,select0_1_1_3
4435,HTML_PAGE_SELECT0_1_1_3_1,select0_1_1_3_1
4436,HTML_PAGE_SELECT0_1_1_3_2,select0_1_1_3_2
4437,HTML_PAGE_SELECT0_1_1_3_3,select0_1_1_3_3
4438,HTML_PAGE_SELECT0_1_1_3_4,select0_1_1_3_4
4439,HTML_PAGE_SELECT0_1_1_4,select0_1_1_4
4440,HTML_PAGE_SELECT0_1_1_4_1,select0_1_1_4_1
4441,HTML_PAGE_SELECT0_1_1_4_2,select0_1_1_4_2
4442,HTML_PAGE_SELECT0_1_1_4_3,select0_1_1_4_3
4443,HTML_PAGE_SELECT0_1_1_4_4,select0_1_1_4_4
4444,HTML_PAGE_SELECT0_1_2,select0_1_2
4445,HTML_PAGE_SELECT0_1_2_1,select0_1_2_1
4446,HTML_PAGE_SELECT0_1_2_1_1,select0_1_2_1_1
4447,HTML_PAGE_SELECT0_1_2_1_2,select0_1_2_1_2
4448,HTML_PAGE_SELECT0_1_2_1_3,select0_1_2_1_3
4449,HTML_PAGE_SELECT0_1_2_1_4,select0_1_2_1_4
4450,HTML_PAGE_SELECT0_1_2_2,select0_1_2_2
4451,HTML_PAGE_SELECT0_1_2_2_1,select0_1_2_2_1
4452,HTML_PAGE_SELECT0_1_2_2_2,select0_1_2_2_2
4453,HTML_PAGE_SELECT0_1_2_2_3,select0_1_2_2_3
4454,HTML_PAGE_SELECT0_1_2_2_4,select0_1_2_2_4
4455,HTML_PAGE_SELECT0_1_2_3,select0_1_2_3
4456,HTML_PAGE_SELECT0_1_2_3_1,select0_1_2_3_1
4457,HTML_PAGE_SELECT0_1_2_3_2,select0_1_2_3_2
4458,HTML_PAGE_SELECT0_1_2_3_3,select0_1_2_3_3
4459,HTML_PAGE_SELECT0_1_2_3_4,select0_1_2_3_4
4460,HTML_PAGE_SELECT0_1_2_4,select0_1_2_4
4461,HTML_PAGE_SELECT0_1_2_4_1,select0_1_2_4_1
4462,HTML_PAGE_SELECT0_1_2_4_2,select0_1_2_4_2
4463,HTML_PAGE_SELECT0_1_2_4_3,select0_1_2_4_3
4464,HTML_PAGE_SELECT0_1_2_4_4,select0_1_2_4_4
4465,HTML_PAGE_SELECT0_1_3,select0_1_3
4466,HTML_PAGE_SELECT0_1_3_1,select0_1_3_1
4467,HTML_PAGE_SELECT0_1_3_1_1,select0_1_3_1_1
4468,HTML_PAGE_SELECT0_1_3_1_2,select0_1_3_1_2
4469,HTML_PAGE_SELECT0_1_3_1_3,select0_1_3_1_3
4470,HTML_PAGE_SELECT0_1_3_1_4,select0_1_3_1_4
4471,HTML_PAGE_SELECT0_1_3_2,select0_1_3_2
4472,HTML_PAGE_SELECT0_1_3_2_1,select0_1_3_2_1
4473,HTML_PAGE_SELECT0_1_3_2_2,select0_1_3_2_2
4474,HTML_PAGE_SELECT0_1_3_2_3,select0_1_3_2_3
4475,HTML_PAGE_SELECT0_1_3_2_4,select0_1_3_2_4
4476,HTML_PAGE_SELECT0_1_3_3,select0_1_3_3
4477,HTML_PAGE_SELECT0_1_3_3_1,select0_1_3_3_1
4478,HTML_PAGE_SELECT0_1_3_3_2,select0_1_3_3_2
4479,HTML_PAGE_SELECT0_1_3_3_3,select0_1_3_3_3
4480,HTML_PAGE_SELECT0_1_3_3_4,select0_1_3_3_4
4481,HTML_PAGE_SELECT0_1_3_4,select0_1_3_4
4482,HTML_PAGE_SELECT0_1_3_4_1,select0_1_3_4_1
4483,HTML_PAGE_SELECT0_1_3_4_2,select0_1_3_4_2
4484,HTML_PAGE_SELECT0_1_3_4_3,select0_1_3_4_3
4485,HTML_PAGE_SELECT0_1_3_4_4,select0_1_3_4_4
4486,HTML_PAGE_SELECT0_1_4,select0_1_4
4487,HTML_PAGE_SELECT0_1_4_1,select0_1_4_1
4488,HTML_PAGE_SELECT0_1_4_1_1,select0_1_4_1_1
4489,HTML_PAGE_SELECT0_1_4_1_2,select0_1_4_1_2
4490,HTML_PAGE_SELECT0_1_4_1_3,select0_1_4_1_3
4491,HTML_PAGE_SELECT0_1_4_1_4,select0_1_4_1_4
4492,HTML_PAGE_SELECT0_1_4_2,select0_1_4_2
4493,HTML_PAGE_SELECT0_1_4_2_1,select0_1_4_2_1
4494,HTML_PAGE_SELECT0_1_4_2_2,select0_1_4_2_2
4495,HTML_PAGE_SELECT0_1_4_2_3,select0_1_4_2_3
4496,HTML_PAGE_SELECT0_1_4_2_4,select0_1_4_2_4
4497,HTML_PAGE_SELECT0_1_4_3,select0_1_4_3
4498,HTML_PAGE_SELECT0_1_4_3_1,select0_1_4_3_1
4499,HTML_PAGE_SELECT0_1_4_3_2,select0_1_4_3_2
4500,HTML_PAGE_SELECT0_1_4_3_3,select0_1_4_3_3
4501,HTML_PAGE_SELECT0_1_4_3_4,select0_1_4_3_4
4502,HTML_PAGE_SELECT0_1_4_4,select0_1_4_4
4503,HTML_PAGE_SELECT0_1_4_4_1,select0_1_4_4_1
4504,HTML_PAGE_SELECT0_1_4_4_2,select0_1_4_4_2
4505,HTML_PAGE_SELECT0_1_4_4_3,select0_1_4_4_3
4506,HTML_PAGE_SELECT0_1_4_4_4,select0_1_4_4_4
4507,HTML_PAGE_SELECT0_2,select0_2
4508,HTML_PAGE_SELECT0_2_1,select0_2_1
4509,HTML_PAGE_SELECT0_2_1_1,select0_2_1_1
4510,HTML_PAGE_SELECT0_2_1_1_1,select0_2_1_1_1
4511,HTML_PAGE_SELECT0_2_1_1_2,select0_2_1_1_2
4512,HTML_PAGE_SELECT0_2_1_1_3,select0_2_1_1_3
4513,HTML_PAGE_SELECT0_2_1_1_4,select0_2_1_1_4
4514,HTML_PAGE_SELECT0_2_1_2,select0_2_1_2
4515,HTML_PAGE_SELECT0_2_1_2_1,select0_2_1_2_1
4516,HTML_PAGE_SELECT0_2_1_2_2,select0_2_1_2_2
4517,HTML_PAGE_SELECT0_2_1_2_3,select0_2_1_2_3
4518,HTML_PAGE_SELECT0_2_1_2_4,select0_2_1_2_4
4519,HTML_PAGE_SELECT0_2_1_3,select0_2_1_3
4520,HTML_PAGE_SELECT0_2_1_3_1,select0_2_1_3_1
4521,HTML_PAGE_SELECT0_2_1_3_2,select0_2_1_3_2
4522,HTML_PAGE_SELECT0_2_1_3_3,select0_2_1_3_3
4523,HTML_PAGE_SELECT0_2_1_3_4,select0_2_1_3_4
4524,HTML_PAGE_SELECT0_2_1_4,select0_2_1_4
4525,HTML_PAGE_SELECT0_2_1_4_1,select0_2_1_4_1
4526,HTML_PAGE_SELECT0_2_1_4_2,select0_2_1_4_2
4527,HTML_PAGE_SELECT0_2_1_4_3,select0_2_1_4_3
4528,HTML_PAGE_SELECT0_2_1_4_4,select0_2_1_4_4
4529,HTML_PAGE_SELECT0_2_2,select0_2_2
4530,HTML_PAGE_SELECT0_2_2_1,select0_2_2_1
4531,HTML_PAGE_SELECT0_2_2_1_1,select0_2_2_1_1
4532,HTML_PAGE_SELECT0_2_2_1_2,select0_2_2_1_2
4533,HTML_PAGE_SELECT0_2_2_1_3,select0_2_2_1_3
4534,HTML_PAGE_SELECT0_2_2_1_4,select0_2_2_1_4
4535,HTML_PAGE_SELECT0_2_2_2,select0_2_2_2
4536,HTML_PAGE_SELECT0_2_2_2_1,select0_2_2_2_1
4537,HTML_PAGE_SELECT0_2_2_2_2,select0_2_2_2_2
4538,HTML_PAGE_SELECT0_2_2_2_3,select0_2_2_2_3
4539,HTML_PAGE_SELECT0_2_2_2_4,select0_2_2_2_4
4540,HTML_PAGE_SELECT0_2_2_3,select0_2_2_3
4541,HTML_PAGE_SELECT0_2_2_3_1,select0_2_2_3_1
4542,HTML_PAGE_SELECT0_2_2_3_2,select0_2_2_3_2
4543,HTML_PAGE_SELECT0_2_2_3_3,select0_2_2_3_3
4544,HTML_PAGE_SELECT0_2_2_3_4,select0_2_2_3_4
4545,HTML_PAGE_SELECT0_2_2_4,select0_2_2_4
4546,HTML_PAGE_SELECT0_2_2_4_1,select0_2_2_4_1
4547,HTML_PAGE_SELECT0_2_2_4_2,select0_2_2_4_2
4548,HTML_PAGE_SELECT0_2_2_4_3,select0_2_2_4_3
4549,HTML_PAGE_SELECT0_2_2_4_4,select0_2_2_4_4
4550,HTML_PAGE_SELECT0_2_3,select0_2_3
4551,HTML_PAGE_SELECT0_2_3_1,select0_2_3_1
4552,HTML_PAGE_SELECT0_2_3_1_1,select0_2_3_1_1
4553,HTML_PAGE_SELECT0_2_3_1_2,select0_2_3_1_2
4554,HTML_PAGE_SELECT0_2_3_1_3,select0_2_3_1_3
4555,HTML_PAGE_SELECT0_2_3_1_4,select0_2_3_1_4
4556,HTML_PAGE_SELECT0_2_3_2,select0_2_3_2
4557,HTML_PAGE_SELECT0_2_3_2_1,select0_2_3_2_1
4558,HTML_PAGE_SELECT0_2_3_2_2,select0_2_3_2_2
4559,HTML_PAGE_SELECT0_2_3_2_3,select0_2_3_2_3
4560,HTML_PAGE_SELECT0_2_3_2_4,select0_2_3_2_4
4561,HTML_PAGE_SELECT0_2_3_3,select0_2_3_3
4562,HTML_PAGE_SELECT0_2_3_3_1,select0_2_3_3_1
4563,HTML_PAGE_SELECT0_2_3_3_2,select0_2_3_3_2
4564,HTML_PAGE_SELECT0_2_3_3_3,select0_2_3_3_3
4565,HTML_PAGE_SELECT0_2_3_3_4,select0_2_3_3_4
4566,HTML_PAGE_SELECT0_2_3_4,select0_2_3_4
4567,HTML_PAGE_SELECT0_2_3_4_1,select0_2_3_4_1
4568,HTML_PAGE_SELECT0_2_3_4_2,select0_2_3_4_2
4569,HTML_PAGE_SELECT0_2_3_4_3,select0_2_3_4_3
4570,HTML_PAGE_SELECT0_2_3_4_4,select0_2_3_4_4
4571,HTML_PAGE_SELECT0_2_4,select0_2_4
4572,HTML_PAGE_SELECT0_2_4_1,select0_2_4_1
4573,HTML_PAGE_SELECT0_2_4_1_1,select0_2_4_1_1
4574,HTML_PAGE_SELECT0_2_4_1_2,select0_2_4_1_2
4575,HTML_PAGE_SELECT0_2_4_1_3,select0_2_4_1_3
4576,HTML_PAGE_SELECT0_2_4_1_4,select0_2_4_1_4
4577,HTML_PAGE_SELECT0_2_4_2,select0_2_4_2
4578,HTML_PAGE_SELECT0_2_4_2_1,select0_2_4_2_1
4579,HTML_PAGE_SELECT0_2_4_2_2,select0_2_4_2_2
4580,HTML_PAGE_SELECT0_2_4_2_3,select0_2_4_2_3
4581,HTML_PAGE_SELECT0_2_4_2_4,select0_2_4_2_4
4582,HTML_PAGE_SELECT0_2_4_3,select0_2_4_3
4583,HTML_PAGE_SELECT0_2_4_3_1,select0_2_4_3_1
4584,HTML_PAGE_SELECT0_2_4_3_2,select0_2_4_3_2
4585,HTML_PAGE_SELECT0_2_4_3_3,select0_2_4_3_3
4586,HTML_PAGE_SELECT0_2_4_3_4,select0_2_4_3_4
4587,HTML_PAGE_SELECT0_2_4_4,select0_2_4_4
4588,HTML_PAGE_SELECT0_2_4_4_1,select0_2_4_4_1
4589,HTML_PAGE_SELECT0_2_4_4_2,select0_2_4_4_2
4590,HTML_PAGE_SELECT0_2_4_4_3,select0_2_4_4_3
4591,HTML_PAGE_SELECT0_2_4_4_4,select0_2_4_4_4
4592,HTML_PAGE_SELECT0_3,select0_3
4593,HTML_PAGE_SELECT0_3_1,select0_3_1
4594,HTML_PAGE_SELECT0_3_1_1,select0_3_1_1
4595,HTML_PAGE_SELECT0_3_1_1_1,select0_3_1_1_1
4596,HTML_PAGE_SELECT0_3_1_1_2,select0_3_1_1_2
4597,HTML_PAGE_SELECT0_3_1_1_3,select0_3_1_1_3
4598,HTML_PAGE_SELECT0_3_1_1_4,select0_3_1_1_4
4599,HTML_PAGE_SELECT0_3_1_2,select0_3_1_2
4600,HTML_PAGE_SELECT0_3_1_2_1,select0_3_1_2_1
4601,HTML_PAGE_SELECT0_3_1_2_2,select0_3_1_2_2
4602,HTML_PAGE_SELECT0_3_1_2_3,select0_3_1_2_3
4603,HTML_PAGE_SELECT0_3_1_2_4,select0_3_1_2_4
4604,HTML_PAGE_SELECT0_3_1_3,select0_3_1_3
4605,HTML_PAGE_SELECT0_3_1_3_1,select0_3_1_3_1
4606,HTML_PAGE_SELECT0_3_1_3_2,select0_3_1_3_2
4607,HTML_PAGE_SELECT0_3_1_3_3,select0_3_1_3_3
4608,HTML_PAGE_SELECT0_3_1_3_4,select0_3_1_3_4
4609,HTML_PAGE_SELECT0_3_1_4,select0_3_1_4
4610,HTML_PAGE_SELECT0_3_1_4_1,select0_3_1_4_1
4611,HTML_PAGE_SELECT0_3_1_4_2,select0_3_1_4_2
4612,HTML_PAGE_SELECT0_3_1_4_3,select0_3_1_4_3
4613,HTML_PAGE_SELECT0_3_1_4_4,select0_3_1_4_4
4614,HTML_PAGE_SELECT0_3_2,select0_3_2
4615,HTML_PAGE_SELECT0_3_2_1,select0_3_2_1
4616,HTML_PAGE_SELECT0_3_2_1_1,select0_3_2_1_1
4617,HTML_PAGE_SELECT0_3_2_1_2,select0_3_2_1_2
4618,HTML_PAGE_SELECT0_3_2_1_3,select0_3_2_1_3
4619,HTML_PAGE_SELECT0_3_2_1_4,select0_3_2_1_4
4620,HTML_PAGE_SELECT0_3_2_2,select0_3_2_2
4621,HTML_PAGE_SELECT0_3_2_2_1,select0_3_2_2_1
4622,HTML_PAGE_SELECT0_3_2_2_2,select0_3_2_2_2
4623,HTML_PAGE_SELECT0_3_2_2_3,select0_3_2_2_3
4624,HTML_PAGE_SELECT0_3_2_2_4,select0_3_2_2_4
4625,HTML_PAGE_SELECT0_3_2_3,select0_3_2_3
4626,HTML_PAGE_SELECT0_3_2_3_1,select0_3_2_3_1
4627,HTML_PAGE_SELECT0_3_2_3_2,select0_3_2_3_2
4628,HTML_PAGE_SELECT0_3_2_3_3,select0_3_2_3_3
4629,HTML_PAGE_SELECT0_3_2_3_4,select0_3_2_3_4
4630,HTML_PAGE_SELECT0_3_2_4,select0_3_2_4
4631,HTML_PAGE_SELECT0_3_2_4_1,select0_3_2_4_1
4632,HTML_PAGE_SELECT0_3_2_4_2,select0_3_2_4_2
4633,HTML_PAGE_SELECT0_3_2_4_3,select0_3_2_4_3
4634,HTML_PAGE_SELECT0_3_2_4_4,select0_3_2_4_4
4635,HTML_PAGE_SELECT0_3_3,select0_3_3
4636,HTML_PAGE_SELECT0_3_3_1,select0_3_3_1
4637,HTML_PAGE_SELECT0_3_3_1_1,select0_3_3_1_1
4638,HTML_PAGE_SELECT0_3_3_1_2,select0_3_3_1_2
4639,HTML_PAGE_SELECT0_3_3_1_3,select0_3_3_1_3
4640,HTML_PAGE_SELECT0_3_3_1_4,select0_3_3_1_4
4641,HTML_PAGE_SELECT0_3_3_2,select0_3_3_2
4642,HTML_PAGE_SELECT0_3_3_2_1,select0_3_3_2_1
4643,HTML_PAGE_SELECT0_3_3_2_2,select0_3_3_2_2
4644,HTML_PAGE_SELECT0_3_3_2_3,select0_3_3_2_3
4645,HTML_PAGE_SELECT0_3_3_2_4,select0_3_3_2_4
4646,HTML_PAGE_SELECT0_3_3_3,select0_3_3_3
4647,HTML_PAGE_SELECT0_3_3_3_1,select0_3_3_3_1
4648,HTML_PAGE_SELECT0_3_3_3_2,select0_3_3_3_2
4649,HTML_PAGE_SELECT0_3_3_3_3,select0_3_3_3_3
4650,HTML_PAGE_SELECT0_3_3_3_4,select0_3_3_3_4
4651,HTML_PAGE_SELECT0_3_3_4,select0_3_3_4
4652,HTML_PAGE_SELECT0_3_3_4_1,select0_3_3_4_1
4653,HTML_PAGE_SELECT0_3_3_4_2,select0_3_3_4_2
4654,HTML_PAGE_SELECT0_3_3_4_3,select0_3_3_4_3
4655,HTML_PAGE_SELECT0_3_3_4_4,select0_3_3_4_4
4656,HTML_PAGE_SELECT0_3_4,select0_3_4
4657,HTML_PAGE_SELECT0_3_4_1,select0_3_4_1
4658,HTML_PAGE_SELECT0_3_4_1_1,select0_3_4_1_1
4659,HTML_PAGE_SELECT0_3_4_1_2,select0_3_4_1_2
4660,HTML_PAGE_SELECT0_3_4_1_3,select0_3_4_1_3
4661,HTML_PAGE_SELECT0_3_4_1_4,select0_3_4_1_4
4662,HTML_PAGE_SELECT0_3_4_2,select0_3_4_2
4663,HTML_PAGE_SELECT0_3_4_2_1,select0_3_4_2_1
4664,HTML_PAGE_SELECT0_3_4_2_2,select0_3_4_2_2
4665,HTML_PAGE_SELECT0_3_4_2_3,select0_3_4_2_3
4666,HTML_PAGE_SELECT0_3_4_2_4,select0_3_4_2_4
4667,HTML_PAGE_SELECT0_3_4_3,select0_3_4_3
4668,HTML_PAGE_SELECT0_3_4_3_1,select0_3_4_3_1
4669,HTML_PAGE_SELECT0_3_4_3_2,select0_3_4_3_2
4670,HTML_PAGE_SELECT0_3_4_3_3,select0_3_4_3_3
4671,HTML_PAGE_SELECT0_3_4_3_4,select0_3_4_3_4
4672,HTML_PAGE_SELECT0_3_4_4,select0_3_4_4
4673,HTML_PAGE_SELECT0_3_4_4_1,select0_3_4_4_1
4674,HTML_PAGE_SELECT0_3_4_4_2,select0_3_4_4_2
4675,HTML_PAGE_SELECT0_3_4_4_3,select0_3_4_4_3
4676,HTML_PAGE_SELECT0_3_4_4_4,select0_3_4_4_4
4677,HTML_PAGE_SELECT0_4,select0_4
4678,HTML_PAGE_SELECT0_4_1,select0_4_1
4679,HTML_PAGE_SELECT0_4_1_1,select0_4_1_1
4680,HTML_PAGE_SELECT0_4_1_1_1,select0_4_1_1_1
4681,HTML_PAGE_SELECT0_4_1_1_2,select0_4_1_1_2
4682,HTML_PAGE_SELECT0_4_1_1_3,select0_4_1_1_3
4683,HTML_PAGE_SELECT0_4_1_1_4,select0_4_1_1_4
4684,HTML_PAGE_SELECT0_4_1_2,select0_4_1_2
4685,HTML_PAGE_SELECT0_4_1_2_1,select0_4_1_2_1
4686,HTML_PAGE_SELECT0_4_1_2_2,select0_4_1_2_2
4687,HTML_PAGE_SELECT0_4_1_2_3,select0_4_1_2_3
4688,HTML_PAGE_SELECT0_4_1_2_4,select0_4_1_2_4
4689,HTML_PAGE_SELECT0_4_1_3,select0_4_1_3
4690,HTML_PAGE_SELECT0_4_1_3_1,select0_4_1_3_1
4691,HTML_PAGE_SELECT0_4_1_3_2,select0_4_1_3_2
4692,HTML_PAGE_SELECT0_4_1_3_3,select0_4_1_3_3
4693,HTML_PAGE_SELECT0_4_1_3_4,select0_4_1_3_4
4694,HTML_PAGE_SELECT0_4_1_4,select0_4_1_4
4695,HTML_PAGE_SELECT0_4_1_4_1,select0_4_1_4_1
4696,HTML_PAGE_SELECT0_4_1_4_2,select0_4_1_4_2
4697,HTML_PAGE_SELECT0_4_1_4_3,select0_4_1_4_3
4698,HTML_PAGE_SELECT0_4_1_4_4,select0_4_1_4_4
4699,HTML_PAGE_SELECT0_4_2,select0_4_2
4700,HTML_PAGE_SELECT0_4_2_1,select0_4_2_1
4701,HTML_PAGE_SELECT0_4_2_1_1,select0_4_2_1_1
4702,HTML_PAGE_SELECT0_4_2_1_2,select0_4_2_1_2
4703,HTML_PAGE_SELECT0_4_2_1_3,select0_4_2_1_3
4704,HTML_PAGE_SELECT0_4_2_1_4,select0_4_2_1_4
4705,HTML_PAGE_SELECT0_4_2_2,select0_4_2_2
4706,HTML_PAGE_SELECT0_4_2_2_1,select0_4_2_2_1
4707,HTML_PAGE_SELECT0_4_2_2_2,select0_4_2_2_2
4708,HTML_PAGE_SELECT0_4_2_2_3,select0_4_2_2_3
4709,HTML_PAGE_SELECT0_4_2_2_4,select0_4_2_2_4
4710,HTML_PAGE_SELECT0_4_2_3,select0_4_2_3
4711,HTML_PAGE_SELECT0_4_2_3_1,select0_4_2_3_1
4712,HTML_PAGE_SELECT0_4_2_3_2,select0_4_2_3_2
4713,HTML_PAGE_SELECT0_4_2_3_3,select0_4_2_3_3
4714,HTML_PAGE_SELECT0_4_2_3_4,select0_4_2_3_4
4715,HTML_PAGE_SELECT0_4_2_4,select0_4_2_4
4716,HTML_PAGE_SELECT0_4_2_4_1,select0_4_2_4_1
4717,HTML_PAGE_SELECT0_4_2_4_2,select0_4_2_4_2
4718,HTML_PAGE_SELECT0_4_2_4_3,select0_4_2_4_3
4719,HTML_PAGE_SELECT0_4_2_4_4,select0_4_2_4_4
4720,HTML_PAGE_SELECT0_4_3,select0_4_3
4721,HTML_PAGE_SELECT0_4_3_1,select0_4_3_1
4722,HTML_PAGE_SELECT0_4_3_1_1,select0_4_3_1_1
4723,HTML_PAGE_SELECT0_4_3_1_2,select0_4_3_1_2
4724,HTML_PAGE_SELECT0_4_3_1_3,select0_4_3_1_3
4725,HTML_PAGE_SELECT0_4_3_1_4,select0_4_3_1_4
4726,HTML_PAGE_SELECT0_4_3_2,select0_4_3_2
4727,HTML_PAGE_SELECT0_4_3_2_1,select0_4_3_2_1
4728,HTML_PAGE_SELECT0_4_3_2_2,select0_4_3_2_2
4729,HTML_PAGE_SELECT0_4_3_2_3,select0_4_3_2_3
4730,HTML_PAGE_SELECT0_4_3_2_4,select0_4_3_2_4
4731,HTML_PAGE_SELECT0_4_3_3,select0_4_3_3
4732,HTML_PAGE_SELECT0_4_3_3_1,select0_4_3_3_1
4733,HTML_PAGE_SELECT0_4_3_3_2,select0_4_3_3_2
4734,HTML_PAGE_SELECT0_4_3_3_3,select0_4_3_3_3
4735,HTML_PAGE_SELECT0_4_3_3_4,select0_4_3_3_4
4736,HTML_PAGE_SELECT0_4_3_4,select0_4_3_4
4737,HTML_PAGE_SELECT0_4_3_4_1,select0_4_3_4_1
4738,HTML_PAGE_SELECT0_4_3_4_2,select0_4_3_4_2
4739,HTML_PAGE_SELECT0_4_3_4_3,select0_4_3_4_3
4740,HTML_PAGE_SELECT0_4_3_4_4,select0_4_3_4_4
4741,HTML_PAGE_SELECT0_4_4,select0_4_4
4742,HTML_PAGE_SELECT0_4_4_1,select0_4_4_1
4743,HTML_PAGE_SELECT0_4_4_1_1,select0_4_4_1_1
4744,HTML_PAGE_SELECT0_4_4_1_2,select0_4_4_1_2
4745,HTML_PAGE_SELECT0_4_4_1_3,select0_4_4_1_3
4746,HTML_PAGE_SELECT0_4_4_1_4,select0_4_4_1_4
4747,HTML_PAGE_SELECT0_4_4_2,select0_4_4_2
4748,HTML_PAGE_SELECT0_4_4_2_1,select0_4_4_2_1
4749,HTML_PAGE_SELECT0_4_4_2_2,select0_4_4_2_2
4750,HTML_PAGE_SELECT0_4_4_2_3,select0_4_4_2_3
4751,HTML_PAGE_SELECT0_4_4_2_4,select0_4_4_2_4
4752,HTML_PAGE_SELECT0_4_4_3,select0_4_4_3
4753,HTML_PAGE_SELECT0_4_4_3_1,select0_4_4_3_1
4754,HTML_PAGE_SELECT0_4_4_3_2,select0_4_4_3_2
4755,HTML_PAGE_SELECT0_4_4_3_3,select0_4_4_3_3
4756,HTML_PAGE_SELECT0_4_4_3_4,select0_4_4_3_4
4757,HTML_PAGE_SELECT0_4_4_4,select0_4_4_4
4758,HTML_PAGE_SELECT0_4_4_4_1,select0_4_4_4_1
4759,HTML_PAGE_SELECT0_4_4_4_2,select0_4_4_4_2
4760,HTML_PAGE_SELECT0_4_4_4_3,select0_4_4_4_3
4761,HTML_PAGE_SELECT0_4_4_4_4,select0_4_4_4_4
4762,HTML_PAGE_SELECT_NONE,select_none
4763,HTML_PAGE_SELECT_NONE_1,select_none_1
4764,HTML_PAGE_SELECT_NONE_1_1,select_none_1_1
4765,HTML_PAGE_SELECT_NONE_1_1_1,select_none_1_1_1
4766,HTML_PAGE_SELECT_NONE_1_1_1_1,select_none_1_1_1_1
4767,HTML_PAGE_SELECT_NONE_1_1_1_2,select_none_1_1_1_2
4768,HTML_PAGE_SELECT_NONE_1_1_1_3,select_none_1_1_1_3
4769,HTML_PAGE_SELECT_NONE_1_1_1_4,select_none_1_1_1_4
4770,HTML_PAGE_SELECT_NONE_1_1_2,select_none_1_1_2
4771,HTML_PAGE_SELECT_NONE_1_1_2_1,select_none_1_1_2_1
4772,HTML_PAGE_SELECT_NONE_1_1_2_2,select_none_1_1_2_2
4773,HTML_PAGE_SELECT_NONE_1_1_2_3,select_none_1_1_2_3
4774,HTML_PAGE_SELECT_NONE_1_1_2_4,select_none_1_1_2_4
4775,HTML_PAGE_SELECT_NONE_1_1_3,select_none_1_1_3
4776,HTML_PAGE_SELECT_NONE_1_1_3_1,select_none_1_1_3_1
4777,HTML_PAGE_SELECT_NONE_1_1_3_2,select_none_1_1_3_2
4778,HTML_PAGE_SELECT_NONE_1_1_3_3,select_none_1_1_3_3
4779,HTML_PAGE_SELECT_NONE_1_1_3_4,select_none_1_1_3_4
4780,HTML_PAGE_SELECT_NONE_1_1_4,select_none_1_1_4
4781,HTML_PAGE_SELECT_NONE_1_1_4_1,select_none_1_1_4_1
4782,HTML_PAGE_SELECT_NONE_1_1_4_2,select_none_1_1_4_2
4783,HTML_PAGE_SELECT_NONE_1_1_4_3,select_none_1_1_4_3
4784,HTML_PAGE_SELECT_NONE_1_1_4_4,select_none_1_1_4_4
4785,HTML_PAGE_SELECT_NONE_1_2,select_none_1_2
4786,HTML_PAGE_SELECT_NONE_1_2_1,select_none_1_2_1
4787,HTML_PAGE_SELECT_NONE_1_2_1_1,select_none_1_2_1_1
4788,HTML_PAGE_SELECT_NONE_1_2_1_2,select_none_1_2_1_2
4789,HTML_PAGE_SELECT_NONE_1_2_1_3,select_none_1_2_1_3
4790,HTML_PAGE_SELECT_NONE_1_2_1_4,select_none_1_2_1_4
4791,HTML_PAGE_SELECT_NONE_1_2_2,select_none_1_2_2
4792,HTML_PAGE_SELECT_NONE_1_2_2_1,select_none_1_2_2_1
4793,HTML_PAGE_SELECT_NONE_1_2_2_2,select_none_1_2_2_2
4794,HTML_PAGE_SELECT_NONE_1_2_2_3,select_none_1_2_2_3
4795,HTML_PAGE_SELECT_NONE_1_2_2_4,select_none_1_2_2_4
4796,HTML_PAGE_SELECT_NONE_1_2_3,select_none_1_2_3
4797,HTML_PAGE_SELECT_NONE_1_2_3_1,select_none_1_2_3_1
4798,HTML_PAGE_SELECT_NONE_1_2_3_2,select_none_1_2_3_2
4799,HTML_PAGE_SELECT_NONE_1_2_3_3,select_none_1_2_3_3
4800,HTML_PAGE_SELECT_NONE_1_2_3_4,select_none_1_2_3_4
4801,HTML_PAGE_SELECT_NONE_1_2_4,select_none_1_2_4
4802,HTML_PAGE_SELECT_NONE_1_2_4_1,select_none_1_2_4_1
4803,HTML_PAGE_SELECT_NONE_1_2_4_2,select_none_1_2_4_2
4804,HTML_PAGE_SELECT_NONE_1_2_4_3,select_none_1_2_4_3
4805,HTML_PAGE_SELECT_NONE_1_2_4_4,select_none_1_2_4_4
4806,HTML_PAGE_SELECT_NONE_1_3,select_none_1_3
4807,HTML_PAGE_SELECT_NONE_1_3_1,select_none_1_3_1
4808,HTML_PAGE_SELECT_NONE_1_3_1_1,select_none_1_3_1_1
4809,HTML_PAGE_SELECT_NONE_1_3_1_2,select_none_1_3_1_2
4810,HTML_PAGE_SELECT_NONE_1_3_1_3,select_none_1_3_1_3
4811,HTML_PAGE_SELECT_NONE_1_3_1_4,select_none_1_3_1_4
4812,HTML_PAGE_SELECT_NONE_1_3_2,select_none_1_3_2
4813,HTML_PAGE_SELECT_NONE_1_3_2_1,select_none_1_3_2_1
4814,HTML_PAGE_SELECT_NONE_1_3_2_2,select_none_1_3_2_2
4815,HTML_PAGE_SELECT_NONE_1_3_2_3,select_none_1_3_2_3
4816,HTML_PAGE_SELECT_NONE_1_3_2_4,select_none_1_3_2_4
4817,HTML_PAGE_SELECT_NONE_1_3_3,select_none_1_3_3
4818,HTML_PAGE_SELECT_NONE_1_3_3_1,select_none_1_3_3_1
4819,HTML_PAGE_SELECT_NONE_1_3_3_2,select_none_1_3_3_2
4820,HTML_PAGE_SELECT_NONE_1_3_3_3,select_none_1_3_3_3
4821,HTML_PAGE_SELECT_NONE_1_3_3_4,select_none_1_3_3_4
4822,HTML_PAGE_SELECT_NONE_1_3_4,select_none_1_3_4
4823,HTML_PAGE_SELECT_NONE_1_3_4_1,select_none_1_3_4_1
4824,HTML_PAGE_SELECT_NONE_1_3_4_2,select_none_1_3_4_2
4825,HTML_PAGE_SELECT_NONE_1_3_4_3,select_none_1_3_4_3
4826,HTML_PAGE_SELECT_NONE_1_3_4_4,select_none_1_3_4_4
4827,HTML_PAGE_SELECT_NONE_1_4,select_none_1_4
4828,HTML_PAGE_SELECT_NONE_1_4_1,select_none_1_4_1
4829,HTML_PAGE_SELECT_NONE_1_4_1_1,select_none_1_4_1_1
4830,HTML_PAGE_SELECT_NONE_1_4_1_2,select_none_1_4_1_2
4831,HTML_PAGE_SELECT_NONE_1_4_1_3,select_none_1_4_1_3
4832,HTML_PAGE_SELECT_NONE_1_4_1_4,select_none_1_4_1_4
4833,HTML_PAGE_SELECT_NONE_1_4_2,select_none_1_4_2
4834,HTML_PAGE_SELECT_NONE_1_4_2_1,select_none_1_4_2_1
4835,HTML_PAGE_SELECT_NONE_1_4_2_2,select_none_1_4_2_2
4836,HTML_PAGE_SELECT_NONE_1_4_2_3,select_none_1_4_2_3
4837,HTML_PAGE_SELECT_NONE_1_4_2_4,select_none_1_4_2_4
4838,HTML_PAGE_SELECT_NONE_1_4_3,select_none_1_4_3
4839,HTML_PAGE_SELECT_NONE_1_4_3_1,select_none_1_4_3_1
4840,HTML_PAGE_SELECT_NONE_1_4_3_2,select_none_1_4_3_2
4841,HTML_PAGE_SELECT_NONE_1_4_3_3,select_none_1_4_3_3
4842,HTML_PAGE_SELECT_NONE_1_4_3_4,select_none_1_4_3_4
4843,HTML_PAGE_SELECT_NONE_1_4_4,select_none_1_4_4
4844,HTML_PAGE_SELECT_NONE_1_4_4_1,select_none_1_4_4_1
4845,HTML_PAGE_SELECT_NONE_1_4_4_2,select_none_1_4_4_2
4846,HTML_PAGE_SELECT_NONE_1_4_4_3,select_none_1_4_4_3
4847,HTML_PAGE_SELECT_NONE_1_4_4_4,select_none_1_4_4_4
4848,HTML_PAGE_SELECT_NONE_2,select_none_2
4849,HTML_PAGE_SELECT_NONE_2_1,select_none_2_1
4850,HTML_PAGE_SELECT_NONE_2_1_1,select_none_2_1_1
4851,HTML_PAGE_SELECT_NONE_2_1_1_1,select_none_2_1_1_1
4852,HTML_PAGE_SELECT_NONE_2_1_1_2,select_none_2_1_1_2
4853,HTML_PAGE_SELECT_NONE_2_1_1_3,select_none_2_1_1_3
4854,HTML_PAGE_SELECT_NONE_2_1_1_4,select_none_2_1_1_4
4855,HTML_PAGE_SELECT_NONE_2_1_2,select_none_2_1_2
4856,HTML_PAGE_SELECT_NONE_2_1_2_1,select_none_2_1_2_1
4857,HTML_PAGE_SELECT_NONE_2_1_2_2,select_none_2_1_2_2
4858,HTML_PAGE_SELECT_NONE_2_1_2_3,select_none_2_1_2_3
4859,HTML_PAGE_SELECT_NONE_2_1_2_4,select_none_2_1_2_4
4860,HTML_PAGE_SELECT_NONE_2_1_3,select_none_2_1_3
4861,HTML_PAGE_SELECT_NONE_2_1_3_1,select_none_2_1_3_1
4862,HTML_PAGE_SELECT_NONE_2_1_3_2,select_none_2_1_3_2
4863,HTML_PAGE_SELECT_NONE_2_1_3_3,select_none_2_1_3_3
4864,HTML_PAGE_SELECT_NONE_2_1_3_4,select_none_2_1_3_4
4865,HTML_PAGE_SELECT_NONE_2_1_4,select_none_2_1_4
4866,HTML_PAGE_SELECT_NONE_2_1_4_1,select_none_2_1_4_1
4867,HTML_PAGE_SELECT_NONE_2_1_4_2,select_none_2_1_4_2
4868,HTML_PAGE_SELECT_NONE_2_1_4_3,select_none_2_1_4_3
4869,HTML_PAGE_SELECT_NONE_2_1_4_4,select_none_2_1_4_4
4870,HTML_PAGE_SELECT_NONE_2_2,select_none_2_2
4871,HTML_PAGE_SELECT_NONE_2_2_1,select_none_2_2_1
4872,HTML_PAGE_SELECT_NONE_2_2_1_1,select_none_2_2_1_1
4873,HTML_PAGE_SELECT_NONE_2_2_1_2,select_none_2_2_1_2
4874,HTML_PAGE_SELECT_NONE_2_2_1_3,select_none_2_2_1_3
4875,HTML_PAGE_SELECT_NONE_2_2_1_4,select_none_2_2_1_4
4876,HTML_PAGE_SELECT_NONE_2_2_2,select_none_2_2_2
4877,HTML_PAGE_SELECT_NONE_2_2_2_1,select_none_2_2_2_1
4878,HTML_PAGE_SELECT_NONE_2_2_2_2,select_none_2_2_2_2
4879,HTML_PAGE_SELECT_NONE_2_2_2_3,select_none_2_2_2_3
4880,HTML_PAGE_SELECT_NONE_2_2_2_4,select_none_2_2_2_4
4881,HTML_PAGE_SELECT_NONE_2_2_3,select_none_2_2_3
4882,HTML_PAGE_SELECT_NONE_2_2_3_1,select_none_2_2_3_1
4883,HTML_PAGE_SELECT_NONE_2_2_3_2,select_none_2_2_3_2
4884,HTML_PAGE_SELECT_NONE_2_2_3_3,select_none_2_2_3_3
4885,HTML_PAGE_SELECT_NONE_2_2_3_4,select_none_2_2_3_4
4886,HTML_PAGE_SELECT_NONE_2_2_4,select_none_2_2_4
4887,HTML_PAGE_SELECT_NONE_2_2_4_1,select_none_2_2_4_1
4888,HTML_PAGE_SELECT_NONE_2_2_4_2,select_none_2_2_4_2
4889,HTML_PAGE_SELECT_NONE_2_2_4_3,select_none_2_2_4_3
4890,HTML_PAGE_SELECT_NONE_2_2_4_4,select_none_2_2_4_4
4891,HTML_PAGE_SELECT_NONE_2_3,select_none_2_3
4892,HTML_PAGE_SELECT_NONE_2_3_1,select_none_2_3_1
4893,HTML_PAGE_SELECT_NONE_2_3_1_1,select_none_2_3_1_1
4894,HTML_PAGE_SELECT_NONE_2_3_1_2,select_none_2_3_1_2
4895,HTML_PAGE_SELECT_NONE_2_3_1_3,select_none_2_3_1_3
4896,HTML_PAGE_SELECT_NONE_2_3_1_4,select_none_2_3_1_4
4897,HTML_PAGE_SELECT_NONE_2_3_2,select_none_2_3_2
4898,HTML_PAGE_SELECT_NONE_2_3_2_1,select_none_2_3_2_1
4899,HTML_PAGE_SELECT_NONE_2_3_2_2,select_none_2_3_2_2
4900,HTML_PAGE_SELECT_NONE_2_3_2_3,select_none_2_3_2_3
4901,HTML_PAGE_SELECT_NONE_2_3_2_4,select_none_2_3_2_4
4902,HTML_PAGE_SELECT_NONE_2_3_3,select_none_2_3_3
4903,HTML_PAGE_SELECT_NONE_2_3_3_1,select_none_2_3_3_1
4904,HTML_PAGE_SELECT_NONE_2_3_3_2,select_none_2_3_3_2
4905,HTML_PAGE_SELECT_NONE_2_3_3_3,select_none_2_3_3_3
4906,HTML_PAGE_SELECT_NONE_2_3_3_4,select_none_2_3_3_4
4907,HTML_PAGE_SELECT_NONE_2_3_4,select_none_2_3_4
4908,HTML_PAGE_SELECT_NONE_2_3_4_1,select_none_2_3_4_1
4909,HTML_PAGE_SELECT_NONE_2_3_4_2,select_none_2_3_4_2
4910,HTML_PAGE_SELECT_NONE_2_3_4_3,select_none_2_3_4_3
4911,HTML_PAGE_SELECT_NONE_2_3_4_4,select_none_2_3_4_4
4912,HTML_PAGE_SELECT_NONE_2_4,select_none_2_4
4913,HTML_PAGE_SELECT_NONE_2_4_1,select_none_2_4_1
4914,HTML_PAGE_SELECT_NONE_2_4_1_1,select_none_2_4_1_1
4915,HTML_PAGE_SELECT_NONE_2_4_1_2,select_none_2_4_1_2
4916,HTML_PAGE_SELECT_NONE_2_4_1_3,select_none_2_4_1_3
4917,HTML_PAGE_SELECT_NONE_2_4_1_4,select_none_2_4_1_4
4918,HTML_PAGE_SELECT_NONE_2_4_2,select_none_2_4_2
4919,HTML_PAGE_SELECT_NONE_2_4_2_1,select_none_2_4_2_1
4920,HTML_PAGE_SELECT_NONE_2_4_2_2,select_none_2_4_2_2
4921,HTML_PAGE_SELECT_NONE_2_4_2_3,select_none_2_4_2_3
4922,HTML_PAGE_SELECT_NONE_2_4_2_4,select_none_2_4_2_4
4923,HTML_PAGE_SELECT_NONE_2_4_3,select_none_2_4_3
4924,HTML_PAGE_SELECT_NONE_2_4_3_1,select_none_2_4_3_1
4925,HTML_PAGE_SELECT_NONE_2_4_3_2,select_none_2_4_3_2
4926,HTML_PAGE_SELECT_NONE_2_4_3_3,select_none_2_4_3_3
4927,HTML_PAGE_SELECT_NONE_2_4_3_4,select_none_2_4_3_4
4928,HTML_PAGE_SELECT_NONE_2_4_4,select_none_2_4_4
4929,HTML_PAGE_SELECT_NONE_2_4_4_1,select_none_2_4_4_1
4930,HTML_PAGE_SELECT_NONE_2_4_4_2,select_none_2_4_4_2
4931,HTML_PAGE_SELECT_NONE_2_4_4_3,select_none_2_4_4_3
4932,HTML_PAGE_SELECT_NONE_2_4_4_4,select_none_2_4_4_4
4933,HTML_PAGE_SELECT_NONE_3,select_none_3
4934,HTML_PAGE_SELECT_NONE_3_1,select_none_3_1
4935,HTML_PAGE_SELECT_NONE_3_1_1,select_none_3_1_1
4936,HTML_PAGE_SELECT_NONE_3_1_1_1,select_none_3_1_1_1
4937,HTML_PAGE_SELECT_NONE_3_1_1_2,select_none_3_1_1_2
4938,HTML_PAGE_SELECT_NONE_3_1_1_3,select_none_3_1_1_3
4939,HTML_PAGE_SELECT_NONE_3_1_1_4,select_none_3_1_1_4
4940,HTML_PAGE_SELECT_NONE_3_1_2,select_none_3_1_2
4941,HTML_PAGE_SELECT_NONE_3_1_2_1,select_none_3_1_2_1
4942,HTML_PAGE_SELECT_NONE_3_1_2_2,select_none_3_1_2_2
4943,HTML_PAGE_SELECT_NONE_3_1_2_3,select_none_3_1_2_3
4944,HTML_PAGE_SELECT_NONE_3_1_2_4,select_none_3_1_2_4
4945,HTML_PAGE_SELECT_NONE_3_1_3,select_none_3_1_3
4946,HTML_PAGE_SELECT_NONE_3_1_3_1,select_none_3_1_3_1
4947,HTML_PAGE_SELECT_NONE_3_1_3_2,select_none_3_1_3_2
4948,HTML_PAGE_SELECT_NONE_3_1_3_3,select_none_3_1_3_3
4949,HTML_PAGE_SELECT_NONE_3_1_3_4,select_none_3_1_3_4
4950,HTML_PAGE_SELECT_NONE_3_1_4,select_none_3_1_4
4951,HTML_PAGE_SELECT_NONE_3_1_4_1,select_none_3_1_4_1
4952,HTML_PAGE_SELECT_NONE_3_1_4_2,select_none_3_1_4_2
4953,HTML_PAGE_SELECT_NONE_3_1_4_3,select_none_3_1_4_3
4954,HTML_PAGE_SELECT_NONE_3_1_4_4,select_none_3_1_4_4
4955,HTML_PAGE_SELECT_NONE_3_2,select_none_3_2
4956,HTML_PAGE_SELECT_NONE_3_2_1,select_none_3_2_1
4957,HTML_PAGE_SELECT_NONE_3_2_1_1,select_none_3_2_1_1
4958,HTML_PAGE_SELECT_NONE_3_2_1_2,select_none_3_2_1_2
4959,HTML_PAGE_SELECT_NONE_3_2_1_3,select_none_3_2_1_3
4960,HTML_PAGE_SELECT_NONE_3_2_1_4,select_none_3_2_1_4
4961,HTML_PAGE_SELECT_NONE_3_2_2,select_none_3_2_2
4962,HTML_PAGE_SELECT_NONE_3_2_2_1,select_none_3_2_2_1
4963,HTML_PAGE_SELECT_NONE_3_2_2_2,select_none_3_2_2_2
4964,HTML_PAGE_SELECT_NONE_3_2_2_3,select_none_3_2_2_3
4965,HTML_PAGE_SELECT_NONE_3_2_2_4,select_none_3_2_2_4
4966,HTML_PAGE_SELECT_NONE_3_2_3,select_none_3_2_3
4967,HTML_PAGE_SELECT_NONE_3_2_3_1,select_none_3_2_3_1
4968,HTML_PAGE_SELECT_NONE_3_2_3_2,select_none_3_2_3_2
4969,HTML_PAGE_SELECT_NONE_3_2_3_3,select_none_3_2_3_3
4970,HTML_PAGE_SELECT_NONE_3_2_3_4,select_none_3_2_3_4
4971,HTML_PAGE_SELECT_NONE_3_2_4,select_none_3_2_4
4972,HTML_PAGE_SELECT_NONE_3_2_4_1,select_none_3_2_4_1
4973,HTML_PAGE_SELECT_NONE_3_2_4_2,select_none_3_2_4_2
4974,HTML_PAGE_SELECT_NONE_3_2_4_3,select_none_3_2_4_3
4975,HTML_PAGE_SELECT_NONE_3_2_4_4,select_none_3_2_4_4
4976,HTML_PAGE_SELECT_NONE_3_3,select_none_3_3
4977,HTML_PAGE_SELECT_NONE_3_3_1,select_none_3_3_1
4978,HTML_PAGE_SELECT_NONE_3_3_1_1,select_none_3_3_1_1
4979,HTML_PAGE_SELECT_NONE_3_3_1_2,select_none_3_3_1_2
4980,HTML_PAGE_SELECT_NONE_3_3_1_3,select_none_3_3_1_3
4981,HTML_PAGE_SELECT_NONE_3_3_1_4,select_none_3_3_1_4
4982,HTML_PAGE_SELECT_NONE_3_3_2,select_none_3_3_2
4983,HTML_PAGE_SELECT_NONE_3_3_2_1,select_none_3_3_2_1
4984,HTML_PAGE_SELECT_NONE_3_3_2_2,select_none_3_3_2_2
4985,HTML_PAGE_SELECT_NONE_3_3_2_3,select_none_3_3_2_3
4986,HTML_PAGE_SELECT_NONE_3_3_2_4,select_none_3_3_2_4
4987,HTML_PAGE_SELECT_NONE_3_3_3,select_none_3_3_3
4988,HTML_PAGE_SELECT_NONE_3_3_3_1,select_none_3_3_3_1
4989,HTML_PAGE_SELECT_NONE_3_3_3_2,select_none_3_3_3_2
4990,HTML_PAGE_SELECT_NONE_3_3_3_3,select_none_3_3_3_3
4991,HTML_PAGE_SELECT_NONE_3_3_3_4,select_none_3_3_3_4
4992,HTML_PAGE_SELECT_NONE_3_3_4,select_none_3_3_4
4993,HTML_PAGE_SELECT_NONE_3_3_4_1,select_none_3_3_4_1
4994,HTML_PAGE_SELECT_NONE_3_3_4_2,select_none_3_3_4_2
4995,HTML_PAGE_SELECT_NONE_3_3_4_3,select_none_3_3_4_3
4996,HTML_PAGE_SELECT_NONE_3_3_4_4,select_none_3_3_4_4
4997,HTML_PAGE_SELECT_NONE_3_4,select_none_3_4
4998,HTML_PAGE_SELECT_NONE_3_4_1,select_none_3_4_1
4999,HTML_PAGE_SELECT_NONE_3_4_1_1,select_none_3_4_1_1
5000,HTML_PAGE_SELECT_NONE_3_4_1_2,select_none_3_4_1_2
5001,HTML_PAGE_SELECT_NONE_3_4_1_3,select_none_3_4_1_3
5002,HTML_PAGE_SELECT_NONE_3_4_1_4,select_none_3_4_1_4
5003,HTML_PAGE_SELECT_NONE_3_4_2,select_none_3_4_2
5004,HTML_PAGE_SELECT_NONE_3_4_2_1,select_none_3_4_2_1
5005,HTML_PAGE_SELECT_NONE_3_4_2_2,select_none_3_4_2_2
5006,HTML_PAGE_SELECT_NONE_3_4_2_3,select_none_3_4_2_3
5007,HTML_PAGE_SELECT_NONE_3_4_2_4,select_none_3_4_2_4
5008,HTML_PAGE_SELECT_NONE_3_4_3,select_none_3_4_3
5009,HTML_PAGE_SELECT_NONE_3_4_3_1,select_none_3_4_3_1
5010,HTML_PAGE_SELECT_NONE_3_4_3_2,select_none_3_4_3_2
5011,HTML_PAGE_SELECT_NONE_3_4_3_3,select_none_3_4_3_3
5012,HTML_PAGE_SELECT_NONE_3_4_3_4,select_none_3_4_3_4
5013,HTML_PAGE_SELECT_NONE_3_4_4,select_none_3_4_4
5014,HTML_PAGE_SELECT_NONE_3_4_4_1,select_none_3_4_4_1
5015,HTML_PAGE_SELECT_NONE_3_4_4_2,select_none_3_4_4_2
5016,HTML_PAGE_SELECT_NONE_3_4_4_3,select_none_3_4_4_3
5017,HTML_PAGE_SELECT_NONE_3_4_4_4,select_none_3_4_4_4
5018,HTML_PAGE_SELECT_NONE_4,select_none_4
5019,HTML_PAGE_SELECT_NONE_4_1,select_none_4_1
5020,HTML_PAGE_SELECT_NONE_4_1_1,select_none_4_1_1
5021,HTML_PAGE_SELECT_NONE_4_1_1_1,select_none_4_1_1_1
5022,HTML_PAGE_SELECT_NONE_4_1_1_2,select_none_4_1_1_2
5023,HTML_PAGE_SELECT_NONE_4_1_1_3,select_none_4_1_1_3
5024,HTML_PAGE_SELECT_NONE_4_1_1_4,select_none_4_1_1_4
5025,HTML_PAGE_SELECT_NONE_4_1_2,select_none_4_1_2
5026,HTML_PAGE_SELECT_NONE_4_1_2_1,select_none_4_1_2_1
5027,HTML_PAGE_SELECT_NONE_4_1_2_2,select_none_4_1_2_2
5028,HTML_PAGE_SELECT_NONE_4_1_2_3,select_none_4_1_2_3
5029,HTML_PAGE_SELECT_NONE_4_1_2_4,select_none_4_1_2_4
5030,HTML_PAGE_SELECT_NONE_4_1_3,select_none_4_1_3
5031,HTML_PAGE_SELECT_NONE_4_1_3_1,select_none_4_1_3_1
5032,HTML_PAGE_SELECT_NONE_4_1_3_2,select_none_4_1_3_2
5033,HTML_PAGE_SELECT_NONE_4_1_3_3,select_none_4_1_3_3
5034,HTML_PAGE_SELECT_NONE_4_1_3_4,select_none_4_1_3_4
5035,HTML_PAGE_SELECT_NONE_4_1_4,select_none_4_1_4
5036,HTML_PAGE_SELECT_NONE_4_1_4_1,select_none_4_1_4_1
5037,HTML_PAGE_SELECT_NONE_4_1_4_2,select_none_4_1_4_2
5038,HTML_PAGE_SELECT_NONE_4_1_4_3,select_none_4_1_4_3
5039,HTML_PAGE_SELECT_NONE_4_1_4_4,select_none_4_1_4_4
5040,HTML_PAGE_SELECT_NONE_4_2,select_none_4_2
5041,HTML_PAGE_SELECT_NONE_4_2_1,select_none_4_2_1
5042,HTML_PAGE_SELECT_NONE_4_2_1_1,select_none_4_2_1_1
5043,HTML_PAGE_SELECT_NONE_4_2_1_2,select_none_4_2_1_2
5044,HTML_PAGE_SELECT_NONE_4_2_1_3,select_none_4_2_1_3
5045,HTML_PAGE_SELECT_NONE_4_2_1_4,select_none_4_2_1_4
5046,HTML_PAGE_SELECT_NONE_4_2_2,select_none_4_2_2
5047,HTML_PAGE_SELECT_NONE_4_2_2_1,select_none_4_2_2_1
5048,HTML_PAGE_SELECT_NONE_4_2_2_2,select_none_4_2_2_2
5049,HTML_PAGE_SELECT_NONE_4_2_2_3,select_none_4_2_2_3
5050,HTML_PAGE_SELECT_NONE_4_2_2_4,select_none_4_2_2_4
5051,HTML_PAGE_SELECT_NONE_4_2_3,select_none_4_2_3
5052,HTML_PAGE_SELECT_NONE_4_2_3_1,select_none_4_2_3_1
5053,HTML_PAGE_SELECT_NONE_4_2_3_2,select_none_4_2_3_2
5054,HTML_PAGE_SELECT_NONE_4_2_3_3,select_none_4_2_3_3
5055,HTML_PAGE_SELECT_NONE_4_2_3_4,select_none_4_2_3_4
5056,HTML_PAGE_SELECT_NONE_4_2_4,select_none_4_2_4
5057,HTML_PAGE_SELECT_NONE_4_2_4_1,select_none_4_2_4_1
5058,HTML_PAGE_SELECT_NONE_4_2_4_2,select_none_4_2_4_2
5059,HTML_PAGE_SELECT_NONE_4_2_4_3,select_none_4_2_4_3
5060,HTML_PAGE_SELECT_NONE_4_2_4_4,select_none_4_2_4_4
5061,HTML_PAGE_SELECT_NONE_4_3,select_none_4_3
5062,HTML_PAGE_SELECT_NONE_4_3_1,select_none_4_3_1
5063,HTML_PAGE_SELECT_NONE_4_3_1_1,select_none_4_3_1_1
5064,HTML_PAGE_SELECT_NONE_4_3_1_2,select_none_4_3_1_2
5065,HTML_PAGE_SELECT_NONE_4_3_1_3,select_none_4_3_1_3
5066,HTML_PAGE_SELECT_NONE_4_3_1_4,select_none_4_3_1_4
5067,HTML_PAGE_SELECT_NONE_4_3_2,select_none_4_3_2
5068,HTML_PAGE_SELECT_NONE_4_3_2_1,select_none_4_3_2_1
5069,HTML_PAGE_SELECT_NONE_4_3_2_2,select_none_4_3_2_2
5070,HTML_PAGE_SELECT_NONE_4_3_2_3,select_none_4_3_2_3
5071,HTML_PAGE_SELECT_NONE_4_3_2_4,select_none_4_3_2_4
5072,HTML_PAGE_SELECT_NONE_4_3_3,select_none_4_3_3
5073,HTML_PAGE_SELECT_NONE_4_3_3_1,select_none_4_3_3_1
5074,HTML_PAGE_SELECT_NONE_4_3_3_2,select_none_4_3_3_2
5075,HTML_PAGE_SELECT_NONE_4_3_3_3,select_none_4_3_3_3
5076,HTML_PAGE_SELECT_NONE_4_3_3_4,select_none_4_3_3_4
5077,HTML_PAGE_SELECT_NONE_4_3_4,select_none_4_3_4
5078,HTML_PAGE_SELECT_NONE_4_3_4_1,select_none_4_3_4_1
5079,HTML_PAGE_SELECT_NONE_4_3_4_2,select_none_4_3_4_2
5080,HTML_PAGE_SELECT_NONE_4_3_4_3,select_none_4_3_4_3
5081,HTML_PAGE_SELECT_NONE_4_3_4_4,select_none_4_3_4_4
5082,HTML_PAGE_SELECT_NONE_4_4,select_none_4_4
5083,HTML_PAGE_SELECT_NONE_4_4_1,select_none_4_4_1
5084,HTML_PAGE_SELECT_NONE_4_4_1_1,select_none_4_4_1_1
5085,HTML_PAGE_SELECT_NONE_4_4_1_2,select_none_4_4_1_2
5086,HTML_PAGE_SELECT_NONE_4_4_1_3,select_none_4_4_1_3
5087,HTML_PAGE_SELECT_NONE_4_4_1_4,select_none_4_4_1_4
5088,HTML_PAGE_SELECT_NONE_4_4_2,select_none_4_4_2
5089,HTML_PAGE_SELECT_NONE_4_4_2_1,select_none_4_4_2_1
5090,HTML_PAGE_SELECT_NONE_4_4_2_2,select_none_4_4_2_2
5091,HTML_PAGE_SELECT_NONE_4_4_2_3,select_none_4_4_2_3
5092,HTML_PAGE_SELECT_NONE_4_4_2_4,select_none_4_4_2_4
5093,HTML_PAGE_SELECT_NONE_4_4_3,select_none_4_4_3
5094,HTML_PAGE_SELECT_NONE_4_4_3_1,select_none_4_4_3_1
5095,HTML_PAGE_SELECT_NONE_4_4_3_2,select_none_4_4_3_2
5096,HTML_PAGE_SELECT_NONE_4_4_3_3,select_none_4_4_3_3
5097,HTML_PAGE_SELECT_NONE_4_4_3_4,select_none_4_4_3_4
5098,HTML_PAGE_SELECT_NONE_4_4_4,select_none_4_4_4
5099,HTML_PAGE_SELECT_NONE_4_4_4_1,select_none_4_4_4_1
5100,HTML_PAGE_SELECT_NONE_4_4_4_2,select_none_4_4_4_2
5101,HTML_PAGE_SELECT_NONE_4_4_4_3,select_none_4_4_4_3
5102,HTML_PAGE_SELECT_NONE_4_4_4_4,select_none_4_4_4_4
5103,HTML_PAGE_SELECT_TALKNPC01,select_talknpc01
5104,HTML_PAGE_SELECT_TALKNPC02,select_talknpc02
5105,HTML_PAGE_SELECT_TALKNPC03,select_talknpc03
5106,HTML_PAGE_SELECT_TALKNPC04,select_talknpc04
5107,HTML_PAGE_SELECT_TALKNPC05,select_talknpc05
5108,HTML_PAGE_SELECT_TALKNPC06,select_talknpc06
5109,HTML_PAGE_SELECT_TALKNPC07,select_talknpc07
5110,HTML_PAGE_SELECT_TALKNPC08,select_talknpc08
5111,HTML_PAGE_SELECT_TALKNPC09,select_talknpc09
5112,HTML_PAGE_SELECT_TALKNPC10,select_talknpc10
5113,HTML_PAGE_SELECT_TALKNPC11,select_talknpc11
5114,HTML_PAGE_SELECT_TALKNPC12,select_talknpc12
5115,HTML_PAGE_SELECT_TALKNPC13,select_talknpc13
5116,HTML_PAGE_SELECT_TALKNPC14,select_talknpc14
5117,HTML_PAGE_SELECT_TALKNPC15,select_talknpc15
5118,HTML_PAGE_SELECT_TALKNPC16,select_talknpc16
5119,HTML_PAGE_SELECT_TALKNPC17,select_talknpc17
5120,HTML_PAGE_SELECT_TALKNPC18,select_talknpc18
5121,HTML_PAGE_SELECT_TALKNPC19,select_talknpc19
5122,HTML_PAGE_SELECT_TALKNPC20,select_talknpc20
5123,HTML_PAGE_SELECT_TALKNPC21,select_talknpc21
5124,HTML_PAGE_SELECT_TALKNPC22,select_talknpc22
5125,HTML_PAGE_SELECT_TALKNPC23,select_talknpc23
5126,HTML_PAGE_SELECT_TALKNPC24,select_talknpc24
5127,HTML_PAGE_SELECT_TALKNPC25,select_talknpc25
5128,HTML_PAGE_SELECT_TALKNPC26,select_talknpc26
5129,HTML_PAGE_SELECT_TALKNPC27,select_talknpc27
5130,HTML_PAGE_SELECT_TALKNPC28,select_talknpc28
5131,HTML_PAGE_SELECT_TALKNPC29,select_talknpc29
5132,HTML_PAGE_SELECT_TALKNPC30,select_talknpc30
6011,HTML_PAGE_MINXFURCOMFORTER_SELECT1,minxfurcomforter_select1
6012,HTML_PAGE_MINXFURCOMFORTER_SELECT1_1,minxfurcomforter_select1_1
6013,HTML_PAGE_MINXFURCOMFORTER_SELECT1_2,minxfurcomforter_select1_2
6014,HTML_PAGE_MINXFURCOMFORTER_DIALOG1,minxfurcomforter_dialog1
6021,HTML_PAGE_SADSOULMINX1_SELECT1,sadsoulminx1_select1
6022,HTML_PAGE_SADSOULMINX1_SELECT1_1,sadsoulminx1_select1_1
6023,HTML_PAGE_SADSOULMINX1_TIG_DIALOG1,sadsoulminx1_tig_dialog1
6024,HTML_PAGE_SADSOULMINX1_TIG_DIALOG2,sadsoulminx1_tig_dialog2
6500,HTML_PAGE_SELECT11,select11
6501,HTML_PAGE_SELECT11_1,select11_1
6502,HTML_PAGE_SELECT11_1_1,select11_1_1
6503,HTML_PAGE_SELECT11_1_1_1,select11_1_1_1
6504,HTML_PAGE_SELECT11_1_1_1_1,select11_1_1_1_1
6505,HTML_PAGE_SELECT11_1_1_1_2,select11_1_1_1_2
6506,HTML_PAGE_SELECT11_1_1_1_3,select11_1_1_1_3
6507,HTML_PAGE_SELECT11_1_1_1_4,select11_1_1_1_4
6508,HTML_PAGE_SELECT11_1_1_2,select11_1_1_2
6509,HTML_PAGE_SELECT11_1_1_2_1,select11_1_1_2_1
6510,HTML_PAGE_SELECT11_1_1_2_2,select11_1_1_2_2
6511,HTML_PAGE_SELECT11_1_1_2_3,select11_1_1_2_3
6512,HTML_PAGE_SELECT11_1_1_2_4,select11_1_1_2_4
6513,HTML_PAGE_SELECT11_1_1_3,select11_1_1_3
6514,HTML_PAGE_SELECT11_1_1_3_1,select11_1_1_3_1
6515,HTML_PAGE_SELECT11_1_1_3_2,select11_1_1_3_2
6516,HTML_PAGE_SELECT11_1_1_3_3,select11_1_1_3_3
6517,HTML_PAGE_SELECT11_1_1_3_4,select11_1_1_3_4
6518,HTML_PAGE_SELECT11_1_1_4,select11_1_1_4
6519,HTML_PAGE_SELECT11_1_1_4_1,select11_1_1_4_1
6520,HTML_PAGE_SELECT11_1_1_4_2,select11_1_1_4_2
6521,HTML_PAGE_SELECT11_1_1_4_3,select11_1_1_4_3
6522,HTML_PAGE_SELECT11_1_1_4_4,select11_1_1_4_4
6523,HTML_PAGE_SELECT11_1_2,select11_1_2
6524,HTML_PAGE_SELECT11_1_2_1,select11_1_2_1
6525,HTML_PAGE_SELECT11_1_2_1_1,select11_1_2_1_1
6526,HTML_PAGE_SELECT11_1_2_1_2,select11_1_2_1_2
6527,HTML_PAGE_SELECT11_1_2_1_3,select11_1_2_1_3
6528,HTML_PAGE_SELECT11_1_2_1_4,select11_1_2_1_4
6529,HTML_PAGE_SELECT11_1_2_2,select11_1_2_2
6530,HTML_PAGE_SELECT11_1_2_2_1,select11_1_2_2_1
6531,HTML_PAGE_SELECT11_1_2_2_2,select11_1_2_2_2
6532,HTML_PAGE_SELECT11_1_2_2_3,select11_1_2_2_3
6533,HTML_PAGE_SELECT11_1_2_2_4,select11_1_2_2_4
6534,HTML_PAGE_SELECT11_1_2_3,select11_1_2_3
6535,HTML_PAGE_SELECT11_1_2_3_1,select11_1_2_3_1
6536,HTML_PAGE_SELECT11_1_2_3_2,select11_1_2_3_2
6537,HTML_PAGE_SELECT11_1_2_3_3,select11_1_2_3_3
6538,HTML_PAGE_SELECT11_1_2_3_4,select11_1_2_3_4
6539,HTML_PAGE_SELECT11_1_2_4,select11_1_2_4
6540,HTML_PAGE_SELECT11_1_2_4_1,select11_1_2_4_1
6541,HTML_PAGE_SELECT11_1_2_4_2,select11_1_2_4_2
6542,HTML_PAGE_SELECT11_1_2_4_3,select11_1_2_4_3
6543,HTML_PAGE_SELECT11_1_2_4_4,select11_1_2_4_4
6544,HTML_PAGE_SELECT11_1_3,select11_1_3
6545,HTML_PAGE_SELECT11_1_3_1,select11_1_3_1
6546,HTML_PAGE_SELECT11_1_3_1_1,select11_1_3_1_1
6547,HTML_PAGE_SELECT11_1_3_1_2,select11_1_3_1_2
6548,HTML_PAGE_SELECT11_1_3_1_3,select11_1_3_1_3
6549,HTML_PAGE_SELECT11_1_3_1_4,select11_1_3_1_4
6550,HTML_PAGE_SELECT11_1_3_2,select11_1_3_2
6551,HTML_PAGE_SELECT11_1_3_2_1,select11_1_3_2_1
6552,HTML_PAGE_SELECT11_1_3_2_2,select11_1_3_2_2
6553,HTML_PAGE_SELECT11_1_3_2_3,select11_1_3_2_3
6554,HTML_PAGE_SELECT11_1_3_2_4,select11_1_3_2_4
6555,HTML_PAGE_SELECT11_1_3_3,select11_1_3_3
6556,HTML_PAGE_SELECT11_1_3_3_1,select11_1_3_3_1
6557,HTML_PAGE_SELECT11_1_3_3_2,select11_1_3_3_2
6558,HTML_PAGE_SELECT11_1_3_3_3,select11_1_3_3_3
6559,HTML_PAGE_SELECT11_1_3_3_4,select11_1_3_3_4
6560,HTML_PAGE_SELECT11_1_3_4,select11_1_3_4
6561,HTML_PAGE_SELECT11_1_3_4_1,select11_1_3_4_1
6562,HTML_PAGE_SELECT11_1_3_4_2,select11_1_3_4_2
6563,HTML_PAGE_SELECT11_1_3_4_3,select11_1_3_4_3
6564,HTML_PAGE_SELECT11_1_3_4_4,select11_1_3_4_4
6565,HTML_PAGE_SELECT11_1_4,select11_1_4
6566,HTML_PAGE_SELECT11_1_4_1,select11_1_4_1
6567,HTML_PAGE_SELECT11_1_4_1_1,select11_1_4_1_1
6568,HTML_PAGE_SELECT11_1_4_1_2,select11_1_4_1_2
6569,HTML_PAGE_SELECT11_1_4_1_3,select11_1_4_1_3
6570,HTML_PAGE_SELECT11_1_4_1_4,select11_1_4_1_4
6571,HTML_PAGE_SELECT11_1_4_2,select11_1_4_2
6572,HTML_PAGE_SELECT11_1_4_2_1,select11_1_4_2_1
6573,HTML_PAGE_SELECT11_1_4_2_2,select11_1_4_2_2
6574,HTML_PAGE_SELECT11_1_4_2_3,select11_1_4_2_3
6575,HTML_PAGE_SELECT11_1_4_2_4,select11_1_4_2_4
6576,HTML_PAGE_SELECT11_1_4_3,select11_1_4_3
6577,HTML_PAGE_SELECT11_1_4_3_1,select11_1_4_3_1
6578,HTML_PAGE_SELECT11_1_4_3_2,select11_1_4_3_2
6579,HTML_PAGE_SELECT11_1_4_3_3,select11_1_4_3_3
6580,HTML_PAGE_SELECT11_1_4_3_4,select11_1_4_3_4
6581,HTML_PAGE_SELECT11_1_4_4,select11_1_4_4
6582,HTML_PAGE_SELECT11_1_4_4_1,select11_1_4_4_1
6583,HTML_PAGE_SELECT11_1_4_4_2,select11_1_4_4_2
6584,HTML_PAGE_SELECT11_1_4_4_3,select11_1_4_4_3
6585,HTML_PAGE_SELECT11_1_4_4_4,select11_1_4_4_4
6586,HTML_PAGE_SELECT11_2,select11_2
6587,HTML_PAGE_SELECT11_2_1,select11_2_1
6588,HTML_PAGE_SELECT11_2_1_1,select11_2_1_1
6589,HTML_PAGE_SELECT11_2_1_1_1,select11_2_1_1_1
6590,HTML_PAGE_SELECT11_2_1_1_2,select11_2_1_1_2
6591,HTML_PAGE_SELECT11_2_1_1_3,select11_2_1_1_3
6592,HTML_PAGE_SELECT11_2_1_1_4,select11_2_1_1_4
6593,HTML_PAGE_SELECT11_2_1_2,select11_2_1_2
6594,HTML_PAGE_SELECT11_2_1_2_1,select11_2_1_2_1
6595,HTML_PAGE_SELECT11_2_1_2_2,select11_2_1_2_2
6596,HTML_PAGE_SELECT11_2_1_2_3,select11_2_1_2_3
6597,HTML_PAGE_SELECT11_2_1_2_4,select11_2_1_2_4
6598,HTML_PAGE_SELECT11_2_1_3,select11_2_1_3
6599,HTML_PAGE_SELECT11_2_1_3_1,select11_2_1_3_1
6600,HTML_PAGE_SELECT11_2_1_3_2,select11_2_1_3_2
6601,HTML_PAGE_SELECT11_2_1_3_3,select11_2_1_3_3
6602,HTML_PAGE_SELECT11_2_1_3_4,select11_2_1_3_4
6603,HTML_PAGE_SELECT11_2_1_4,select11_2_1_4
6604,HTML_PAGE_SELECT11_2_1_4_1,select11_2_1_4_1
6605,HTML_PAGE_SELECT11_2_1_4_2,select11_2_1_4_2
6606,HTML_PAGE_SELECT11_2_1_4_3,select11_2_1_4_3
6607,HTML_PAGE_SELECT11_2_1_4_4,select11_2_1_4_4
6608,HTML_PAGE_SELECT11_2_2,select11_2_2
6609,HTML_PAGE_SELECT11_2_2_1,select11_2_2_1
6610,HTML_PAGE_SELECT11_2_2_1_1,select11_2_2_1_1
6611,HTML_PAGE_SELECT11_2_2_1_2,select11_2_2_1_2
6612,HTML_PAGE_SELECT11_2_2_1_3,select11_2_2_1_3
6613,HTML_PAGE_SELECT11_2_2_1_4,select11_2_2_1_4
6614,HTML_PAGE_SELECT11_2_2_2,select11_2_2_2
6615,HTML_PAGE_SELECT11_2_2_2_1,select11_2_2_2_1
6616,HTML_PAGE_SELECT11_2_2_2_2,select11_2_2_2_2
6617,HTML_PAGE_SELECT11_2_2_2_3,select11_2_2_2_3
6618,HTML_PAGE_SELECT11_2_2_2_4,select11_2_2_2_4
6619,HTML_PAGE_SELECT11_2_2_3,select11_2_2_3
6620,HTML_PAGE_SELECT11_2_2_3_1,select11_2_2_3_1
6621,HTML_PAGE_SELECT11_2_2_3_2,select11_2_2_3_2
6622,HTML_PAGE_SELECT11_2_2_3_3,select11_2_2_3_3
6623,HTML_PAGE_SELECT11_2_2_3_4,select11_2_2_3_4
6624,HTML_PAGE_SELECT11_2_2_4,select11_2_2_4
6625,HTML_PAGE_SELECT11_2_2_4_1,select11_2_2_4_1
6626,HTML_PAGE_SELECT11_2_2_4_2,select11_2_2_4_2
6627,HTML_PAGE_SELECT11_2_2_4_3,select11_2_2_4_3
6628,HTML_PAGE_SELECT11_2_2_4_4,select11_2_2_4_4
6629,HTML_PAGE_SELECT11_2_3,select11_2_3
6630,HTML_PAGE_SELECT11_2_3_1,select11_2_3_1
6631,HTML_PAGE_SELECT11_2_3_1_1,select11_2_3_1_1
6632,HTML_PAGE_SELECT11_2_3_1_2,select11_2_3_1_2
6633,HTML_PAGE_SELECT11_2_3_1_3,select11_2_3_1_3
6634,HTML_PAGE_SELECT11_2_3_1_4,select11_2_3_1_4
6635,HTML_PAGE_SELECT11_2_3_2,select11_2_3_2
6636,HTML_PAGE_SELECT11_2_3_2_1,select11_2_3_2_1
6637,HTML_PAGE_SELECT11_2_3_2_2,select11_2_3_2_2
6638,HTML_PAGE_SELECT11_2_3_2_3,select11_2_3_2_3
6639,HTML_PAGE_SELECT11_2_3_2_4,select11_2_3_2_4
6640,HTML_PAGE_SELECT11_2_3_3,select11_2_3_3
6641,HTML_PAGE_SELECT11_2_3_3_1,select11_2_3_3_1
6642,HTML_PAGE_SELECT11_2_3_3_2,select11_2_3_3_2
6643,HTML_PAGE_SELECT11_2_3_3_3,select11_2_3_3_3
6644,HTML_PAGE_SELECT11_2_3_3_4,select11_2_3_3_4
6645,HTML_PAGE_SELECT11_2_3_4,select11_2_3_4
6646,HTML_PAGE_SELECT11_2_3_4_1,select11_2_3_4_1
6647,HTML_PAGE_SELECT11_2_3_4_2,select11_2_3_4_2
6648,HTML_PAGE_SELECT11_2_3_4_3,select11_2_3_4_3
6649,HTML_PAGE_SELECT11_2_3_4_4,select11_2_3_4_4
6650,HTML_PAGE_SELECT11_2_4,select11_2_4
6651,HTML_PAGE_SELECT11_2_4_1,select11_2_4_1
6652,HTML_PAGE_SELECT11_2_4_1_1,select11_2_4_1_1
6653,HTML_PAGE_SELECT11_2_4_1_2,select11_2_4_1_2
6654,HTML_PAGE_SELECT11_2_4_1_3,select11_2_4_1_3
6655,HTML_PAGE_SELECT11_2_4_1_4,select11_2_4_1_4
6656,HTML_PAGE_SELECT11_2_4_2,select11_2_4_2
6657,HTML_PAGE_SELECT11_2_4_2_1,select11_2_4_2_1
6658,HTML_PAGE_SELECT11_2_4_2_2,select11_2_4_2_2
6659,HTML_PAGE_SELECT11_2_4_2_3,select11_2_4_2_3
6660,HTML_PAGE_SELECT11_2_4_2_4,select11_2_4_2_4
6661,HTML_PAGE_SELECT11_2_4_3,select11_2_4_3
6662,HTML_PAGE_SELECT11_2_4_3_1,select11_2_4_3_1
6663,HTML_PAGE_SELECT11_2_4_3_2,select11_2_4_3_2
6664,HTML_PAGE_SELECT11_2_4_3_3,select11_2_4_3_3
6665,HTML_PAGE_SELECT11_2_4_3_4,select11_2_4_3_4
6666,HTML_PAGE_SELECT11_2_4_4,select11_2_4_4
6667,HTML_PAGE_SELECT11_2_4_4_1,select11_2_4_4_1
6668,HTML_PAGE_SELECT11_2_4_4_2,select11_2_4_4_2
6669,HTML_PAGE_SELECT11_2_4_4_3,select11_2_4_4_3
6670,HTML_PAGE_SELECT11_2_4_4_4,select11_2_4_4_4
6671,HTML_PAGE_SELECT11_3,select11_3
6672,HTML_PAGE_SELECT11_3_1,select11_3_1
6673,HTML_PAGE_SELECT11_3_1_1,select11_3_1_1
6674,HTML_PAGE_SELECT11_3_1_1_1,select11_3_1_1_1
6675,HTML_PAGE_SELECT11_3_1_1_2,select11_3_1_1_2
6676,HTML_PAGE_SELECT11_3_1_1_3,select11_3_1_1_3
6677,HTML_PAGE_SELECT11_3_1_1_4,select11_3_1_1_4
6678,HTML_PAGE_SELECT11_3_1_2,select11_3_1_2
6679,HTML_PAGE_SELECT11_3_1_2_1,select11_3_1_2_1
6680,HTML_PAGE_SELECT11_3_1_2_2,select11_3_1_2_2
6681,HTML_PAGE_SELECT11_3_1_2_3,select11_3_1_2_3
6682,HTML_PAGE_SELECT11_3_1_2_4,select11_3_1_2_4
6683,HTML_PAGE_SELECT11_3_1_3,select11_3_1_3
6684,HTML_PAGE_SELECT11_3_1_3_1,select11_3_1_3_1
6685,HTML_PAGE_SELECT11_3_1_3_2,select11_3_1_3_2
6686,HTML_PAGE_SELECT11_3_1_3_3,select11_3_1_3_3
6687,HTML_PAGE_SELECT11_3_1_3_4,select11_3_1_3_4
6688,HTML_PAGE_SELECT11_3_1_4,select11_3_1_4
6689,HTML_PAGE_SELECT11_3_1_4_1,select11_3_1_4_1
6690,HTML_PAGE_SELECT11_3_1_4_2,select11_3_1_4_2
6691,HTML_PAGE_SELECT11_3_1_4_3,select11_3_1_4_3
6692,HTML_PAGE_SELECT11_3_1_4_4,select11_3_1_4_4
6693,HTML_PAGE_SELECT11_3_2,select11_3_2
6694,HTML_PAGE_SELECT11_3_2_1,select11_3_2_1
6695,HTML_PAGE_SELECT11_3_2_1_1,select11_3_2_1_1
6696,HTML_PAGE_SELECT11_3_2_1_2,select11_3_2_1_2
6697,HTML_PAGE_SELECT11_3_2_1_3,select11_3_2_1_3
6698,HTML_PAGE_SELECT11_3_2_1_4,select11_3_2_1_4
6699,HTML_PAGE_SELECT11_3_2_2,select11_3_2_2
6700,HTML_PAGE_SELECT11_3_2_2_1,select11_3_2_2_1
6701,HTML_PAGE_SELECT11_3_2_2_2,select11_3_2_2_2
6702,HTML_PAGE_SELECT11_3_2_2_3,select11_3_2_2_3
6703,HTML_PAGE_SELECT11_3_2_2_4,select11_3_2_2_4
6704,HTML_PAGE_SELECT11_3_2_3,select11_3_2_3
6705,HTML_PAGE_SELECT11_3_2_3_1,select11_3_2_3_1
6706,HTML_PAGE_SELECT11_3_2_3_2,select11_3_2_3_2
6707,HTML_PAGE_SELECT11_3_2_3_3,select11_3_2_3_3
6708,HTML_PAGE_SELECT11_3_2_3_4,select11_3_2_3_4
6709,HTML_PAGE_SELECT11_3_2_4,select11_3_2_4
6710,HTML_PAGE_SELECT11_3_2_4_1,select11_3_2_4_1
6711,HTML_PAGE_SELECT11_3_2_4_2,select11_3_2_4_2
6712,HTML_PAGE_SELECT11_3_2_4_3,select11_3_2_4_3
6713,HTML_PAGE_SELECT11_3_2_4_4,select11_3_2_4_4
6714,HTML_PAGE_SELECT11_3_3,select11_3_3
6715,HTML_PAGE_SELECT11_3_3_1,select11_3_3_1
6716,HTML_PAGE_SELECT11_3_3_1_1,select11_3_3_1_1
6717,HTML_PAGE_SELECT11_3_3_1_2,select11_3_3_1_2
6718,HTML_PAGE_SELECT11_3_3_1_3,select11_3_3_1_3
6719,HTML_PAGE_SELECT11_3_3_1_4,select11_3_3_1_4
6720,HTML_PAGE_SELECT11_3_3_2,select11_3_3_2
6721,HTML_PAGE_SELECT11_3_3_2_1,select11_3_3_2_1
6722,HTML_PAGE_SELECT11_3_3_2_2,select11_3_3_2_2
6723,HTML_PAGE_SELECT11_3_3_2_3,select11_3_3_2_3
6724,HTML_PAGE_SELECT11_3_3_2_4,select11_3_3_2_4
6725,HTML_PAGE_SELECT11_3_3_3,select11_3_3_3
6726,HTML_PAGE_SELECT11_3_3_3_1,select11_3_3_3_1
6727,HTML_PAGE_SELECT11_3_3_3_2,select11_3_3_3_2
6728,HTML_PAGE_SELECT11_3_3_3_3,select11_3_3_3_3
6729,HTML_PAGE_SELECT11_3_3_3_4,select11_3_3_3_4
6730,HTML_PAGE_SELECT11_3_3_4,select11_3_3_4
6731,HTML_PAGE_SELECT11_3_3_4_1,select11_3_3_4_1
6732,HTML_PAGE_SELECT11_3_3_4_2,select11_3_3_4_2
6733,HTML_PAGE_SELECT11_3_3_4_3,select11_3_3_4_3
6734,HTML_PAGE_SELECT11_3_3_4_4,select11_3_3_4_4
6735,HTML_PAGE_SELECT11_3_4,select11_3_4
6736,HTML_PAGE_SELECT11_3_4_1,select11_3_4_1
6737,HTML_PAGE_SELECT11_3_4_1_1,select11_3_4_1_1
6738,HTML_PAGE_SELECT11_3_4_1_2,select11_3_4_1_2
6739,HTML_PAGE_SELECT11_3_4_1_3,select11_3_4_1_3
6740,HTML_PAGE_SELECT11_3_4_1_4,select11_3_4_1_4
6741,HTML_PAGE_SELECT11_3_4_2,select11_3_4_2
6742,HTML_PAGE_SELECT11_3_4_2_1,select11_3_4_2_1
6743,HTML_PAGE_SELECT11_3_4_2_2,select11_3_4_2_2
6744,HTML_PAGE_SELECT11_3_4_2_3,select11_3_4_2_3
6745,HTML_PAGE_SELECT11_3_4_2_4,select11_3_4_2_4
6746,HTML_PAGE_SELECT11_3_4_3,select11_3_4_3
6747,HTML_PAGE_SELECT11_3_4_3_1,select11_3_4_3_1
6748,HTML_PAGE_SELECT11_3_4_3_2,select11_3_4_3_2
6749,HTML_PAGE_SELECT11_3_4_3_3,select11_3_4_3_3
6750,HTML_PAGE_SELECT11_3_4_3_4,select11_3_4_3_4
6751,HTML_PAGE_SELECT11_3_4_4,select11_3_4_4
6752,HTML_PAGE_SELECT11_3_4_4_1,select11_3_4_4_1
6753,HTML_PAGE_SELECT11_3_4_4_2,select11_3_4_4_2
6754,HTML_PAGE_SELECT11_3_4_4_3,select11_3_4_4_3
6755,HTML_PAGE_SELECT11_3_4_4_4,select11_3_4_4_4
6756,HTML_PAGE_SELECT11_4,select11_4
6757,HTML_PAGE_SELECT11_4_1,select11_4_1
6758,HTML_PAGE_SELECT11_4_1_1,select11_4_1_1
6759,HTML_PAGE_SELECT11_4_1_1_1,select11_4_1_1_1
6760,HTML_PAGE_SELECT11_4_1_1_2,select11_4_1_1_2
6761,HTML_PAGE_SELECT11_4_1_1_3,select11_4_1_1_3
6762,HTML_PAGE_SELECT11_4_1_1_4,select11_4_1_1_4
6763,HTML_PAGE_SELECT11_4_1_2,select11_4_1_2
6764,HTML_PAGE_SELECT11_4_1_2_1,select11_4_1_2_1
6765,HTML_PAGE_SELECT11_4_1_2_2,select11_4_1_2_2
6766,HTML_PAGE_SELECT11_4_1_2_3,select11_4_1_2_3
6767,HTML_PAGE_SELECT11_4_1_2_4,select11_4_1_2_4
6768,HTML_PAGE_SELECT11_4_1_3,select11_4_1_3
6769,HTML_PAGE_SELECT11_4_1_3_1,select11_4_1_3_1
6770,HTML_PAGE_SELECT11_4_1_3_2,select11_4_1_3_2
6771,HTML_PAGE_SELECT11_4_1_3_3,select11_4_1_3_3
6772,HTML_PAGE_SELECT11_4_1_3_4,select11_4_1_3_4
6773,HTML_PAGE_SELECT11_4_1_4,select11_4_1_4
6774,HTML_PAGE_SELECT11_4_1_4_1,select11_4_1_4_1
6775,HTML_PAGE_SELECT11_4_1_4_2,select11_4_1_4_2
6776,HTML_PAGE_SELECT11_4_1_4_3,select11_4_1_4_3
6777,HTML_PAGE_SELECT11_4_1_4_4,select11_4_1_4_4
6778,HTML_PAGE_SELECT11_4_2,select11_4_2
6779,HTML_PAGE_SELECT11_4_2_1,select11_4_2_1
6780,HTML_PAGE_SELECT11_4_2_1_1,select11_4_2_1_1
6781,HTML_PAGE_SELECT11_4_2_1_2,select11_4_2_1_2
6782,HTML_PAGE_SELECT11_4_2_1_3,select11_4_2_1_3
6783,HTML_PAGE_SELECT11_4_2_1_4,select11_4_2_1_4
6784,HTML_PAGE_SELECT11_4_2_2,select11_4_2_2
6785,HTML_PAGE_SELECT11_4_2_2_1,select11_4_2_2_1
6786,HTML_PAGE_SELECT11_4_2_2_2,select11_4_2_2_2
6787,HTML_PAGE_SELECT11_4_2_2_3,select11_4_2_2_3
6788,HTML_PAGE_SELECT11_4_2_2_4,select11_4_2_2_4
6789,HTML_PAGE_SELECT11_4_2_3,select11_4_2_3
6790,HTML_PAGE_SELECT11_4_2_3_1,select11_4_2_3_1
6791,HTML_PAGE_SELECT11_4_2_3_2,select11_4_2_3_2
6792,HTML_PAGE_SELECT11_4_2_3_3,select11_4_2_3_3
6793,HTML_PAGE_SELECT11_4_2_3_4,select11_4_2_3_4
6794,HTML_PAGE_SELECT11_4_2_4,select11_4_2_4
6795,HTML_PAGE_SELECT11_4_2_4_1,select11_4_2_4_1
6796,HTML_PAGE_SELECT11_4_2_4_2,select11_4_2_4_2
6797,HTML_PAGE_SELECT11_4_2_4_3,select11_4_2_4_3
6798,HTML_PAGE_SELECT11_4_2_4_4,select11_4_2_4_4
6799,HTML_PAGE_SELECT11_4_3,select11_4_3
6800,HTML_PAGE_SELECT11_4_3_1,select11_4_3_1
6801,HTML_PAGE_SELECT11_4_3_1_1,select11_4_3_1_1
6802,HTML_PAGE_SELECT11_4_3_1_2,select11_4_3_1_2
6803,HTML_PAGE_SELECT11_4_3_1_3,select11_4_3_1_3
6804,HTML_PAGE_SELECT11_4_3_1_4,select11_4_3_1_4
6805,HTML_PAGE_SELECT11_4_3_2,select11_4_3_2
6806,HTML_PAGE_SELECT11_4_3_2_1,select11_4_3_2_1
6807,HTML_PAGE_SELECT11_4_3_2_2,select11_4_3_2_2
6808,HTML_PAGE_SELECT11_4_3_2_3,select11_4_3_2_3
6809,HTML_PAGE_SELECT11_4_3_2_4,select11_4_3_2_4
6810,HTML_PAGE_SELECT11_4_3_3,select11_4_3_3
6811,HTML_PAGE_SELECT11_4_3_3_1,select11_4_3_3_1
6812,HTML_PAGE_SELECT11_4_3_3_2,select11_4_3_3_2
6813,HTML_PAGE_SELECT11_4_3_3_3,select11_4_3_3_3
6814,HTML_PAGE_SELECT11_4_3_3_4,select11_4_3_3_4
6815,HTML_PAGE_SELECT11_4_3_4,select11_4_3_4
6816,HTML_PAGE_SELECT11_4_3_4_1,select11_4_3_4_1
6817,HTML_PAGE_SELECT11_4_3_4_2,select11_4_3_4_2
6818,HTML_PAGE_SELECT11_4_3_4_3,select11_4_3_4_3
6819,HTML_PAGE_SELECT11_4_3_4_4,select11_4_3_4_4
6820,HTML_PAGE_SELECT11_4_4,select11_4_4
6821,HTML_PAGE_SELECT11_4_4_1,select11_4_4_1
6822,HTML_PAGE_SELECT11_4_4_1_1,select11_4_4_1_1
6823,HTML_PAGE_SELECT11_4_4_1_2,select11_4_4_1_2
6824,HTML_PAGE_SELECT11_4_4_1_3,select11_4_4_1_3
6825,HTML_PAGE_SELECT11_4_4_1_4,select11_4_4_1_4
6826,HTML_PAGE_SELECT11_4_4_2,select11_4_4_2
6827,HTML_PAGE_SELECT11_4_4_2_1,select11_4_4_2_1
6828,HTML_PAGE_SELECT11_4_4_2_2,select11_4_4_2_2
6829,HTML_PAGE_SELECT11_4_4_2_3,select11_4_4_2_3
6830,HTML_PAGE_SELECT11_4_4_2_4,select11_4_4_2_4
6831,HTML_PAGE_SELECT11_4_4_3,select11_4_4_3
6832,HTML_PAGE_SELECT11_4_4_3_1,select11_4_4_3_1
6833,HTML_PAGE_SELECT11_4_4_3_2,select11_4_4_3_2
6834,HTML_PAGE_SELECT11_4_4_3_3,select11_4_4_3_3
6835,HTML_PAGE_SELECT11_4_4_3_4,select11_4_4_3_4
6836,HTML_PAGE_SELECT11_4_4_4,select11_4_4_4
6837,HTML_PAGE_SELECT11_4_4_4_1,select11_4_4_4_1
6838,HTML_PAGE_SELECT11_4_4_4_2,select11_4_4_4_2
6839,HTML_PAGE_SELECT11_4_4_4_3,select11_4_4_4_3
6840,HTML_PAGE_SELECT11_4_4_4_4,select11_4_4_4_4
6841,HTML_PAGE_SELECT12,select12
6842,HTML_PAGE_SELECT12_1,select12_1
6843,HTML_PAGE_SELECT12_1_1,select12_1_1
6844,HTML_PAGE_SELECT12_1_1_1,select12_1_1_1
6845,HTML_PAGE_SELECT12_1_1_1_1,select12_1_1_1_1
6846,HTML_PAGE_SELECT12_1_1_1_2,select12_1_1_1_2
6847,HTML_PAGE_SELECT12_1_1_1_3,select12_1_1_1_3
6848,HTML_PAGE_SELECT12_1_1_1_4,select12_1_1_1_4
6849,HTML_PAGE_SELECT12_1_1_2,select12_1_1_2
6850,HTML_PAGE_SELECT12_1_1_2_1,select12_1_1_2_1
6851,HTML_PAGE_SELECT12_1_1_2_2,select12_1_1_2_2
6852,HTML_PAGE_SELECT12_1_1_2_3,select12_1_1_2_3
6853,HTML_PAGE_SELECT12_1_1_2_4,select12_1_1_2_4
6854,HTML_PAGE_SELECT12_1_1_3,select12_1_1_3
6855,HTML_PAGE_SELECT12_1_1_3_1,select12_1_1_3_1
6856,HTML_PAGE_SELECT12_1_1_3_2,select12_1_1_3_2
6857,HTML_PAGE_SELECT12_1_1_3_3,select12_1_1_3_3
6858,HTML_PAGE_SELECT12_1_1_3_4,select12_1_1_3_4
6859,HTML_PAGE_SELECT12_1_1_4,select12_1_1_4
6860,HTML_PAGE_SELECT12_1_1_4_1,select12_1_1_4_1
6861,HTML_PAGE_SELECT12_1_1_4_2,select12_1_1_4_2
6862,HTML_PAGE_SELECT12_1_1_4_3,select12_1_1_4_3
6863,HTML_PAGE_SELECT12_1_1_4_4,select12_1_1_4_4
6864,HTML_PAGE_SELECT12_1_2,select12_1_2
6865,HTML_PAGE_SELECT12_1_2_1,select12_1_2_1
6866,HTML_PAGE_SELECT12_1_2_1_1,select12_1_2_1_1
6867,HTML_PAGE_SELECT12_1_2_1_2,select12_1_2_1_2
6868,HTML_PAGE_SELECT12_1_2_1_3,select12_1_2_1_3
6869,HTML_PAGE_SELECT12_1_2_1_4,select12_1_2_1_4
6870,HTML_PAGE_SELECT12_1_2_2,select12_1_2_2
6871,HTML_PAGE_SELECT12_1_2_2_1,select12_1_2_2_1
6872,HTML_PAGE_SELECT12_1_2_2_2,select12_1_2_2_2
6873,HTML_PAGE_SELECT12_1_2_2_3,select12_1_2_2_3
6874,HTML_PAGE_SELECT12_1_2_2_4,select12_1_2_2_4
6875,HTML_PAGE_SELECT12_1_2_3,select12_1_2_3
6876,HTML_PAGE_SELECT12_1_2_3_1,select12_1_2_3_1
6877,HTML_PAGE_SELECT12_1_2_3_2,select12_1_2_3_2
6878,HTML_PAGE_SELECT12_1_2_3_3,select12_1_2_3_3
6879,HTML_PAGE_SELECT12_1_2_3_4,select12_1_2_3_4
6880,HTML_PAGE_SELECT12_1_2_4,select12_1_2_4
6881,HTML_PAGE_SELECT12_1_2_4_1,select12_1_2_4_1
6882,HTML_PAGE_SELECT12_1_2_4_2,select12_1_2_4_2
6883,HTML_PAGE_SELECT12_1_2_4_3,select12_1_2_4_3
6884,HTML_PAGE_SELECT12_1_2_4_4,select12_1_2_4_4
6885,HTML_PAGE_SELECT12_1_3,select12_1_3
6886,HTML_PAGE_SELECT12_1_3_1,select12_1_3_1
6887,HTML_PAGE_SELECT12_1_3_1_1,select12_1_3_1_1
6888,HTML_PAGE_SELECT12_1_3_1_2,select12_1_3_1_2
6889,HTML_PAGE_SELECT12_1_3_1_3,select12_1_3_1_3
6890,HTML_PAGE_SELECT12_1_3_1_4,select12_1_3_1_4
6891,HTML_PAGE_SELECT12_1_3_2,select12_1_3_2
6892,HTML_PAGE_SELECT12_1_3_2_1,select12_1_3_2_1
6893,HTML_PAGE_SELECT12_1_3_2_2,select12_1_3_2_2
6894,HTML_PAGE_SELECT12_1_3_2_3,select12_1_3_2_3
6895,HTML_PAGE_SELECT12_1_3_2_4,select12_1_3_2_4
6896,HTML_PAGE_SELECT12_1_3_3,select12_1_3_3
6897,HTML_PAGE_SELECT12_1_3_3_1,select12_1_3_3_1
6898,HTML_PAGE_SELECT12_1_3_3_2,select12_1_3_3_2
6899,HTML_PAGE_SELECT12_1_3_3_3,select12_1_3_3_3
6900,HTML_PAGE_SELECT12_1_3_3_4,select12_1_3_3_4
6901,HTML_PAGE_SELECT12_1_3_4,select12_1_3_4
6902,HTML_PAGE_SELECT12_1_3_4_1,select12_1_3_4_1
6903,HTML_PAGE_SELECT12_1_3_4_2,select12_1_3_4_2
6904,HTML_PAGE_SELECT12_1_3_4_3,select12_1_3_4_3
6905,HTML_PAGE_SELECT12_1_3_4_4,select12_1_3_4_4
6906,HTML_PAGE_SELECT12_1_4,select12_1_4
6907,HTML_PAGE_SELECT12_1_4_1,select12_1_4_1
6908,HTML_PAGE_SELECT12_1_4_1_1,select12_1_4_1_1
6909,HTML_PAGE_SELECT12_1_4_1_2,select12_1_4_1_2
6910,HTML_PAGE_SELECT12_1_4_1_3,select12_1_4_1_3
6911,HTML_PAGE_SELECT12_1_4_1_4,select12_1_4_1_4
6912,HTML_PAGE_SELECT12_1_4_2,select12_1_4_2
6913,HTML_PAGE_SELECT12_1_4_2_1,select12_1_4_2_1
6914,HTML_PAGE_SELECT12_1_4_2_2,select12_1_4_2_2
6915,HTML_PAGE_SELECT12_1_4_2_3,select12_1_4_2_3
6916,HTML_PAGE_SELECT12_1_4_2_4,select12_1_4_2_4
6917,HTML_PAGE_SELECT12_1_4_3,select12_1_4_3
6918,HTML_PAGE_SELECT12_1_4_3_1,select12_1_4_3_1
6919,HTML_PAGE_SELECT12_1_4_3_2,select12_1_4_3_2
6920,HTML_PAGE_SELECT12_1_4_3_3,select12_1_4_3_3
6921,HTML_PAGE_SELECT12_1_4_3_4,select12_1_4_3_4
6922,HTML_PAGE_SELECT12_1_4_4,select12_1_4_4
6923,HTML_PAGE_SELECT12_1_4_4_1,select12_1_4_4_1
6924,HTML_PAGE_SELECT12_1_4_4_2,select12_1_4_4_2
6925,HTML_PAGE_SELECT12_1_4_4_3,select12_1_4_4_3
6926,HTML_PAGE_SELECT12_1_4_4_4,select12_1_4_4_4
6927,HTML_PAGE_SELECT12_2,select12_2
6928,HTML_PAGE_SELECT12_2_1,select12_2_1
6929,HTML_PAGE_SELECT12_2_1_1,select12_2_1_1
6930,HTML_PAGE_SELECT12_2_1_1_1,select12_2_1_1_1
6931,HTML_PAGE_SELECT12_2_1_1_2,select12_2_1_1_2
6932,HTML_PAGE_SELECT12_2_1_1_3,select12_2_1_1_3
6933,HTML_PAGE_SELECT12_2_1_1_4,select12_2_1_1_4
6934,HTML_PAGE_SELECT12_2_1_2,select12_2_1_2
6935,HTML_PAGE_SELECT12_2_1_2_1,select12_2_1_2_1
6936,HTML_PAGE_SELECT12_2_1_2_2,select12_2_1_2_2
6937,HTML_PAGE_SELECT12_2_1_2_3,select12_2_1_2_3
6938,HTML_PAGE_SELECT12_2_1_2_4,select12_2_1_2_4
6939,HTML_PAGE_SELECT12_2_1_3,select12_2_1_3
6940,HTML_PAGE_SELECT12_2_1_3_1,select12_2_1_3_1
6941,HTML_PAGE_SELECT12_2_1_3_2,select12_2_1_3_2
6942,HTML_PAGE_SELECT12_2_1_3_3,select12_2_1_3_3
6943,HTML_PAGE_SELECT12_2_1_3_4,select12_2_1_3_4
6944,HTML_PAGE_SELECT12_2_1_4,select12_2_1_4
6945,HTML_PAGE_SELECT12_2_1_4_1,select12_2_1_4_1
6946,HTML_PAGE_SELECT12_2_1_4_2,select12_2_1_4_2
6947,HTML_PAGE_SELECT12_2_1_4_3,select12_2_1_4_3
6948,HTML_PAGE_SELECT12_2_1_4_4,select12_2_1_4_4
6949,HTML_PAGE_SELECT12_2_2,select12_2_2
6950,HTML_PAGE_SELECT12_2_2_1,select12_2_2_1
6951,HTML_PAGE_SELECT12_2_2_1_1,select12_2_2_1_1
6952,HTML_PAGE_SELECT12_2_2_1_2,select12_2_2_1_2
6953,HTML_PAGE_SELECT12_2_2_1_3,select12_2_2_1_3
6954,HTML_PAGE_SELECT12_2_2_1_4,select12_2_2_1_4
6955,HTML_PAGE_SELECT12_2_2_2,select12_2_2_2
6956,HTML_PAGE_SELECT12_2_2_2_1,select12_2_2_2_1
6957,HTML_PAGE_SELECT12_2_2_2_2,select12_2_2_2_2
6958,HTML_PAGE_SELECT12_2_2_2_3,select12_2_2_2_3
6959,HTML_PAGE_SELECT12_2_2_2_4,select12_2_2_2_4
6960,HTML_PAGE_SELECT12_2_2_3,select12_2_2_3
6961,HTML_PAGE_SELECT12_2_2_3_1,select12_2_2_3_1
6962,HTML_PAGE_SELECT12_2_2_3_2,select12_2_2_3_2
6963,HTML_PAGE_SELECT12_2_2_3_3,select12_2_2_3_3
6964,HTML_PAGE_SELECT12_2_2_3_4,select12_2_2_3_4
6965,HTML_PAGE_SELECT12_2_2_4,select12_2_2_4
6966,HTML_PAGE_SELECT12_2_2_4_1,select12_2_2_4_1
6967,HTML_PAGE_SELECT12_2_2_4_2,select12_2_2_4_2
6968,HTML_PAGE_SELECT12_2_2_4_3,select12_2_2_4_3
6969,HTML_PAGE_SELECT12_2_2_4_4,select12_2_2_4_4
6970,HTML_PAGE_SELECT12_2_3,select12_2_3
6971,HTML_PAGE_SELECT12_2_3_1,select12_2_3_1
6972,HTML_PAGE_SELECT12_2_3_1_1,select12_2_3_1_1
6973,HTML_PAGE_SELECT12_2_3_1_2,select12_2_3_1_2
6974,HTML_PAGE_SELECT12_2_3_1_3,select12_2_3_1_3
6975,HTML_PAGE_SELECT12_2_3_1_4,select12_2_3_1_4
6976,HTML_PAGE_SELECT12_2_3_2,select12_2_3_2
6977,HTML_PAGE_SELECT12_2_3_2_1,select12_2_3_2_1
6978,HTML_PAGE_SELECT12_2_3_2_2,select12_2_3_2_2
6979,HTML_PAGE_SELECT12_2_3_2_3,select12_2_3_2_3
6980,HTML_PAGE_SELECT12_2_3_2_4,select12_2_3_2_4
6981,HTML_PAGE_SELECT12_2_3_3,select12_2_3_3
6982,HTML_PAGE_SELECT12_2_3_3_1,select12_2_3_3_1
6983,HTML_PAGE_SELECT12_2_3_3_2,select12_2_3_3_2
6984,HTML_PAGE_SELECT12_2_3_3_3,select12_2_3_3_3
6985,HTML_PAGE_SELECT12_2_3_3_4,select12_2_3_3_4
6986,HTML_PAGE_SELECT12_2_3_4,select12_2_3_4
6987,HTML_PAGE_SELECT12_2_3_4_1,select12_2_3_4_1
6988,HTML_PAGE_SELECT12_2_3_4_2,select12_2_3_4_2
6989,HTML_PAGE_SELECT12_2_3_4_3,select12_2_3_4_3
6990,HTML_PAGE_SELECT12_2_3_4_4,select12_2_3_4_4
6991,HTML_PAGE_SELECT12_2_4,select12_2_4
6992,HTML_PAGE_SELECT12_2_4_1,select12_2_4_1
6993,HTML_PAGE_SELECT12_2_4_1_1,select12_2_4_1_1
6994,HTML_PAGE_SELECT12_2_4_1_2,select12_2_4_1_2
6995,HTML_PAGE_SELECT12_2_4_1_3,select12_2_4_1_3
6996,HTML_PAGE_SELECT12_2_4_1_4,select12_2_4_1_4
6997,HTML_PAGE_SELECT12_2_4_2,select12_2_4_2
6998,HTML_PAGE_SELECT12_2_4_2_1,select12_2_4_2_1
6999,HTML_PAGE_SELECT12_2_4_2_2,select12_2_4_2_2
7000,HTML_PAGE_SELECT12_2_4_2_3,select12_2_4_2_3
7001,HTML_PAGE_SELECT12_2_4_2_4,select12_2_4_2_4
7002,HTML_PAGE_SELECT12_2_4_3,select12_2_4_3
7003,HTML_PAGE_SELECT12_2_4_3_1,select12_2_4_3_1
7004,HTML_PAGE_SELECT12_2_4_3_2,select12_2_4_3_2
7005,HTML_PAGE_SELECT12_2_4_3_3,select12_2_4_3_3
7006,HTML_PAGE_SELECT12_2_4_3_4,select12_2_4_3_4
7007,HTML_PAGE_SELECT12_2_4_4,select12_2_4_4
7008,HTML_PAGE_SELECT12_2_4_4_1,select12_2_4_4_1
7009,HTML_PAGE_SELECT12_2_4_4_2,select12_2_4_4_2
7010,HTML_PAGE_SELECT12_2_4_4_3,select12_2_4_4_3
7011,HTML_PAGE_SELECT12_2_4_4_4,select12_2_4_4_4
7012,HTML_PAGE_SELECT12_3,select12_3
7013,HTML_PAGE_SELECT12_3_1,select12_3_1
7014,HTML_PAGE_SELECT12_3_1_1,select12_3_1_1
7015,HTML_PAGE_SELECT12_3_1_1_1,select12_3_1_1_1
7016,HTML_PAGE_SELECT12_3_1_1_2,select12_3_1_1_2
7017,HTML_PAGE_SELECT12_3_1_1_3,select12_3_1_1_3
7018,HTML_PAGE_SELECT12_3_1_1_4,select12_3_1_1_4
7019,HTML_PAGE_SELECT12_3_1_2,select12_3_1_2
7020,HTML_PAGE_SELECT12_3_1_2_1,select12_3_1_2_1
7021,HTML_PAGE_SELECT12_3_1_2_2,select12_3_1_2_2
7022,HTML_PAGE_SELECT12_3_1_2_3,select12_3_1_2_3
7023,HTML_PAGE_SELECT12_3_1_2_4,select12_3_1_2_4
7024,HTML_PAGE_SELECT12_3_1_3,select12_3_1_3
7025,HTML_PAGE_SELECT12_3_1_3_1,select12_3_1_3_1
7026,HTML_PAGE_SELECT12_3_1_3_2,select12_3_1_3_2
7027,HTML_PAGE_SELECT12_3_1_3_3,select12_3_1_3_3
7028,HTML_PAGE_SELECT12_3_1_3_4,select12_3_1_3_4
7029,HTML_PAGE_SELECT12_3_1_4,select12_3_1_4
7030,HTML_PAGE_SELECT12_3_1_4_1,select12_3_1_4_1
7031,HTML_PAGE_SELECT12_3_1_4_2,select12_3_1_4_2
7032,HTML_PAGE_SELECT12_3_1_4_3,select12_3_1_4_3
7033,HTML_PAGE_SELECT12_3_1_4_4,select12_3_1_4_4
7034,HTML_PAGE_SELECT12_3_2,select12_3_2
7035,HTML_PAGE_SELECT12_3_2_1,select12_3_2_1
7036,HTML_PAGE_SELECT12_3_2_1_1,select12_3_2_1_1
7037,HTML_PAGE_SELECT12_3_2_1_2,select12_3_2_1_2
7038,HTML_PAGE_SELECT12_3_2_1_3,select12_3_2_1_3
7039,HTML_PAGE_SELECT12_3_2_1_4,select12_3_2_1_4
7040,HTML_PAGE_SELECT12_3_2_2,select12_3_2_2
7041,HTML_PAGE_SELECT12_3_2_2_1,select12_3_2_2_1
7042,HTML_PAGE_SELECT12_3_2_2_2,select12_3_2_2_2
7043,HTML_PAGE_SELECT12_3_2_2_3,select12_3_2_2_3
7044,HTML_PAGE_SELECT12_3_2_2_4,select12_3_2_2_4
7045,HTML_PAGE_SELECT12_3_2_3,select12_3_2_3
7046,HTML_PAGE_SELECT12_3_2_3_1,select12_3_2_3_1
7047,HTML_PAGE_SELECT12_3_2_3_2,select12_3_2_3_2
7048,HTML_PAGE_SELECT12_3_2_3_3,select12_3_2_3_3
7049,HTML_PAGE_SELECT12_3_2_3_4,select12_3_2_3_4
7050,HTML_PAGE_SELECT12_3_2_4,select12_3_2_4
7051,HTML_PAGE_SELECT12_3_2_4_1,select12_3_2_4_1
7052,HTML_PAGE_SELECT12_3_2_4_2,select12_3_2_4_2
7053,HTML_PAGE_SELECT12_3_2_4_3,select12_3_2_4_3
7054,HTML_PAGE_SELECT12_3_2_4_4,select12_3_2_4_4
7055,HTML_PAGE_SELECT12_3_3,select12_3_3
7056,HTML_PAGE_SELECT12_3_3_1,select12_3_3_1
7057,HTML_PAGE_SELECT12_3_3_1_1,select12_3_3_1_1
7058,HTML_PAGE_SELECT12_3_3_1_2,select12_3_3_1_2
7059,HTML_PAGE_SELECT12_3_3_1_3,select12_3_3_1_3
7060,HTML_PAGE_SELECT12_3_3_1_4,select12_3_3_1_4
7061,HTML_PAGE_SELECT12_3_3_2,select12_3_3_2
7062,HTML_PAGE_SELECT12_3_3_2_1,select12_3_3_2_1
7063,HTML_PAGE_SELECT12_3_3_2_2,select12_3_3_2_2
7064,HTML_PAGE_SELECT12_3_3_2_3,select12_3_3_2_3
7065,HTML_PAGE_SELECT12_3_3_2_4,select12_3_3_2_4
7066,HTML_PAGE_SELECT12_3_3_3,select12_3_3_3
7067,HTML_PAGE_SELECT12_3_3_3_1,select12_3_3_3_1
7068,HTML_PAGE_SELECT12_3_3_3_2,select12_3_3_3_2
7069,HTML_PAGE_SELECT12_3_3_3_3,select12_3_3_3_3
7070,HTML_PAGE_SELECT12_3_3_3_4,select12_3_3_3_4
7071,HTML_PAGE_SELECT12_3_3_4,select12_3_3_4
7072,HTML_PAGE_SELECT12_3_3_4_1,select12_3_3_4_1
7073,HTML_PAGE_SELECT12_3_3_4_2,select12_3_3_4_2
7074,HTML_PAGE_SELECT12_3_3_4_3,select12_3_3_4_3
7075,HTML_PAGE_SELECT12_3_3_4_4,select12_3_3_4_4
7076,HTML_PAGE_SELECT12_3_4,select12_3_4
7077,HTML_PAGE_SELECT12_3_4_1,select12_3_4_1
7078,HTML_PAGE_SELECT12_3_4_1_1,select12_3_4_1_1
7079,HTML_PAGE_SELECT12_3_4_1_2,select12_3_4_1_2
7080,HTML_PAGE_SELECT12_3_4_1_3,select12_3_4_1_3
7081,HTML_PAGE_SELECT12_3_4_1_4,select12_3_4_1_4
7082,HTML_PAGE_SELECT12_3_4_2,select12_3_4_2
7083,HTML_PAGE_SELECT12_3_4_2_1,select12_3_4_2_1
7084,HTML_PAGE_SELECT12_3_4_2_2,select12_3_4_2_2
7085,HTML_PAGE_SELECT12_3_4_2_3,select12_3_4_2_3
7086,HTML_PAGE_SELECT12_3_4_2_4,select12_3_4_2_4
7087,HTML_PAGE_SELECT12_3_4_3,select12_3_4_3
7088,HTML_PAGE_SELECT12_3_4_3_1,select12_3_4_3_1
7089,HTML_PAGE_SELECT12_3_4_3_2,select12_3_4_3_2
7090,HTML_PAGE_SELECT12_3_4_3_3,select12_3_4_3_3
7091,HTML_PAGE_SELECT12_3_4_3_4,select12_3_4_3_4
7092,HTML_PAGE_SELECT12_3_4_4,select12_3_4_4
7093,HTML_PAGE_SELECT12_3_4_4_1,select12_3_4_4_1
7094,HTML_PAGE_SELECT12_3_4_4_2,select12_3_4_4_2
7095,HTML_PAGE_SELECT12_3_4_4_3,select12_3_4_4_3
7096,HTML_PAGE_SELECT12_3_4_4_4,select12_3_4_4_4
7097,HTML_PAGE_SELECT12_4,select12_4
7098,HTML_PAGE_SELECT12_4_1,select12_4_1
7099,HTML_PAGE_SELECT12_4_1_1,select12_4_1_1
7100,HTML_PAGE_SELECT12_4_1_1_1,select12_4_1_1_1
7101,HTML_PAGE_SELECT12_4_1_1_2,select12_4_1_1_2
7102,HTML_PAGE_SELECT12_4_1_1_3,select12_4_1_1_3
7103,HTML_PAGE_SELECT12_4_1_1_4,select12_4_1_1_4
7104,HTML_PAGE_SELECT12_4_1_2,select12_4_1_2
7105,HTML_PAGE_SELECT12_4_1_2_1,select12_4_1_2_1
7106,HTML_PAGE_SELECT12_4_1_2_2,select12_4_1_2_2
7107,HTML_PAGE_SELECT12_4_1_2_3,select12_4_1_2_3
7108,HTML_PAGE_SELECT12_4_1_2_4,select12_4_1_2_4
7109,HTML_PAGE_SELECT12_4_1_3,select12_4_1_3
7110,HTML_PAGE_SELECT12_4_1_3_1,select12_4_1_3_1
7111,HTML_PAGE_SELECT12_4_1_3_2,select12_4_1_3_2
7112,HTML_PAGE_SELECT12_4_1_3_3,select12_4_1_3_3
7113,HTML_PAGE_SELECT12_4_1_3_4,select12_4_1_3_4
7114,HTML_PAGE_SELECT12_4_1_4,select12_4_1_4
7115,HTML_PAGE_SELECT12_4_1_4_1,select12_4_1_4_1
7116,HTML_PAGE_SELECT12_4_1_4_2,select12_4_1_4_2
7117,HTML_PAGE_SELECT12_4_1_4_3,select12_4_1_4_3
7118,HTML_PAGE_SELECT12_4_1_4_4,select12_4_1_4_4
7119,HTML_PAGE_SELECT12_4_2,select12_4_2
7120,HTML_PAGE_SELECT12_4_2_1,select12_4_2_1
7121,HTML_PAGE_SELECT12_4_2_1_1,select12_4_2_1_1
7122,HTML_PAGE_SELECT12_4_2_1_2,select12_4_2_1_2
7123,HTML_PAGE_SELECT12_4_2_1_3,select12_4_2_1_3
7124,HTML_PAGE_SELECT12_4_2_1_4,select12_4_2_1_4
7125,HTML_PAGE_SELECT12_4_2_2,select12_4_2_2
7126,HTML_PAGE_SELECT12_4_2_2_1,select12_4_2_2_1
7127,HTML_PAGE_SELECT12_4_2_2_2,select12_4_2_2_2
7128,HTML_PAGE_SELECT12_4_2_2_3,select12_4_2_2_3
7129,HTML_PAGE_SELECT12_4_2_2_4,select12_4_2_2_4
7130,HTML_PAGE_SELECT12_4_2_3,select12_4_2_3
7131,HTML_PAGE_SELECT12_4_2_3_1,select12_4_2_3_1
7132,HTML_PAGE_SELECT12_4_2_3_2,select12_4_2_3_2
7133,HTML_PAGE_SELECT12_4_2_3_3,select12_4_2_3_3
7134,HTML_PAGE_SELECT12_4_2_3_4,select12_4_2_3_4
7135,HTML_PAGE_SELECT12_4_2_4,select12_4_2_4
7136,HTML_PAGE_SELECT12_4_2_4_1,select12_4_2_4_1
7137,HTML_PAGE_SELECT12_4_2_4_2,select12_4_2_4_2
7138,HTML_PAGE_SELECT12_4_2_4_3,select12_4_2_4_3
7139,HTML_PAGE_SELECT12_4_2_4_4,select12_4_2_4_4
7140,HTML_PAGE_SELECT12_4_3,select12_4_3
7141,HTML_PAGE_SELECT12_4_3_1,select12_4_3_1
7142,HTML_PAGE_SELECT12_4_3_1_1,select12_4_3_1_1
7143,HTML_PAGE_SELECT12_4_3_1_2,select12_4_3_1_2
7144,HTML_PAGE_SELECT12_4_3_1_3,select12_4_3_1_3
7145,HTML_PAGE_SELECT12_4_3_1_4,select12_4_3_1_4
7146,HTML_PAGE_SELECT12_4_3_2,select12_4_3_2
7147,HTML_PAGE_SELECT12_4_3_2_1,select12_4_3_2_1
7148,HTML_PAGE_SELECT12_4_3_2_2,select12_4_3_2_2
7149,HTML_PAGE_SELECT12_4_3_2_3,select12_4_3_2_3
7150,HTML_PAGE_SELECT12_4_3_2_4,select12_4_3_2_4
7151,HTML_PAGE_SELECT12_4_3_3,select12_4_3_3
7152,HTML_PAGE_SELECT12_4_3_3_1,select12_4_3_3_1
7153,HTML_PAGE_SELECT12_4_3_3_2,select12_4_3_3_2
7154,HTML_PAGE_SELECT12_4_3_3_3,select12_4_3_3_3
7155,HTML_PAGE_SELECT12_4_3_3_4,select12_4_3_3_4
7156,HTML_PAGE_SELECT12_4_3_4,select12_4_3_4
7157,HTML_PAGE_SELECT12_4_3_4_1,select12_4_3_4_1
7158,HTML_PAGE_SELECT12_4_3_4_2,select12_4_3_4_2
7159,HTML_PAGE_SELECT12_4_3_4_3,select12_4_3_4_3
7160,HTML_PAGE_SELECT12_4_3_4_4,select12_4_3_4_4
7161,HTML_PAGE_SELECT12_4_4,select12_4_4
7162,HTML_PAGE_SELECT12_4_4_1,select12_4_4_1
7163,HTML_PAGE_SELECT12_4_4_1_1,select12_4_4_1_1
7164,HTML_PAGE_SELECT12_4_4_1_2,select12_4_4_1_2
7165,HTML_PAGE_SELECT12_4_4_1_3,select12_4_4_1_3
7166,HTML_PAGE_SELECT12_4_4_1_4,select12_4_4_1_4
7167,HTML_PAGE_SELECT12_4_4_2,select12_4_4_2
7168,HTML_PAGE_SELECT12_4_4_2_1,select12_4_4_2_1
7169,HTML_PAGE_SELECT12_4_4_2_2,select12_4_4_2_2
7170,HTML_PAGE_SELECT12_4_4_2_3,select12_4_4_2_3
7171,HTML_PAGE_SELECT12_4_4_2_4,select12_4_4_2_4
7172,HTML_PAGE_SELECT12_4_4_3,select12_4_4_3
7173,HTML_PAGE_SELECT12_4_4_3_1,select12_4_4_3_1
7174,HTML_PAGE_SELECT12_4_4_3_2,select12_4_4_3_2
7175,HTML_PAGE_SELECT12_4_4_3_3,select12_4_4_3_3
7176,HTML_PAGE_SELECT12_4_4_3_4,select12_4_4_3_4
7177,HTML_PAGE_SELECT12_4_4_4,select12_4_4_4
7178,HTML_PAGE_SELECT12_4_4_4_1,select12_4_4_4_1
7179,HTML_PAGE_SELECT12_4_4_4_2,select12_4_4_4_2
7180,HTML_PAGE_SELECT12_4_4_4_3,select12_4_4_4_3
7181,HTML_PAGE_SELECT12_4_4_4_4,select12_4_4_4_4
7182,HTML_PAGE_SELECT13,select13
7183,HTML_PAGE_SELECT13_1,select13_1
7184,HTML_PAGE_SELECT13_1_1,select13_1_1
7185,HTML_PAGE_SELECT13_1_1_1,select13_1_1_1
7186,HTML_PAGE_SELECT13_1_1_1_1,select13_1_1_1_1
7187,HTML_PAGE_SELECT13_1_1_1_2,select13_1_1_1_2
7188,HTML_PAGE_SELECT13_1_1_1_3,select13_1_1_1_3
7189,HTML_PAGE_SELECT13_1_1_1_4,select13_1_1_1_4
7190,HTML_PAGE_SELECT13_1_1_2,select13_1_1_2
7191,HTML_PAGE_SELECT13_1_1_2_1,select13_1_1_2_1
7192,HTML_PAGE_SELECT13_1_1_2_2,select13_1_1_2_2
7193,HTML_PAGE_SELECT13_1_1_2_3,select13_1_1_2_3
7194,HTML_PAGE_SELECT13_1_1_2_4,select13_1_1_2_4
7195,HTML_PAGE_SELECT13_1_1_3,select13_1_1_3
7196,HTML_PAGE_SELECT13_1_1_3_1,select13_1_1_3_1
7197,HTML_PAGE_SELECT13_1_1_3_2,select13_1_1_3_2
7198,HTML_PAGE_SELECT13_1_1_3_3,select13_1_1_3_3
7199,HTML_PAGE_SELECT13_1_1_3_4,select13_1_1_3_4
7200,HTML_PAGE_SELECT13_1_1_4,select13_1_1_4
7201,HTML_PAGE_SELECT13_1_1_4_1,select13_1_1_4_1
7202,HTML_PAGE_SELECT13_1_1_4_2,select13_1_1_4_2
7203,HTML_PAGE_SELECT13_1_1_4_3,select13_1_1_4_3
7204,HTML_PAGE_SELECT13_1_1_4_4,select13_1_1_4_4
7205,HTML_PAGE_SELECT13_1_2,select13_1_2
7206,HTML_PAGE_SELECT13_1_2_1,select13_1_2_1
7207,HTML_PAGE_SELECT13_1_2_1_1,select13_1_2_1_1
7208,HTML_PAGE_SELECT13_1_2_1_2,select13_1_2_1_2
7209,HTML_PAGE_SELECT13_1_2_1_3,select13_1_2_1_3
7210,HTML_PAGE_SELECT13_1_2_1_4,select13_1_2_1_4
7211,HTML_PAGE_SELECT13_1_2_2,select13_1_2_2
7212,HTML_PAGE_SELECT13_1_2_2_1,select13_1_2_2_1
7213,HTML_PAGE_SELECT13_1_2_2_2,select13_1_2_2_2
7214,HTML_PAGE_SELECT13_1_2_2_3,select13_1_2_2_3
7215,HTML_PAGE_SELECT13_1_2_2_4,select13_1_2_2_4
7216,HTML_PAGE_SELECT13_1_2_3,select13_1_2_3
7217,HTML_PAGE_SELECT13_1_2_3_1,select13_1_2_3_1
7218,HTML_PAGE_SELECT13_1_2_3_2,select13_1_2_3_2
7219,HTML_PAGE_SELECT13_1_2_3_3,select13_1_2_3_3
7220,HTML_PAGE_SELECT13_1_2_3_4,select13_1_2_3_4
7221,HTML_PAGE_SELECT13_1_2_4,select13_1_2_4
7222,HTML_PAGE_SELECT13_1_2_4_1,select13_1_2_4_1
7223,HTML_PAGE_SELECT13_1_2_4_2,select13_1_2_4_2
7224,HTML_PAGE_SELECT13_1_2_4_3,select13_1_2_4_3
7225,HTML_PAGE_SELECT13_1_2_4_4,select13_1_2_4_4
7226,HTML_PAGE_SELECT13_1_3,select13_1_3
7227,HTML_PAGE_SELECT13_1_3_1,select13_1_3_1
7228,HTML_PAGE_SELECT13_1_3_1_1,select13_1_3_1_1
7229,HTML_PAGE_SELECT13_1_3_1_2,select13_1_3_1_2
7230,HTML_PAGE_SELECT13_1_3_1_3,select13_1_3_1_3
7231,HTML_PAGE_SELECT13_1_3_1_4,select13_1_3_1_4
7232,HTML_PAGE_SELECT13_1_3_2,select13_1_3_2
7233,HTML_PAGE_SELECT13_1_3_2_1,select13_1_3_2_1
7234,HTML_PAGE_SELECT13_1_3_2_2,select13_1_3_2_2
7235,HTML_PAGE_SELECT13_1_3_2_3,select13_1_3_2_3
7236,HTML_PAGE_SELECT13_1_3_2_4,select13_1_3_2_4
7237,HTML_PAGE_SELECT13_1_3_3,select13_1_3_3
7238,HTML_PAGE_SELECT13_1_3_3_1,select13_1_3_3_1
7239,HTML_PAGE_SELECT13_1_3_3_2,select13_1_3_3_2
7240,HTML_PAGE_SELECT13_1_3_3_3,select13_1_3_3_3
7241,HTML_PAGE_SELECT13_1_3_3_4,select13_1_3_3_4
7242,HTML_PAGE_SELECT13_1_3_4,select13_1_3_4
7243,HTML_PAGE_SELECT13_1_3_4_1,select13_1_3_4_1
7244,HTML_PAGE_SELECT13_1_3_4_2,select13_1_3_4_2
7245,HTML_PAGE_SELECT13_1_3_4_3,select13_1_3_4_3
7246,HTML_PAGE_SELECT13_1_3_4_4,select13_1_3_4_4
7247,HTML_PAGE_SELECT13_1_4,select13_1_4
7248,HTML_PAGE_SELECT13_1_4_1,select13_1_4_1
7249,HTML_PAGE_SELECT13_1_4_1_1,select13_1_4_1_1
7250,HTML_PAGE_SELECT13_1_4_1_2,select13_1_4_1_2
7251,HTML_PAGE_SELECT13_1_4_1_3,select13_1_4_1_3
7252,HTML_PAGE_SELECT13_1_4_1_4,select13_1_4_1_4
7253,HTML_PAGE_SELECT13_1_4_2,select13_1_4_2
7254,HTML_PAGE_SELECT13_1_4_2_1,select13_1_4_2_1
7255,HTML_PAGE_SELECT13_1_4_2_2,select13_1_4_2_2
7256,HTML_PAGE_SELECT13_1_4_2_3,select13_1_4_2_3
7257,HTML_PAGE_SELECT13_1_4_2_4,select13_1_4_2_4
7258,HTML_PAGE_SELECT13_1_4_3,select13_1_4_3
7259,HTML_PAGE_SELECT13_1_4_3_1,select13_1_4_3_1
7260,HTML_PAGE_SELECT13_1_4_3_2,select13_1_4_3_2
7261,HTML_PAGE_SELECT13_1_4_3_3,select13_1_4_3_3
7262,HTML_PAGE_SELECT13_1_4_3_4,select13_1_4_3_4
7263,HTML_PAGE_SELECT13_1_4_4,select13_1_4_4
7264,HTML_PAGE_SELECT13_1_4_4_1,select13_1_4_4_1
7265,HTML_PAGE_SELECT13_1_4_4_2,select13_1_4_4_2
7266,HTML_PAGE_SELECT13_1_4_4_3,select13_1_4_4_3
7267,HTML_PAGE_SELECT13_1_4_4_4,select13_1_4_4_4
7268,HTML_PAGE_SELECT13_2,select13_2
7269,HTML_PAGE_SELECT13_2_1,select13_2_1
7270,HTML_PAGE_SELECT13_2_1_1,select13_2_1_1
7271,HTML_PAGE_SELECT13_2_1_1_1,select13_2_1_1_1
7272,HTML_PAGE_SELECT13_2_1_1_2,select13_2_1_1_2
7273,HTML_PAGE_SELECT13_2_1_1_3,select13_2_1_1_3
7274,HTML_PAGE_SELECT13_2_1_1_4,select13_2_1_1_4
7275,HTML_PAGE_SELECT13_2_1_2,select13_2_1_2
7276,HTML_PAGE_SELECT13_2_1_2_1,select13_2_1_2_1
7277,HTML_PAGE_SELECT13_2_1_2_2,select13_2_1_2_2
7278,HTML_PAGE_SELECT13_2_1_2_3,select13_2_1_2_3
7279,HTML_PAGE_SELECT13_2_1_2_4,select13_2_1_2_4
7280,HTML_PAGE_SELECT13_2_1_3,select13_2_1_3
7281,HTML_PAGE_SELECT13_2_1_3_1,select13_2_1_3_1
7282,HTML_PAGE_SELECT13_2_1_3_2,select13_2_1_3_2
7283,HTML_PAGE_SELECT13_2_1_3_3,select13_2_1_3_3
7284,HTML_PAGE_SELECT13_2_1_3_4,select13_2_1_3_4
7285,HTML_PAGE_SELECT13_2_1_4,select13_2_1_4
7286,HTML_PAGE_SELECT13_2_1_4_1,select13_2_1_4_1
7287,HTML_PAGE_SELECT13_2_1_4_2,select13_2_1_4_2
7288,HTML_PAGE_SELECT13_2_1_4_3,select13_2_1_4_3
7289,HTML_PAGE_SELECT13_2_1_4_4,select13_2_1_4_4
7290,HTML_PAGE_SELECT13_2_2,select13_2_2
7291,HTML_PAGE_SELECT13_2_2_1,select13_2_2_1
7292,HTML_PAGE_SELECT13_2_2_1_1,select13_2_2_1_1
7293,HTML_PAGE_SELECT13_2_2_1_2,select13_2_2_1_2
7294,HTML_PAGE_SELECT13_2_2_1_3,select13_2_2_1_3
7295,HTML_PAGE_SELECT13_2_2_1_4,select13_2_2_1_4
7296,HTML_PAGE_SELECT13_2_2_2,select13_2_2_2
7297,HTML_PAGE_SELECT13_2_2_2_1,select13_2_2_2_1
7298,HTML_PAGE_SELECT13_2_2_2_2,select13_2_2_2_2
7299,HTML_PAGE_SELECT13_2_2_2_3,select13_2_2_2_3
7300,HTML_PAGE_SELECT13_2_2_2_4,select13_2_2_2_4
7301,HTML_PAGE_SELECT13_2_2_3,select13_2_2_3
7302,HTML_PAGE_SELECT13_2_2_3_1,select13_2_2_3_1
7303,HTML_PAGE_SELECT13_2_2_3_2,select13_2_2_3_2
7304,HTML_PAGE_SELECT13_2_2_3_3,select13_2_2_3_3
7305,HTML_PAGE_SELECT13_2_2_3_4,select13_2_2_3_4
7306,HTML_PAGE_SELECT13_2_2_4,select13_2_2_4
7307,HTML_PAGE_SELECT13_2_2_4_1,select13_2_2_4_1
7308,HTML_PAGE_SELECT13_2_2_4_2,select13_2_2_4_2
7309,HTML_PAGE_SELECT13_2_2_4_3,select13_2_2_4_3
7310,HTML_PAGE_SELECT13_2_2_4_4,select13_2_2_4_4
7311,HTML_PAGE_SELECT13_2_3,select13_2_3
7312,HTML_PAGE_SELECT13_2_3_1,select13_2_3_1
7313,HTML_PAGE_SELECT13_2_3_1_1,select13_2_3_1_1
7314,HTML_PAGE_SELECT13_2_3_1_2,select13_2_3_1_2
7315,HTML_PAGE_SELECT13_2_3_1_3,select13_2_3_1_3
7316,HTML_PAGE_SELECT13_2_3_1_4,select13_2_3_1_4
7317,HTML_PAGE_SELECT13_2_3_2,select13_2_3_2
7318,HTML_PAGE_SELECT13_2_3_2_1,select13_2_3_2_1
7319,HTML_PAGE_SELECT13_2_3_2_2,select13_2_3_2_2
7320,HTML_PAGE_SELECT13_2_3_2_3,select13_2_3_2_3
7321,HTML_PAGE_SELECT13_2_3_2_4,select13_2_3_2_4
7322,HTML_PAGE_SELECT13_2_3_3,select13_2_3_3
7323,HTML_PAGE_SELECT13_2_3_3_1,select13_2_3_3_1
7324,HTML_PAGE_SELECT13_2_3_3_2,select13_2_3_3_2
7325,HTML_PAGE_SELECT13_2_3_3_3,select13_2_3_3_3
7326,HTML_PAGE_SELECT13_2_3_3_4,select13_2_3_3_4
7327,HTML_PAGE_SELECT13_2_3_4,select13_2_3_4
7328,HTML_PAGE_SELECT13_2_3_4_1,select13_2_3_4_1
7329,HTML_PAGE_SELECT13_2_3_4_2,select13_2_3_4_2
7330,HTML_PAGE_SELECT13_2_3_4_3,select13_2_3_4_3
7331,HTML_PAGE_SELECT13_2_3_4_4,select13_2_3_4_4
7332,HTML_PAGE_SELECT13_2_4,select13_2_4
7333,HTML_PAGE_SELECT13_2_4_1,select13_2_4_1
7334,HTML_PAGE_SELECT13_2_4_1_1,select13_2_4_1_1
7335,HTML_PAGE_SELECT13_2_4_1_2,select13_2_4_1_2
7336,HTML_PAGE_SELECT13_2_4_1_3,select13_2_4_1_3
7337,HTML_PAGE_SELECT13_2_4_1_4,select13_2_4_1_4
7338,HTML_PAGE_SELECT13_2_4_2,select13_2_4_2
7339,HTML_PAGE_SELECT13_2_4_2_1,select13_2_4_2_1
7340,HTML_PAGE_SELECT13_2_4_2_2,select13_2_4_2_2
7341,HTML_PAGE_SELECT13_2_4_2_3,select13_2_4_2_3
7342,HTML_PAGE_SELECT13_2_4_2_4,select13_2_4_2_4
7343,HTML_PAGE_SELECT13_2_4_3,select13_2_4_3
7344,HTML_PAGE_SELECT13_2_4_3_1,select13_2_4_3_1
7345,HTML_PAGE_SELECT13_2_4_3_2,select13_2_4_3_2
7346,HTML_PAGE_SELECT13_2_4_3_3,select13_2_4_3_3
7347,HTML_PAGE_SELECT13_2_4_3_4,select13_2_4_3_4
7348,HTML_PAGE_SELECT13_2_4_4,select13_2_4_4
7349,HTML_PAGE_SELECT13_2_4_4_1,select13_2_4_4_1
7350,HTML_PAGE_SELECT13_2_4_4_2,select13_2_4_4_2
7351,HTML_PAGE_SELECT13_2_4_4_3,select13_2_4_4_3
7352,HTML_PAGE_SELECT13_2_4_4_4,select13_2_4_4_4
7353,HTML_PAGE_SELECT13_3,select13_3
7354,HTML_PAGE_SELECT13_3_1,select13_3_1
7355,HTML_PAGE_SELECT13_3_1_1,select13_3_1_1
7356,HTML_PAGE_SELECT13_3_1_1_1,select13_3_1_1_1
7357,HTML_PAGE_SELECT13_3_1_1_2,select13_3_1_1_2
7358,HTML_PAGE_SELECT13_3_1_1_3,select13_3_1_1_3
7359,HTML_PAGE_SELECT13_3_1_1_4,select13_3_1_1_4
7360,HTML_PAGE_SELECT13_3_1_2,select13_3_1_2
7361,HTML_PAGE_SELECT13_3_1_2_1,select13_3_1_2_1
7362,HTML_PAGE_SELECT13_3_1_2_2,select13_3_1_2_2
7363,HTML_PAGE_SELECT13_3_1_2_3,select13_3_1_2_3
7364,HTML_PAGE_SELECT13_3_1_2_4,select13_3_1_2_4
7365,HTML_PAGE_SELECT13_3_1_3,select13_3_1_3
7366,HTML_PAGE_SELECT13_3_1_3_1,select13_3_1_3_1
7367,HTML_PAGE_SELECT13_3_1_3_2,select13_3_1_3_2
7368,HTML_PAGE_SELECT13_3_1_3_3,select13_3_1_3_3
7369,HTML_PAGE_SELECT13_3_1_3_4,select13_3_1_3_4
7370,HTML_PAGE_SELECT13_3_1_4,select13_3_1_4
7371,HTML_PAGE_SELECT13_3_1_4_1,select13_3_1_4_1
7372,HTML_PAGE_SELECT13_3_1_4_2,select13_3_1_4_2
7373,HTML_PAGE_SELECT13_3_1_4_3,select13_3_1_4_3
7374,HTML_PAGE_SELECT13_3_1_4_4,select13_3_1_4_4
7375,HTML_PAGE_SELECT13_3_2,select13_3_2
7376,HTML_PAGE_SELECT13_3_2_1,select13_3_2_1
7377,HTML_PAGE_SELECT13_3_2_1_1,select13_3_2_1_1
7378,HTML_PAGE_SELECT13_3_2_1_2,select13_3_2_1_2
7379,HTML_PAGE_SELECT13_3_2_1_3,select13_3_2_1_3
7380,HTML_PAGE_SELECT13_3_2_1_4,select13_3_2_1_4
7381,HTML_PAGE_SELECT13_3_2_2,select13_3_2_2
7382,HTML_PAGE_SELECT13_3_2_2_1,select13_3_2_2_1
7383,HTML_PAGE_SELECT13_3_2_2_2,select13_3_2_2_2
7384,HTML_PAGE_SELECT13_3_2_2_3,select13_3_2_2_3
7385,HTML_PAGE_SELECT13_3_2_2_4,select13_3_2_2_4
7386,HTML_PAGE_SELECT13_3_2_3,select13_3_2_3
7387,HTML_PAGE_SELECT13_3_2_3_1,select13_3_2_3_1
7388,HTML_PAGE_SELECT13_3_2_3_2,select13_3_2_3_2
7389,HTML_PAGE_SELECT13_3_2_3_3,select13_3_2_3_3
7390,HTML_PAGE_SELECT13_3_2_3_4,select13_3_2_3_4
7391,HTML_PAGE_SELECT13_3_2_4,select13_3_2_4
7392,HTML_PAGE_SELECT13_3_2_4_1,select13_3_2_4_1
7393,HTML_PAGE_SELECT13_3_2_4_2,select13_3_2_4_2
7394,HTML_PAGE_SELECT13_3_2_4_3,select13_3_2_4_3
7395,HTML_PAGE_SELECT13_3_2_4_4,select13_3_2_4_4
7396,HTML_PAGE_SELECT13_3_3,select13_3_3
7397,HTML_PAGE_SELECT13_3_3_1,select13_3_3_1
7398,HTML_PAGE_SELECT13_3_3_1_1,select13_3_3_1_1
7399,HTML_PAGE_SELECT13_3_3_1_2,select13_3_3_1_2
7400,HTML_PAGE_SELECT13_3_3_1_3,select13_3_3_1_3
7401,HTML_PAGE_SELECT13_3_3_1_4,select13_3_3_1_4
7402,HTML_PAGE_SELECT13_3_3_2,select13_3_3_2
7403,HTML_PAGE_SELECT13_3_3_2_1,select13_3_3_2_1
7404,HTML_PAGE_SELECT13_3_3_2_2,select13_3_3_2_2
7405,HTML_PAGE_SELECT13_3_3_2_3,select13_3_3_2_3
7406,HTML_PAGE_SELECT13_3_3_2_4,select13_3_3_2_4
7407,HTML_PAGE_SELECT13_3_3_3,select13_3_3_3
7408,HTML_PAGE_SELECT13_3_3_3_1,select13_3_3_3_1
7409,HTML_PAGE_SELECT13_3_3_3_2,select13_3_3_3_2
7410,HTML_PAGE_SELECT13_3_3_3_3,select13_3_3_3_3
7411,HTML_PAGE_SELECT13_3_3_3_4,select13_3_3_3_4
7412,HTML_PAGE_SELECT13_3_3_4,select13_3_3_4
7413,HTML_PAGE_SELECT13_3_3_4_1,select13_3_3_4_1
7414,HTML_PAGE_SELECT13_3_3_4_2,select13_3_3_4_2
7415,HTML_PAGE_SELECT13_3_3_4_3,select13_3_3_4_3
7416,HTML_PAGE_SELECT13_3_3_4_4,select13_3_3_4_4
7417,HTML_PAGE_SELECT13_3_4,select13_3_4
7418,HTML_PAGE_SELECT13_3_4_1,select13_3_4_1
7419,HTML_PAGE_SELECT13_3_4_1_1,select13_3_4_1_1
7420,HTML_PAGE_SELECT13_3_4_1_2,select13_3_4_1_2
7421,HTML_PAGE_SELECT13_3_4_1_3,select13_3_4_1_3
7422,HTML_PAGE_SELECT13_3_4_1_4,select13_3_4_1_4
7423,HTML_PAGE_SELECT13_3_4_2,select13_3_4_2
7424,HTML_PAGE_SELECT13_3_4_2_1,select13_3_4_2_1
7425,HTML_PAGE_SELECT13_3_4_2_2,select13_3_4_2_2
7426,HTML_PAGE_SELECT13_3_4_2_3,select13_3_4_2_3
7427,HTML_PAGE_SELECT13_3_4_2_4,select13_3_4_2_4
7428,HTML_PAGE_SELECT13_3_4_3,select13_3_4_3
7429,HTML_PAGE_SELECT13_3_4_3_1,select13_3_4_3_1
7430,HTML_PAGE_SELECT13_3_4_3_2,select13_3_4_3_2
7431,HTML_PAGE_SELECT13_3_4_3_3,select13_3_4_3_3
7432,HTML_PAGE_SELECT13_3_4_3_4,select13_3_4_3_4
7433,HTML_PAGE_SELECT13_3_4_4,select13_3_4_4
7434,HTML_PAGE_SELECT13_3_4_4_1,select13_3_4_4_1
7435,HTML_PAGE_SELECT13_3_4_4_2,select13_3_4_4_2
7436,HTML_PAGE_SELECT13_3_4_4_3,select13_3_4_4_3
7437,HTML_PAGE_SELECT13_3_4_4_4,select13_3_4_4_4
7438,HTML_PAGE_SELECT13_4,select13_4
7439,HTML_PAGE_SELECT13_4_1,select13_4_1
7440,HTML_PAGE_SELECT13_4_1_1,select13_4_1_1
7441,HTML_PAGE_SELECT13_4_1_1_1,select13_4_1_1_1
7442,HTML_PAGE_SELECT13_4_1_1_2,select13_4_1_1_2
7443,HTML_PAGE_SELECT13_4_1_1_3,select13_4_1_1_3
7444,HTML_PAGE_SELECT13_4_1_1_4,select13_4_1_1_4
7445,HTML_PAGE_SELECT13_4_1_2,select13_4_1_2
7446,HTML_PAGE_SELECT13_4_1_2_1,select13_4_1_2_1
7447,HTML_PAGE_SELECT13_4_1_2_2,select13_4_1_2_2
7448,HTML_PAGE_SELECT13_4_1_2_3,select13_4_1_2_3
7449,HTML_PAGE_SELECT13_4_1_2_4,select13_4_1_2_4
7450,HTML_PAGE_SELECT13_4_1_3,select13_4_1_3
7451,HTML_PAGE_SELECT13_4_1_3_1,select13_4_1_3_1
7452,HTML_PAGE_SELECT13_4_1_3_2,select13_4_1_3_2
7453,HTML_PAGE_SELECT13_4_1_3_3,select13_4_1_3_3
7454,HTML_PAGE_SELECT13_4_1_3_4,select13_4_1_3_4
7455,HTML_PAGE_SELECT13_4_1_4,select13_4_1_4
7456,HTML_PAGE_SELECT13_4_1_4_1,select13_4_1_4_1
7457,HTML_PAGE_SELECT13_4_1_4_2,select13_4_1_4_2
7458,HTML_PAGE_SELECT13_4_1_4_3,select13_4_1_4_3
7459,HTML_PAGE_SELECT13_4_1_4_4,select13_4_1_4_4
7460,HTML_PAGE_SELECT13_4_2,select13_4_2
7461,HTML_PAGE_SELECT13_4_2_1,select13_4_2_1
7462,HTML_PAGE_SELECT13_4_2_1_1,select13_4_2_1_1
7463,HTML_PAGE_SELECT13_4_2_1_2,select13_4_2_1_2
7464,HTML_PAGE_SELECT13_4_2_1_3,select13_4_2_1_3
7465,HTML_PAGE_SELECT13_4_2_1_4,select13_4_2_1_4
7466,HTML_PAGE_SELECT13_4_2_2,select13_4_2_2
7467,HTML_PAGE_SELECT13_4_2_2_1,select13_4_2_2_1
7468,HTML_PAGE_SELECT13_4_2_2_2,select13_4_2_2_2
7469,HTML_PAGE_SELECT13_4_2_2_3,select13_4_2_2_3
7470,HTML_PAGE_SELECT13_4_2_2_4,select13_4_2_2_4
7471,HTML_PAGE_SELECT13_4_2_3,select13_4_2_3
7472,HTML_PAGE_SELECT13_4_2_3_1,select13_4_2_3_1
7473,HTML_PAGE_SELECT13_4_2_3_2,select13_4_2_3_2
7474,HTML_PAGE_SELECT13_4_2_3_3,select13_4_2_3_3
7475,HTML_PAGE_SELECT13_4_2_3_4,select13_4_2_3_4
7476,HTML_PAGE_SELECT13_4_2_4,select13_4_2_4
7477,HTML_PAGE_SELECT13_4_2_4_1,select13_4_2_4_1
7478,HTML_PAGE_SELECT13_4_2_4_2,select13_4_2_4_2
7479,HTML_PAGE_SELECT13_4_2_4_3,select13_4_2_4_3
7480,HTML_PAGE_SELECT13_4_2_4_4,select13_4_2_4_4
7481,HTML_PAGE_SELECT13_4_3,select13_4_3
7482,HTML_PAGE_SELECT13_4_3_1,select13_4_3_1
7483,HTML_PAGE_SELECT13_4_3_1_1,select13_4_3_1_1
7484,HTML_PAGE_SELECT13_4_3_1_2,select13_4_3_1_2
7485,HTML_PAGE_SELECT13_4_3_1_3,select13_4_3_1_3
7486,HTML_PAGE_SELECT13_4_3_1_4,select13_4_3_1_4
7487,HTML_PAGE_SELECT13_4_3_2,select13_4_3_2
7488,HTML_PAGE_SELECT13_4_3_2_1,select13_4_3_2_1
7489,HTML_PAGE_SELECT13_4_3_2_2,select13_4_3_2_2
7490,HTML_PAGE_SELECT13_4_3_2_3,select13_4_3_2_3
7491,HTML_PAGE_SELECT13_4_3_2_4,select13_4_3_2_4
7492,HTML_PAGE_SELECT13_4_3_3,select13_4_3_3
7493,HTML_PAGE_SELECT13_4_3_3_1,select13_4_3_3_1
7494,HTML_PAGE_SELECT13_4_3_3_2,select13_4_3_3_2
7495,HTML_PAGE_SELECT13_4_3_3_3,select13_4_3_3_3
7496,HTML_PAGE_SELECT13_4_3_3_4,select13_4_3_3_4
7497,HTML_PAGE_SELECT13_4_3_4,select13_4_3_4
7498,HTML_PAGE_SELECT13_4_3_4_1,select13_4_3_4_1
7499,HTML_PAGE_SELECT13_4_3_4_2,select13_4_3_4_2
7500,HTML_PAGE_SELECT13_4_3_4_3,select13_4_3_4_3
7501,HTML_PAGE_SELECT13_4_3_4_4,select13_4_3_4_4
7502,HTML_PAGE_SELECT13_4_4,select13_4_4
7503,HTML_PAGE_SELECT13_4_4_1,select13_4_4_1
7504,HTML_PAGE_SELECT13_4_4_1_1,select13_4_4_1_1
7505,HTML_PAGE_SELECT13_4_4_1_2,select13_4_4_1_2
7506,HTML_PAGE_SELECT13_4_4_1_3,select13_4_4_1_3
7507,HTML_PAGE_SELECT13_4_4_1_4,select13_4_4_1_4
7508,HTML_PAGE_SELECT13_4_4_2,select13_4_4_2
7509,HTML_PAGE_SELECT13_4_4_2_1,select13_4_4_2_1
7510,HTML_PAGE_SELECT13_4_4_2_2,select13_4_4_2_2
7511,HTML_PAGE_SELECT13_4_4_2_3,select13_4_4_2_3
7512,HTML_PAGE_SELECT13_4_4_2_4,select13_4_4_2_4
7513,HTML_PAGE_SELECT13_4_4_3,select13_4_4_3
7514,HTML_PAGE_SELECT13_4_4_3_1,select13_4_4_3_1
7515,HTML_PAGE_SELECT13_4_4_3_2,select13_4_4_3_2
7516,HTML_PAGE_SELECT13_4_4_3_3,select13_4_4_3_3
7517,HTML_PAGE_SELECT13_4_4_3_4,select13_4_4_3_4
7518,HTML_PAGE_SELECT13_4_4_4,select13_4_4_4
7519,HTML_PAGE_SELECT13_4_4_4_1,select13_4_4_4_1
7520,HTML_PAGE_SELECT13_4_4_4_2,select13_4_4_4_2
7521,HTML_PAGE_SELECT13_4_4_4_3,select13_4_4_4_3
7522,HTML_PAGE_SELECT13_4_4_4_4,select13_4_4_4_4
7523,HTML_PAGE_SELECT14,select14
7524,HTML_PAGE_SELECT14_1,select14_1
7525,HTML_PAGE_SELECT14_1_1,select14_1_1
7526,HTML_PAGE_SELECT14_1_1_1,select14_1_1_1
7527,HTML_PAGE_SELECT14_1_1_1_1,select14_1_1_1_1
7528,HTML_PAGE_SELECT14_1_1_1_2,select14_1_1_1_2
7529,HTML_PAGE_SELECT14_1_1_1_3,select14_1_1_1_3
7530,HTML_PAGE_SELECT14_1_1_1_4,select14_1_1_1_4
7531,HTML_PAGE_SELECT14_1_1_2,select14_1_1_2
7532,HTML_PAGE_SELECT14_1_1_2_1,select14_1_1_2_1
7533,HTML_PAGE_SELECT14_1_1_2_2,select14_1_1_2_2
7534,HTML_PAGE_SELECT14_1_1_2_3,select14_1_1_2_3
7535,HTML_PAGE_SELECT14_1_1_2_4,select14_1_1_2_4
7536,HTML_PAGE_SELECT14_1_1_3,select14_1_1_3
7537,HTML_PAGE_SELECT14_1_1_3_1,select14_1_1_3_1
7538,HTML_PAGE_SELECT14_1_1_3_2,select14_1_1_3_2
7539,HTML_PAGE_SELECT14_1_1_3_3,select14_1_1_3_3
7540,HTML_PAGE_SELECT14_1_1_3_4,select14_1_1_3_4
7541,HTML_PAGE_SELECT14_1_1_4,select14_1_1_4
7542,HTML_PAGE_SELECT14_1_1_4_1,select14_1_1_4_1
7543,HTML_PAGE_SELECT14_1_1_4_2,select14_1_1_4_2
7544,HTML_PAGE_SELECT14_1_1_4_3,select14_1_1_4_3
7545,HTML_PAGE_SELECT14_1_1_4_4,select14_1_1_4_4
7546,HTML_PAGE_SELECT14_1_2,select14_1_2
7547,HTML_PAGE_SELECT14_1_2_1,select14_1_2_1
7548,HTML_PAGE_SELECT14_1_2_1_1,select14_1_2_1_1
7549,HTML_PAGE_SELECT14_1_2_1_2,select14_1_2_1_2
7550,HTML_PAGE_SELECT14_1_2_1_3,select14_1_2_1_3
7551,HTML_PAGE_SELECT14_1_2_1_4,select14_1_2_1_4
7552,HTML_PAGE_SELECT14_1_2_2,select14_1_2_2
7553,HTML_PAGE_SELECT14_1_2_2_1,select14_1_2_2_1
7554,HTML_PAGE_SELECT14_1_2_2_2,select14_1_2_2_2
7555,HTML_PAGE_SELECT14_1_2_2_3,select14_1_2_2_3
7556,HTML_PAGE_SELECT14_1_2_2_4,select14_1_2_2_4
7557,HTML_PAGE_SELECT14_1_2_3,select14_1_2_3
7558,HTML_PAGE_SELECT14_1_2_3_1,select14_1_2_3_1
7559,HTML_PAGE_SELECT14_1_2_3_2,select14_1_2_3_2
7560,HTML_PAGE_SELECT14_1_2_3_3,select14_1_2_3_3
7561,HTML_PAGE_SELECT14_1_2_3_4,select14_1_2_3_4
7562,HTML_PAGE_SELECT14_1_2_4,select14_1_2_4
7563,HTML_PAGE_SELECT14_1_2_4_1,select14_1_2_4_1
7564,HTML_PAGE_SELECT14_1_2_4_2,select14_1_2_4_2
7565,HTML_PAGE_SELECT14_1_2_4_3,select14_1_2_4_3
7566,HTML_PAGE_SELECT14_1_2_4_4,select14_1_2_4_4
7567,HTML_PAGE_SELECT14_1_3,select14_1_3
7568,HTML_PAGE_SELECT14_1_3_1,select14_1_3_1
7569,HTML_PAGE_SELECT14_1_3_1_1,select14_1_3_1_1
7570,HTML_PAGE_SELECT14_1_3_1_2,select14_1_3_1_2
7571,HTML_PAGE_SELECT14_1_3_1_3,select14_1_3_1_3
7572,HTML_PAGE_SELECT14_1_3_1_4,select14_1_3_1_4
7573,HTML_PAGE_SELECT14_1_3_2,select14_1_3_2
7574,HTML_PAGE_SELECT14_1_3_2_1,select14_1_3_2_1
7575,HTML_PAGE_SELECT14_1_3_2_2,select14_1_3_2_2
7576,HTML_PAGE_SELECT14_1_3_2_3,select14_1_3_2_3
7577,HTML_PAGE_SELECT14_1_3_2_4,select14_1_3_2_4
7578,HTML_PAGE_SELECT14_1_3_3,select14_1_3_3
7579,HTML_PAGE_SELECT14_1_3_3_1,select14_1_3_3_1
7580,HTML_PAGE_SELECT14_1_3_3_2,select14_1_3_3_2
7581,HTML_PAGE_SELECT14_1_3_3_3,select14_1_3_3_3
7582,HTML_PAGE_SELECT14_1_3_3_4,select14_1_3_3_4
7583,HTML_PAGE_SELECT14_1_3_4,select14_1_3_4
7584,HTML_PAGE_SELECT14_1_3_4_1,select14_1_3_4_1
7585,HTML_PAGE_SELECT14_1_3_4_2,select14_1_3_4_2
7586,HTML_PAGE_SELECT14_1_3_4_3,select14_1_3_4_3
7587,HTML_PAGE_SELECT14_1_3_4_4,select14_1_3_4_4
7588,HTML_PAGE_SELECT14_1_4,select14_1_4
7589,HTML_PAGE_SELECT14_1_4_1,select14_1_4_1
7590,HTML_PAGE_SELECT14_1_4_1_1,select14_1_4_1_1
7591,HTML_PAGE_SELECT14_1_4_1_2,select14_1_4_1_2
7592,HTML_PAGE_SELECT14_1_4_1_3,select14_1_4_1_3
7593,HTML_PAGE_SELECT14_1_4_1_4,select14_1_4_1_4
7594,HTML_PAGE_SELECT14_1_4_2,select14_1_4_2
7595,HTML_PAGE_SELECT14_1_4_2_1,select14_1_4_2_1
7596,HTML_PAGE_SELECT14_1_4_2_2,select14_1_4_2_2
7597,HTML_PAGE_SELECT14_1_4_2_3,select14_1_4_2_3
7598,HTML_PAGE_SELECT14_1_4_2_4,select14_1_4_2_4
7599,HTML_PAGE_SELECT14_1_4_3,select14_1_4_3
7600,HTML_PAGE_SELECT14_1_4_3_1,select14_1_4_3_1
7601,HTML_PAGE_SELECT14_1_4_3_2,select14_1_4_3_2
7602,HTML_PAGE_SELECT14_1_4_3_3,select14_1_4_3_3
7603,HTML_PAGE_SELECT14_1_4_3_4,select14_1_4_3_4
7604,HTML_PAGE_SELECT14_1_4_4,select14_1_4_4
7605,HTML_PAGE_SELECT14_1_4_4_1,select14_1_4_4_1
7606,HTML_PAGE_SELECT14_1_4_4_2,select14_1_4_4_2
7607,HTML_PAGE_SELECT14_1_4_4_3,select14_1_4_4_3
7608,HTML_PAGE_SELECT14_1_4_4_4,select14_1_4_4_4
7609,HTML_PAGE_SELECT14_2,select14_2
7610,HTML_PAGE_SELECT14_2_1,select14_2_1
7611,HTML_PAGE_SELECT14_2_1_1,select14_2_1_1
7612,HTML_PAGE_SELECT14_2_1_1_1,select14_2_1_1_1
7613,HTML_PAGE_SELECT14_2_1_1_2,select14_2_1_1_2
7614,HTML_PAGE_SELECT14_2_1_1_3,select14_2_1_1_3
7615,HTML_PAGE_SELECT14_2_1_1_4,select14_2_1_1_4
7616,HTML_PAGE_SELECT14_2_1_2,select14_2_1_2
7617,HTML_PAGE_SELECT14_2_1_2_1,select14_2_1_2_1
7618,HTML_PAGE_SELECT14_2_1_2_2,select14_2_1_2_2
7619,HTML_PAGE_SELECT14_2_1_2_3,select14_2_1_2_3
7620,HTML_PAGE_SELECT14_2_1_2_4,select14_2_1_2_4
7621,HTML_PAGE_SELECT14_2_1_3,select14_2_1_3
7622,HTML_PAGE_SELECT14_2_1_3_1,select14_2_1_3_1
7623,HTML_PAGE_SELECT14_2_1_3_2,select14_2_1_3_2
7624,HTML_PAGE_SELECT14_2_1_3_3,select14_2_1_3_3
7625,HTML_PAGE_SELECT14_2_1_3_4,select14_2_1_3_4
7626,HTML_PAGE_SELECT14_2_1_4,select14_2_1_4
7627,HTML_PAGE_SELECT14_2_1_4_1,select14_2_1_4_1
7628,HTML_PAGE_SELECT14_2_1_4_2,select14_2_1_4_2
7629,HTML_PAGE_SELECT14_2_1_4_3,select14_2_1_4_3
7630,HTML_PAGE_SELECT14_2_1_4_4,select14_2_1_4_4
7631,HTML_PAGE_SELECT14_2_2,select14_2_2
7632,HTML_PAGE_SELECT14_2_2_1,select14_2_2_1
7633,HTML_PAGE_SELECT14_2_2_1_1,select14_2_2_1_1
7634,HTML_PAGE_SELECT14_2_2_1_2,select14_2_2_1_2
7635,HTML_PAGE_SELECT14_2_2_1_3,select14_2_2_1_3
7636,HTML_PAGE_SELECT14_2_2_1_4,select14_2_2_1_4
7637,HTML_PAGE_SELECT14_2_2_2,select14_2_2_2
7638,HTML_PAGE_SELECT14_2_2_2_1,select14_2_2_2_1
7639,HTML_PAGE_SELECT14_2_2_2_2,select14_2_2_2_2
7640,HTML_PAGE_SELECT14_2_2_2_3,select14_2_2_2_3
7641,HTML_PAGE_SELECT14_2_2_2_4,select14_2_2_2_4
7642,HTML_PAGE_SELECT14_2_2_3,select14_2_2_3
7643,HTML_PAGE_SELECT14_2_2_3_1,select14_2_2_3_1
7644,HTML_PAGE_SELECT14_2_2_3_2,select14_2_2_3_2
7645,HTML_PAGE_SELECT14_2_2_3_3,select14_2_2_3_3
7646,HTML_PAGE_SELECT14_2_2_3_4,select14_2_2_3_4
7647,HTML_PAGE_SELECT14_2_2_4,select14_2_2_4
7648,HTML_PAGE_SELECT14_2_2_4_1,select14_2_2_4_1
7649,HTML_PAGE_SELECT14_2_2_4_2,select14_2_2_4_2
7650,HTML_PAGE_SELECT14_2_2_4_3,select14_2_2_4_3
7651,HTML_PAGE_SELECT14_2_2_4_4,select14_2_2_4_4
7652,HTML_PAGE_SELECT14_2_3,select14_2_3
7653,HTML_PAGE_SELECT14_2_3_1,select14_2_3_1
7654,HTML_PAGE_SELECT14_2_3_1_1,select14_2_3_1_1
7655,HTML_PAGE_SELECT14_2_3_1_2,select14_2_3_1_2
7656,HTML_PAGE_SELECT14_2_3_1_3,select14_2_3_1_3
7657,HTML_PAGE_SELECT14_2_3_1_4,select14_2_3_1_4
7658,HTML_PAGE_SELECT14_2_3_2,select14_2_3_2
7659,HTML_PAGE_SELECT14_2_3_2_1,select14_2_3_2_1
7660,HTML_PAGE_SELECT14_2_3_2_2,select14_2_3_2_2
7661,HTML_PAGE_SELECT14_2_3_2_3,select14_2_3_2_3
7662,HTML_PAGE_SELECT14_2_3_2_4,select14_2_3_2_4
7663,HTML_PAGE_SELECT14_2_3_3,select14_2_3_3
7664,HTML_PAGE_SELECT14_2_3_3_1,select14_2_3_3_1
7665,HTML_PAGE_SELECT14_2_3_3_2,select14_2_3_3_2
7666,HTML_PAGE_SELECT14_2_3_3_3,select14_2_3_3_3
7667,HTML_PAGE_SELECT14_2_3_3_4,select14_2_3_3_4
7668,HTML_PAGE_SELECT14_2_3_4,select14_2_3_4
7669,HTML_PAGE_SELECT14_2_3_4_1,select14_2_3_4_1
7670,HTML_PAGE_SELECT14_2_3_4_2,select14_2_3_4_2
7671,HTML_PAGE_SELECT14_2_3_4_3,select14_2_3_4_3
7672,HTML_PAGE_SELECT14_2_3_4_4,select14_2_3_4_4
7673,HTML_PAGE_SELECT14_2_4,select14_2_4
7674,HTML_PAGE_SELECT14_2_4_1,select14_2_4_1
7675,HTML_PAGE_SELECT14_2_4_1_1,select14_2_4_1_1
7676,HTML_PAGE_SELECT14_2_4_1_2,select14_2_4_1_2
7677,HTML_PAGE_SELECT14_2_4_1_3,select14_2_4_1_3
7678,HTML_PAGE_SELECT14_2_4_1_4,select14_2_4_1_4
7679,HTML_PAGE_SELECT14_2_4_2,select14_2_4_2
7680,HTML_PAGE_SELECT14_2_4_2_1,select14_2_4_2_1
7681,HTML_PAGE_SELECT14_2_4_2_2,select14_2_4_2_2
7682,HTML_PAGE_SELECT14_2_4_2_3,select14_2_4_2_3
7683,HTML_PAGE_SELECT14_2_4_2_4,select14_2_4_2_4
7684,HTML_PAGE_SELECT14_2_4_3,select14_2_4_3
7685,HTML_PAGE_SELECT14_2_4_3_1,select14_2_4_3_1
7686,HTML_PAGE_SELECT14_2_4_3_2,select14_2_4_3_2
7687,HTML_PAGE_SELECT14_2_4_3_3,select14_2_4_3_3
7688,HTML_PAGE_SELECT14_2_4_3_4,select14_2_4_3_4
7689,HTML_PAGE_SELECT14_2_4_4,select14_2_4_4
7690,HTML_PAGE_SELECT14_2_4_4_1,select14_2_4_4_1
7691,HTML_PAGE_SELECT14_2_4_4_2,select14_2_4_4_2
7692,HTML_PAGE_SELECT14_2_4_4_3,select14_2_4_4_3
7693,HTML_PAGE_SELECT14_2_4_4_4,select14_2_4_4_4
7694,HTML_PAGE_SELECT14_3,select14_3
7695,HTML_PAGE_SELECT14_3_1,select14_3_1
7696,HTML_PAGE_SELECT14_3_1_1,select14_3_1_1
7697,HTML_PAGE_SELECT14_3_1_1_1,select14_3_1_1_1
7698,HTML_PAGE_SELECT14_3_1_1_2,select14_3_1_1_2
7699,HTML_PAGE_SELECT14_3_1_1_3,select14_3_1_1_3
7700,HTML_PAGE_SELECT14_3_1_1_4,select14_3_1_1_4
7701,HTML_PAGE_SELECT14_3_1_2,select14_3_1_2
7702,HTML_PAGE_SELECT14_3_1_2_1,select14_3_1_2_1
7703,HTML_PAGE_SELECT14_3_1_2_2,select14_3_1_2_2
7704,HTML_PAGE_SELECT14_3_1_2_3,select14_3_1_2_3
7705,HTML_PAGE_SELECT14_3_1_2_4,select14_3_1_2_4
7706,HTML_PAGE_SELECT14_3_1_3,select14_3_1_3
7707,HTML_PAGE_SELECT14_3_1_3_1,select14_3_1_3_1
7708,HTML_PAGE_SELECT14_3_1_3_2,select14_3_1_3_2
7709,HTML_PAGE_SELECT14_3_1_3_3,select14_3_1_3_3
7710,HTML_PAGE_SELECT14_3_1_3_4,select14_3_1_3_4
7711,HTML_PAGE_SELECT14_3_1_4,select14_3_1_4
7712,HTML_PAGE_SELECT14_3_1_4_1,select14_3_1_4_1
7713,HTML_PAGE_SELECT14_3_1_4_2,select14_3_1_4_2
7714,HTML_PAGE_SELECT14_3_1_4_3,select14_3_1_4_3
7715,HTML_PAGE_SELECT14_3_1_4_4,select14_3_1_4_4
7716,HTML_PAGE_SELECT14_3_2,select14_3_2
7717,HTML_PAGE_SELECT14_3_2_1,select14_3_2_1
7718,HTML_PAGE_SELECT14_3_2_1_1,select14_3_2_1_1
7719,HTML_PAGE_SELECT14_3_2_1_2,select14_3_2_1_2
7720,HTML_PAGE_SELECT14_3_2_1_3,select14_3_2_1_3
7721,HTML_PAGE_SELECT14_3_2_1_4,select14_3_2_1_4
7722,HTML_PAGE_SELECT14_3_2_2,select14_3_2_2
7723,HTML_PAGE_SELECT14_3_2_2_1,select14_3_2_2_1
7724,HTML_PAGE_SELECT14_3_2_2_2,select14_3_2_2_2
7725,HTML_PAGE_SELECT14_3_2_2_3,select14_3_2_2_3
7726,HTML_PAGE_SELECT14_3_2_2_4,select14_3_2_2_4
7727,HTML_PAGE_SELECT14_3_2_3,select14_3_2_3
7728,HTML_PAGE_SELECT14_3_2_3_1,select14_3_2_3_1
7729,HTML_PAGE_SELECT14_3_2_3_2,select14_3_2_3_2
7730,HTML_PAGE_SELECT14_3_2_3_3,select14_3_2_3_3
7731,HTML_PAGE_SELECT14_3_2_3_4,select14_3_2_3_4
7732,HTML_PAGE_SELECT14_3_2_4,select14_3_2_4
7733,HTML_PAGE_SELECT14_3_2_4_1,select14_3_2_4_1
7734,HTML_PAGE_SELECT14_3_2_4_2,select14_3_2_4_2
7735,HTML_PAGE_SELECT14_3_2_4_3,select14_3_2_4_3
7736,HTML_PAGE_SELECT14_3_2_4_4,select14_3_2_4_4
7737,HTML_PAGE_SELECT14_3_3,select14_3_3
7738,HTML_PAGE_SELECT14_3_3_1,select14_3_3_1
7739,HTML_PAGE_SELECT14_3_3_1_1,select14_3_3_1_1
7740,HTML_PAGE_SELECT14_3_3_1_2,select14_3_3_1_2
7741,HTML_PAGE_SELECT14_3_3_1_3,select14_3_3_1_3
7742,HTML_PAGE_SELECT14_3_3_1_4,select14_3_3_1_4
7743,HTML_PAGE_SELECT14_3_3_2,select14_3_3_2
7744,HTML_PAGE_SELECT14_3_3_2_1,select14_3_3_2_1
7745,HTML_PAGE_SELECT14_3_3_2_2,select14_3_3_2_2
7746,HTML_PAGE_SELECT14_3_3_2_3,select14_3_3_2_3
7747,HTML_PAGE_SELECT14_3_3_2_4,select14_3_3_2_4
7748,HTML_PAGE_SELECT14_3_3_3,select14_3_3_3
7749,HTML_PAGE_SELECT14_3_3_3_1,select14_3_3_3_1
7750,HTML_PAGE_SELECT14_3_3_3_2,select14_3_3_3_2
7751,HTML_PAGE_SELECT14_3_3_3_3,select14_3_3_3_3
7752,HTML_PAGE_SELECT14_3_3_3_4,select14_3_3_3_4
7753,HTML_PAGE_SELECT14_3_3_4,select14_3_3_4
7754,HTML_PAGE_SELECT14_3_3_4_1,select14_3_3_4_1
7755,HTML_PAGE_SELECT14_3_3_4_2,select14_3_3_4_2
7756,HTML_PAGE_SELECT14_3_3_4_3,select14_3_3_4_3
7757,HTML_PAGE_SELECT14_3_3_4_4,select14_3_3_4_4
7758,HTML_PAGE_SELECT14_3_4,select14_3_4
7759,HTML_PAGE_SELECT14_3_4_1,select14_3_4_1
7760,HTML_PAGE_SELECT14_3_4_1_1,select14_3_4_1_1
7761,HTML_PAGE_SELECT14_3_4_1_2,select14_3_4_1_2
7762,HTML_PAGE_SELECT14_3_4_1_3,select14_3_4_1_3
7763,HTML_PAGE_SELECT14_3_4_1_4,select14_3_4_1_4
7764,HTML_PAGE_SELECT14_3_4_2,select14_3_4_2
7765,HTML_PAGE_SELECT14_3_4_2_1,select14_3_4_2_1
7766,HTML_PAGE_SELECT14_3_4_2_2,select14_3_4_2_2
7767,HTML_PAGE_SELECT14_3_4_2_3,select14_3_4_2_3
7768,HTML_PAGE_SELECT14_3_4_2_4,select14_3_4_2_4
7769,HTML_PAGE_SELECT14_3_4_3,select14_3_4_3
7770,HTML_PAGE_SELECT14_3_4_3_1,select14_3_4_3_1
7771,HTML_PAGE_SELECT14_3_4_3_2,select14_3_4_3_2
7772,HTML_PAGE_SELECT14_3_4_3_3,select14_3_4_3_3
7773,HTML_PAGE_SELECT14_3_4_3_4,select14_3_4_3_4
7774,HTML_PAGE_SELECT14_3_4_4,select14_3_4_4
7775,HTML_PAGE_SELECT14_3_4_4_1,select14_3_4_4_1
7776,HTML_PAGE_SELECT14_3_4_4_2,select14_3_4_4_2
7777,HTML_PAGE_SELECT14_3_4_4_3,select14_3_4_4_3
7778,HTML_PAGE_SELECT14_3_4_4_4,select14_3_4_4_4
7779,HTML_PAGE_SELECT14_4,select14_4
7780,HTML_PAGE_SELECT14_4_1,select14_4_1
7781,HTML_PAGE_SELECT14_4_1_1,select14_4_1_1
7782,HTML_PAGE_SELECT14_4_1_1_1,select14_4_1_1_1
7783,HTML_PAGE_SELECT14_4_1_1_2,select14_4_1_1_2
7784,HTML_PAGE_SELECT14_4_1_1_3,select14_4_1_1_3
7785,HTML_PAGE_SELECT14_4_1_1_4,select14_4_1_1_4
7786,HTML_PAGE_SELECT14_4_1_2,select14_4_1_2
7787,HTML_PAGE_SELECT14_4_1_2_1,select14_4_1_2_1
7788,HTML_PAGE_SELECT14_4_1_2_2,select14_4_1_2_2
7789,HTML_PAGE_SELECT14_4_1_2_3,select14_4_1_2_3
7790,HTML_PAGE_SELECT14_4_1_2_4,select14_4_1_2_4
7791,HTML_PAGE_SELECT14_4_1_3,select14_4_1_3
7792,HTML_PAGE_SELECT14_4_1_3_1,select14_4_1_3_1
7793,HTML_PAGE_SELECT14_4_1_3_2,select14_4_1_3_2
7794,HTML_PAGE_SELECT14_4_1_3_3,select14_4_1_3_3
7795,HTML_PAGE_SELECT14_4_1_3_4,select14_4_1_3_4
7796,HTML_PAGE_SELECT14_4_1_4,select14_4_1_4
7797,HTML_PAGE_SELECT14_4_1_4_1,select14_4_1_4_1
7798,HTML_PAGE_SELECT14_4_1_4_2,select14_4_1_4_2
7799,HTML_PAGE_SELECT14_4_1_4_3,select14_4_1_4_3
7800,HTML_PAGE_SELECT14_4_1_4_4,select14_4_1_4_4
7801,HTML_PAGE_SELECT14_4_2,select14_4_2
7802,HTML_PAGE_SELECT14_4_2_1,select14_4_2_1
7803,HTML_PAGE_SELECT14_4_2_1_1,select14_4_2_1_1
7804,HTML_PAGE_SELECT14_4_2_1_2,select14_4_2_1_2
7805,HTML_PAGE_SELECT14_4_2_1_3,select14_4_2_1_3
7806,HTML_PAGE_SELECT14_4_2_1_4,select14_4_2_1_4
7807,HTML_PAGE_SELECT14_4_2_2,select14_4_2_2
7808,HTML_PAGE_SELECT14_4_2_2_1,select14_4_2_2_1
7809,HTML_PAGE_SELECT14_4_2_2_2,select14_4_2_2_2
7810,HTML_PAGE_SELECT14_4_2_2_3,select14_4_2_2_3
7811,HTML_PAGE_SELECT14_4_2_2_4,select14_4_2_2_4
7812,HTML_PAGE_SELECT14_4_2_3,select14_4_2_3
7813,HTML_PAGE_SELECT14_4_2_3_1,select14_4_2_3_1
7814,HTML_PAGE_SELECT14_4_2_3_2,select14_4_2_3_2
7815,HTML_PAGE_SELECT14_4_2_3_3,select14_4_2_3_3
7816,HTML_PAGE_SELECT14_4_2_3_4,select14_4_2_3_4
7817,HTML_PAGE_SELECT14_4_2_4,select14_4_2_4
7818,HTML_PAGE_SELECT14_4_2_4_1,select14_4_2_4_1
7819,HTML_PAGE_SELECT14_4_2_4_2,select14_4_2_4_2
7820,HTML_PAGE_SELECT14_4_2_4_3,select14_4_2_4_3
7821,HTML_PAGE_SELECT14_4_2_4_4,select14_4_2_4_4
7822,HTML_PAGE_SELECT14_4_3,select14_4_3
7823,HTML_PAGE_SELECT14_4_3_1,select14_4_3_1
7824,HTML_PAGE_SELECT14_4_3_1_1,select14_4_3_1_1
7825,HTML_PAGE_SELECT14_4_3_1_2,select14_4_3_1_2
7826,HTML_PAGE_SELECT14_4_3_1_3,select14_4_3_1_3
7827,HTML_PAGE_SELECT14_4_3_1_4,select14_4_3_1_4
7828,HTML_PAGE_SELECT14_4_3_2,select14_4_3_2
7829,HTML_PAGE_SELECT14_4_3_2_1,select14_4_3_2_1
7830,HTML_PAGE_SELECT14_4_3_2_2,select14_4_3_2_2
7831,HTML_PAGE_SELECT14_4_3_2_3,select14_4_3_2_3
7832,HTML_PAGE_SELECT14_4_3_2_4,select14_4_3_2_4
7833,HTML_PAGE_SELECT14_4_3_3,select14_4_3_3
7834,HTML_PAGE_SELECT14_4_3_3_1,select14_4_3_3_1
7835,HTML_PAGE_SELECT14_4_3_3_2,select14_4_3_3_2
7836,HTML_PAGE_SELECT14_4_3_3_3,select14_4_3_3_3
7837,HTML_PAGE_SELECT14_4_3_3_4,select14_4_3_3_4
7838,HTML_PAGE_SELECT14_4_3_4,select14_4_3_4
7839,HTML_PAGE_SELECT14_4_3_4_1,select14_4_3_4_1
7840,HTML_PAGE_SELECT14_4_3_4_2,select14_4_3_4_2
7841,HTML_PAGE_SELECT14_4_3_4_3,select14_4_3_4_3
7842,HTML_PAGE_SELECT14_4_3_4_4,select14_4_3_4_4
7843,HTML_PAGE_SELECT14_4_4,select14_4_4
7844,HTML_PAGE_SELECT14_4_4_1,select14_4_4_1
7845,HTML_PAGE_SELECT14_4_4_1_1,select14_4_4_1_1
7846,HTML_PAGE_SELECT14_4_4_1_2,select14_4_4_1_2
7847,HTML_PAGE_SELECT14_4_4_1_3,select14_4_4_1_3
7848,HTML_PAGE_SELECT14_4_4_1_4,select14_4_4_1_4
7849,HTML_PAGE_SELECT14_4_4_2,select14_4_4_2
7850,HTML_PAGE_SELECT14_4_4_2_1,select14_4_4_2_1
7851,HTML_PAGE_SELECT14_4_4_2_2,select14_4_4_2_2
7852,HTML_PAGE_SELECT14_4_4_2_3,select14_4_4_2_3
7853,HTML_PAGE_SELECT14_4_4_2_4,select14_4_4_2_4
7854,HTML_PAGE_SELECT14_4_4_3,select14_4_4_3
7855,HTML_PAGE_SELECT14_4_4_3_1,select14_4_4_3_1
7856,HTML_PAGE_SELECT14_4_4_3_2,select14_4_4_3_2
7857,HTML_PAGE_SELECT14_4_4_3_3,select14_4_4_3_3
7858,HTML_PAGE_SELECT14_4_4_3_4,select14_4_4_3_4
7859,HTML_PAGE_SELECT14_4_4_4,select14_4_4_4
7860,HTML_PAGE_SELECT14_4_4_4_1,select14_4_4_4_1
7861,HTML_PAGE_SELECT14_4_4_4_2,select14_4_4_4_2
7862,HTML_PAGE_SELECT14_4_4_4_3,select14_4_4_4_3
7863,HTML_PAGE_SELECT14_4_4_4_4,select14_4_4_4_4
7864,HTML_PAGE_SELECT15,select15
7865,HTML_PAGE_SELECT15_1,select15_1
7866,HTML_PAGE_SELECT15_1_1,select15_1_1
7867,HTML_PAGE_SELECT15_1_1_1,select15_1_1_1
7868,HTML_PAGE_SELECT15_1_1_1_1,select15_1_1_1_1
7869,HTML_PAGE_SELECT15_1_1_1_2,select15_1_1_1_2
7870,HTML_PAGE_SELECT15_1_1_1_3,select15_1_1_1_3
7871,HTML_PAGE_SELECT15_1_1_1_4,select15_1_1_1_4
7872,HTML_PAGE_SELECT15_1_1_2,select15_1_1_2
7873,HTML_PAGE_SELECT15_1_1_2_1,select15_1_1_2_1
7874,HTML_PAGE_SELECT15_1_1_2_2,select15_1_1_2_2
7875,HTML_PAGE_SELECT15_1_1_2_3,select15_1_1_2_3
7876,HTML_PAGE_SELECT15_1_1_2_4,select15_1_1_2_4
7877,HTML_PAGE_SELECT15_1_1_3,select15_1_1_3
7878,HTML_PAGE_SELECT15_1_1_3_1,select15_1_1_3_1
7879,HTML_PAGE_SELECT15_1_1_3_2,select15_1_1_3_2
7880,HTML_PAGE_SELECT15_1_1_3_3,select15_1_1_3_3
7881,HTML_PAGE_SELECT15_1_1_3_4,select15_1_1_3_4
7882,HTML_PAGE_SELECT15_1_1_4,select15_1_1_4
7883,HTML_PAGE_SELECT15_1_1_4_1,select15_1_1_4_1
7884,HTML_PAGE_SELECT15_1_1_4_2,select15_1_1_4_2
7885,HTML_PAGE_SELECT15_1_1_4_3,select15_1_1_4_3
7886,HTML_PAGE_SELECT15_1_1_4_4,select15_1_1_4_4
7887,HTML_PAGE_SELECT15_1_2,select15_1_2
7888,HTML_PAGE_SELECT15_1_2_1,select15_1_2_1
7889,HTML_PAGE_SELECT15_1_2_1_1,select15_1_2_1_1
7890,HTML_PAGE_SELECT15_1_2_1_2,select15_1_2_1_2
7891,HTML_PAGE_SELECT15_1_2_1_3,select15_1_2_1_3
7892,HTML_PAGE_SELECT15_1_2_1_4,select15_1_2_1_4
7893,HTML_PAGE_SELECT15_1_2_2,select15_1_2_2
7894,HTML_PAGE_SELECT15_1_2_2_1,select15_1_2_2_1
7895,HTML_PAGE_SELECT15_1_2_2_2,select15_1_2_2_2
7896,HTML_PAGE_SELECT15_1_2_2_3,select15_1_2_2_3
7897,HTML_PAGE_SELECT15_1_2_2_4,select15_1_2_2_4
7898,HTML_PAGE_SELECT15_1_2_3,select15_1_2_3
7899,HTML_PAGE_SELECT15_1_2_3_1,select15_1_2_3_1
7900,HTML_PAGE_SELECT15_1_2_3_2,select15_1_2_3_2
7901,HTML_PAGE_SELECT15_1_2_3_3,select15_1_2_3_3
7902,HTML_PAGE_SELECT15_1_2_3_4,select15_1_2_3_4
7903,HTML_PAGE_SELECT15_1_2_4,select15_1_2_4
7904,HTML_PAGE_SELECT15_1_2_4_1,select15_1_2_4_1
7905,HTML_PAGE_SELECT15_1_2_4_2,select15_1_2_4_2
7906,HTML_PAGE_SELECT15_1_2_4_3,select15_1_2_4_3
7907,HTML_PAGE_SELECT15_1_2_4_4,select15_1_2_4_4
7908,HTML_PAGE_SELECT15_1_3,select15_1_3
7909,HTML_PAGE_SELECT15_1_3_1,select15_1_3_1
7910,HTML_PAGE_SELECT15_1_3_1_1,select15_1_3_1_1
7911,HTML_PAGE_SELECT15_1_3_1_2,select15_1_3_1_2
7912,HTML_PAGE_SELECT15_1_3_1_3,select15_1_3_1_3
7913,HTML_PAGE_SELECT15_1_3_1_4,select15_1_3_1_4
7914,HTML_PAGE_SELECT15_1_3_2,select15_1_3_2
7915,HTML_PAGE_SELECT15_1_3_2_1,select15_1_3_2_1
7916,HTML_PAGE_SELECT15_1_3_2_2,select15_1_3_2_2
7917,HTML_PAGE_SELECT15_1_3_2_3,select15_1_3_2_3
7918,HTML_PAGE_SELECT15_1_3_2_4,select15_1_3_2_4
7919,HTML_PAGE_SELECT15_1_3_3,select15_1_3_3
7920,HTML_PAGE_SELECT15_1_3_3_1,select15_1_3_3_1
7921,HTML_PAGE_SELECT15_1_3_3_2,select15_1_3_3_2
7922,HTML_PAGE_SELECT15_1_3_3_3,select15_1_3_3_3
7923,HTML_PAGE_SELECT15_1_3_3_4,select15_1_3_3_4
7924,HTML_PAGE_SELECT15_1_3_4,select15_1_3_4
7925,HTML_PAGE_SELECT15_1_3_4_1,select15_1_3_4_1
7926,HTML_PAGE_SELECT15_1_3_4_2,select15_1_3_4_2
7927,HTML_PAGE_SELECT15_1_3_4_3,select15_1_3_4_3
7928,HTML_PAGE_SELECT15_1_3_4_4,select15_1_3_4_4
7929,HTML_PAGE_SELECT15_1_4,select15_1_4
7930,HTML_PAGE_SELECT15_1_4_1,select15_1_4_1
7931,HTML_PAGE_SELECT15_1_4_1_1,select15_1_4_1_1
7932,HTML_PAGE_SELECT15_1_4_1_2,select15_1_4_1_2
7933,HTML_PAGE_SELECT15_1_4_1_3,select15_1_4_1_3
7934,HTML_PAGE_SELECT15_1_4_1_4,select15_1_4_1_4
7935,HTML_PAGE_SELECT15_1_4_2,select15_1_4_2
7936,HTML_PAGE_SELECT15_1_4_2_1,select15_1_4_2_1
7937,HTML_PAGE_SELECT15_1_4_2_2,select15_1_4_2_2
7938,HTML_PAGE_SELECT15_1_4_2_3,select15_1_4_2_3
7939,HTML_PAGE_SELECT15_1_4_2_4,select15_1_4_2_4
7940,HTML_PAGE_SELECT15_1_4_3,select15_1_4_3
7941,HTML_PAGE_SELECT15_1_4_3_1,select15_1_4_3_1
7942,HTML_PAGE_SELECT15_1_4_3_2,select15_1_4_3_2
7943,HTML_PAGE_SELECT15_1_4_3_3,select15_1_4_3_3
7944,HTML_PAGE_SELECT15_1_4_3_4,select15_1_4_3_4
7945,HTML_PAGE_SELECT15_1_4_4,select15_1_4_4
7946,HTML_PAGE_SELECT15_1_4_4_1,select15_1_4_4_1
7947,HTML_PAGE_SELECT15_1_4_4_2,select15_1_4_4_2
7948,HTML_PAGE_SELECT15_1_4_4_3,select15_1_4_4_3
7949,HTML_PAGE_SELECT15_1_4_4_4,select15_1_4_4_4
7950,HTML_PAGE_SELECT15_2,select15_2
7951,HTML_PAGE_SELECT15_2_1,select15_2_1
7952,HTML_PAGE_SELECT15_2_1_1,select15_2_1_1
7953,HTML_PAGE_SELECT15_2_1_1_1,select15_2_1_1_1
7954,HTML_PAGE_SELECT15_2_1_1_2,select15_2_1_1_2
7955,HTML_PAGE_SELECT15_2_1_1_3,select15_2_1_1_3
7956,HTML_PAGE_SELECT15_2_1_1_4,select15_2_1_1_4
7957,HTML_PAGE_SELECT15_2_1_2,select15_2_1_2
7958,HTML_PAGE_SELECT15_2_1_2_1,select15_2_1_2_1
7959,HTML_PAGE_SELECT15_2_1_2_2,select15_2_1_2_2
7960,HTML_PAGE_SELECT15_2_1_2_3,select15_2_1_2_3
7961,HTML_PAGE_SELECT15_2_1_2_4,select15_2_1_2_4
7962,HTML_PAGE_SELECT15_2_1_3,select15_2_1_3
7963,HTML_PAGE_SELECT15_2_1_3_1,select15_2_1_3_1
7964,HTML_PAGE_SELECT15_2_1_3_2,select15_2_1_3_2
7965,HTML_PAGE_SELECT15_2_1_3_3,select15_2_1_3_3
7966,HTML_PAGE_SELECT15_2_1_3_4,select15_2_1_3_4
7967,HTML_PAGE_SELECT15_2_1_4,select15_2_1_4
7968,HTML_PAGE_SELECT15_2_1_4_1,select15_2_1_4_1
7969,HTML_PAGE_SELECT15_2_1_4_2,select15_2_1_4_2
7970,HTML_PAGE_SELECT15_2_1_4_3,select15_2_1_4_3
7971,HTML_PAGE_SELECT15_2_1_4_4,select15_2_1_4_4
7972,HTML_PAGE_SELECT15_2_2,select15_2_2
7973,HTML_PAGE_SELECT15_2_2_1,select15_2_2_1
7974,HTML_PAGE_SELECT15_2_2_1_1,select15_2_2_1_1
7975,HTML_PAGE_SELECT15_2_2_1_2,select15_2_2_1_2
7976,HTML_PAGE_SELECT15_2_2_1_3,select15_2_2_1_3
7977,HTML_PAGE_SELECT15_2_2_1_4,select15_2_2_1_4
7978,HTML_PAGE_SELECT15_2_2_2,select15_2_2_2
7979,HTML_PAGE_SELECT15_2_2_2_1,select15_2_2_2_1
7980,HTML_PAGE_SELECT15_2_2_2_2,select15_2_2_2_2
7981,HTML_PAGE_SELECT15_2_2_2_3,select15_2_2_2_3
7982,HTML_PAGE_SELECT15_2_2_2_4,select15_2_2_2_4
7983,HTML_PAGE_SELECT15_2_2_3,select15_2_2_3
7984,HTML_PAGE_SELECT15_2_2_3_1,select15_2_2_3_1
7985,HTML_PAGE_SELECT15_2_2_3_2,select15_2_2_3_2
7986,HTML_PAGE_SELECT15_2_2_3_3,select15_2_2_3_3
7987,HTML_PAGE_SELECT15_2_2_3_4,select15_2_2_3_4
7988,HTML_PAGE_SELECT15_2_2_4,select15_2_2_4
7989,HTML_PAGE_SELECT15_2_2_4_1,select15_2_2_4_1
7990,HTML_PAGE_SELECT15_2_2_4_2,select15_2_2_4_2
7991,HTML_PAGE_SELECT15_2_2_4_3,select15_2_2_4_3
7992,HTML_PAGE_SELECT15_2_2_4_4,select15_2_2_4_4
7993,HTML_PAGE_SELECT15_2_3,select15_2_3
7994,HTML_PAGE_SELECT15_2_3_1,select15_2_3_1
7995,HTML_PAGE_SELECT15_2_3_1_1,select15_2_3_1_1
7996,HTML_PAGE_SELECT15_2_3_1_2,select15_2_3_1_2
7997,HTML_PAGE_SELECT15_2_3_1_3,select15_2_3_1_3
7998,HTML_PAGE_SELECT15_2_3_1_4,select15_2_3_1_4
7999,HTML_PAGE_SELECT15_2_3_2,select15_2_3_2
8000,HTML_PAGE_SELECT15_2_3_2_1,select15_2_3_2_1
8001,HTML_PAGE_SELECT15_2_3_2_2,select15_2_3_2_2
8002,HTML_PAGE_SELECT15_2_3_2_3,select15_2_3_2_3
8003,HTML_PAGE_SELECT15_2_3_2_4,select15_2_3_2_4
8004,HTML_PAGE_SELECT15_2_3_3,select15_2_3_3
8005,HTML_PAGE_SELECT15_2_3_3_1,select15_2_3_3_1
8006,HTML_PAGE_SELECT15_2_3_3_2,select15_2_3_3_2
8007,HTML_PAGE_SELECT15_2_3_3_3,select15_2_3_3_3
8008,HTML_PAGE_SELECT15_2_3_3_4,select15_2_3_3_4
8009,HTML_PAGE_SELECT15_2_3_4,select15_2_3_4
8010,HTML_PAGE_SELECT15_2_3_4_1,select15_2_3_4_1
8011,HTML_PAGE_SELECT15_2_3_4_2,select15_2_3_4_2
8012,HTML_PAGE_SELECT15_2_3_4_3,select15_2_3_4_3
8013,HTML_PAGE_SELECT15_2_3_4_4,select15_2_3_4_4
8014,HTML_PAGE_SELECT15_2_4,select15_2_4
8015,HTML_PAGE_SELECT15_2_4_1,select15_2_4_1
8016,HTML_PAGE_SELECT15_2_4_1_1,select15_2_4_1_1
8017,HTML_PAGE_SELECT15_2_4_1_2,select15_2_4_1_2
8018,HTML_PAGE_SELECT15_2_4_1_3,select15_2_4_1_3
8019,HTML_PAGE_SELECT15_2_4_1_4,select15_2_4_1_4
8020,HTML_PAGE_SELECT15_2_4_2,select15_2_4_2
8021,HTML_PAGE_SELECT15_2_4_2_1,select15_2_4_2_1
8022,HTML_PAGE_SELECT15_2_4_2_2,select15_2_4_2_2
8023,HTML_PAGE_SELECT15_2_4_2_3,select15_2_4_2_3
8024,HTML_PAGE_SELECT15_2_4_2_4,select15_2_4_2_4
8025,HTML_PAGE_SELECT15_2_4_3,select15_2_4_3
8026,HTML_PAGE_SELECT15_2_4_3_1,select15_2_4_3_1
8027,HTML_PAGE_SELECT15_2_4_3_2,select15_2_4_3_2
8028,HTML_PAGE_SELECT15_2_4_3_3,select15_2_4_3_3
8029,HTML_PAGE_SELECT15_2_4_3_4,select15_2_4_3_4
8030,HTML_PAGE_SELECT15_2_4_4,select15_2_4_4
8031,HTML_PAGE_SELECT15_2_4_4_1,select15_2_4_4_1
8032,HTML_PAGE_SELECT15_2_4_4_2,select15_2_4_4_2
8033,HTML_PAGE_SELECT15_2_4_4_3,select15_2_4_4_3
8034,HTML_PAGE_SELECT15_2_4_4_4,select15_2_4_4_4
8035,HTML_PAGE_SELECT15_3,select15_3
8036,HTML_PAGE_SELECT15_3_1,select15_3_1
8037,HTML_PAGE_SELECT15_3_1_1,select15_3_1_1
8038,HTML_PAGE_SELECT15_3_1_1_1,select15_3_1_1_1
8039,HTML_PAGE_SELECT15_3_1_1_2,select15_3_1_1_2
8040,HTML_PAGE_SELECT15_3_1_1_3,select15_3_1_1_3
8041,HTML_PAGE_SELECT15_3_1_1_4,select15_3_1_1_4
8042,HTML_PAGE_SELECT15_3_1_2,select15_3_1_2
8043,HTML_PAGE_SELECT15_3_1_2_1,select15_3_1_2_1
8044,HTML_PAGE_SELECT15_3_1_2_2,select15_3_1_2_2
8045,HTML_PAGE_SELECT15_3_1_2_3,select15_3_1_2_3
8046,HTML_PAGE_SELECT15_3_1_2_4,select15_3_1_2_4
8047,HTML_PAGE_SELECT15_3_1_3,select15_3_1_3
8048,HTML_PAGE_SELECT15_3_1_3_1,select15_3_1_3_1
8049,HTML_PAGE_SELECT15_3_1_3_2,select15_3_1_3_2
8050,HTML_PAGE_SELECT15_3_1_3_3,select15_3_1_3_3
8051,HTML_PAGE_SELECT15_3_1_3_4,select15_3_1_3_4
8052,HTML_PAGE_SELECT15_3_1_4,select15_3_1_4
8053,HTML_PAGE_SELECT15_3_1_4_1,select15_3_1_4_1
8054,HTML_PAGE_SELECT15_3_1_4_2,select15_3_1_4_2
8055,HTML_PAGE_SELECT15_3_1_4_3,select15_3_1_4_3
8056,HTML_PAGE_SELECT15_3_1_4_4,select15_3_1_4_4
8057,HTML_PAGE_SELECT15_3_2,select15_3_2
8058,HTML_PAGE_SELECT15_3_2_1,select15_3_2_1
8059,HTML_PAGE_SELECT15_3_2_1_1,select15_3_2_1_1
8060,HTML_PAGE_SELECT15_3_2_1_2,select15_3_2_1_2
8061,HTML_PAGE_SELECT15_3_2_1_3,select15_3_2_1_3
8062,HTML_PAGE_SELECT15_3_2_1_4,select15_3_2_1_4
8063,HTML_PAGE_SELECT15_3_2_2,select15_3_2_2
8064,HTML_PAGE_SELECT15_3_2_2_1,select15_3_2_2_1
8065,HTML_PAGE_SELECT15_3_2_2_2,select15_3_2_2_2
8066,HTML_PAGE_SELECT15_3_2_2_3,select15_3_2_2_3
8067,HTML_PAGE_SELECT15_3_2_2_4,select15_3_2_2_4
8068,HTML_PAGE_SELECT15_3_2_3,select15_3_2_3
8069,HTML_PAGE_SELECT15_3_2_3_1,select15_3_2_3_1
8070,HTML_PAGE_SELECT15_3_2_3_2,select15_3_2_3_2
8071,HTML_PAGE_SELECT15_3_2_3_3,select15_3_2_3_3
8072,HTML_PAGE_SELECT15_3_2_3_4,select15_3_2_3_4
8073,HTML_PAGE_SELECT15_3_2_4,select15_3_2_4
8074,HTML_PAGE_SELECT15_3_2_4_1,select15_3_2_4_1
8075,HTML_PAGE_SELECT15_3_2_4_2,select15_3_2_4_2
8076,HTML_PAGE_SELECT15_3_2_4_3,select15_3_2_4_3
8077,HTML_PAGE_SELECT15_3_2_4_4,select15_3_2_4_4
8078,HTML_PAGE_SELECT15_3_3,select15_3_3
8079,HTML_PAGE_SELECT15_3_3_1,select15_3_3_1
8080,HTML_PAGE_SELECT15_3_3_1_1,select15_3_3_1_1
8081,HTML_PAGE_SELECT15_3_3_1_2,select15_3_3_1_2
8082,HTML_PAGE_SELECT15_3_3_1_3,select15_3_3_1_3
8083,HTML_PAGE_SELECT15_3_3_1_4,select15_3_3_1_4
8084,HTML_PAGE_SELECT15_3_3_2,select15_3_3_2
8085,HTML_PAGE_SELECT15_3_3_2_1,select15_3_3_2_1
8086,HTML_PAGE_SELECT15_3_3_2_2,select15_3_3_2_2
8087,HTML_PAGE_SELECT15_3_3_2_3,select15_3_3_2_3
8088,HTML_PAGE_SELECT15_3_3_2_4,select15_3_3_2_4
8089,HTML_PAGE_SELECT15_3_3_3,select15_3_3_3
8090,HTML_PAGE_SELECT15_3_3_3_1,select15_3_3_3_1
8091,HTML_PAGE_SELECT15_3_3_3_2,select15_3_3_3_2
8092,HTML_PAGE_SELECT15_3_3_3_3,select15_3_3_3_3
8093,HTML_PAGE_SELECT15_3_3_3_4,select15_3_3_3_4
8094,HTML_PAGE_SELECT15_3_3_4,select15_3_3_4
8095,HTML_PAGE_SELECT15_3_3_4_1,select15_3_3_4_1
8096,HTML_PAGE_SELECT15_3_3_4_2,select15_3_3_4_2
8097,HTML_PAGE_SELECT15_3_3_4_3,select15_3_3_4_3
8098,HTML_PAGE_SELECT15_3_3_4_4,select15_3_3_4_4
8099,HTML_PAGE_SELECT15_3_4,select15_3_4
8100,HTML_PAGE_SELECT15_3_4_1,select15_3_4_1
8101,HTML_PAGE_SELECT15_3_4_1_1,select15_3_4_1_1
8102,HTML_PAGE_SELECT15_3_4_1_2,select15_3_4_1_2
8103,HTML_PAGE_SELECT15_3_4_1_3,select15_3_4_1_3
8104,HTML_PAGE_SELECT15_3_4_1_4,select15_3_4_1_4
8105,HTML_PAGE_SELECT15_3_4_2,select15_3_4_2
8106,HTML_PAGE_SELECT15_3_4_2_1,select15_3_4_2_1
8107,HTML_PAGE_SELECT15_3_4_2_2,select15_3_4_2_2
8108,HTML_PAGE_SELECT15_3_4_2_3,select15_3_4_2_3
8109,HTML_PAGE_SELECT15_3_4_2_4,select15_3_4_2_4
8110,HTML_PAGE_SELECT15_3_4_3,select15_3_4_3
8111,HTML_PAGE_SELECT15_3_4_3_1,select15_3_4_3_1
8112,HTML_PAGE_SELECT15_3_4_3_2,select15_3_4_3_2
8113,HTML_PAGE_SELECT15_3_4_3_3,select15_3_4_3_3
8114,HTML_PAGE_SELECT15_3_4_3_4,select15_3_4_3_4
8115,HTML_PAGE_SELECT15_3_4_4,select15_3_4_4
8116,HTML_PAGE_SELECT15_3_4_4_1,select15_3_4_4_1
8117,HTML_PAGE_SELECT15_3_4_4_2,select15_3_4_4_2
8118,HTML_PAGE_SELECT15_3_4_4_3,select15_3_4_4_3
8119,HTML_PAGE_SELECT15_3_4_4_4,select15_3_4_4_4
8120,HTML_PAGE_SELECT15_4,select15_4
8121,HTML_PAGE_SELECT15_4_1,select15_4_1
8122,HTML_PAGE_SELECT15_4_1_1,select15_4_1_1
8123,HTML_PAGE_SELECT15_4_1_1_1,select15_4_1_1_1
8124,HTML_PAGE_SELECT15_4_1_1_2,select15_4_1_1_2
8125,HTML_PAGE_SELECT15_4_1_1_3,select15_4_1_1_3
8126,HTML_PAGE_SELECT15_4_1_1_4,select15_4_1_1_4
8127,HTML_PAGE_SELECT15_4_1_2,select15_4_1_2
8128,HTML_PAGE_SELECT15_4_1_2_1,select15_4_1_2_1
8129,HTML_PAGE_SELECT15_4_1_2_2,select15_4_1_2_2
8130,HTML_PAGE_SELECT15_4_1_2_3,select15_4_1_2_3
8131,HTML_PAGE_SELECT15_4_1_2_4,select15_4_1_2_4
8132,HTML_PAGE_SELECT15_4_1_3,select15_4_1_3
8133,HTML_PAGE_SELECT15_4_1_3_1,select15_4_1_3_1
8134,HTML_PAGE_SELECT15_4_1_3_2,select15_4_1_3_2
8135,HTML_PAGE_SELECT15_4_1_3_3,select15_4_1_3_3
8136,HTML_PAGE_SELECT15_4_1_3_4,select15_4_1_3_4
8137,HTML_PAGE_SELECT15_4_1_4,select15_4_1_4
8138,HTML_PAGE_SELECT15_4_1_4_1,select15_4_1_4_1
8139,HTML_PAGE_SELECT15_4_1_4_2,select15_4_1_4_2
8140,HTML_PAGE_SELECT15_4_1_4_3,select15_4_1_4_3
8141,HTML_PAGE_SELECT15_4_1_4_4,select15_4_1_4_4
8142,HTML_PAGE_SELECT15_4_2,select15_4_2
8143,HTML_PAGE_SELECT15_4_2_1,select15_4_2_1
8144,HTML_PAGE_SELECT15_4_2_1_1,select15_4_2_1_1
8145,HTML_PAGE_SELECT15_4_2_1_2,select15_4_2_1_2
8146,HTML_PAGE_SELECT15_4_2_1_3,select15_4_2_1_3
8147,HTML_PAGE_SELECT15_4_2_1_4,select15_4_2_1_4
8148,HTML_PAGE_SELECT15_4_2_2,select15_4_2_2
8149,HTML_PAGE_SELECT15_4_2_2_1,select15_4_2_2_1
8150,HTML_PAGE_SELECT15_4_2_2_2,select15_4_2_2_2
8151,HTML_PAGE_SELECT15_4_2_2_3,select15_4_2_2_3
8152,HTML_PAGE_SELECT15_4_2_2_4,select15_4_2_2_4
8153,HTML_PAGE_SELECT15_4_2_3,select15_4_2_3
8154,HTML_PAGE_SELECT15_4_2_3_1,select15_4_2_3_1
8155,HTML_PAGE_SELECT15_4_2_3_2,select15_4_2_3_2
8156,HTML_PAGE_SELECT15_4_2_3_3,select15_4_2_3_3
8157,HTML_PAGE_SELECT15_4_2_3_4,select15_4_2_3_4
8158,HTML_PAGE_SELECT15_4_2_4,select15_4_2_4
8159,HTML_PAGE_SELECT15_4_2_4_1,select15_4_2_4_1
8160,HTML_PAGE_SELECT15_4_2_4_2,select15_4_2_4_2
8161,HTML_PAGE_SELECT15_4_2_4_3,select15_4_2_4_3
8162,HTML_PAGE_SELECT15_4_2_4_4,select15_4_2_4_4
8163,HTML_PAGE_SELECT15_4_3,select15_4_3
8164,HTML_PAGE_SELECT15_4_3_1,select15_4_3_1
8165,HTML_PAGE_SELECT15_4_3_1_1,select15_4_3_1_1
8166,HTML_PAGE_SELECT15_4_3_1_2,select15_4_3_1_2
8167,HTML_PAGE_SELECT15_4_3_1_3,select15_4_3_1_3
8168,HTML_PAGE_SELECT15_4_3_1_4,select15_4_3_1_4
8169,HTML_PAGE_SELECT15_4_3_2,select15_4_3_2
8170,HTML_PAGE_SELECT15_4_3_2_1,select15_4_3_2_1
8171,HTML_PAGE_SELECT15_4_3_2_2,select15_4_3_2_2
8172,HTML_PAGE_SELECT15_4_3_2_3,select15_4_3_2_3
8173,HTML_PAGE_SELECT15_4_3_2_4,select15_4_3_2_4
8174,HTML_PAGE_SELECT15_4_3_3,select15_4_3_3
8175,HTML_PAGE_SELECT15_4_3_3_1,select15_4_3_3_1
8176,HTML_PAGE_SELECT15_4_3_3_2,select15_4_3_3_2
8177,HTML_PAGE_SELECT15_4_3_3_3,select15_4_3_3_3
8178,HTML_PAGE_SELECT15_4_3_3_4,select15_4_3_3_4
8179,HTML_PAGE_SELECT15_4_3_4,select15_4_3_4
8180,HTML_PAGE_SELECT15_4_3_4_1,select15_4_3_4_1
8181,HTML_PAGE_SELECT15_4_3_4_2,select15_4_3_4_2
8182,HTML_PAGE_SELECT15_4_3_4_3,select15_4_3_4_3
8183,HTML_PAGE_SELECT15_4_3_4_4,select15_4_3_4_4
8184,HTML_PAGE_SELECT15_4_4,select15_4_4
8185,HTML_PAGE_SELECT15_4_4_1,select15_4_4_1
8186,HTML_PAGE_SELECT15_4_4_1_1,select15_4_4_1_1
8187,HTML_PAGE_SELECT15_4_4_1_2,select15_4_4_1_2
8188,HTML_PAGE_SELECT15_4_4_1_3,select15_4_4_1_3
8189,HTML_PAGE_SELECT15_4_4_1_4,select15_4_4_1_4
8190,HTML_PAGE_SELECT15_4_4_2,select15_4_4_2
8191,HTML_PAGE_SELECT15_4_4_2_1,select15_4_4_2_1
8192,HTML_PAGE_SELECT15_4_4_2_2,select15_4_4_2_2
8193,HTML_PAGE_SELECT15_4_4_2_3,select15_4_4_2_3
8194,HTML_PAGE_SELECT15_4_4_2_4,select15_4_4_2_4
8195,HTML_PAGE_SELECT15_4_4_3,select15_4_4_3
8196,HTML_PAGE_SELECT15_4_4_3_1,select15_4_4_3_1
8197,HTML_PAGE_SELECT15_4_4_3_2,select15_4_4_3_2
8198,HTML_PAGE_SELECT15_4_4_3_3,select15_4_4_3_3
8199,HTML_PAGE_SELECT15_4_4_3_4,select15_4_4_3_4
8200,HTML_PAGE_SELECT15_4_4_4,select15_4_4_4
8201,HTML_PAGE_SELECT15_4_4_4_1,select15_4_4_4_1
8202,HTML_PAGE_SELECT15_4_4_4_2,select15_4_4_4_2
8203,HTML_PAGE_SELECT15_4_4_4_3,select15_4_4_4_3
8204,HTML_PAGE_SELECT15_4_4_4_4,select15_4_4_4_4
10000,HTML_PAGE_CHECK_USER_ITEM_OK,check_user_item_ok
10001,HTML_PAGE_CHECK_USER_ITEM_FAIL,check_user_item_fail
10002,HTML_PAGE_DEFAULT_SUCCESS,select_success
