action_id,action_constant
-1,HACTION_ERROR
1,HACTION_NULL
2,HACTION_BUY
3,HACTION_SELL
4,HACTION_OPEN_STIGMA_WINDOW
5,HACTION_CREATE_GUILD
6,HACTION_DISPERSE_GUILD
7,HACTION_RECREATE_GUILD
8,HACTION_SELECTED_QUEST_REWARD1
9,HACTION_SELECTED_QUEST_REWARD2
10,HACTION_SELECTED_QUEST_REWARD3
11,HACTION_SELECTED_QUEST_REWARD4
12,HACTION_SELECTED_QUEST_REWARD5
13,HACTION_SELECTED_QUEST_REWARD6
14,HACTION_SELECTED_QUEST_REWARD7
15,HACTION_SELECTED_QUEST_REWARD8
16,HACTION_SELECTED_QUEST_REWARD9
17,HACTION_SELECTED_QUEST_REWARD10
18,HACTION_SELECTED_QUEST_REWARD11
19,HACTION_SELECTED_QUEST_REWARD12
20,HACTION_SELECTED_QUEST_REWARD13
21,HACTION_SELECTED_QUEST_REWARD14
22,HACTION_SELECTED_QUEST_REWARD15
23,HACTION_SELECTED_QUEST_NOREWARD
24,HACTION_RESURRECT_PET
25,HACTION_RETRIEVE_CHAR_WAREHOUSE
26,HACTION_DEPOSIT_CHAR_WAREHOUSE
27,HACTION_RETRIEVE_ACCOUNT_WAREHOUSE
28,HACTION_DEPOSIT_ACCOUNT_WAREHOUSE
29,HACTION_QUEST_ACCEPT
30,HACTION_QUEST_REFUSE
31,HACTION_QUEST_SELECT
32,HACTION_OPEN_QUEST_WINDOW
33,HACTION_OPEN_VENDOR
34,HACTION_RESURRECT_BIND
35,HACTION_RECOVERY
36,HACTION_ENTER_PVP
37,HACTION_LEAVE_PVP
38,HACTION_OPEN_POSTBOX
39,HACTION_CHECK_USER_HAS_QUEST_ITEM
40,HACTION_DIC
41,HACTION_GIVE_ITEM_PROC
42,HACTION_REMOVE_ITEM_OPTION
43,HACTION_CHANGE_ITEM_SKIN
44,HACTION_AIRLINE_SERVICE
45,HACTION_GATHER_SKILL_LEVELUP
46,HACTION_COMBINE_SKILL_LEVELUP
47,HACTION_EXTEND_INVENTORY
48,HACTION_EXTEND_CHAR_WAREHOUSE
49,HACTION_EXTEND_ACCOUNT_WAREHOUSE
50,HACTION_GUILD_LEVELUP
51,HACTION_GUILD_CREATE_EMBLEM
52,HACTION_GUILD_CHANGE_EMBLEM
53,HACTION_OPEN_GUILD_WAREHOUSE
54,HACTION_OPEN_PERSONAL_WAREHOUSE
55,HACTION_BUY_BY_AP
56,HACTION_CLOSE_GUILD_WAREHOUSE
57,HACTION_PASS_DOORMAN
58,HACTION_COMBINE_TASK
59,HACTION_EXCHANGE_COIN
60,HACTION_SHOW_CUTSCENE
61,HACTION_EDIT_CHARACTER_ALL
62,HACTION_EDIT_CHARACTER_GENDER
63,HACTION_MATCH_MAKER
64,HACTION_MAKE_MERCENARY
65,HACTION_INSTANCE_ENTRY
66,HACTION_COMPOUND_WEAPON
67,HACTION_DECOMPOUND_WEAPON
68,HACTION_FACTION_JOIN
69,HACTION_FACTION_SEPARATE
70,HACTION_BUY_AGAIN
71,HACTION_FUNC_PET_ADOPT
72,HACTION_FUNC_PET_ABANDON
73,HACTION_HOUSING_BUILD
74,HACTION_HOUSING_DESTRUCT
75,HACTION_CHARGE_ITEM_SINGLE
76,HACTION_CHARGE_ITEM_MULTI
77,HACTION_INSTANCE_PARTY_MATCH
78,HACTION_TRADE_IN
79,HACTION_GIVEUP_CRAFT_EXPERT
80,HACTION_GIVEUP_CRAFT_MASTER
81,HACTION_HOUSING_BUDDY_LIST
82,HACTION_HOUSING_RANDOM_TELEPORT
83,HACTION_HOUSING_PERSONAL_INS_TELEPORT
84,HACTION_HOUSING_PERSONAL_AUCTION
85,HACTION_HOUSING_PAY_RENT
86,HACTION_HOUSING_KICK
87,HACTION_HOUSING_CHANGE_BUILDING
88,HACTION_HOUSING_CONFIG
89,HACTION_HOUSING_GIVEUP
90,HACTION_HOUSING_CANCEL_GIVEUP
91,HACTION_HOUSING_CREATE_PERSONAL_INS
92,HACTION_FUNC_PET_H_ADOPT
93,HACTION_FUNC_PET_H_ABANDON
94,HACTION_CHARGE_ITEM_SINGLE2
95,HACTION_CHARGE_ITEM_MULTI2
96,HACTION_HOUSING_RECREATE_PERSONAL_INS
97,HACTION_HOUSING_LIKE
98,HACTION_HOUSING_SCRIPT
99,HACTION_HOUSING_GUESTBOOK
100,HACTION_TOWN_CHALLENGE
101,HACTION_AP_SELL
103,HACTION_TRADE_SELL_LIST
104,HACTION_TELEPORT_SIMPLE
105,HACTION_OPEN_INSTANCE_RECRUIT
106,HACTION_MOVE_ITEM_SKIN
107,HACTION_TRADE_IN_UPGRADE
108,HACTION_SELECTED_QUEST_AUTO_REWARD
109,HACTION_ITEM_UPGRADE
110,HACTION_SELECTED_QUEST_AUTO_REWARD1
111,HACTION_SELECTED_QUEST_AUTO_REWARD2
112,HACTION_SELECTED_QUEST_AUTO_REWARD3
113,HACTION_SELECTED_QUEST_AUTO_REWARD4
114,HACTION_SELECTED_QUEST_AUTO_REWARD5
115,HACTION_SELECTED_QUEST_AUTO_REWARD6
116,HACTION_SELECTED_QUEST_AUTO_REWARD7
117,HACTION_SELECTED_QUEST_AUTO_REWARD8
118,HACTION_SELECTED_QUEST_AUTO_REWARD9
119,HACTION_SELECTED_QUEST_AUTO_REWARD10
120,HACTION_SELECTED_QUEST_AUTO_REWARD11
121,HACTION_SELECTED_QUEST_AUTO_REWARD12
122,HACTION_SELECTED_QUEST_AUTO_REWARD13
123,HACTION_SELECTED_QUEST_AUTO_REWARD14
124,HACTION_SELECTED_QUEST_AUTO_REWARD15
125,HACTION_OPEN_STIGMA_ENCHANT
126,HACTION_ITEM_REPLACE
127,HACTION_SELECTED_QUEST_GOLD_REWARD
128,HACTION_RECOVERY2
1000,HACTION_CUSTOM1
1001,HACTION_CUSTOM2
1002,HACTION_QUEST_ACCEPT_1
1003,HACTION_QUEST_REFUSE_1
1004,HACTION_QUEST_REFUSE_2
1005,HACTION_QUEST_REFUSE_3
1006,HACTION_QUEST_REFUSE_4
1007,HACTION_ASK_QUEST_ACCEPT
1008,HACTION_FINISH_DIALOG
1009,HACTION_SELECT_QUEST_REWARD
1011,HACTION_SELECT1
1012,HACTION_SELECT1_1
1013,HACTION_SELECT1_1_1
1014,HACTION_SELECT1_1_1_1
1015,HACTION_SELECT1_1_1_1_1
1016,HACTION_SELECT1_1_1_1_2
1017,HACTION_SELECT1_1_1_1_3
1018,HACTION_SELECT1_1_1_1_4
1019,HACTION_SELECT1_1_1_2
1020,HACTION_SELECT1_1_1_2_1
1021,HACTION_SELECT1_1_1_2_2
1022,HACTION_SELECT1_1_1_2_3
1023,HACTION_SELECT1_1_1_2_4
1024,HACTION_SELECT1_1_1_3
1025,HACTION_SELECT1_1_1_3_1
1026,HACTION_SELECT1_1_1_3_2
1027,HACTION_SELECT1_1_1_3_3
1028,HACTION_SELECT1_1_1_3_4
1029,HACTION_SELECT1_1_1_4
1030,HACTION_SELECT1_1_1_4_1
1031,HACTION_SELECT1_1_1_4_2
1032,HACTION_SELECT1_1_1_4_3
1033,HACTION_SELECT1_1_1_4_4
1034,HACTION_SELECT1_1_2
1035,HACTION_SELECT1_1_2_1
1036,HACTION_SELECT1_1_2_1_1
1037,HACTION_SELECT1_1_2_1_2
1038,HACTION_SELECT1_1_2_1_3
1039,HACTION_SELECT1_1_2_1_4
1040,HACTION_SELECT1_1_2_2
1041,HACTION_SELECT1_1_2_2_1
1042,HACTION_SELECT1_1_2_2_2
1043,HACTION_SELECT1_1_2_2_3
1044,HACTION_SELECT1_1_2_2_4
1045,HACTION_SELECT1_1_2_3
1046,HACTION_SELECT1_1_2_3_1
1047,HACTION_SELECT1_1_2_3_2
1048,HACTION_SELECT1_1_2_3_3
1049,HACTION_SELECT1_1_2_3_4
1050,HACTION_SELECT1_1_2_4
1051,HACTION_SELECT1_1_2_4_1
1052,HACTION_SELECT1_1_2_4_2
1053,HACTION_SELECT1_1_2_4_3
1054,HACTION_SELECT1_1_2_4_4
1055,HACTION_SELECT1_1_3
1056,HACTION_SELECT1_1_3_1
1057,HACTION_SELECT1_1_3_1_1
1058,HACTION_SELECT1_1_3_1_2
1059,HACTION_SELECT1_1_3_1_3
1060,HACTION_SELECT1_1_3_1_4
1061,HACTION_SELECT1_1_3_2
1062,HACTION_SELECT1_1_3_2_1
1063,HACTION_SELECT1_1_3_2_2
1064,HACTION_SELECT1_1_3_2_3
1065,HACTION_SELECT1_1_3_2_4
1066,HACTION_SELECT1_1_3_3
1067,HACTION_SELECT1_1_3_3_1
1068,HACTION_SELECT1_1_3_3_2
1069,HACTION_SELECT1_1_3_3_3
1070,HACTION_SELECT1_1_3_3_4
1071,HACTION_SELECT1_1_3_4
1072,HACTION_SELECT1_1_3_4_1
1073,HACTION_SELECT1_1_3_4_2
1074,HACTION_SELECT1_1_3_4_3
1075,HACTION_SELECT1_1_3_4_4
1076,HACTION_SELECT1_1_4
1077,HACTION_SELECT1_1_4_1
1078,HACTION_SELECT1_1_4_1_1
1079,HACTION_SELECT1_1_4_1_2
1080,HACTION_SELECT1_1_4_1_3
1081,HACTION_SELECT1_1_4_1_4
1082,HACTION_SELECT1_1_4_2
1083,HACTION_SELECT1_1_4_2_1
1084,HACTION_SELECT1_1_4_2_2
1085,HACTION_SELECT1_1_4_2_3
1086,HACTION_SELECT1_1_4_2_4
1087,HACTION_SELECT1_1_4_3
1088,HACTION_SELECT1_1_4_3_1
1089,HACTION_SELECT1_1_4_3_2
1090,HACTION_SELECT1_1_4_3_3
1091,HACTION_SELECT1_1_4_3_4
1092,HACTION_SELECT1_1_4_4
1093,HACTION_SELECT1_1_4_4_1
1094,HACTION_SELECT1_1_4_4_2
1095,HACTION_SELECT1_1_4_4_3
1096,HACTION_SELECT1_1_4_4_4
1097,HACTION_SELECT1_2
1098,HACTION_SELECT1_2_1
1099,HACTION_SELECT1_2_1_1
1100,HACTION_SELECT1_2_1_1_1
1101,HACTION_SELECT1_2_1_1_2
1102,HACTION_SELECT1_2_1_1_3
1103,HACTION_SELECT1_2_1_1_4
1104,HACTION_SELECT1_2_1_2
1105,HACTION_SELECT1_2_1_2_1
1106,HACTION_SELECT1_2_1_2_2
1107,HACTION_SELECT1_2_1_2_3
1108,HACTION_SELECT1_2_1_2_4
1109,HACTION_SELECT1_2_1_3
1110,HACTION_SELECT1_2_1_3_1
1111,HACTION_SELECT1_2_1_3_2
1112,HACTION_SELECT1_2_1_3_3
1113,HACTION_SELECT1_2_1_3_4
1114,HACTION_SELECT1_2_1_4
1115,HACTION_SELECT1_2_1_4_1
1116,HACTION_SELECT1_2_1_4_2
1117,HACTION_SELECT1_2_1_4_3
1118,HACTION_SELECT1_2_1_4_4
1119,HACTION_SELECT1_2_2
1120,HACTION_SELECT1_2_2_1
1121,HACTION_SELECT1_2_2_1_1
1122,HACTION_SELECT1_2_2_1_2
1123,HACTION_SELECT1_2_2_1_3
1124,HACTION_SELECT1_2_2_1_4
1125,HACTION_SELECT1_2_2_2
1126,HACTION_SELECT1_2_2_2_1
1127,HACTION_SELECT1_2_2_2_2
1128,HACTION_SELECT1_2_2_2_3
1129,HACTION_SELECT1_2_2_2_4
1130,HACTION_SELECT1_2_2_3
1131,HACTION_SELECT1_2_2_3_1
1132,HACTION_SELECT1_2_2_3_2
1133,HACTION_SELECT1_2_2_3_3
1134,HACTION_SELECT1_2_2_3_4
1135,HACTION_SELECT1_2_2_4
1136,HACTION_SELECT1_2_2_4_1
1137,HACTION_SELECT1_2_2_4_2
1138,HACTION_SELECT1_2_2_4_3
1139,HACTION_SELECT1_2_2_4_4
1140,HACTION_SELECT1_2_3
1141,HACTION_SELECT1_2_3_1
1142,HACTION_SELECT1_2_3_1_1
1143,HACTION_SELECT1_2_3_1_2
1144,HACTION_SELECT1_2_3_1_3
1145,HACTION_SELECT1_2_3_1_4
1146,HACTION_SELECT1_2_3_2
1147,HACTION_SELECT1_2_3_2_1
1148,HACTION_SELECT1_2_3_2_2
1149,HACTION_SELECT1_2_3_2_3
1150,HACTION_SELECT1_2_3_2_4
1151,HACTION_SELECT1_2_3_3
1152,HACTION_SELECT1_2_3_3_1
1153,HACTION_SELECT1_2_3_3_2
1154,HACTION_SELECT1_2_3_3_3
1155,HACTION_SELECT1_2_3_3_4
1156,HACTION_SELECT1_2_3_4
1157,HACTION_SELECT1_2_3_4_1
1158,HACTION_SELECT1_2_3_4_2
1159,HACTION_SELECT1_2_3_4_3
1160,HACTION_SELECT1_2_3_4_4
1161,HACTION_SELECT1_2_4
1162,HACTION_SELECT1_2_4_1
1163,HACTION_SELECT1_2_4_1_1
1164,HACTION_SELECT1_2_4_1_2
1165,HACTION_SELECT1_2_4_1_3
1166,HACTION_SELECT1_2_4_1_4
1167,HACTION_SELECT1_2_4_2
1168,HACTION_SELECT1_2_4_2_1
1169,HACTION_SELECT1_2_4_2_2
1170,HACTION_SELECT1_2_4_2_3
1171,HACTION_SELECT1_2_4_2_4
1172,HACTION_SELECT1_2_4_3
1173,HACTION_SELECT1_2_4_3_1
1174,HACTION_SELECT1_2_4_3_2
1175,HACTION_SELECT1_2_4_3_3
1176,HACTION_SELECT1_2_4_3_4
1177,HACTION_SELECT1_2_4_4
1178,HACTION_SELECT1_2_4_4_1
1179,HACTION_SELECT1_2_4_4_2
1180,HACTION_SELECT1_2_4_4_3
1181,HACTION_SELECT1_2_4_4_4
1182,HACTION_SELECT1_3
1183,HACTION_SELECT1_3_1
1184,HACTION_SELECT1_3_1_1
1185,HACTION_SELECT1_3_1_1_1
1186,HACTION_SELECT1_3_1_1_2
1187,HACTION_SELECT1_3_1_1_3
1188,HACTION_SELECT1_3_1_1_4
1189,HACTION_SELECT1_3_1_2
1190,HACTION_SELECT1_3_1_2_1
1191,HACTION_SELECT1_3_1_2_2
1192,HACTION_SELECT1_3_1_2_3
1193,HACTION_SELECT1_3_1_2_4
1194,HACTION_SELECT1_3_1_3
1195,HACTION_SELECT1_3_1_3_1
1196,HACTION_SELECT1_3_1_3_2
1197,HACTION_SELECT1_3_1_3_3
1198,HACTION_SELECT1_3_1_3_4
1199,HACTION_SELECT1_3_1_4
1200,HACTION_SELECT1_3_1_4_1
1201,HACTION_SELECT1_3_1_4_2
1202,HACTION_SELECT1_3_1_4_3
1203,HACTION_SELECT1_3_1_4_4
1204,HACTION_SELECT1_3_2
1205,HACTION_SELECT1_3_2_1
1206,HACTION_SELECT1_3_2_1_1
1207,HACTION_SELECT1_3_2_1_2
1208,HACTION_SELECT1_3_2_1_3
1209,HACTION_SELECT1_3_2_1_4
1210,HACTION_SELECT1_3_2_2
1211,HACTION_SELECT1_3_2_2_1
1212,HACTION_SELECT1_3_2_2_2
1213,HACTION_SELECT1_3_2_2_3
1214,HACTION_SELECT1_3_2_2_4
1215,HACTION_SELECT1_3_2_3
1216,HACTION_SELECT1_3_2_3_1
1217,HACTION_SELECT1_3_2_3_2
1218,HACTION_SELECT1_3_2_3_3
1219,HACTION_SELECT1_3_2_3_4
1220,HACTION_SELECT1_3_2_4
1221,HACTION_SELECT1_3_2_4_1
1222,HACTION_SELECT1_3_2_4_2
1223,HACTION_SELECT1_3_2_4_3
1224,HACTION_SELECT1_3_2_4_4
1225,HACTION_SELECT1_3_3
1226,HACTION_SELECT1_3_3_1
1227,HACTION_SELECT1_3_3_1_1
1228,HACTION_SELECT1_3_3_1_2
1229,HACTION_SELECT1_3_3_1_3
1230,HACTION_SELECT1_3_3_1_4
1231,HACTION_SELECT1_3_3_2
1232,HACTION_SELECT1_3_3_2_1
1233,HACTION_SELECT1_3_3_2_2
1234,HACTION_SELECT1_3_3_2_3
1235,HACTION_SELECT1_3_3_2_4
1236,HACTION_SELECT1_3_3_3
1237,HACTION_SELECT1_3_3_3_1
1238,HACTION_SELECT1_3_3_3_2
1239,HACTION_SELECT1_3_3_3_3
1240,HACTION_SELECT1_3_3_3_4
1241,HACTION_SELECT1_3_3_4
1242,HACTION_SELECT1_3_3_4_1
1243,HACTION_SELECT1_3_3_4_2
1244,HACTION_SELECT1_3_3_4_3
1245,HACTION_SELECT1_3_3_4_4
1246,HACTION_SELECT1_3_4
1247,HACTION_SELECT1_3_4_1
1248,HACTION_SELECT1_3_4_1_1
1249,HACTION_SELECT1_3_4_1_2
1250,HACTION_SELECT1_3_4_1_3
1251,HACTION_SELECT1_3_4_1_4
1252,HACTION_SELECT1_3_4_2
1253,HACTION_SELECT1_3_4_2_1
1254,HACTION_SELECT1_3_4_2_2
1255,HACTION_SELECT1_3_4_2_3
1256,HACTION_SELECT1_3_4_2_4
1257,HACTION_SELECT1_3_4_3
1258,HACTION_SELECT1_3_4_3_1
1259,HACTION_SELECT1_3_4_3_2
1260,HACTION_SELECT1_3_4_3_3
1261,HACTION_SELECT1_3_4_3_4
1262,HACTION_SELECT1_3_4_4
1263,HACTION_SELECT1_3_4_4_1
1264,HACTION_SELECT1_3_4_4_2
1265,HACTION_SELECT1_3_4_4_3
1266,HACTION_SELECT1_3_4_4_4
1267,HACTION_SELECT1_4
1268,HACTION_SELECT1_4_1
1269,HACTION_SELECT1_4_1_1
1270,HACTION_SELECT1_4_1_1_1
1271,HACTION_SELECT1_4_1_1_2
1272,HACTION_SELECT1_4_1_1_3
1273,HACTION_SELECT1_4_1_1_4
1274,HACTION_SELECT1_4_1_2
1275,HACTION_SELECT1_4_1_2_1
1276,HACTION_SELECT1_4_1_2_2
1277,HACTION_SELECT1_4_1_2_3
1278,HACTION_SELECT1_4_1_2_4
1279,HACTION_SELECT1_4_1_3
1280,HACTION_SELECT1_4_1_3_1
1281,HACTION_SELECT1_4_1_3_2
1282,HACTION_SELECT1_4_1_3_3
1283,HACTION_SELECT1_4_1_3_4
1284,HACTION_SELECT1_4_1_4
1285,HACTION_SELECT1_4_1_4_1
1286,HACTION_SELECT1_4_1_4_2
1287,HACTION_SELECT1_4_1_4_3
1288,HACTION_SELECT1_4_1_4_4
1289,HACTION_SELECT1_4_2
1290,HACTION_SELECT1_4_2_1
1291,HACTION_SELECT1_4_2_1_1
1292,HACTION_SELECT1_4_2_1_2
1293,HACTION_SELECT1_4_2_1_3
1294,HACTION_SELECT1_4_2_1_4
1295,HACTION_SELECT1_4_2_2
1296,HACTION_SELECT1_4_2_2_1
1297,HACTION_SELECT1_4_2_2_2
1298,HACTION_SELECT1_4_2_2_3
1299,HACTION_SELECT1_4_2_2_4
1300,HACTION_SELECT1_4_2_3
1301,HACTION_SELECT1_4_2_3_1
1302,HACTION_SELECT1_4_2_3_2
1303,HACTION_SELECT1_4_2_3_3
1304,HACTION_SELECT1_4_2_3_4
1305,HACTION_SELECT1_4_2_4
1306,HACTION_SELECT1_4_2_4_1
1307,HACTION_SELECT1_4_2_4_2
1308,HACTION_SELECT1_4_2_4_3
1309,HACTION_SELECT1_4_2_4_4
1310,HACTION_SELECT1_4_3
1311,HACTION_SELECT1_4_3_1
1312,HACTION_SELECT1_4_3_1_1
1313,HACTION_SELECT1_4_3_1_2
1314,HACTION_SELECT1_4_3_1_3
1315,HACTION_SELECT1_4_3_1_4
1316,HACTION_SELECT1_4_3_2
1317,HACTION_SELECT1_4_3_2_1
1318,HACTION_SELECT1_4_3_2_2
1319,HACTION_SELECT1_4_3_2_3
1320,HACTION_SELECT1_4_3_2_4
1321,HACTION_SELECT1_4_3_3
1322,HACTION_SELECT1_4_3_3_1
1323,HACTION_SELECT1_4_3_3_2
1324,HACTION_SELECT1_4_3_3_3
1325,HACTION_SELECT1_4_3_3_4
1326,HACTION_SELECT1_4_3_4
1327,HACTION_SELECT1_4_3_4_1
1328,HACTION_SELECT1_4_3_4_2
1329,HACTION_SELECT1_4_3_4_3
1330,HACTION_SELECT1_4_3_4_4
1331,HACTION_SELECT1_4_4
1332,HACTION_SELECT1_4_4_1
1333,HACTION_SELECT1_4_4_1_1
1334,HACTION_SELECT1_4_4_1_2
1335,HACTION_SELECT1_4_4_1_3
1336,HACTION_SELECT1_4_4_1_4
1337,HACTION_SELECT1_4_4_2
1338,HACTION_SELECT1_4_4_2_1
1339,HACTION_SELECT1_4_4_2_2
1340,HACTION_SELECT1_4_4_2_3
1341,HACTION_SELECT1_4_4_2_4
1342,HACTION_SELECT1_4_4_3
1343,HACTION_SELECT1_4_4_3_1
1344,HACTION_SELECT1_4_4_3_2
1345,HACTION_SELECT1_4_4_3_3
1346,HACTION_SELECT1_4_4_3_4
1347,HACTION_SELECT1_4_4_4
1348,HACTION_SELECT1_4_4_4_1
1349,HACTION_SELECT1_4_4_4_2
1350,HACTION_SELECT1_4_4_4_3
1351,HACTION_SELECT1_4_4_4_4
1352,HACTION_SELECT2
1353,HACTION_SELECT2_1
1354,HACTION_SELECT2_1_1
1355,HACTION_SELECT2_1_1_1
1356,HACTION_SELECT2_1_1_1_1
1357,HACTION_SELECT2_1_1_1_2
1358,HACTION_SELECT2_1_1_1_3
1359,HACTION_SELECT2_1_1_1_4
1360,HACTION_SELECT2_1_1_2
1361,HACTION_SELECT2_1_1_2_1
1362,HACTION_SELECT2_1_1_2_2
1363,HACTION_SELECT2_1_1_2_3
1364,HACTION_SELECT2_1_1_2_4
1365,HACTION_SELECT2_1_1_3
1366,HACTION_SELECT2_1_1_3_1
1367,HACTION_SELECT2_1_1_3_2
1368,HACTION_SELECT2_1_1_3_3
1369,HACTION_SELECT2_1_1_3_4
1370,HACTION_SELECT2_1_1_4
1371,HACTION_SELECT2_1_1_4_1
1372,HACTION_SELECT2_1_1_4_2
1373,HACTION_SELECT2_1_1_4_3
1374,HACTION_SELECT2_1_1_4_4
1375,HACTION_SELECT2_1_2
1376,HACTION_SELECT2_1_2_1
1377,HACTION_SELECT2_1_2_1_1
1378,HACTION_SELECT2_1_2_1_2
1379,HACTION_SELECT2_1_2_1_3
1380,HACTION_SELECT2_1_2_1_4
1381,HACTION_SELECT2_1_2_2
1382,HACTION_SELECT2_1_2_2_1
1383,HACTION_SELECT2_1_2_2_2
1384,HACTION_SELECT2_1_2_2_3
1385,HACTION_SELECT2_1_2_2_4
1386,HACTION_SELECT2_1_2_3
1387,HACTION_SELECT2_1_2_3_1
1388,HACTION_SELECT2_1_2_3_2
1389,HACTION_SELECT2_1_2_3_3
1390,HACTION_SELECT2_1_2_3_4
1391,HACTION_SELECT2_1_2_4
1392,HACTION_SELECT2_1_2_4_1
1393,HACTION_SELECT2_1_2_4_2
1394,HACTION_SELECT2_1_2_4_3
1395,HACTION_SELECT2_1_2_4_4
1396,HACTION_SELECT2_1_3
1397,HACTION_SELECT2_1_3_1
1398,HACTION_SELECT2_1_3_1_1
1399,HACTION_SELECT2_1_3_1_2
1400,HACTION_SELECT2_1_3_1_3
1401,HACTION_SELECT2_1_3_1_4
1402,HACTION_SELECT2_1_3_2
1403,HACTION_SELECT2_1_3_2_1
1404,HACTION_SELECT2_1_3_2_2
1405,HACTION_SELECT2_1_3_2_3
1406,HACTION_SELECT2_1_3_2_4
1407,HACTION_SELECT2_1_3_3
1408,HACTION_SELECT2_1_3_3_1
1409,HACTION_SELECT2_1_3_3_2
1410,HACTION_SELECT2_1_3_3_3
1411,HACTION_SELECT2_1_3_3_4
1412,HACTION_SELECT2_1_3_4
1413,HACTION_SELECT2_1_3_4_1
1414,HACTION_SELECT2_1_3_4_2
1415,HACTION_SELECT2_1_3_4_3
1416,HACTION_SELECT2_1_3_4_4
1417,HACTION_SELECT2_1_4
1418,HACTION_SELECT2_1_4_1
1419,HACTION_SELECT2_1_4_1_1
1420,HACTION_SELECT2_1_4_1_2
1421,HACTION_SELECT2_1_4_1_3
1422,HACTION_SELECT2_1_4_1_4
1423,HACTION_SELECT2_1_4_2
1424,HACTION_SELECT2_1_4_2_1
1425,HACTION_SELECT2_1_4_2_2
1426,HACTION_SELECT2_1_4_2_3
1427,HACTION_SELECT2_1_4_2_4
1428,HACTION_SELECT2_1_4_3
1429,HACTION_SELECT2_1_4_3_1
1430,HACTION_SELECT2_1_4_3_2
1431,HACTION_SELECT2_1_4_3_3
1432,HACTION_SELECT2_1_4_3_4
1433,HACTION_SELECT2_1_4_4
1434,HACTION_SELECT2_1_4_4_1
1435,HACTION_SELECT2_1_4_4_2
1436,HACTION_SELECT2_1_4_4_3
1437,HACTION_SELECT2_1_4_4_4
1438,HACTION_SELECT2_2
1439,HACTION_SELECT2_2_1
1440,HACTION_SELECT2_2_1_1
1441,HACTION_SELECT2_2_1_1_1
1442,HACTION_SELECT2_2_1_1_2
1443,HACTION_SELECT2_2_1_1_3
1444,HACTION_SELECT2_2_1_1_4
1445,HACTION_SELECT2_2_1_2
1446,HACTION_SELECT2_2_1_2_1
1447,HACTION_SELECT2_2_1_2_2
1448,HACTION_SELECT2_2_1_2_3
1449,HACTION_SELECT2_2_1_2_4
1450,HACTION_SELECT2_2_1_3
1451,HACTION_SELECT2_2_1_3_1
1452,HACTION_SELECT2_2_1_3_2
1453,HACTION_SELECT2_2_1_3_3
1454,HACTION_SELECT2_2_1_3_4
1455,HACTION_SELECT2_2_1_4
1456,HACTION_SELECT2_2_1_4_1
1457,HACTION_SELECT2_2_1_4_2
1458,HACTION_SELECT2_2_1_4_3
1459,HACTION_SELECT2_2_1_4_4
1460,HACTION_SELECT2_2_2
1461,HACTION_SELECT2_2_2_1
1462,HACTION_SELECT2_2_2_1_1
1463,HACTION_SELECT2_2_2_1_2
1464,HACTION_SELECT2_2_2_1_3
1465,HACTION_SELECT2_2_2_1_4
1466,HACTION_SELECT2_2_2_2
1467,HACTION_SELECT2_2_2_2_1
1468,HACTION_SELECT2_2_2_2_2
1469,HACTION_SELECT2_2_2_2_3
1470,HACTION_SELECT2_2_2_2_4
1471,HACTION_SELECT2_2_2_3
1472,HACTION_SELECT2_2_2_3_1
1473,HACTION_SELECT2_2_2_3_2
1474,HACTION_SELECT2_2_2_3_3
1475,HACTION_SELECT2_2_2_3_4
1476,HACTION_SELECT2_2_2_4
1477,HACTION_SELECT2_2_2_4_1
1478,HACTION_SELECT2_2_2_4_2
1479,HACTION_SELECT2_2_2_4_3
1480,HACTION_SELECT2_2_2_4_4
1481,HACTION_SELECT2_2_3
1482,HACTION_SELECT2_2_3_1
1483,HACTION_SELECT2_2_3_1_1
1484,HACTION_SELECT2_2_3_1_2
1485,HACTION_SELECT2_2_3_1_3
1486,HACTION_SELECT2_2_3_1_4
1487,HACTION_SELECT2_2_3_2
1488,HACTION_SELECT2_2_3_2_1
1489,HACTION_SELECT2_2_3_2_2
1490,HACTION_SELECT2_2_3_2_3
1491,HACTION_SELECT2_2_3_2_4
1492,HACTION_SELECT2_2_3_3
1493,HACTION_SELECT2_2_3_3_1
1494,HACTION_SELECT2_2_3_3_2
1495,HACTION_SELECT2_2_3_3_3
1496,HACTION_SELECT2_2_3_3_4
1497,HACTION_SELECT2_2_3_4
1498,HACTION_SELECT2_2_3_4_1
1499,HACTION_SELECT2_2_3_4_2
1500,HACTION_SELECT2_2_3_4_3
1501,HACTION_SELECT2_2_3_4_4
1502,HACTION_SELECT2_2_4
1503,HACTION_SELECT2_2_4_1
1504,HACTION_SELECT2_2_4_1_1
1505,HACTION_SELECT2_2_4_1_2
1506,HACTION_SELECT2_2_4_1_3
1507,HACTION_SELECT2_2_4_1_4
1508,HACTION_SELECT2_2_4_2
1509,HACTION_SELECT2_2_4_2_1
1510,HACTION_SELECT2_2_4_2_2
1511,HACTION_SELECT2_2_4_2_3
1512,HACTION_SELECT2_2_4_2_4
1513,HACTION_SELECT2_2_4_3
1514,HACTION_SELECT2_2_4_3_1
1515,HACTION_SELECT2_2_4_3_2
1516,HACTION_SELECT2_2_4_3_3
1517,HACTION_SELECT2_2_4_3_4
1518,HACTION_SELECT2_2_4_4
1519,HACTION_SELECT2_2_4_4_1
1520,HACTION_SELECT2_2_4_4_2
1521,HACTION_SELECT2_2_4_4_3
1522,HACTION_SELECT2_2_4_4_4
1523,HACTION_SELECT2_3
1524,HACTION_SELECT2_3_1
1525,HACTION_SELECT2_3_1_1
1526,HACTION_SELECT2_3_1_1_1
1527,HACTION_SELECT2_3_1_1_2
1528,HACTION_SELECT2_3_1_1_3
1529,HACTION_SELECT2_3_1_1_4
1530,HACTION_SELECT2_3_1_2
1531,HACTION_SELECT2_3_1_2_1
1532,HACTION_SELECT2_3_1_2_2
1533,HACTION_SELECT2_3_1_2_3
1534,HACTION_SELECT2_3_1_2_4
1535,HACTION_SELECT2_3_1_3
1536,HACTION_SELECT2_3_1_3_1
1537,HACTION_SELECT2_3_1_3_2
1538,HACTION_SELECT2_3_1_3_3
1539,HACTION_SELECT2_3_1_3_4
1540,HACTION_SELECT2_3_1_4
1541,HACTION_SELECT2_3_1_4_1
1542,HACTION_SELECT2_3_1_4_2
1543,HACTION_SELECT2_3_1_4_3
1544,HACTION_SELECT2_3_1_4_4
1545,HACTION_SELECT2_3_2
1546,HACTION_SELECT2_3_2_1
1547,HACTION_SELECT2_3_2_1_1
1548,HACTION_SELECT2_3_2_1_2
1549,HACTION_SELECT2_3_2_1_3
1550,HACTION_SELECT2_3_2_1_4
1551,HACTION_SELECT2_3_2_2
1552,HACTION_SELECT2_3_2_2_1
1553,HACTION_SELECT2_3_2_2_2
1554,HACTION_SELECT2_3_2_2_3
1555,HACTION_SELECT2_3_2_2_4
1556,HACTION_SELECT2_3_2_3
1557,HACTION_SELECT2_3_2_3_1
1558,HACTION_SELECT2_3_2_3_2
1559,HACTION_SELECT2_3_2_3_3
1560,HACTION_SELECT2_3_2_3_4
1561,HACTION_SELECT2_3_2_4
1562,HACTION_SELECT2_3_2_4_1
1563,HACTION_SELECT2_3_2_4_2
1564,HACTION_SELECT2_3_2_4_3
1565,HACTION_SELECT2_3_2_4_4
1566,HACTION_SELECT2_3_3
1567,HACTION_SELECT2_3_3_1
1568,HACTION_SELECT2_3_3_1_1
1569,HACTION_SELECT2_3_3_1_2
1570,HACTION_SELECT2_3_3_1_3
1571,HACTION_SELECT2_3_3_1_4
1572,HACTION_SELECT2_3_3_2
1573,HACTION_SELECT2_3_3_2_1
1574,HACTION_SELECT2_3_3_2_2
1575,HACTION_SELECT2_3_3_2_3
1576,HACTION_SELECT2_3_3_2_4
1577,HACTION_SELECT2_3_3_3
1578,HACTION_SELECT2_3_3_3_1
1579,HACTION_SELECT2_3_3_3_2
1580,HACTION_SELECT2_3_3_3_3
1581,HACTION_SELECT2_3_3_3_4
1582,HACTION_SELECT2_3_3_4
1583,HACTION_SELECT2_3_3_4_1
1584,HACTION_SELECT2_3_3_4_2
1585,HACTION_SELECT2_3_3_4_3
1586,HACTION_SELECT2_3_3_4_4
1587,HACTION_SELECT2_3_4
1588,HACTION_SELECT2_3_4_1
1589,HACTION_SELECT2_3_4_1_1
1590,HACTION_SELECT2_3_4_1_2
1591,HACTION_SELECT2_3_4_1_3
1592,HACTION_SELECT2_3_4_1_4
1593,HACTION_SELECT2_3_4_2
1594,HACTION_SELECT2_3_4_2_1
1595,HACTION_SELECT2_3_4_2_2
1596,HACTION_SELECT2_3_4_2_3
1597,HACTION_SELECT2_3_4_2_4
1598,HACTION_SELECT2_3_4_3
1599,HACTION_SELECT2_3_4_3_1
1600,HACTION_SELECT2_3_4_3_2
1601,HACTION_SELECT2_3_4_3_3
1602,HACTION_SELECT2_3_4_3_4
1603,HACTION_SELECT2_3_4_4
1604,HACTION_SELECT2_3_4_4_1
1605,HACTION_SELECT2_3_4_4_2
1606,HACTION_SELECT2_3_4_4_3
1607,HACTION_SELECT2_3_4_4_4
1608,HACTION_SELECT2_4
1609,HACTION_SELECT2_4_1
1610,HACTION_SELECT2_4_1_1
1611,HACTION_SELECT2_4_1_1_1
1612,HACTION_SELECT2_4_1_1_2
1613,HACTION_SELECT2_4_1_1_3
1614,HACTION_SELECT2_4_1_1_4
1615,HACTION_SELECT2_4_1_2
1616,HACTION_SELECT2_4_1_2_1
1617,HACTION_SELECT2_4_1_2_2
1618,HACTION_SELECT2_4_1_2_3
1619,HACTION_SELECT2_4_1_2_4
1620,HACTION_SELECT2_4_1_3
1621,HACTION_SELECT2_4_1_3_1
1622,HACTION_SELECT2_4_1_3_2
1623,HACTION_SELECT2_4_1_3_3
1624,HACTION_SELECT2_4_1_3_4
1625,HACTION_SELECT2_4_1_4
1626,HACTION_SELECT2_4_1_4_1
1627,HACTION_SELECT2_4_1_4_2
1628,HACTION_SELECT2_4_1_4_3
1629,HACTION_SELECT2_4_1_4_4
1630,HACTION_SELECT2_4_2
1631,HACTION_SELECT2_4_2_1
1632,HACTION_SELECT2_4_2_1_1
1633,HACTION_SELECT2_4_2_1_2
1634,HACTION_SELECT2_4_2_1_3
1635,HACTION_SELECT2_4_2_1_4
1636,HACTION_SELECT2_4_2_2
1637,HACTION_SELECT2_4_2_2_1
1638,HACTION_SELECT2_4_2_2_2
1639,HACTION_SELECT2_4_2_2_3
1640,HACTION_SELECT2_4_2_2_4
1641,HACTION_SELECT2_4_2_3
1642,HACTION_SELECT2_4_2_3_1
1643,HACTION_SELECT2_4_2_3_2
1644,HACTION_SELECT2_4_2_3_3
1645,HACTION_SELECT2_4_2_3_4
1646,HACTION_SELECT2_4_2_4
1647,HACTION_SELECT2_4_2_4_1
1648,HACTION_SELECT2_4_2_4_2
1649,HACTION_SELECT2_4_2_4_3
1650,HACTION_SELECT2_4_2_4_4
1651,HACTION_SELECT2_4_3
1652,HACTION_SELECT2_4_3_1
1653,HACTION_SELECT2_4_3_1_1
1654,HACTION_SELECT2_4_3_1_2
1655,HACTION_SELECT2_4_3_1_3
1656,HACTION_SELECT2_4_3_1_4
1657,HACTION_SELECT2_4_3_2
1658,HACTION_SELECT2_4_3_2_1
1659,HACTION_SELECT2_4_3_2_2
1660,HACTION_SELECT2_4_3_2_3
1661,HACTION_SELECT2_4_3_2_4
1662,HACTION_SELECT2_4_3_3
1663,HACTION_SELECT2_4_3_3_1
1664,HACTION_SELECT2_4_3_3_2
1665,HACTION_SELECT2_4_3_3_3
1666,HACTION_SELECT2_4_3_3_4
1667,HACTION_SELECT2_4_3_4
1668,HACTION_SELECT2_4_3_4_1
1669,HACTION_SELECT2_4_3_4_2
1670,HACTION_SELECT2_4_3_4_3
1671,HACTION_SELECT2_4_3_4_4
1672,HACTION_SELECT2_4_4
1673,HACTION_SELECT2_4_4_1
1674,HACTION_SELECT2_4_4_1_1
1675,HACTION_SELECT2_4_4_1_2
1676,HACTION_SELECT2_4_4_1_3
1677,HACTION_SELECT2_4_4_1_4
1678,HACTION_SELECT2_4_4_2
1679,HACTION_SELECT2_4_4_2_1
1680,HACTION_SELECT2_4_4_2_2
1681,HACTION_SELECT2_4_4_2_3
1682,HACTION_SELECT2_4_4_2_4
1683,HACTION_SELECT2_4_4_3
1684,HACTION_SELECT2_4_4_3_1
1685,HACTION_SELECT2_4_4_3_2
1686,HACTION_SELECT2_4_4_3_3
1687,HACTION_SELECT2_4_4_3_4
1688,HACTION_SELECT2_4_4_4
1689,HACTION_SELECT2_4_4_4_1
1690,HACTION_SELECT2_4_4_4_2
1691,HACTION_SELECT2_4_4_4_3
1692,HACTION_SELECT2_4_4_4_4
1693,HACTION_SELECT3
1694,HACTION_SELECT3_1
1695,HACTION_SELECT3_1_1
1696,HACTION_SELECT3_1_1_1
1697,HACTION_SELECT3_1_1_1_1
1698,HACTION_SELECT3_1_1_1_2
1699,HACTION_SELECT3_1_1_1_3
1700,HACTION_SELECT3_1_1_1_4
1701,HACTION_SELECT3_1_1_2
1702,HACTION_SELECT3_1_1_2_1
1703,HACTION_SELECT3_1_1_2_2
1704,HACTION_SELECT3_1_1_2_3
1705,HACTION_SELECT3_1_1_2_4
1706,HACTION_SELECT3_1_1_3
1707,HACTION_SELECT3_1_1_3_1
1708,HACTION_SELECT3_1_1_3_2
1709,HACTION_SELECT3_1_1_3_3
1710,HACTION_SELECT3_1_1_3_4
1711,HACTION_SELECT3_1_1_4
1712,HACTION_SELECT3_1_1_4_1
1713,HACTION_SELECT3_1_1_4_2
1714,HACTION_SELECT3_1_1_4_3
1715,HACTION_SELECT3_1_1_4_4
1716,HACTION_SELECT3_1_2
1717,HACTION_SELECT3_1_2_1
1718,HACTION_SELECT3_1_2_1_1
1719,HACTION_SELECT3_1_2_1_2
1720,HACTION_SELECT3_1_2_1_3
1721,HACTION_SELECT3_1_2_1_4
1722,HACTION_SELECT3_1_2_2
1723,HACTION_SELECT3_1_2_2_1
1724,HACTION_SELECT3_1_2_2_2
1725,HACTION_SELECT3_1_2_2_3
1726,HACTION_SELECT3_1_2_2_4
1727,HACTION_SELECT3_1_2_3
1728,HACTION_SELECT3_1_2_3_1
1729,HACTION_SELECT3_1_2_3_2
1730,HACTION_SELECT3_1_2_3_3
1731,HACTION_SELECT3_1_2_3_4
1732,HACTION_SELECT3_1_2_4
1733,HACTION_SELECT3_1_2_4_1
1734,HACTION_SELECT3_1_2_4_2
1735,HACTION_SELECT3_1_2_4_3
1736,HACTION_SELECT3_1_2_4_4
1737,HACTION_SELECT3_1_3
1738,HACTION_SELECT3_1_3_1
1739,HACTION_SELECT3_1_3_1_1
1740,HACTION_SELECT3_1_3_1_2
1741,HACTION_SELECT3_1_3_1_3
1742,HACTION_SELECT3_1_3_1_4
1743,HACTION_SELECT3_1_3_2
1744,HACTION_SELECT3_1_3_2_1
1745,HACTION_SELECT3_1_3_2_2
1746,HACTION_SELECT3_1_3_2_3
1747,HACTION_SELECT3_1_3_2_4
1748,HACTION_SELECT3_1_3_3
1749,HACTION_SELECT3_1_3_3_1
1750,HACTION_SELECT3_1_3_3_2
1751,HACTION_SELECT3_1_3_3_3
1752,HACTION_SELECT3_1_3_3_4
1753,HACTION_SELECT3_1_3_4
1754,HACTION_SELECT3_1_3_4_1
1755,HACTION_SELECT3_1_3_4_2
1756,HACTION_SELECT3_1_3_4_3
1757,HACTION_SELECT3_1_3_4_4
1758,HACTION_SELECT3_1_4
1759,HACTION_SELECT3_1_4_1
1760,HACTION_SELECT3_1_4_1_1
1761,HACTION_SELECT3_1_4_1_2
1762,HACTION_SELECT3_1_4_1_3
1763,HACTION_SELECT3_1_4_1_4
1764,HACTION_SELECT3_1_4_2
1765,HACTION_SELECT3_1_4_2_1
1766,HACTION_SELECT3_1_4_2_2
1767,HACTION_SELECT3_1_4_2_3
1768,HACTION_SELECT3_1_4_2_4
1769,HACTION_SELECT3_1_4_3
1770,HACTION_SELECT3_1_4_3_1
1771,HACTION_SELECT3_1_4_3_2
1772,HACTION_SELECT3_1_4_3_3
1773,HACTION_SELECT3_1_4_3_4
1774,HACTION_SELECT3_1_4_4
1775,HACTION_SELECT3_1_4_4_1
1776,HACTION_SELECT3_1_4_4_2
1777,HACTION_SELECT3_1_4_4_3
1778,HACTION_SELECT3_1_4_4_4
1779,HACTION_SELECT3_2
1780,HACTION_SELECT3_2_1
1781,HACTION_SELECT3_2_1_1
1782,HACTION_SELECT3_2_1_1_1
1783,HACTION_SELECT3_2_1_1_2
1784,HACTION_SELECT3_2_1_1_3
1785,HACTION_SELECT3_2_1_1_4
1786,HACTION_SELECT3_2_1_2
1787,HACTION_SELECT3_2_1_2_1
1788,HACTION_SELECT3_2_1_2_2
1789,HACTION_SELECT3_2_1_2_3
1790,HACTION_SELECT3_2_1_2_4
1791,HACTION_SELECT3_2_1_3
1792,HACTION_SELECT3_2_1_3_1
1793,HACTION_SELECT3_2_1_3_2
1794,HACTION_SELECT3_2_1_3_3
1795,HACTION_SELECT3_2_1_3_4
1796,HACTION_SELECT3_2_1_4
1797,HACTION_SELECT3_2_1_4_1
1798,HACTION_SELECT3_2_1_4_2
1799,HACTION_SELECT3_2_1_4_3
1800,HACTION_SELECT3_2_1_4_4
1801,HACTION_SELECT3_2_2
1802,HACTION_SELECT3_2_2_1
1803,HACTION_SELECT3_2_2_1_1
1804,HACTION_SELECT3_2_2_1_2
1805,HACTION_SELECT3_2_2_1_3
1806,HACTION_SELECT3_2_2_1_4
1807,HACTION_SELECT3_2_2_2
1808,HACTION_SELECT3_2_2_2_1
1809,HACTION_SELECT3_2_2_2_2
1810,HACTION_SELECT3_2_2_2_3
1811,HACTION_SELECT3_2_2_2_4
1812,HACTION_SELECT3_2_2_3
1813,HACTION_SELECT3_2_2_3_1
1814,HACTION_SELECT3_2_2_3_2
1815,HACTION_SELECT3_2_2_3_3
1816,HACTION_SELECT3_2_2_3_4
1817,HACTION_SELECT3_2_2_4
1818,HACTION_SELECT3_2_2_4_1
1819,HACTION_SELECT3_2_2_4_2
1820,HACTION_SELECT3_2_2_4_3
1821,HACTION_SELECT3_2_2_4_4
1822,HACTION_SELECT3_2_3
1823,HACTION_SELECT3_2_3_1
1824,HACTION_SELECT3_2_3_1_1
1825,HACTION_SELECT3_2_3_1_2
1826,HACTION_SELECT3_2_3_1_3
1827,HACTION_SELECT3_2_3_1_4
1828,HACTION_SELECT3_2_3_2
1829,HACTION_SELECT3_2_3_2_1
1830,HACTION_SELECT3_2_3_2_2
1831,HACTION_SELECT3_2_3_2_3
1832,HACTION_SELECT3_2_3_2_4
1833,HACTION_SELECT3_2_3_3
1834,HACTION_SELECT3_2_3_3_1
1835,HACTION_SELECT3_2_3_3_2
1836,HACTION_SELECT3_2_3_3_3
1837,HACTION_SELECT3_2_3_3_4
1838,HACTION_SELECT3_2_3_4
1839,HACTION_SELECT3_2_3_4_1
1840,HACTION_SELECT3_2_3_4_2
1841,HACTION_SELECT3_2_3_4_3
1842,HACTION_SELECT3_2_3_4_4
1843,HACTION_SELECT3_2_4
1844,HACTION_SELECT3_2_4_1
1845,HACTION_SELECT3_2_4_1_1
1846,HACTION_SELECT3_2_4_1_2
1847,HACTION_SELECT3_2_4_1_3
1848,HACTION_SELECT3_2_4_1_4
1849,HACTION_SELECT3_2_4_2
1850,HACTION_SELECT3_2_4_2_1
1851,HACTION_SELECT3_2_4_2_2
1852,HACTION_SELECT3_2_4_2_3
1853,HACTION_SELECT3_2_4_2_4
1854,HACTION_SELECT3_2_4_3
1855,HACTION_SELECT3_2_4_3_1
1856,HACTION_SELECT3_2_4_3_2
1857,HACTION_SELECT3_2_4_3_3
1858,HACTION_SELECT3_2_4_3_4
1859,HACTION_SELECT3_2_4_4
1860,HACTION_SELECT3_2_4_4_1
1861,HACTION_SELECT3_2_4_4_2
1862,HACTION_SELECT3_2_4_4_3
1863,HACTION_SELECT3_2_4_4_4
1864,HACTION_SELECT3_3
1865,HACTION_SELECT3_3_1
1866,HACTION_SELECT3_3_1_1
1867,HACTION_SELECT3_3_1_1_1
1868,HACTION_SELECT3_3_1_1_2
1869,HACTION_SELECT3_3_1_1_3
1870,HACTION_SELECT3_3_1_1_4
1871,HACTION_SELECT3_3_1_2
1872,HACTION_SELECT3_3_1_2_1
1873,HACTION_SELECT3_3_1_2_2
1874,HACTION_SELECT3_3_1_2_3
1875,HACTION_SELECT3_3_1_2_4
1876,HACTION_SELECT3_3_1_3
1877,HACTION_SELECT3_3_1_3_1
1878,HACTION_SELECT3_3_1_3_2
1879,HACTION_SELECT3_3_1_3_3
1880,HACTION_SELECT3_3_1_3_4
1881,HACTION_SELECT3_3_1_4
1882,HACTION_SELECT3_3_1_4_1
1883,HACTION_SELECT3_3_1_4_2
1884,HACTION_SELECT3_3_1_4_3
1885,HACTION_SELECT3_3_1_4_4
1886,HACTION_SELECT3_3_2
1887,HACTION_SELECT3_3_2_1
1888,HACTION_SELECT3_3_2_1_1
1889,HACTION_SELECT3_3_2_1_2
1890,HACTION_SELECT3_3_2_1_3
1891,HACTION_SELECT3_3_2_1_4
1892,HACTION_SELECT3_3_2_2
1893,HACTION_SELECT3_3_2_2_1
1894,HACTION_SELECT3_3_2_2_2
1895,HACTION_SELECT3_3_2_2_3
1896,HACTION_SELECT3_3_2_2_4
1897,HACTION_SELECT3_3_2_3
1898,HACTION_SELECT3_3_2_3_1
1899,HACTION_SELECT3_3_2_3_2
1900,HACTION_SELECT3_3_2_3_3
1901,HACTION_SELECT3_3_2_3_4
1902,HACTION_SELECT3_3_2_4
1903,HACTION_SELECT3_3_2_4_1
1904,HACTION_SELECT3_3_2_4_2
1905,HACTION_SELECT3_3_2_4_3
1906,HACTION_SELECT3_3_2_4_4
1907,HACTION_SELECT3_3_3
1908,HACTION_SELECT3_3_3_1
1909,HACTION_SELECT3_3_3_1_1
1910,HACTION_SELECT3_3_3_1_2
1911,HACTION_SELECT3_3_3_1_3
1912,HACTION_SELECT3_3_3_1_4
1913,HACTION_SELECT3_3_3_2
1914,HACTION_SELECT3_3_3_2_1
1915,HACTION_SELECT3_3_3_2_2
1916,HACTION_SELECT3_3_3_2_3
1917,HACTION_SELECT3_3_3_2_4
1918,HACTION_SELECT3_3_3_3
1919,HACTION_SELECT3_3_3_3_1
1920,HACTION_SELECT3_3_3_3_2
1921,HACTION_SELECT3_3_3_3_3
1922,HACTION_SELECT3_3_3_3_4
1923,HACTION_SELECT3_3_3_4
1924,HACTION_SELECT3_3_3_4_1
1925,HACTION_SELECT3_3_3_4_2
1926,HACTION_SELECT3_3_3_4_3
1927,HACTION_SELECT3_3_3_4_4
1928,HACTION_SELECT3_3_4
1929,HACTION_SELECT3_3_4_1
1930,HACTION_SELECT3_3_4_1_1
1931,HACTION_SELECT3_3_4_1_2
1932,HACTION_SELECT3_3_4_1_3
1933,HACTION_SELECT3_3_4_1_4
1934,HACTION_SELECT3_3_4_2
1935,HACTION_SELECT3_3_4_2_1
1936,HACTION_SELECT3_3_4_2_2
1937,HACTION_SELECT3_3_4_2_3
1938,HACTION_SELECT3_3_4_2_4
1939,HACTION_SELECT3_3_4_3
1940,HACTION_SELECT3_3_4_3_1
1941,HACTION_SELECT3_3_4_3_2
1942,HACTION_SELECT3_3_4_3_3
1943,HACTION_SELECT3_3_4_3_4
1944,HACTION_SELECT3_3_4_4
1945,HACTION_SELECT3_3_4_4_1
1946,HACTION_SELECT3_3_4_4_2
1947,HACTION_SELECT3_3_4_4_3
1948,HACTION_SELECT3_3_4_4_4
1949,HACTION_SELECT3_4
1950,HACTION_SELECT3_4_1
1951,HACTION_SELECT3_4_1_1
1952,HACTION_SELECT3_4_1_1_1
1953,HACTION_SELECT3_4_1_1_2
1954,HACTION_SELECT3_4_1_1_3
1955,HACTION_SELECT3_4_1_1_4
1956,HACTION_SELECT3_4_1_2
1957,HACTION_SELECT3_4_1_2_1
1958,HACTION_SELECT3_4_1_2_2
1959,HACTION_SELECT3_4_1_2_3
1960,HACTION_SELECT3_4_1_2_4
1961,HACTION_SELECT3_4_1_3
1962,HACTION_SELECT3_4_1_3_1
1963,HACTION_SELECT3_4_1_3_2
1964,HACTION_SELECT3_4_1_3_3
1965,HACTION_SELECT3_4_1_3_4
1966,HACTION_SELECT3_4_1_4
1967,HACTION_SELECT3_4_1_4_1
1968,HACTION_SELECT3_4_1_4_2
1969,HACTION_SELECT3_4_1_4_3
1970,HACTION_SELECT3_4_1_4_4
1971,HACTION_SELECT3_4_2
1972,HACTION_SELECT3_4_2_1
1973,HACTION_SELECT3_4_2_1_1
1974,HACTION_SELECT3_4_2_1_2
1975,HACTION_SELECT3_4_2_1_3
1976,HACTION_SELECT3_4_2_1_4
1977,HACTION_SELECT3_4_2_2
1978,HACTION_SELECT3_4_2_2_1
1979,HACTION_SELECT3_4_2_2_2
1980,HACTION_SELECT3_4_2_2_3
1981,HACTION_SELECT3_4_2_2_4
1982,HACTION_SELECT3_4_2_3
1983,HACTION_SELECT3_4_2_3_1
1984,HACTION_SELECT3_4_2_3_2
1985,HACTION_SELECT3_4_2_3_3
1986,HACTION_SELECT3_4_2_3_4
1987,HACTION_SELECT3_4_2_4
1988,HACTION_SELECT3_4_2_4_1
1989,HACTION_SELECT3_4_2_4_2
1990,HACTION_SELECT3_4_2_4_3
1991,HACTION_SELECT3_4_2_4_4
1992,HACTION_SELECT3_4_3
1993,HACTION_SELECT3_4_3_1
1994,HACTION_SELECT3_4_3_1_1
1995,HACTION_SELECT3_4_3_1_2
1996,HACTION_SELECT3_4_3_1_3
1997,HACTION_SELECT3_4_3_1_4
1998,HACTION_SELECT3_4_3_2
1999,HACTION_SELECT3_4_3_2_1
2000,HACTION_SELECT3_4_3_2_2
2001,HACTION_SELECT3_4_3_2_3
2002,HACTION_SELECT3_4_3_2_4
2003,HACTION_SELECT3_4_3_3
2004,HACTION_SELECT3_4_3_3_1
2005,HACTION_SELECT3_4_3_3_2
2006,HACTION_SELECT3_4_3_3_3
2007,HACTION_SELECT3_4_3_3_4
2008,HACTION_SELECT3_4_3_4
2009,HACTION_SELECT3_4_3_4_1
2010,HACTION_SELECT3_4_3_4_2
2011,HACTION_SELECT3_4_3_4_3
2012,HACTION_SELECT3_4_3_4_4
2013,HACTION_SELECT3_4_4
2014,HACTION_SELECT3_4_4_1
2015,HACTION_SELECT3_4_4_1_1
2016,HACTION_SELECT3_4_4_1_2
2017,HACTION_SELECT3_4_4_1_3
2018,HACTION_SELECT3_4_4_1_4
2019,HACTION_SELECT3_4_4_2
2020,HACTION_SELECT3_4_4_2_1
2021,HACTION_SELECT3_4_4_2_2
2022,HACTION_SELECT3_4_4_2_3
2023,HACTION_SELECT3_4_4_2_4
2024,HACTION_SELECT3_4_4_3
2025,HACTION_SELECT3_4_4_3_1
2026,HACTION_SELECT3_4_4_3_2
2027,HACTION_SELECT3_4_4_3_3
2028,HACTION_SELECT3_4_4_3_4
2029,HACTION_SELECT3_4_4_4
2030,HACTION_SELECT3_4_4_4_1
2031,HACTION_SELECT3_4_4_4_2
2032,HACTION_SELECT3_4_4_4_3
2033,HACTION_SELECT3_4_4_4_4
2034,HACTION_SELECT4
2035,HACTION_SELECT4_1
2036,HACTION_SELECT4_1_1
2037,HACTION_SELECT4_1_1_1
2038,HACTION_SELECT4_1_1_1_1
2039,HACTION_SELECT4_1_1_1_2
2040,HACTION_SELECT4_1_1_1_3
2041,HACTION_SELECT4_1_1_1_4
2042,HACTION_SELECT4_1_1_2
2043,HACTION_SELECT4_1_1_2_1
2044,HACTION_SELECT4_1_1_2_2
2045,HACTION_SELECT4_1_1_2_3
2046,HACTION_SELECT4_1_1_2_4
2047,HACTION_SELECT4_1_1_3
2048,HACTION_SELECT4_1_1_3_1
2049,HACTION_SELECT4_1_1_3_2
2050,HACTION_SELECT4_1_1_3_3
2051,HACTION_SELECT4_1_1_3_4
2052,HACTION_SELECT4_1_1_4
2053,HACTION_SELECT4_1_1_4_1
2054,HACTION_SELECT4_1_1_4_2
2055,HACTION_SELECT4_1_1_4_3
2056,HACTION_SELECT4_1_1_4_4
2057,HACTION_SELECT4_1_2
2058,HACTION_SELECT4_1_2_1
2059,HACTION_SELECT4_1_2_1_1
2060,HACTION_SELECT4_1_2_1_2
2061,HACTION_SELECT4_1_2_1_3
2062,HACTION_SELECT4_1_2_1_4
2063,HACTION_SELECT4_1_2_2
2064,HACTION_SELECT4_1_2_2_1
2065,HACTION_SELECT4_1_2_2_2
2066,HACTION_SELECT4_1_2_2_3
2067,HACTION_SELECT4_1_2_2_4
2068,HACTION_SELECT4_1_2_3
2069,HACTION_SELECT4_1_2_3_1
2070,HACTION_SELECT4_1_2_3_2
2071,HACTION_SELECT4_1_2_3_3
2072,HACTION_SELECT4_1_2_3_4
2073,HACTION_SELECT4_1_2_4
2074,HACTION_SELECT4_1_2_4_1
2075,HACTION_SELECT4_1_2_4_2
2076,HACTION_SELECT4_1_2_4_3
2077,HACTION_SELECT4_1_2_4_4
2078,HACTION_SELECT4_1_3
2079,HACTION_SELECT4_1_3_1
2080,HACTION_SELECT4_1_3_1_1
2081,HACTION_SELECT4_1_3_1_2
2082,HACTION_SELECT4_1_3_1_3
2083,HACTION_SELECT4_1_3_1_4
2084,HACTION_SELECT4_1_3_2
2085,HACTION_SELECT4_1_3_2_1
2086,HACTION_SELECT4_1_3_2_2
2087,HACTION_SELECT4_1_3_2_3
2088,HACTION_SELECT4_1_3_2_4
2089,HACTION_SELECT4_1_3_3
2090,HACTION_SELECT4_1_3_3_1
2091,HACTION_SELECT4_1_3_3_2
2092,HACTION_SELECT4_1_3_3_3
2093,HACTION_SELECT4_1_3_3_4
2094,HACTION_SELECT4_1_3_4
2095,HACTION_SELECT4_1_3_4_1
2096,HACTION_SELECT4_1_3_4_2
2097,HACTION_SELECT4_1_3_4_3
2098,HACTION_SELECT4_1_3_4_4
2099,HACTION_SELECT4_1_4
2100,HACTION_SELECT4_1_4_1
2101,HACTION_SELECT4_1_4_1_1
2102,HACTION_SELECT4_1_4_1_2
2103,HACTION_SELECT4_1_4_1_3
2104,HACTION_SELECT4_1_4_1_4
2105,HACTION_SELECT4_1_4_2
2106,HACTION_SELECT4_1_4_2_1
2107,HACTION_SELECT4_1_4_2_2
2108,HACTION_SELECT4_1_4_2_3
2109,HACTION_SELECT4_1_4_2_4
2110,HACTION_SELECT4_1_4_3
2111,HACTION_SELECT4_1_4_3_1
2112,HACTION_SELECT4_1_4_3_2
2113,HACTION_SELECT4_1_4_3_3
2114,HACTION_SELECT4_1_4_3_4
2115,HACTION_SELECT4_1_4_4
2116,HACTION_SELECT4_1_4_4_1
2117,HACTION_SELECT4_1_4_4_2
2118,HACTION_SELECT4_1_4_4_3
2119,HACTION_SELECT4_1_4_4_4
2120,HACTION_SELECT4_2
2121,HACTION_SELECT4_2_1
2122,HACTION_SELECT4_2_1_1
2123,HACTION_SELECT4_2_1_1_1
2124,HACTION_SELECT4_2_1_1_2
2125,HACTION_SELECT4_2_1_1_3
2126,HACTION_SELECT4_2_1_1_4
2127,HACTION_SELECT4_2_1_2
2128,HACTION_SELECT4_2_1_2_1
2129,HACTION_SELECT4_2_1_2_2
2130,HACTION_SELECT4_2_1_2_3
2131,HACTION_SELECT4_2_1_2_4
2132,HACTION_SELECT4_2_1_3
2133,HACTION_SELECT4_2_1_3_1
2134,HACTION_SELECT4_2_1_3_2
2135,HACTION_SELECT4_2_1_3_3
2136,HACTION_SELECT4_2_1_3_4
2137,HACTION_SELECT4_2_1_4
2138,HACTION_SELECT4_2_1_4_1
2139,HACTION_SELECT4_2_1_4_2
2140,HACTION_SELECT4_2_1_4_3
2141,HACTION_SELECT4_2_1_4_4
2142,HACTION_SELECT4_2_2
2143,HACTION_SELECT4_2_2_1
2144,HACTION_SELECT4_2_2_1_1
2145,HACTION_SELECT4_2_2_1_2
2146,HACTION_SELECT4_2_2_1_3
2147,HACTION_SELECT4_2_2_1_4
2148,HACTION_SELECT4_2_2_2
2149,HACTION_SELECT4_2_2_2_1
2150,HACTION_SELECT4_2_2_2_2
2151,HACTION_SELECT4_2_2_2_3
2152,HACTION_SELECT4_2_2_2_4
2153,HACTION_SELECT4_2_2_3
2154,HACTION_SELECT4_2_2_3_1
2155,HACTION_SELECT4_2_2_3_2
2156,HACTION_SELECT4_2_2_3_3
2157,HACTION_SELECT4_2_2_3_4
2158,HACTION_SELECT4_2_2_4
2159,HACTION_SELECT4_2_2_4_1
2160,HACTION_SELECT4_2_2_4_2
2161,HACTION_SELECT4_2_2_4_3
2162,HACTION_SELECT4_2_2_4_4
2163,HACTION_SELECT4_2_3
2164,HACTION_SELECT4_2_3_1
2165,HACTION_SELECT4_2_3_1_1
2166,HACTION_SELECT4_2_3_1_2
2167,HACTION_SELECT4_2_3_1_3
2168,HACTION_SELECT4_2_3_1_4
2169,HACTION_SELECT4_2_3_2
2170,HACTION_SELECT4_2_3_2_1
2171,HACTION_SELECT4_2_3_2_2
2172,HACTION_SELECT4_2_3_2_3
2173,HACTION_SELECT4_2_3_2_4
2174,HACTION_SELECT4_2_3_3
2175,HACTION_SELECT4_2_3_3_1
2176,HACTION_SELECT4_2_3_3_2
2177,HACTION_SELECT4_2_3_3_3
2178,HACTION_SELECT4_2_3_3_4
2179,HACTION_SELECT4_2_3_4
2180,HACTION_SELECT4_2_3_4_1
2181,HACTION_SELECT4_2_3_4_2
2182,HACTION_SELECT4_2_3_4_3
2183,HACTION_SELECT4_2_3_4_4
2184,HACTION_SELECT4_2_4
2185,HACTION_SELECT4_2_4_1
2186,HACTION_SELECT4_2_4_1_1
2187,HACTION_SELECT4_2_4_1_2
2188,HACTION_SELECT4_2_4_1_3
2189,HACTION_SELECT4_2_4_1_4
2190,HACTION_SELECT4_2_4_2
2191,HACTION_SELECT4_2_4_2_1
2192,HACTION_SELECT4_2_4_2_2
2193,HACTION_SELECT4_2_4_2_3
2194,HACTION_SELECT4_2_4_2_4
2195,HACTION_SELECT4_2_4_3
2196,HACTION_SELECT4_2_4_3_1
2197,HACTION_SELECT4_2_4_3_2
2198,HACTION_SELECT4_2_4_3_3
2199,HACTION_SELECT4_2_4_3_4
2200,HACTION_SELECT4_2_4_4
2201,HACTION_SELECT4_2_4_4_1
2202,HACTION_SELECT4_2_4_4_2
2203,HACTION_SELECT4_2_4_4_3
2204,HACTION_SELECT4_2_4_4_4
2205,HACTION_SELECT4_3
2206,HACTION_SELECT4_3_1
2207,HACTION_SELECT4_3_1_1
2208,HACTION_SELECT4_3_1_1_1
2209,HACTION_SELECT4_3_1_1_2
2210,HACTION_SELECT4_3_1_1_3
2211,HACTION_SELECT4_3_1_1_4
2212,HACTION_SELECT4_3_1_2
2213,HACTION_SELECT4_3_1_2_1
2214,HACTION_SELECT4_3_1_2_2
2215,HACTION_SELECT4_3_1_2_3
2216,HACTION_SELECT4_3_1_2_4
2217,HACTION_SELECT4_3_1_3
2218,HACTION_SELECT4_3_1_3_1
2219,HACTION_SELECT4_3_1_3_2
2220,HACTION_SELECT4_3_1_3_3
2221,HACTION_SELECT4_3_1_3_4
2222,HACTION_SELECT4_3_1_4
2223,HACTION_SELECT4_3_1_4_1
2224,HACTION_SELECT4_3_1_4_2
2225,HACTION_SELECT4_3_1_4_3
2226,HACTION_SELECT4_3_1_4_4
2227,HACTION_SELECT4_3_2
2228,HACTION_SELECT4_3_2_1
2229,HACTION_SELECT4_3_2_1_1
2230,HACTION_SELECT4_3_2_1_2
2231,HACTION_SELECT4_3_2_1_3
2232,HACTION_SELECT4_3_2_1_4
2233,HACTION_SELECT4_3_2_2
2234,HACTION_SELECT4_3_2_2_1
2235,HACTION_SELECT4_3_2_2_2
2236,HACTION_SELECT4_3_2_2_3
2237,HACTION_SELECT4_3_2_2_4
2238,HACTION_SELECT4_3_2_3
2239,HACTION_SELECT4_3_2_3_1
2240,HACTION_SELECT4_3_2_3_2
2241,HACTION_SELECT4_3_2_3_3
2242,HACTION_SELECT4_3_2_3_4
2243,HACTION_SELECT4_3_2_4
2244,HACTION_SELECT4_3_2_4_1
2245,HACTION_SELECT4_3_2_4_2
2246,HACTION_SELECT4_3_2_4_3
2247,HACTION_SELECT4_3_2_4_4
2248,HACTION_SELECT4_3_3
2249,HACTION_SELECT4_3_3_1
2250,HACTION_SELECT4_3_3_1_1
2251,HACTION_SELECT4_3_3_1_2
2252,HACTION_SELECT4_3_3_1_3
2253,HACTION_SELECT4_3_3_1_4
2254,HACTION_SELECT4_3_3_2
2255,HACTION_SELECT4_3_3_2_1
2256,HACTION_SELECT4_3_3_2_2
2257,HACTION_SELECT4_3_3_2_3
2258,HACTION_SELECT4_3_3_2_4
2259,HACTION_SELECT4_3_3_3
2260,HACTION_SELECT4_3_3_3_1
2261,HACTION_SELECT4_3_3_3_2
2262,HACTION_SELECT4_3_3_3_3
2263,HACTION_SELECT4_3_3_3_4
2264,HACTION_SELECT4_3_3_4
2265,HACTION_SELECT4_3_3_4_1
2266,HACTION_SELECT4_3_3_4_2
2267,HACTION_SELECT4_3_3_4_3
2268,HACTION_SELECT4_3_3_4_4
2269,HACTION_SELECT4_3_4
2270,HACTION_SELECT4_3_4_1
2271,HACTION_SELECT4_3_4_1_1
2272,HACTION_SELECT4_3_4_1_2
2273,HACTION_SELECT4_3_4_1_3
2274,HACTION_SELECT4_3_4_1_4
2275,HACTION_SELECT4_3_4_2
2276,HACTION_SELECT4_3_4_2_1
2277,HACTION_SELECT4_3_4_2_2
2278,HACTION_SELECT4_3_4_2_3
2279,HACTION_SELECT4_3_4_2_4
2280,HACTION_SELECT4_3_4_3
2281,HACTION_SELECT4_3_4_3_1
2282,HACTION_SELECT4_3_4_3_2
2283,HACTION_SELECT4_3_4_3_3
2284,HACTION_SELECT4_3_4_3_4
2285,HACTION_SELECT4_3_4_4
2286,HACTION_SELECT4_3_4_4_1
2287,HACTION_SELECT4_3_4_4_2
2288,HACTION_SELECT4_3_4_4_3
2289,HACTION_SELECT4_3_4_4_4
2290,HACTION_SELECT4_4
2291,HACTION_SELECT4_4_1
2292,HACTION_SELECT4_4_1_1
2293,HACTION_SELECT4_4_1_1_1
2294,HACTION_SELECT4_4_1_1_2
2295,HACTION_SELECT4_4_1_1_3
2296,HACTION_SELECT4_4_1_1_4
2297,HACTION_SELECT4_4_1_2
2298,HACTION_SELECT4_4_1_2_1
2299,HACTION_SELECT4_4_1_2_2
2300,HACTION_SELECT4_4_1_2_3
2301,HACTION_SELECT4_4_1_2_4
2302,HACTION_SELECT4_4_1_3
2303,HACTION_SELECT4_4_1_3_1
2304,HACTION_SELECT4_4_1_3_2
2305,HACTION_SELECT4_4_1_3_3
2306,HACTION_SELECT4_4_1_3_4
2307,HACTION_SELECT4_4_1_4
2308,HACTION_SELECT4_4_1_4_1
2309,HACTION_SELECT4_4_1_4_2
2310,HACTION_SELECT4_4_1_4_3
2311,HACTION_SELECT4_4_1_4_4
2312,HACTION_SELECT4_4_2
2313,HACTION_SELECT4_4_2_1
2314,HACTION_SELECT4_4_2_1_1
2315,HACTION_SELECT4_4_2_1_2
2316,HACTION_SELECT4_4_2_1_3
2317,HACTION_SELECT4_4_2_1_4
2318,HACTION_SELECT4_4_2_2
2319,HACTION_SELECT4_4_2_2_1
2320,HACTION_SELECT4_4_2_2_2
2321,HACTION_SELECT4_4_2_2_3
2322,HACTION_SELECT4_4_2_2_4
2323,HACTION_SELECT4_4_2_3
2324,HACTION_SELECT4_4_2_3_1
2325,HACTION_SELECT4_4_2_3_2
2326,HACTION_SELECT4_4_2_3_3
2327,HACTION_SELECT4_4_2_3_4
2328,HACTION_SELECT4_4_2_4
2329,HACTION_SELECT4_4_2_4_1
2330,HACTION_SELECT4_4_2_4_2
2331,HACTION_SELECT4_4_2_4_3
2332,HACTION_SELECT4_4_2_4_4
2333,HACTION_SELECT4_4_3
2334,HACTION_SELECT4_4_3_1
2335,HACTION_SELECT4_4_3_1_1
2336,HACTION_SELECT4_4_3_1_2
2337,HACTION_SELECT4_4_3_1_3
2338,HACTION_SELECT4_4_3_1_4
2339,HACTION_SELECT4_4_3_2
2340,HACTION_SELECT4_4_3_2_1
2341,HACTION_SELECT4_4_3_2_2
2342,HACTION_SELECT4_4_3_2_3
2343,HACTION_SELECT4_4_3_2_4
2344,HACTION_SELECT4_4_3_3
2345,HACTION_SELECT4_4_3_3_1
2346,HACTION_SELECT4_4_3_3_2
2347,HACTION_SELECT4_4_3_3_3
2348,HACTION_SELECT4_4_3_3_4
2349,HACTION_SELECT4_4_3_4
2350,HACTION_SELECT4_4_3_4_1
2351,HACTION_SELECT4_4_3_4_2
2352,HACTION_SELECT4_4_3_4_3
2353,HACTION_SELECT4_4_3_4_4
2354,HACTION_SELECT4_4_4
2355,HACTION_SELECT4_4_4_1
2356,HACTION_SELECT4_4_4_1_1
2357,HACTION_SELECT4_4_4_1_2
2358,HACTION_SELECT4_4_4_1_3
2359,HACTION_SELECT4_4_4_1_4
2360,HACTION_SELECT4_4_4_2
2361,HACTION_SELECT4_4_4_2_1
2362,HACTION_SELECT4_4_4_2_2
2363,HACTION_SELECT4_4_4_2_3
2364,HACTION_SELECT4_4_4_2_4
2365,HACTION_SELECT4_4_4_3
2366,HACTION_SELECT4_4_4_3_1
2367,HACTION_SELECT4_4_4_3_2
2368,HACTION_SELECT4_4_4_3_3
2369,HACTION_SELECT4_4_4_3_4
2370,HACTION_SELECT4_4_4_4
2371,HACTION_SELECT4_4_4_4_1
2372,HACTION_SELECT4_4_4_4_2
2373,HACTION_SELECT4_4_4_4_3
2374,HACTION_SELECT4_4_4_4_4
2375,HACTION_SELECT5
2376,HACTION_SELECT5_1
2377,HACTION_SELECT5_1_1
2378,HACTION_SELECT5_1_1_1
2379,HACTION_SELECT5_1_1_1_1
2380,HACTION_SELECT5_1_1_1_2
2381,HACTION_SELECT5_1_1_1_3
2382,HACTION_SELECT5_1_1_1_4
2383,HACTION_SELECT5_1_1_2
2384,HACTION_SELECT5_1_1_2_1
2385,HACTION_SELECT5_1_1_2_2
2386,HACTION_SELECT5_1_1_2_3
2387,HACTION_SELECT5_1_1_2_4
2388,HACTION_SELECT5_1_1_3
2389,HACTION_SELECT5_1_1_3_1
2390,HACTION_SELECT5_1_1_3_2
2391,HACTION_SELECT5_1_1_3_3
2392,HACTION_SELECT5_1_1_3_4
2393,HACTION_SELECT5_1_1_4
2394,HACTION_SELECT5_1_1_4_1
2395,HACTION_SELECT5_1_1_4_2
2396,HACTION_SELECT5_1_1_4_3
2397,HACTION_SELECT5_1_1_4_4
2398,HACTION_SELECT5_1_2
2399,HACTION_SELECT5_1_2_1
2400,HACTION_SELECT5_1_2_1_1
2401,HACTION_SELECT5_1_2_1_2
2402,HACTION_SELECT5_1_2_1_3
2403,HACTION_SELECT5_1_2_1_4
2404,HACTION_SELECT5_1_2_2
2405,HACTION_SELECT5_1_2_2_1
2406,HACTION_SELECT5_1_2_2_2
2407,HACTION_SELECT5_1_2_2_3
2408,HACTION_SELECT5_1_2_2_4
2409,HACTION_SELECT5_1_2_3
2410,HACTION_SELECT5_1_2_3_1
2411,HACTION_SELECT5_1_2_3_2
2412,HACTION_SELECT5_1_2_3_3
2413,HACTION_SELECT5_1_2_3_4
2414,HACTION_SELECT5_1_2_4
2415,HACTION_SELECT5_1_2_4_1
2416,HACTION_SELECT5_1_2_4_2
2417,HACTION_SELECT5_1_2_4_3
2418,HACTION_SELECT5_1_2_4_4
2419,HACTION_SELECT5_1_3
2420,HACTION_SELECT5_1_3_1
2421,HACTION_SELECT5_1_3_1_1
2422,HACTION_SELECT5_1_3_1_2
2423,HACTION_SELECT5_1_3_1_3
2424,HACTION_SELECT5_1_3_1_4
2425,HACTION_SELECT5_1_3_2
2426,HACTION_SELECT5_1_3_2_1
2427,HACTION_SELECT5_1_3_2_2
2428,HACTION_SELECT5_1_3_2_3
2429,HACTION_SELECT5_1_3_2_4
2430,HACTION_SELECT5_1_3_3
2431,HACTION_SELECT5_1_3_3_1
2432,HACTION_SELECT5_1_3_3_2
2433,HACTION_SELECT5_1_3_3_3
2434,HACTION_SELECT5_1_3_3_4
2435,HACTION_SELECT5_1_3_4
2436,HACTION_SELECT5_1_3_4_1
2437,HACTION_SELECT5_1_3_4_2
2438,HACTION_SELECT5_1_3_4_3
2439,HACTION_SELECT5_1_3_4_4
2440,HACTION_SELECT5_1_4
2441,HACTION_SELECT5_1_4_1
2442,HACTION_SELECT5_1_4_1_1
2443,HACTION_SELECT5_1_4_1_2
2444,HACTION_SELECT5_1_4_1_3
2445,HACTION_SELECT5_1_4_1_4
2446,HACTION_SELECT5_1_4_2
2447,HACTION_SELECT5_1_4_2_1
2448,HACTION_SELECT5_1_4_2_2
2449,HACTION_SELECT5_1_4_2_3
2450,HACTION_SELECT5_1_4_2_4
2451,HACTION_SELECT5_1_4_3
2452,HACTION_SELECT5_1_4_3_1
2453,HACTION_SELECT5_1_4_3_2
2454,HACTION_SELECT5_1_4_3_3
2455,HACTION_SELECT5_1_4_3_4
2456,HACTION_SELECT5_1_4_4
2457,HACTION_SELECT5_1_4_4_1
2458,HACTION_SELECT5_1_4_4_2
2459,HACTION_SELECT5_1_4_4_3
2460,HACTION_SELECT5_1_4_4_4
2461,HACTION_SELECT5_2
2462,HACTION_SELECT5_2_1
2463,HACTION_SELECT5_2_1_1
2464,HACTION_SELECT5_2_1_1_1
2465,HACTION_SELECT5_2_1_1_2
2466,HACTION_SELECT5_2_1_1_3
2467,HACTION_SELECT5_2_1_1_4
2468,HACTION_SELECT5_2_1_2
2469,HACTION_SELECT5_2_1_2_1
2470,HACTION_SELECT5_2_1_2_2
2471,HACTION_SELECT5_2_1_2_3
2472,HACTION_SELECT5_2_1_2_4
2473,HACTION_SELECT5_2_1_3
2474,HACTION_SELECT5_2_1_3_1
2475,HACTION_SELECT5_2_1_3_2
2476,HACTION_SELECT5_2_1_3_3
2477,HACTION_SELECT5_2_1_3_4
2478,HACTION_SELECT5_2_1_4
2479,HACTION_SELECT5_2_1_4_1
2480,HACTION_SELECT5_2_1_4_2
2481,HACTION_SELECT5_2_1_4_3
2482,HACTION_SELECT5_2_1_4_4
2483,HACTION_SELECT5_2_2
2484,HACTION_SELECT5_2_2_1
2485,HACTION_SELECT5_2_2_1_1
2486,HACTION_SELECT5_2_2_1_2
2487,HACTION_SELECT5_2_2_1_3
2488,HACTION_SELECT5_2_2_1_4
2489,HACTION_SELECT5_2_2_2
2490,HACTION_SELECT5_2_2_2_1
2491,HACTION_SELECT5_2_2_2_2
2492,HACTION_SELECT5_2_2_2_3
2493,HACTION_SELECT5_2_2_2_4
2494,HACTION_SELECT5_2_2_3
2495,HACTION_SELECT5_2_2_3_1
2496,HACTION_SELECT5_2_2_3_2
2497,HACTION_SELECT5_2_2_3_3
2498,HACTION_SELECT5_2_2_3_4
2499,HACTION_SELECT5_2_2_4
2500,HACTION_SELECT5_2_2_4_1
2501,HACTION_SELECT5_2_2_4_2
2502,HACTION_SELECT5_2_2_4_3
2503,HACTION_SELECT5_2_2_4_4
2504,HACTION_SELECT5_2_3
2505,HACTION_SELECT5_2_3_1
2506,HACTION_SELECT5_2_3_1_1
2507,HACTION_SELECT5_2_3_1_2
2508,HACTION_SELECT5_2_3_1_3
2509,HACTION_SELECT5_2_3_1_4
2510,HACTION_SELECT5_2_3_2
2511,HACTION_SELECT5_2_3_2_1
2512,HACTION_SELECT5_2_3_2_2
2513,HACTION_SELECT5_2_3_2_3
2514,HACTION_SELECT5_2_3_2_4
2515,HACTION_SELECT5_2_3_3
2516,HACTION_SELECT5_2_3_3_1
2517,HACTION_SELECT5_2_3_3_2
2518,HACTION_SELECT5_2_3_3_3
2519,HACTION_SELECT5_2_3_3_4
2520,HACTION_SELECT5_2_3_4
2521,HACTION_SELECT5_2_3_4_1
2522,HACTION_SELECT5_2_3_4_2
2523,HACTION_SELECT5_2_3_4_3
2524,HACTION_SELECT5_2_3_4_4
2525,HACTION_SELECT5_2_4
2526,HACTION_SELECT5_2_4_1
2527,HACTION_SELECT5_2_4_1_1
2528,HACTION_SELECT5_2_4_1_2
2529,HACTION_SELECT5_2_4_1_3
2530,HACTION_SELECT5_2_4_1_4
2531,HACTION_SELECT5_2_4_2
2532,HACTION_SELECT5_2_4_2_1
2533,HACTION_SELECT5_2_4_2_2
2534,HACTION_SELECT5_2_4_2_3
2535,HACTION_SELECT5_2_4_2_4
2536,HACTION_SELECT5_2_4_3
2537,HACTION_SELECT5_2_4_3_1
2538,HACTION_SELECT5_2_4_3_2
2539,HACTION_SELECT5_2_4_3_3
2540,HACTION_SELECT5_2_4_3_4
2541,HACTION_SELECT5_2_4_4
2542,HACTION_SELECT5_2_4_4_1
2543,HACTION_SELECT5_2_4_4_2
2544,HACTION_SELECT5_2_4_4_3
2545,HACTION_SELECT5_2_4_4_4
2546,HACTION_SELECT5_3
2547,HACTION_SELECT5_3_1
2548,HACTION_SELECT5_3_1_1
2549,HACTION_SELECT5_3_1_1_1
2550,HACTION_SELECT5_3_1_1_2
2551,HACTION_SELECT5_3_1_1_3
2552,HACTION_SELECT5_3_1_1_4
2553,HACTION_SELECT5_3_1_2
2554,HACTION_SELECT5_3_1_2_1
2555,HACTION_SELECT5_3_1_2_2
2556,HACTION_SELECT5_3_1_2_3
2557,HACTION_SELECT5_3_1_2_4
2558,HACTION_SELECT5_3_1_3
2559,HACTION_SELECT5_3_1_3_1
2560,HACTION_SELECT5_3_1_3_2
2561,HACTION_SELECT5_3_1_3_3
2562,HACTION_SELECT5_3_1_3_4
2563,HACTION_SELECT5_3_1_4
2564,HACTION_SELECT5_3_1_4_1
2565,HACTION_SELECT5_3_1_4_2
2566,HACTION_SELECT5_3_1_4_3
2567,HACTION_SELECT5_3_1_4_4
2568,HACTION_SELECT5_3_2
2569,HACTION_SELECT5_3_2_1
2570,HACTION_SELECT5_3_2_1_1
2571,HACTION_SELECT5_3_2_1_2
2572,HACTION_SELECT5_3_2_1_3
2573,HACTION_SELECT5_3_2_1_4
2574,HACTION_SELECT5_3_2_2
2575,HACTION_SELECT5_3_2_2_1
2576,HACTION_SELECT5_3_2_2_2
2577,HACTION_SELECT5_3_2_2_3
2578,HACTION_SELECT5_3_2_2_4
2579,HACTION_SELECT5_3_2_3
2580,HACTION_SELECT5_3_2_3_1
2581,HACTION_SELECT5_3_2_3_2
2582,HACTION_SELECT5_3_2_3_3
2583,HACTION_SELECT5_3_2_3_4
2584,HACTION_SELECT5_3_2_4
2585,HACTION_SELECT5_3_2_4_1
2586,HACTION_SELECT5_3_2_4_2
2587,HACTION_SELECT5_3_2_4_3
2588,HACTION_SELECT5_3_2_4_4
2589,HACTION_SELECT5_3_3
2590,HACTION_SELECT5_3_3_1
2591,HACTION_SELECT5_3_3_1_1
2592,HACTION_SELECT5_3_3_1_2
2593,HACTION_SELECT5_3_3_1_3
2594,HACTION_SELECT5_3_3_1_4
2595,HACTION_SELECT5_3_3_2
2596,HACTION_SELECT5_3_3_2_1
2597,HACTION_SELECT5_3_3_2_2
2598,HACTION_SELECT5_3_3_2_3
2599,HACTION_SELECT5_3_3_2_4
2600,HACTION_SELECT5_3_3_3
2601,HACTION_SELECT5_3_3_3_1
2602,HACTION_SELECT5_3_3_3_2
2603,HACTION_SELECT5_3_3_3_3
2604,HACTION_SELECT5_3_3_3_4
2605,HACTION_SELECT5_3_3_4
2606,HACTION_SELECT5_3_3_4_1
2607,HACTION_SELECT5_3_3_4_2
2608,HACTION_SELECT5_3_3_4_3
2609,HACTION_SELECT5_3_3_4_4
2610,HACTION_SELECT5_3_4
2611,HACTION_SELECT5_3_4_1
2612,HACTION_SELECT5_3_4_1_1
2613,HACTION_SELECT5_3_4_1_2
2614,HACTION_SELECT5_3_4_1_3
2615,HACTION_SELECT5_3_4_1_4
2616,HACTION_SELECT5_3_4_2
2617,HACTION_SELECT5_3_4_2_1
2618,HACTION_SELECT5_3_4_2_2
2619,HACTION_SELECT5_3_4_2_3
2620,HACTION_SELECT5_3_4_2_4
2621,HACTION_SELECT5_3_4_3
2622,HACTION_SELECT5_3_4_3_1
2623,HACTION_SELECT5_3_4_3_2
2624,HACTION_SELECT5_3_4_3_3
2625,HACTION_SELECT5_3_4_3_4
2626,HACTION_SELECT5_3_4_4
2627,HACTION_SELECT5_3_4_4_1
2628,HACTION_SELECT5_3_4_4_2
2629,HACTION_SELECT5_3_4_4_3
2630,HACTION_SELECT5_3_4_4_4
2631,HACTION_SELECT5_4
2632,HACTION_SELECT5_4_1
2633,HACTION_SELECT5_4_1_1
2634,HACTION_SELECT5_4_1_1_1
2635,HACTION_SELECT5_4_1_1_2
2636,HACTION_SELECT5_4_1_1_3
2637,HACTION_SELECT5_4_1_1_4
2638,HACTION_SELECT5_4_1_2
2639,HACTION_SELECT5_4_1_2_1
2640,HACTION_SELECT5_4_1_2_2
2641,HACTION_SELECT5_4_1_2_3
2642,HACTION_SELECT5_4_1_2_4
2643,HACTION_SELECT5_4_1_3
2644,HACTION_SELECT5_4_1_3_1
2645,HACTION_SELECT5_4_1_3_2
2646,HACTION_SELECT5_4_1_3_3
2647,HACTION_SELECT5_4_1_3_4
2648,HACTION_SELECT5_4_1_4
2649,HACTION_SELECT5_4_1_4_1
2650,HACTION_SELECT5_4_1_4_2
2651,HACTION_SELECT5_4_1_4_3
2652,HACTION_SELECT5_4_1_4_4
2653,HACTION_SELECT5_4_2
2654,HACTION_SELECT5_4_2_1
2655,HACTION_SELECT5_4_2_1_1
2656,HACTION_SELECT5_4_2_1_2
2657,HACTION_SELECT5_4_2_1_3
2658,HACTION_SELECT5_4_2_1_4
2659,HACTION_SELECT5_4_2_2
2660,HACTION_SELECT5_4_2_2_1
2661,HACTION_SELECT5_4_2_2_2
2662,HACTION_SELECT5_4_2_2_3
2663,HACTION_SELECT5_4_2_2_4
2664,HACTION_SELECT5_4_2_3
2665,HACTION_SELECT5_4_2_3_1
2666,HACTION_SELECT5_4_2_3_2
2667,HACTION_SELECT5_4_2_3_3
2668,HACTION_SELECT5_4_2_3_4
2669,HACTION_SELECT5_4_2_4
2670,HACTION_SELECT5_4_2_4_1
2671,HACTION_SELECT5_4_2_4_2
2672,HACTION_SELECT5_4_2_4_3
2673,HACTION_SELECT5_4_2_4_4
2674,HACTION_SELECT5_4_3
2675,HACTION_SELECT5_4_3_1
2676,HACTION_SELECT5_4_3_1_1
2677,HACTION_SELECT5_4_3_1_2
2678,HACTION_SELECT5_4_3_1_3
2679,HACTION_SELECT5_4_3_1_4
2680,HACTION_SELECT5_4_3_2
2681,HACTION_SELECT5_4_3_2_1
2682,HACTION_SELECT5_4_3_2_2
2683,HACTION_SELECT5_4_3_2_3
2684,HACTION_SELECT5_4_3_2_4
2685,HACTION_SELECT5_4_3_3
2686,HACTION_SELECT5_4_3_3_1
2687,HACTION_SELECT5_4_3_3_2
2688,HACTION_SELECT5_4_3_3_3
2689,HACTION_SELECT5_4_3_3_4
2690,HACTION_SELECT5_4_3_4
2691,HACTION_SELECT5_4_3_4_1
2692,HACTION_SELECT5_4_3_4_2
2693,HACTION_SELECT5_4_3_4_3
2694,HACTION_SELECT5_4_3_4_4
2695,HACTION_SELECT5_4_4
2696,HACTION_SELECT5_4_4_1
2697,HACTION_SELECT5_4_4_1_1
2698,HACTION_SELECT5_4_4_1_2
2699,HACTION_SELECT5_4_4_1_3
2700,HACTION_SELECT5_4_4_1_4
2701,HACTION_SELECT5_4_4_2
2702,HACTION_SELECT5_4_4_2_1
2703,HACTION_SELECT5_4_4_2_2
2704,HACTION_SELECT5_4_4_2_3
2705,HACTION_SELECT5_4_4_2_4
2706,HACTION_SELECT5_4_4_3
2707,HACTION_SELECT5_4_4_3_1
2708,HACTION_SELECT5_4_4_3_2
2709,HACTION_SELECT5_4_4_3_3
2710,HACTION_SELECT5_4_4_3_4
2711,HACTION_SELECT5_4_4_4
2712,HACTION_SELECT5_4_4_4_1
2713,HACTION_SELECT5_4_4_4_2
2714,HACTION_SELECT5_4_4_4_3
2715,HACTION_SELECT5_4_4_4_4
2716,HACTION_SELECT6
2717,HACTION_SELECT6_1
2718,HACTION_SELECT6_1_1
2719,HACTION_SELECT6_1_1_1
2720,HACTION_SELECT6_1_1_1_1
2721,HACTION_SELECT6_1_1_1_2
2722,HACTION_SELECT6_1_1_1_3
2723,HACTION_SELECT6_1_1_1_4
2724,HACTION_SELECT6_1_1_2
2725,HACTION_SELECT6_1_1_2_1
2726,HACTION_SELECT6_1_1_2_2
2727,HACTION_SELECT6_1_1_2_3
2728,HACTION_SELECT6_1_1_2_4
2729,HACTION_SELECT6_1_1_3
2730,HACTION_SELECT6_1_1_3_1
2731,HACTION_SELECT6_1_1_3_2
2732,HACTION_SELECT6_1_1_3_3
2733,HACTION_SELECT6_1_1_3_4
2734,HACTION_SELECT6_1_1_4
2735,HACTION_SELECT6_1_1_4_1
2736,HACTION_SELECT6_1_1_4_2
2737,HACTION_SELECT6_1_1_4_3
2738,HACTION_SELECT6_1_1_4_4
2739,HACTION_SELECT6_1_2
2740,HACTION_SELECT6_1_2_1
2741,HACTION_SELECT6_1_2_1_1
2742,HACTION_SELECT6_1_2_1_2
2743,HACTION_SELECT6_1_2_1_3
2744,HACTION_SELECT6_1_2_1_4
2745,HACTION_SELECT6_1_2_2
2746,HACTION_SELECT6_1_2_2_1
2747,HACTION_SELECT6_1_2_2_2
2748,HACTION_SELECT6_1_2_2_3
2749,HACTION_SELECT6_1_2_2_4
2750,HACTION_SELECT6_1_2_3
2751,HACTION_SELECT6_1_2_3_1
2752,HACTION_SELECT6_1_2_3_2
2753,HACTION_SELECT6_1_2_3_3
2754,HACTION_SELECT6_1_2_3_4
2755,HACTION_SELECT6_1_2_4
2756,HACTION_SELECT6_1_2_4_1
2757,HACTION_SELECT6_1_2_4_2
2758,HACTION_SELECT6_1_2_4_3
2759,HACTION_SELECT6_1_2_4_4
2760,HACTION_SELECT6_1_3
2761,HACTION_SELECT6_1_3_1
2762,HACTION_SELECT6_1_3_1_1
2763,HACTION_SELECT6_1_3_1_2
2764,HACTION_SELECT6_1_3_1_3
2765,HACTION_SELECT6_1_3_1_4
2766,HACTION_SELECT6_1_3_2
2767,HACTION_SELECT6_1_3_2_1
2768,HACTION_SELECT6_1_3_2_2
2769,HACTION_SELECT6_1_3_2_3
2770,HACTION_SELECT6_1_3_2_4
2771,HACTION_SELECT6_1_3_3
2772,HACTION_SELECT6_1_3_3_1
2773,HACTION_SELECT6_1_3_3_2
2774,HACTION_SELECT6_1_3_3_3
2775,HACTION_SELECT6_1_3_3_4
2776,HACTION_SELECT6_1_3_4
2777,HACTION_SELECT6_1_3_4_1
2778,HACTION_SELECT6_1_3_4_2
2779,HACTION_SELECT6_1_3_4_3
2780,HACTION_SELECT6_1_3_4_4
2781,HACTION_SELECT6_1_4
2782,HACTION_SELECT6_1_4_1
2783,HACTION_SELECT6_1_4_1_1
2784,HACTION_SELECT6_1_4_1_2
2785,HACTION_SELECT6_1_4_1_3
2786,HACTION_SELECT6_1_4_1_4
2787,HACTION_SELECT6_1_4_2
2788,HACTION_SELECT6_1_4_2_1
2789,HACTION_SELECT6_1_4_2_2
2790,HACTION_SELECT6_1_4_2_3
2791,HACTION_SELECT6_1_4_2_4
2792,HACTION_SELECT6_1_4_3
2793,HACTION_SELECT6_1_4_3_1
2794,HACTION_SELECT6_1_4_3_2
2795,HACTION_SELECT6_1_4_3_3
2796,HACTION_SELECT6_1_4_3_4
2797,HACTION_SELECT6_1_4_4
2798,HACTION_SELECT6_1_4_4_1
2799,HACTION_SELECT6_1_4_4_2
2800,HACTION_SELECT6_1_4_4_3
2801,HACTION_SELECT6_1_4_4_4
2802,HACTION_SELECT6_2
2803,HACTION_SELECT6_2_1
2804,HACTION_SELECT6_2_1_1
2805,HACTION_SELECT6_2_1_1_1
2806,HACTION_SELECT6_2_1_1_2
2807,HACTION_SELECT6_2_1_1_3
2808,HACTION_SELECT6_2_1_1_4
2809,HACTION_SELECT6_2_1_2
2810,HACTION_SELECT6_2_1_2_1
2811,HACTION_SELECT6_2_1_2_2
2812,HACTION_SELECT6_2_1_2_3
2813,HACTION_SELECT6_2_1_2_4
2814,HACTION_SELECT6_2_1_3
2815,HACTION_SELECT6_2_1_3_1
2816,HACTION_SELECT6_2_1_3_2
2817,HACTION_SELECT6_2_1_3_3
2818,HACTION_SELECT6_2_1_3_4
2819,HACTION_SELECT6_2_1_4
2820,HACTION_SELECT6_2_1_4_1
2821,HACTION_SELECT6_2_1_4_2
2822,HACTION_SELECT6_2_1_4_3
2823,HACTION_SELECT6_2_1_4_4
2824,HACTION_SELECT6_2_2
2825,HACTION_SELECT6_2_2_1
2826,HACTION_SELECT6_2_2_1_1
2827,HACTION_SELECT6_2_2_1_2
2828,HACTION_SELECT6_2_2_1_3
2829,HACTION_SELECT6_2_2_1_4
2830,HACTION_SELECT6_2_2_2
2831,HACTION_SELECT6_2_2_2_1
2832,HACTION_SELECT6_2_2_2_2
2833,HACTION_SELECT6_2_2_2_3
2834,HACTION_SELECT6_2_2_2_4
2835,HACTION_SELECT6_2_2_3
2836,HACTION_SELECT6_2_2_3_1
2837,HACTION_SELECT6_2_2_3_2
2838,HACTION_SELECT6_2_2_3_3
2839,HACTION_SELECT6_2_2_3_4
2840,HACTION_SELECT6_2_2_4
2841,HACTION_SELECT6_2_2_4_1
2842,HACTION_SELECT6_2_2_4_2
2843,HACTION_SELECT6_2_2_4_3
2844,HACTION_SELECT6_2_2_4_4
2845,HACTION_SELECT6_2_3
2846,HACTION_SELECT6_2_3_1
2847,HACTION_SELECT6_2_3_1_1
2848,HACTION_SELECT6_2_3_1_2
2849,HACTION_SELECT6_2_3_1_3
2850,HACTION_SELECT6_2_3_1_4
2851,HACTION_SELECT6_2_3_2
2852,HACTION_SELECT6_2_3_2_1
2853,HACTION_SELECT6_2_3_2_2
2854,HACTION_SELECT6_2_3_2_3
2855,HACTION_SELECT6_2_3_2_4
2856,HACTION_SELECT6_2_3_3
2857,HACTION_SELECT6_2_3_3_1
2858,HACTION_SELECT6_2_3_3_2
2859,HACTION_SELECT6_2_3_3_3
2860,HACTION_SELECT6_2_3_3_4
2861,HACTION_SELECT6_2_3_4
2862,HACTION_SELECT6_2_3_4_1
2863,HACTION_SELECT6_2_3_4_2
2864,HACTION_SELECT6_2_3_4_3
2865,HACTION_SELECT6_2_3_4_4
2866,HACTION_SELECT6_2_4
2867,HACTION_SELECT6_2_4_1
2868,HACTION_SELECT6_2_4_1_1
2869,HACTION_SELECT6_2_4_1_2
2870,HACTION_SELECT6_2_4_1_3
2871,HACTION_SELECT6_2_4_1_4
2872,HACTION_SELECT6_2_4_2
2873,HACTION_SELECT6_2_4_2_1
2874,HACTION_SELECT6_2_4_2_2
2875,HACTION_SELECT6_2_4_2_3
2876,HACTION_SELECT6_2_4_2_4
2877,HACTION_SELECT6_2_4_3
2878,HACTION_SELECT6_2_4_3_1
2879,HACTION_SELECT6_2_4_3_2
2880,HACTION_SELECT6_2_4_3_3
2881,HACTION_SELECT6_2_4_3_4
2882,HACTION_SELECT6_2_4_4
2883,HACTION_SELECT6_2_4_4_1
2884,HACTION_SELECT6_2_4_4_2
2885,HACTION_SELECT6_2_4_4_3
2886,HACTION_SELECT6_2_4_4_4
2887,HACTION_SELECT6_3
2888,HACTION_SELECT6_3_1
2889,HACTION_SELECT6_3_1_1
2890,HACTION_SELECT6_3_1_1_1
2891,HACTION_SELECT6_3_1_1_2
2892,HACTION_SELECT6_3_1_1_3
2893,HACTION_SELECT6_3_1_1_4
2894,HACTION_SELECT6_3_1_2
2895,HACTION_SELECT6_3_1_2_1
2896,HACTION_SELECT6_3_1_2_2
2897,HACTION_SELECT6_3_1_2_3
2898,HACTION_SELECT6_3_1_2_4
2899,HACTION_SELECT6_3_1_3
2900,HACTION_SELECT6_3_1_3_1
2901,HACTION_SELECT6_3_1_3_2
2902,HACTION_SELECT6_3_1_3_3
2903,HACTION_SELECT6_3_1_3_4
2904,HACTION_SELECT6_3_1_4
2905,HACTION_SELECT6_3_1_4_1
2906,HACTION_SELECT6_3_1_4_2
2907,HACTION_SELECT6_3_1_4_3
2908,HACTION_SELECT6_3_1_4_4
2909,HACTION_SELECT6_3_2
2910,HACTION_SELECT6_3_2_1
2911,HACTION_SELECT6_3_2_1_1
2912,HACTION_SELECT6_3_2_1_2
2913,HACTION_SELECT6_3_2_1_3
2914,HACTION_SELECT6_3_2_1_4
2915,HACTION_SELECT6_3_2_2
2916,HACTION_SELECT6_3_2_2_1
2917,HACTION_SELECT6_3_2_2_2
2918,HACTION_SELECT6_3_2_2_3
2919,HACTION_SELECT6_3_2_2_4
2920,HACTION_SELECT6_3_2_3
2921,HACTION_SELECT6_3_2_3_1
2922,HACTION_SELECT6_3_2_3_2
2923,HACTION_SELECT6_3_2_3_3
2924,HACTION_SELECT6_3_2_3_4
2925,HACTION_SELECT6_3_2_4
2926,HACTION_SELECT6_3_2_4_1
2927,HACTION_SELECT6_3_2_4_2
2928,HACTION_SELECT6_3_2_4_3
2929,HACTION_SELECT6_3_2_4_4
2930,HACTION_SELECT6_3_3
2931,HACTION_SELECT6_3_3_1
2932,HACTION_SELECT6_3_3_1_1
2933,HACTION_SELECT6_3_3_1_2
2934,HACTION_SELECT6_3_3_1_3
2935,HACTION_SELECT6_3_3_1_4
2936,HACTION_SELECT6_3_3_2
2937,HACTION_SELECT6_3_3_2_1
2938,HACTION_SELECT6_3_3_2_2
2939,HACTION_SELECT6_3_3_2_3
2940,HACTION_SELECT6_3_3_2_4
2941,HACTION_SELECT6_3_3_3
2942,HACTION_SELECT6_3_3_3_1
2943,HACTION_SELECT6_3_3_3_2
2944,HACTION_SELECT6_3_3_3_3
2945,HACTION_SELECT6_3_3_3_4
2946,HACTION_SELECT6_3_3_4
2947,HACTION_SELECT6_3_3_4_1
2948,HACTION_SELECT6_3_3_4_2
2949,HACTION_SELECT6_3_3_4_3
2950,HACTION_SELECT6_3_3_4_4
2951,HACTION_SELECT6_3_4
2952,HACTION_SELECT6_3_4_1
2953,HACTION_SELECT6_3_4_1_1
2954,HACTION_SELECT6_3_4_1_2
2955,HACTION_SELECT6_3_4_1_3
2956,HACTION_SELECT6_3_4_1_4
2957,HACTION_SELECT6_3_4_2
2958,HACTION_SELECT6_3_4_2_1
2959,HACTION_SELECT6_3_4_2_2
2960,HACTION_SELECT6_3_4_2_3
2961,HACTION_SELECT6_3_4_2_4
2962,HACTION_SELECT6_3_4_3
2963,HACTION_SELECT6_3_4_3_1
2964,HACTION_SELECT6_3_4_3_2
2965,HACTION_SELECT6_3_4_3_3
2966,HACTION_SELECT6_3_4_3_4
2967,HACTION_SELECT6_3_4_4
2968,HACTION_SELECT6_3_4_4_1
2969,HACTION_SELECT6_3_4_4_2
2970,HACTION_SELECT6_3_4_4_3
2971,HACTION_SELECT6_3_4_4_4
2972,HACTION_SELECT6_4
2973,HACTION_SELECT6_4_1
2974,HACTION_SELECT6_4_1_1
2975,HACTION_SELECT6_4_1_1_1
2976,HACTION_SELECT6_4_1_1_2
2977,HACTION_SELECT6_4_1_1_3
2978,HACTION_SELECT6_4_1_1_4
2979,HACTION_SELECT6_4_1_2
2980,HACTION_SELECT6_4_1_2_1
2981,HACTION_SELECT6_4_1_2_2
2982,HACTION_SELECT6_4_1_2_3
2983,HACTION_SELECT6_4_1_2_4
2984,HACTION_SELECT6_4_1_3
2985,HACTION_SELECT6_4_1_3_1
2986,HACTION_SELECT6_4_1_3_2
2987,HACTION_SELECT6_4_1_3_3
2988,HACTION_SELECT6_4_1_3_4
2989,HACTION_SELECT6_4_1_4
2990,HACTION_SELECT6_4_1_4_1
2991,HACTION_SELECT6_4_1_4_2
2992,HACTION_SELECT6_4_1_4_3
2993,HACTION_SELECT6_4_1_4_4
2994,HACTION_SELECT6_4_2
2995,HACTION_SELECT6_4_2_1
2996,HACTION_SELECT6_4_2_1_1
2997,HACTION_SELECT6_4_2_1_2
2998,HACTION_SELECT6_4_2_1_3
2999,HACTION_SELECT6_4_2_1_4
3000,HACTION_SELECT6_4_2_2
3001,HACTION_SELECT6_4_2_2_1
3002,HACTION_SELECT6_4_2_2_2
3003,HACTION_SELECT6_4_2_2_3
3004,HACTION_SELECT6_4_2_2_4
3005,HACTION_SELECT6_4_2_3
3006,HACTION_SELECT6_4_2_3_1
3007,HACTION_SELECT6_4_2_3_2
3008,HACTION_SELECT6_4_2_3_3
3009,HACTION_SELECT6_4_2_3_4
3010,HACTION_SELECT6_4_2_4
3011,HACTION_SELECT6_4_2_4_1
3012,HACTION_SELECT6_4_2_4_2
3013,HACTION_SELECT6_4_2_4_3
3014,HACTION_SELECT6_4_2_4_4
3015,HACTION_SELECT6_4_3
3016,HACTION_SELECT6_4_3_1
3017,HACTION_SELECT6_4_3_1_1
3018,HACTION_SELECT6_4_3_1_2
3019,HACTION_SELECT6_4_3_1_3
3020,HACTION_SELECT6_4_3_1_4
3021,HACTION_SELECT6_4_3_2
3022,HACTION_SELECT6_4_3_2_1
3023,HACTION_SELECT6_4_3_2_2
3024,HACTION_SELECT6_4_3_2_3
3025,HACTION_SELECT6_4_3_2_4
3026,HACTION_SELECT6_4_3_3
3027,HACTION_SELECT6_4_3_3_1
3028,HACTION_SELECT6_4_3_3_2
3029,HACTION_SELECT6_4_3_3_3
3030,HACTION_SELECT6_4_3_3_4
3031,HACTION_SELECT6_4_3_4
3032,HACTION_SELECT6_4_3_4_1
3033,HACTION_SELECT6_4_3_4_2
3034,HACTION_SELECT6_4_3_4_3
3035,HACTION_SELECT6_4_3_4_4
3036,HACTION_SELECT6_4_4
3037,HACTION_SELECT6_4_4_1
3038,HACTION_SELECT6_4_4_1_1
3039,HACTION_SELECT6_4_4_1_2
3040,HACTION_SELECT6_4_4_1_3
3041,HACTION_SELECT6_4_4_1_4
3042,HACTION_SELECT6_4_4_2
3043,HACTION_SELECT6_4_4_2_1
3044,HACTION_SELECT6_4_4_2_2
3045,HACTION_SELECT6_4_4_2_3
3046,HACTION_SELECT6_4_4_2_4
3047,HACTION_SELECT6_4_4_3
3048,HACTION_SELECT6_4_4_3_1
3049,HACTION_SELECT6_4_4_3_2
3050,HACTION_SELECT6_4_4_3_3
3051,HACTION_SELECT6_4_4_3_4
3052,HACTION_SELECT6_4_4_4
3053,HACTION_SELECT6_4_4_4_1
3054,HACTION_SELECT6_4_4_4_2
3055,HACTION_SELECT6_4_4_4_3
3056,HACTION_SELECT6_4_4_4_4
3057,HACTION_SELECT7
3058,HACTION_SELECT7_1
3059,HACTION_SELECT7_1_1
3060,HACTION_SELECT7_1_1_1
3061,HACTION_SELECT7_1_1_1_1
3062,HACTION_SELECT7_1_1_1_2
3063,HACTION_SELECT7_1_1_1_3
3064,HACTION_SELECT7_1_1_1_4
3065,HACTION_SELECT7_1_1_2
3066,HACTION_SELECT7_1_1_2_1
3067,HACTION_SELECT7_1_1_2_2
3068,HACTION_SELECT7_1_1_2_3
3069,HACTION_SELECT7_1_1_2_4
3070,HACTION_SELECT7_1_1_3
3071,HACTION_SELECT7_1_1_3_1
3072,HACTION_SELECT7_1_1_3_2
3073,HACTION_SELECT7_1_1_3_3
3074,HACTION_SELECT7_1_1_3_4
3075,HACTION_SELECT7_1_1_4
3076,HACTION_SELECT7_1_1_4_1
3077,HACTION_SELECT7_1_1_4_2
3078,HACTION_SELECT7_1_1_4_3
3079,HACTION_SELECT7_1_1_4_4
3080,HACTION_SELECT7_1_2
3081,HACTION_SELECT7_1_2_1
3082,HACTION_SELECT7_1_2_1_1
3083,HACTION_SELECT7_1_2_1_2
3084,HACTION_SELECT7_1_2_1_3
3085,HACTION_SELECT7_1_2_1_4
3086,HACTION_SELECT7_1_2_2
3087,HACTION_SELECT7_1_2_2_1
3088,HACTION_SELECT7_1_2_2_2
3089,HACTION_SELECT7_1_2_2_3
3090,HACTION_SELECT7_1_2_2_4
3091,HACTION_SELECT7_1_2_3
3092,HACTION_SELECT7_1_2_3_1
3093,HACTION_SELECT7_1_2_3_2
3094,HACTION_SELECT7_1_2_3_3
3095,HACTION_SELECT7_1_2_3_4
3096,HACTION_SELECT7_1_2_4
3097,HACTION_SELECT7_1_2_4_1
3098,HACTION_SELECT7_1_2_4_2
3099,HACTION_SELECT7_1_2_4_3
3100,HACTION_SELECT7_1_2_4_4
3101,HACTION_SELECT7_1_3
3102,HACTION_SELECT7_1_3_1
3103,HACTION_SELECT7_1_3_1_1
3104,HACTION_SELECT7_1_3_1_2
3105,HACTION_SELECT7_1_3_1_3
3106,HACTION_SELECT7_1_3_1_4
3107,HACTION_SELECT7_1_3_2
3108,HACTION_SELECT7_1_3_2_1
3109,HACTION_SELECT7_1_3_2_2
3110,HACTION_SELECT7_1_3_2_3
3111,HACTION_SELECT7_1_3_2_4
3112,HACTION_SELECT7_1_3_3
3113,HACTION_SELECT7_1_3_3_1
3114,HACTION_SELECT7_1_3_3_2
3115,HACTION_SELECT7_1_3_3_3
3116,HACTION_SELECT7_1_3_3_4
3117,HACTION_SELECT7_1_3_4
3118,HACTION_SELECT7_1_3_4_1
3119,HACTION_SELECT7_1_3_4_2
3120,HACTION_SELECT7_1_3_4_3
3121,HACTION_SELECT7_1_3_4_4
3122,HACTION_SELECT7_1_4
3123,HACTION_SELECT7_1_4_1
3124,HACTION_SELECT7_1_4_1_1
3125,HACTION_SELECT7_1_4_1_2
3126,HACTION_SELECT7_1_4_1_3
3127,HACTION_SELECT7_1_4_1_4
3128,HACTION_SELECT7_1_4_2
3129,HACTION_SELECT7_1_4_2_1
3130,HACTION_SELECT7_1_4_2_2
3131,HACTION_SELECT7_1_4_2_3
3132,HACTION_SELECT7_1_4_2_4
3133,HACTION_SELECT7_1_4_3
3134,HACTION_SELECT7_1_4_3_1
3135,HACTION_SELECT7_1_4_3_2
3136,HACTION_SELECT7_1_4_3_3
3137,HACTION_SELECT7_1_4_3_4
3138,HACTION_SELECT7_1_4_4
3139,HACTION_SELECT7_1_4_4_1
3140,HACTION_SELECT7_1_4_4_2
3141,HACTION_SELECT7_1_4_4_3
3142,HACTION_SELECT7_1_4_4_4
3143,HACTION_SELECT7_2
3144,HACTION_SELECT7_2_1
3145,HACTION_SELECT7_2_1_1
3146,HACTION_SELECT7_2_1_1_1
3147,HACTION_SELECT7_2_1_1_2
3148,HACTION_SELECT7_2_1_1_3
3149,HACTION_SELECT7_2_1_1_4
3150,HACTION_SELECT7_2_1_2
3151,HACTION_SELECT7_2_1_2_1
3152,HACTION_SELECT7_2_1_2_2
3153,HACTION_SELECT7_2_1_2_3
3154,HACTION_SELECT7_2_1_2_4
3155,HACTION_SELECT7_2_1_3
3156,HACTION_SELECT7_2_1_3_1
3157,HACTION_SELECT7_2_1_3_2
3158,HACTION_SELECT7_2_1_3_3
3159,HACTION_SELECT7_2_1_3_4
3160,HACTION_SELECT7_2_1_4
3161,HACTION_SELECT7_2_1_4_1
3162,HACTION_SELECT7_2_1_4_2
3163,HACTION_SELECT7_2_1_4_3
3164,HACTION_SELECT7_2_1_4_4
3165,HACTION_SELECT7_2_2
3166,HACTION_SELECT7_2_2_1
3167,HACTION_SELECT7_2_2_1_1
3168,HACTION_SELECT7_2_2_1_2
3169,HACTION_SELECT7_2_2_1_3
3170,HACTION_SELECT7_2_2_1_4
3171,HACTION_SELECT7_2_2_2
3172,HACTION_SELECT7_2_2_2_1
3173,HACTION_SELECT7_2_2_2_2
3174,HACTION_SELECT7_2_2_2_3
3175,HACTION_SELECT7_2_2_2_4
3176,HACTION_SELECT7_2_2_3
3177,HACTION_SELECT7_2_2_3_1
3178,HACTION_SELECT7_2_2_3_2
3179,HACTION_SELECT7_2_2_3_3
3180,HACTION_SELECT7_2_2_3_4
3181,HACTION_SELECT7_2_2_4
3182,HACTION_SELECT7_2_2_4_1
3183,HACTION_SELECT7_2_2_4_2
3184,HACTION_SELECT7_2_2_4_3
3185,HACTION_SELECT7_2_2_4_4
3186,HACTION_SELECT7_2_3
3187,HACTION_SELECT7_2_3_1
3188,HACTION_SELECT7_2_3_1_1
3189,HACTION_SELECT7_2_3_1_2
3190,HACTION_SELECT7_2_3_1_3
3191,HACTION_SELECT7_2_3_1_4
3192,HACTION_SELECT7_2_3_2
3193,HACTION_SELECT7_2_3_2_1
3194,HACTION_SELECT7_2_3_2_2
3195,HACTION_SELECT7_2_3_2_3
3196,HACTION_SELECT7_2_3_2_4
3197,HACTION_SELECT7_2_3_3
3198,HACTION_SELECT7_2_3_3_1
3199,HACTION_SELECT7_2_3_3_2
3200,HACTION_SELECT7_2_3_3_3
3201,HACTION_SELECT7_2_3_3_4
3202,HACTION_SELECT7_2_3_4
3203,HACTION_SELECT7_2_3_4_1
3204,HACTION_SELECT7_2_3_4_2
3205,HACTION_SELECT7_2_3_4_3
3206,HACTION_SELECT7_2_3_4_4
3207,HACTION_SELECT7_2_4
3208,HACTION_SELECT7_2_4_1
3209,HACTION_SELECT7_2_4_1_1
3210,HACTION_SELECT7_2_4_1_2
3211,HACTION_SELECT7_2_4_1_3
3212,HACTION_SELECT7_2_4_1_4
3213,HACTION_SELECT7_2_4_2
3214,HACTION_SELECT7_2_4_2_1
3215,HACTION_SELECT7_2_4_2_2
3216,HACTION_SELECT7_2_4_2_3
3217,HACTION_SELECT7_2_4_2_4
3218,HACTION_SELECT7_2_4_3
3219,HACTION_SELECT7_2_4_3_1
3220,HACTION_SELECT7_2_4_3_2
3221,HACTION_SELECT7_2_4_3_3
3222,HACTION_SELECT7_2_4_3_4
3223,HACTION_SELECT7_2_4_4
3224,HACTION_SELECT7_2_4_4_1
3225,HACTION_SELECT7_2_4_4_2
3226,HACTION_SELECT7_2_4_4_3
3227,HACTION_SELECT7_2_4_4_4
3228,HACTION_SELECT7_3
3229,HACTION_SELECT7_3_1
3230,HACTION_SELECT7_3_1_1
3231,HACTION_SELECT7_3_1_1_1
3232,HACTION_SELECT7_3_1_1_2
3233,HACTION_SELECT7_3_1_1_3
3234,HACTION_SELECT7_3_1_1_4
3235,HACTION_SELECT7_3_1_2
3236,HACTION_SELECT7_3_1_2_1
3237,HACTION_SELECT7_3_1_2_2
3238,HACTION_SELECT7_3_1_2_3
3239,HACTION_SELECT7_3_1_2_4
3240,HACTION_SELECT7_3_1_3
3241,HACTION_SELECT7_3_1_3_1
3242,HACTION_SELECT7_3_1_3_2
3243,HACTION_SELECT7_3_1_3_3
3244,HACTION_SELECT7_3_1_3_4
3245,HACTION_SELECT7_3_1_4
3246,HACTION_SELECT7_3_1_4_1
3247,HACTION_SELECT7_3_1_4_2
3248,HACTION_SELECT7_3_1_4_3
3249,HACTION_SELECT7_3_1_4_4
3250,HACTION_SELECT7_3_2
3251,HACTION_SELECT7_3_2_1
3252,HACTION_SELECT7_3_2_1_1
3253,HACTION_SELECT7_3_2_1_2
3254,HACTION_SELECT7_3_2_1_3
3255,HACTION_SELECT7_3_2_1_4
3256,HACTION_SELECT7_3_2_2
3257,HACTION_SELECT7_3_2_2_1
3258,HACTION_SELECT7_3_2_2_2
3259,HACTION_SELECT7_3_2_2_3
3260,HACTION_SELECT7_3_2_2_4
3261,HACTION_SELECT7_3_2_3
3262,HACTION_SELECT7_3_2_3_1
3263,HACTION_SELECT7_3_2_3_2
3264,HACTION_SELECT7_3_2_3_3
3265,HACTION_SELECT7_3_2_3_4
3266,HACTION_SELECT7_3_2_4
3267,HACTION_SELECT7_3_2_4_1
3268,HACTION_SELECT7_3_2_4_2
3269,HACTION_SELECT7_3_2_4_3
3270,HACTION_SELECT7_3_2_4_4
3271,HACTION_SELECT7_3_3
3272,HACTION_SELECT7_3_3_1
3273,HACTION_SELECT7_3_3_1_1
3274,HACTION_SELECT7_3_3_1_2
3275,HACTION_SELECT7_3_3_1_3
3276,HACTION_SELECT7_3_3_1_4
3277,HACTION_SELECT7_3_3_2
3278,HACTION_SELECT7_3_3_2_1
3279,HACTION_SELECT7_3_3_2_2
3280,HACTION_SELECT7_3_3_2_3
3281,HACTION_SELECT7_3_3_2_4
3282,HACTION_SELECT7_3_3_3
3283,HACTION_SELECT7_3_3_3_1
3284,HACTION_SELECT7_3_3_3_2
3285,HACTION_SELECT7_3_3_3_3
3286,HACTION_SELECT7_3_3_3_4
3287,HACTION_SELECT7_3_3_4
3288,HACTION_SELECT7_3_3_4_1
3289,HACTION_SELECT7_3_3_4_2
3290,HACTION_SELECT7_3_3_4_3
3291,HACTION_SELECT7_3_3_4_4
3292,HACTION_SELECT7_3_4
3293,HACTION_SELECT7_3_4_1
3294,HACTION_SELECT7_3_4_1_1
3295,HACTION_SELECT7_3_4_1_2
3296,HACTION_SELECT7_3_4_1_3
3297,HACTION_SELECT7_3_4_1_4
3298,HACTION_SELECT7_3_4_2
3299,HACTION_SELECT7_3_4_2_1
3300,HACTION_SELECT7_3_4_2_2
3301,HACTION_SELECT7_3_4_2_3
3302,HACTION_SELECT7_3_4_2_4
3303,HACTION_SELECT7_3_4_3
3304,HACTION_SELECT7_3_4_3_1
3305,HACTION_SELECT7_3_4_3_2
3306,HACTION_SELECT7_3_4_3_3
3307,HACTION_SELECT7_3_4_3_4
3308,HACTION_SELECT7_3_4_4
3309,HACTION_SELECT7_3_4_4_1
3310,HACTION_SELECT7_3_4_4_2
3311,HACTION_SELECT7_3_4_4_3
3312,HACTION_SELECT7_3_4_4_4
3313,HACTION_SELECT7_4
3314,HACTION_SELECT7_4_1
3315,HACTION_SELECT7_4_1_1
3316,HACTION_SELECT7_4_1_1_1
3317,HACTION_SELECT7_4_1_1_2
3318,HACTION_SELECT7_4_1_1_3
3319,HACTION_SELECT7_4_1_1_4
3320,HACTION_SELECT7_4_1_2
3321,HACTION_SELECT7_4_1_2_1
3322,HACTION_SELECT7_4_1_2_2
3323,HACTION_SELECT7_4_1_2_3
3324,HACTION_SELECT7_4_1_2_4
3325,HACTION_SELECT7_4_1_3
3326,HACTION_SELECT7_4_1_3_1
3327,HACTION_SELECT7_4_1_3_2
3328,HACTION_SELECT7_4_1_3_3
3329,HACTION_SELECT7_4_1_3_4
3330,HACTION_SELECT7_4_1_4
3331,HACTION_SELECT7_4_1_4_1
3332,HACTION_SELECT7_4_1_4_2
3333,HACTION_SELECT7_4_1_4_3
3334,HACTION_SELECT7_4_1_4_4
3335,HACTION_SELECT7_4_2
3336,HACTION_SELECT7_4_2_1
3337,HACTION_SELECT7_4_2_1_1
3338,HACTION_SELECT7_4_2_1_2
3339,HACTION_SELECT7_4_2_1_3
3340,HACTION_SELECT7_4_2_1_4
3341,HACTION_SELECT7_4_2_2
3342,HACTION_SELECT7_4_2_2_1
3343,HACTION_SELECT7_4_2_2_2
3344,HACTION_SELECT7_4_2_2_3
3345,HACTION_SELECT7_4_2_2_4
3346,HACTION_SELECT7_4_2_3
3347,HACTION_SELECT7_4_2_3_1
3348,HACTION_SELECT7_4_2_3_2
3349,HACTION_SELECT7_4_2_3_3
3350,HACTION_SELECT7_4_2_3_4
3351,HACTION_SELECT7_4_2_4
3352,HACTION_SELECT7_4_2_4_1
3353,HACTION_SELECT7_4_2_4_2
3354,HACTION_SELECT7_4_2_4_3
3355,HACTION_SELECT7_4_2_4_4
3356,HACTION_SELECT7_4_3
3357,HACTION_SELECT7_4_3_1
3358,HACTION_SELECT7_4_3_1_1
3359,HACTION_SELECT7_4_3_1_2
3360,HACTION_SELECT7_4_3_1_3
3361,HACTION_SELECT7_4_3_1_4
3362,HACTION_SELECT7_4_3_2
3363,HACTION_SELECT7_4_3_2_1
3364,HACTION_SELECT7_4_3_2_2
3365,HACTION_SELECT7_4_3_2_3
3366,HACTION_SELECT7_4_3_2_4
3367,HACTION_SELECT7_4_3_3
3368,HACTION_SELECT7_4_3_3_1
3369,HACTION_SELECT7_4_3_3_2
3370,HACTION_SELECT7_4_3_3_3
3371,HACTION_SELECT7_4_3_3_4
3372,HACTION_SELECT7_4_3_4
3373,HACTION_SELECT7_4_3_4_1
3374,HACTION_SELECT7_4_3_4_2
3375,HACTION_SELECT7_4_3_4_3
3376,HACTION_SELECT7_4_3_4_4
3377,HACTION_SELECT7_4_4
3378,HACTION_SELECT7_4_4_1
3379,HACTION_SELECT7_4_4_1_1
3380,HACTION_SELECT7_4_4_1_2
3381,HACTION_SELECT7_4_4_1_3
3382,HACTION_SELECT7_4_4_1_4
3383,HACTION_SELECT7_4_4_2
3384,HACTION_SELECT7_4_4_2_1
3385,HACTION_SELECT7_4_4_2_2
3386,HACTION_SELECT7_4_4_2_3
3387,HACTION_SELECT7_4_4_2_4
3388,HACTION_SELECT7_4_4_3
3389,HACTION_SELECT7_4_4_3_1
3390,HACTION_SELECT7_4_4_3_2
3391,HACTION_SELECT7_4_4_3_3
3392,HACTION_SELECT7_4_4_3_4
3393,HACTION_SELECT7_4_4_4
3394,HACTION_SELECT7_4_4_4_1
3395,HACTION_SELECT7_4_4_4_2
3396,HACTION_SELECT7_4_4_4_3
3397,HACTION_SELECT7_4_4_4_4
3398,HACTION_SELECT8
3399,HACTION_SELECT8_1
3400,HACTION_SELECT8_1_1
3401,HACTION_SELECT8_1_1_1
3402,HACTION_SELECT8_1_1_1_1
3403,HACTION_SELECT8_1_1_1_2
3404,HACTION_SELECT8_1_1_1_3
3405,HACTION_SELECT8_1_1_1_4
3406,HACTION_SELECT8_1_1_2
3407,HACTION_SELECT8_1_1_2_1
3408,HACTION_SELECT8_1_1_2_2
3409,HACTION_SELECT8_1_1_2_3
3410,HACTION_SELECT8_1_1_2_4
3411,HACTION_SELECT8_1_1_3
3412,HACTION_SELECT8_1_1_3_1
3413,HACTION_SELECT8_1_1_3_2
3414,HACTION_SELECT8_1_1_3_3
3415,HACTION_SELECT8_1_1_3_4
3416,HACTION_SELECT8_1_1_4
3417,HACTION_SELECT8_1_1_4_1
3418,HACTION_SELECT8_1_1_4_2
3419,HACTION_SELECT8_1_1_4_3
3420,HACTION_SELECT8_1_1_4_4
3421,HACTION_SELECT8_1_2
3422,HACTION_SELECT8_1_2_1
3423,HACTION_SELECT8_1_2_1_1
3424,HACTION_SELECT8_1_2_1_2
3425,HACTION_SELECT8_1_2_1_3
3426,HACTION_SELECT8_1_2_1_4
3427,HACTION_SELECT8_1_2_2
3428,HACTION_SELECT8_1_2_2_1
3429,HACTION_SELECT8_1_2_2_2
3430,HACTION_SELECT8_1_2_2_3
3431,HACTION_SELECT8_1_2_2_4
3432,HACTION_SELECT8_1_2_3
3433,HACTION_SELECT8_1_2_3_1
3434,HACTION_SELECT8_1_2_3_2
3435,HACTION_SELECT8_1_2_3_3
3436,HACTION_SELECT8_1_2_3_4
3437,HACTION_SELECT8_1_2_4
3438,HACTION_SELECT8_1_2_4_1
3439,HACTION_SELECT8_1_2_4_2
3440,HACTION_SELECT8_1_2_4_3
3441,HACTION_SELECT8_1_2_4_4
3442,HACTION_SELECT8_1_3
3443,HACTION_SELECT8_1_3_1
3444,HACTION_SELECT8_1_3_1_1
3445,HACTION_SELECT8_1_3_1_2
3446,HACTION_SELECT8_1_3_1_3
3447,HACTION_SELECT8_1_3_1_4
3448,HACTION_SELECT8_1_3_2
3449,HACTION_SELECT8_1_3_2_1
3450,HACTION_SELECT8_1_3_2_2
3451,HACTION_SELECT8_1_3_2_3
3452,HACTION_SELECT8_1_3_2_4
3453,HACTION_SELECT8_1_3_3
3454,HACTION_SELECT8_1_3_3_1
3455,HACTION_SELECT8_1_3_3_2
3456,HACTION_SELECT8_1_3_3_3
3457,HACTION_SELECT8_1_3_3_4
3458,HACTION_SELECT8_1_3_4
3459,HACTION_SELECT8_1_3_4_1
3460,HACTION_SELECT8_1_3_4_2
3461,HACTION_SELECT8_1_3_4_3
3462,HACTION_SELECT8_1_3_4_4
3463,HACTION_SELECT8_1_4
3464,HACTION_SELECT8_1_4_1
3465,HACTION_SELECT8_1_4_1_1
3466,HACTION_SELECT8_1_4_1_2
3467,HACTION_SELECT8_1_4_1_3
3468,HACTION_SELECT8_1_4_1_4
3469,HACTION_SELECT8_1_4_2
3470,HACTION_SELECT8_1_4_2_1
3471,HACTION_SELECT8_1_4_2_2
3472,HACTION_SELECT8_1_4_2_3
3473,HACTION_SELECT8_1_4_2_4
3474,HACTION_SELECT8_1_4_3
3475,HACTION_SELECT8_1_4_3_1
3476,HACTION_SELECT8_1_4_3_2
3477,HACTION_SELECT8_1_4_3_3
3478,HACTION_SELECT8_1_4_3_4
3479,HACTION_SELECT8_1_4_4
3480,HACTION_SELECT8_1_4_4_1
3481,HACTION_SELECT8_1_4_4_2
3482,HACTION_SELECT8_1_4_4_3
3483,HACTION_SELECT8_1_4_4_4
3484,HACTION_SELECT8_2
3485,HACTION_SELECT8_2_1
3486,HACTION_SELECT8_2_1_1
3487,HACTION_SELECT8_2_1_1_1
3488,HACTION_SELECT8_2_1_1_2
3489,HACTION_SELECT8_2_1_1_3
3490,HACTION_SELECT8_2_1_1_4
3491,HACTION_SELECT8_2_1_2
3492,HACTION_SELECT8_2_1_2_1
3493,HACTION_SELECT8_2_1_2_2
3494,HACTION_SELECT8_2_1_2_3
3495,HACTION_SELECT8_2_1_2_4
3496,HACTION_SELECT8_2_1_3
3497,HACTION_SELECT8_2_1_3_1
3498,HACTION_SELECT8_2_1_3_2
3499,HACTION_SELECT8_2_1_3_3
3500,HACTION_SELECT8_2_1_3_4
3501,HACTION_SELECT8_2_1_4
3502,HACTION_SELECT8_2_1_4_1
3503,HACTION_SELECT8_2_1_4_2
3504,HACTION_SELECT8_2_1_4_3
3505,HACTION_SELECT8_2_1_4_4
3506,HACTION_SELECT8_2_2
3507,HACTION_SELECT8_2_2_1
3508,HACTION_SELECT8_2_2_1_1
3509,HACTION_SELECT8_2_2_1_2
3510,HACTION_SELECT8_2_2_1_3
3511,HACTION_SELECT8_2_2_1_4
3512,HACTION_SELECT8_2_2_2
3513,HACTION_SELECT8_2_2_2_1
3514,HACTION_SELECT8_2_2_2_2
3515,HACTION_SELECT8_2_2_2_3
3516,HACTION_SELECT8_2_2_2_4
3517,HACTION_SELECT8_2_2_3
3518,HACTION_SELECT8_2_2_3_1
3519,HACTION_SELECT8_2_2_3_2
3520,HACTION_SELECT8_2_2_3_3
3521,HACTION_SELECT8_2_2_3_4
3522,HACTION_SELECT8_2_2_4
3523,HACTION_SELECT8_2_2_4_1
3524,HACTION_SELECT8_2_2_4_2
3525,HACTION_SELECT8_2_2_4_3
3526,HACTION_SELECT8_2_2_4_4
3527,HACTION_SELECT8_2_3
3528,HACTION_SELECT8_2_3_1
3529,HACTION_SELECT8_2_3_1_1
3530,HACTION_SELECT8_2_3_1_2
3531,HACTION_SELECT8_2_3_1_3
3532,HACTION_SELECT8_2_3_1_4
3533,HACTION_SELECT8_2_3_2
3534,HACTION_SELECT8_2_3_2_1
3535,HACTION_SELECT8_2_3_2_2
3536,HACTION_SELECT8_2_3_2_3
3537,HACTION_SELECT8_2_3_2_4
3538,HACTION_SELECT8_2_3_3
3539,HACTION_SELECT8_2_3_3_1
3540,HACTION_SELECT8_2_3_3_2
3541,HACTION_SELECT8_2_3_3_3
3542,HACTION_SELECT8_2_3_3_4
3543,HACTION_SELECT8_2_3_4
3544,HACTION_SELECT8_2_3_4_1
3545,HACTION_SELECT8_2_3_4_2
3546,HACTION_SELECT8_2_3_4_3
3547,HACTION_SELECT8_2_3_4_4
3548,HACTION_SELECT8_2_4
3549,HACTION_SELECT8_2_4_1
3550,HACTION_SELECT8_2_4_1_1
3551,HACTION_SELECT8_2_4_1_2
3552,HACTION_SELECT8_2_4_1_3
3553,HACTION_SELECT8_2_4_1_4
3554,HACTION_SELECT8_2_4_2
3555,HACTION_SELECT8_2_4_2_1
3556,HACTION_SELECT8_2_4_2_2
3557,HACTION_SELECT8_2_4_2_3
3558,HACTION_SELECT8_2_4_2_4
3559,HACTION_SELECT8_2_4_3
3560,HACTION_SELECT8_2_4_3_1
3561,HACTION_SELECT8_2_4_3_2
3562,HACTION_SELECT8_2_4_3_3
3563,HACTION_SELECT8_2_4_3_4
3564,HACTION_SELECT8_2_4_4
3565,HACTION_SELECT8_2_4_4_1
3566,HACTION_SELECT8_2_4_4_2
3567,HACTION_SELECT8_2_4_4_3
3568,HACTION_SELECT8_2_4_4_4
3569,HACTION_SELECT8_3
3570,HACTION_SELECT8_3_1
3571,HACTION_SELECT8_3_1_1
3572,HACTION_SELECT8_3_1_1_1
3573,HACTION_SELECT8_3_1_1_2
3574,HACTION_SELECT8_3_1_1_3
3575,HACTION_SELECT8_3_1_1_4
3576,HACTION_SELECT8_3_1_2
3577,HACTION_SELECT8_3_1_2_1
3578,HACTION_SELECT8_3_1_2_2
3579,HACTION_SELECT8_3_1_2_3
3580,HACTION_SELECT8_3_1_2_4
3581,HACTION_SELECT8_3_1_3
3582,HACTION_SELECT8_3_1_3_1
3583,HACTION_SELECT8_3_1_3_2
3584,HACTION_SELECT8_3_1_3_3
3585,HACTION_SELECT8_3_1_3_4
3586,HACTION_SELECT8_3_1_4
3587,HACTION_SELECT8_3_1_4_1
3588,HACTION_SELECT8_3_1_4_2
3589,HACTION_SELECT8_3_1_4_3
3590,HACTION_SELECT8_3_1_4_4
3591,HACTION_SELECT8_3_2
3592,HACTION_SELECT8_3_2_1
3593,HACTION_SELECT8_3_2_1_1
3594,HACTION_SELECT8_3_2_1_2
3595,HACTION_SELECT8_3_2_1_3
3596,HACTION_SELECT8_3_2_1_4
3597,HACTION_SELECT8_3_2_2
3598,HACTION_SELECT8_3_2_2_1
3599,HACTION_SELECT8_3_2_2_2
3600,HACTION_SELECT8_3_2_2_3
3601,HACTION_SELECT8_3_2_2_4
3602,HACTION_SELECT8_3_2_3
3603,HACTION_SELECT8_3_2_3_1
3604,HACTION_SELECT8_3_2_3_2
3605,HACTION_SELECT8_3_2_3_3
3606,HACTION_SELECT8_3_2_3_4
3607,HACTION_SELECT8_3_2_4
3608,HACTION_SELECT8_3_2_4_1
3609,HACTION_SELECT8_3_2_4_2
3610,HACTION_SELECT8_3_2_4_3
3611,HACTION_SELECT8_3_2_4_4
3612,HACTION_SELECT8_3_3
3613,HACTION_SELECT8_3_3_1
3614,HACTION_SELECT8_3_3_1_1
3615,HACTION_SELECT8_3_3_1_2
3616,HACTION_SELECT8_3_3_1_3
3617,HACTION_SELECT8_3_3_1_4
3618,HACTION_SELECT8_3_3_2
3619,HACTION_SELECT8_3_3_2_1
3620,HACTION_SELECT8_3_3_2_2
3621,HACTION_SELECT8_3_3_2_3
3622,HACTION_SELECT8_3_3_2_4
3623,HACTION_SELECT8_3_3_3
3624,HACTION_SELECT8_3_3_3_1
3625,HACTION_SELECT8_3_3_3_2
3626,HACTION_SELECT8_3_3_3_3
3627,HACTION_SELECT8_3_3_3_4
3628,HACTION_SELECT8_3_3_4
3629,HACTION_SELECT8_3_3_4_1
3630,HACTION_SELECT8_3_3_4_2
3631,HACTION_SELECT8_3_3_4_3
3632,HACTION_SELECT8_3_3_4_4
3633,HACTION_SELECT8_3_4
3634,HACTION_SELECT8_3_4_1
3635,HACTION_SELECT8_3_4_1_1
3636,HACTION_SELECT8_3_4_1_2
3637,HACTION_SELECT8_3_4_1_3
3638,HACTION_SELECT8_3_4_1_4
3639,HACTION_SELECT8_3_4_2
3640,HACTION_SELECT8_3_4_2_1
3641,HACTION_SELECT8_3_4_2_2
3642,HACTION_SELECT8_3_4_2_3
3643,HACTION_SELECT8_3_4_2_4
3644,HACTION_SELECT8_3_4_3
3645,HACTION_SELECT8_3_4_3_1
3646,HACTION_SELECT8_3_4_3_2
3647,HACTION_SELECT8_3_4_3_3
3648,HACTION_SELECT8_3_4_3_4
3649,HACTION_SELECT8_3_4_4
3650,HACTION_SELECT8_3_4_4_1
3651,HACTION_SELECT8_3_4_4_2
3652,HACTION_SELECT8_3_4_4_3
3653,HACTION_SELECT8_3_4_4_4
3654,HACTION_SELECT8_4
3655,HACTION_SELECT8_4_1
3656,HACTION_SELECT8_4_1_1
3657,HACTION_SELECT8_4_1_1_1
3658,HACTION_SELECT8_4_1_1_2
3659,HACTION_SELECT8_4_1_1_3
3660,HACTION_SELECT8_4_1_1_4
3661,HACTION_SELECT8_4_1_2
3662,HACTION_SELECT8_4_1_2_1
3663,HACTION_SELECT8_4_1_2_2
3664,HACTION_SELECT8_4_1_2_3
3665,HACTION_SELECT8_4_1_2_4
3666,HACTION_SELECT8_4_1_3
3667,HACTION_SELECT8_4_1_3_1
3668,HACTION_SELECT8_4_1_3_2
3669,HACTION_SELECT8_4_1_3_3
3670,HACTION_SELECT8_4_1_3_4
3671,HACTION_SELECT8_4_1_4
3672,HACTION_SELECT8_4_1_4_1
3673,HACTION_SELECT8_4_1_4_2
3674,HACTION_SELECT8_4_1_4_3
3675,HACTION_SELECT8_4_1_4_4
3676,HACTION_SELECT8_4_2
3677,HACTION_SELECT8_4_2_1
3678,HACTION_SELECT8_4_2_1_1
3679,HACTION_SELECT8_4_2_1_2
3680,HACTION_SELECT8_4_2_1_3
3681,HACTION_SELECT8_4_2_1_4
3682,HACTION_SELECT8_4_2_2
3683,HACTION_SELECT8_4_2_2_1
3684,HACTION_SELECT8_4_2_2_2
3685,HACTION_SELECT8_4_2_2_3
3686,HACTION_SELECT8_4_2_2_4
3687,HACTION_SELECT8_4_2_3
3688,HACTION_SELECT8_4_2_3_1
3689,HACTION_SELECT8_4_2_3_2
3690,HACTION_SELECT8_4_2_3_3
3691,HACTION_SELECT8_4_2_3_4
3692,HACTION_SELECT8_4_2_4
3693,HACTION_SELECT8_4_2_4_1
3694,HACTION_SELECT8_4_2_4_2
3695,HACTION_SELECT8_4_2_4_3
3696,HACTION_SELECT8_4_2_4_4
3697,HACTION_SELECT8_4_3
3698,HACTION_SELECT8_4_3_1
3699,HACTION_SELECT8_4_3_1_1
3700,HACTION_SELECT8_4_3_1_2
3701,HACTION_SELECT8_4_3_1_3
3702,HACTION_SELECT8_4_3_1_4
3703,HACTION_SELECT8_4_3_2
3704,HACTION_SELECT8_4_3_2_1
3705,HACTION_SELECT8_4_3_2_2
3706,HACTION_SELECT8_4_3_2_3
3707,HACTION_SELECT8_4_3_2_4
3708,HACTION_SELECT8_4_3_3
3709,HACTION_SELECT8_4_3_3_1
3710,HACTION_SELECT8_4_3_3_2
3711,HACTION_SELECT8_4_3_3_3
3712,HACTION_SELECT8_4_3_3_4
3713,HACTION_SELECT8_4_3_4
3714,HACTION_SELECT8_4_3_4_1
3715,HACTION_SELECT8_4_3_4_2
3716,HACTION_SELECT8_4_3_4_3
3717,HACTION_SELECT8_4_3_4_4
3718,HACTION_SELECT8_4_4
3719,HACTION_SELECT8_4_4_1
3720,HACTION_SELECT8_4_4_1_1
3721,HACTION_SELECT8_4_4_1_2
3722,HACTION_SELECT8_4_4_1_3
3723,HACTION_SELECT8_4_4_1_4
3724,HACTION_SELECT8_4_4_2
3725,HACTION_SELECT8_4_4_2_1
3726,HACTION_SELECT8_4_4_2_2
3727,HACTION_SELECT8_4_4_2_3
3728,HACTION_SELECT8_4_4_2_4
3729,HACTION_SELECT8_4_4_3
3730,HACTION_SELECT8_4_4_3_1
3731,HACTION_SELECT8_4_4_3_2
3732,HACTION_SELECT8_4_4_3_3
3733,HACTION_SELECT8_4_4_3_4
3734,HACTION_SELECT8_4_4_4
3735,HACTION_SELECT8_4_4_4_1
3736,HACTION_SELECT8_4_4_4_2
3737,HACTION_SELECT8_4_4_4_3
3738,HACTION_SELECT8_4_4_4_4
3739,HACTION_SELECT9
3740,HACTION_SELECT9_1
3741,HACTION_SELECT9_1_1
3742,HACTION_SELECT9_1_1_1
3743,HACTION_SELECT9_1_1_1_1
3744,HACTION_SELECT9_1_1_1_2
3745,HACTION_SELECT9_1_1_1_3
3746,HACTION_SELECT9_1_1_1_4
3747,HACTION_SELECT9_1_1_2
3748,HACTION_SELECT9_1_1_2_1
3749,HACTION_SELECT9_1_1_2_2
3750,HACTION_SELECT9_1_1_2_3
3751,HACTION_SELECT9_1_1_2_4
3752,HACTION_SELECT9_1_1_3
3753,HACTION_SELECT9_1_1_3_1
3754,HACTION_SELECT9_1_1_3_2
3755,HACTION_SELECT9_1_1_3_3
3756,HACTION_SELECT9_1_1_3_4
3757,HACTION_SELECT9_1_1_4
3758,HACTION_SELECT9_1_1_4_1
3759,HACTION_SELECT9_1_1_4_2
3760,HACTION_SELECT9_1_1_4_3
3761,HACTION_SELECT9_1_1_4_4
3762,HACTION_SELECT9_1_2
3763,HACTION_SELECT9_1_2_1
3764,HACTION_SELECT9_1_2_1_1
3765,HACTION_SELECT9_1_2_1_2
3766,HACTION_SELECT9_1_2_1_3
3767,HACTION_SELECT9_1_2_1_4
3768,HACTION_SELECT9_1_2_2
3769,HACTION_SELECT9_1_2_2_1
3770,HACTION_SELECT9_1_2_2_2
3771,HACTION_SELECT9_1_2_2_3
3772,HACTION_SELECT9_1_2_2_4
3773,HACTION_SELECT9_1_2_3
3774,HACTION_SELECT9_1_2_3_1
3775,HACTION_SELECT9_1_2_3_2
3776,HACTION_SELECT9_1_2_3_3
3777,HACTION_SELECT9_1_2_3_4
3778,HACTION_SELECT9_1_2_4
3779,HACTION_SELECT9_1_2_4_1
3780,HACTION_SELECT9_1_2_4_2
3781,HACTION_SELECT9_1_2_4_3
3782,HACTION_SELECT9_1_2_4_4
3783,HACTION_SELECT9_1_3
3784,HACTION_SELECT9_1_3_1
3785,HACTION_SELECT9_1_3_1_1
3786,HACTION_SELECT9_1_3_1_2
3787,HACTION_SELECT9_1_3_1_3
3788,HACTION_SELECT9_1_3_1_4
3789,HACTION_SELECT9_1_3_2
3790,HACTION_SELECT9_1_3_2_1
3791,HACTION_SELECT9_1_3_2_2
3792,HACTION_SELECT9_1_3_2_3
3793,HACTION_SELECT9_1_3_2_4
3794,HACTION_SELECT9_1_3_3
3795,HACTION_SELECT9_1_3_3_1
3796,HACTION_SELECT9_1_3_3_2
3797,HACTION_SELECT9_1_3_3_3
3798,HACTION_SELECT9_1_3_3_4
3799,HACTION_SELECT9_1_3_4
3800,HACTION_SELECT9_1_3_4_1
3801,HACTION_SELECT9_1_3_4_2
3802,HACTION_SELECT9_1_3_4_3
3803,HACTION_SELECT9_1_3_4_4
3804,HACTION_SELECT9_1_4
3805,HACTION_SELECT9_1_4_1
3806,HACTION_SELECT9_1_4_1_1
3807,HACTION_SELECT9_1_4_1_2
3808,HACTION_SELECT9_1_4_1_3
3809,HACTION_SELECT9_1_4_1_4
3810,HACTION_SELECT9_1_4_2
3811,HACTION_SELECT9_1_4_2_1
3812,HACTION_SELECT9_1_4_2_2
3813,HACTION_SELECT9_1_4_2_3
3814,HACTION_SELECT9_1_4_2_4
3815,HACTION_SELECT9_1_4_3
3816,HACTION_SELECT9_1_4_3_1
3817,HACTION_SELECT9_1_4_3_2
3818,HACTION_SELECT9_1_4_3_3
3819,HACTION_SELECT9_1_4_3_4
3820,HACTION_SELECT9_1_4_4
3821,HACTION_SELECT9_1_4_4_1
3822,HACTION_SELECT9_1_4_4_2
3823,HACTION_SELECT9_1_4_4_3
3824,HACTION_SELECT9_1_4_4_4
3825,HACTION_SELECT9_2
3826,HACTION_SELECT9_2_1
3827,HACTION_SELECT9_2_1_1
3828,HACTION_SELECT9_2_1_1_1
3829,HACTION_SELECT9_2_1_1_2
3830,HACTION_SELECT9_2_1_1_3
3831,HACTION_SELECT9_2_1_1_4
3832,HACTION_SELECT9_2_1_2
3833,HACTION_SELECT9_2_1_2_1
3834,HACTION_SELECT9_2_1_2_2
3835,HACTION_SELECT9_2_1_2_3
3836,HACTION_SELECT9_2_1_2_4
3837,HACTION_SELECT9_2_1_3
3838,HACTION_SELECT9_2_1_3_1
3839,HACTION_SELECT9_2_1_3_2
3840,HACTION_SELECT9_2_1_3_3
3841,HACTION_SELECT9_2_1_3_4
3842,HACTION_SELECT9_2_1_4
3843,HACTION_SELECT9_2_1_4_1
3844,HACTION_SELECT9_2_1_4_2
3845,HACTION_SELECT9_2_1_4_3
3846,HACTION_SELECT9_2_1_4_4
3847,HACTION_SELECT9_2_2
3848,HACTION_SELECT9_2_2_1
3849,HACTION_SELECT9_2_2_1_1
3850,HACTION_SELECT9_2_2_1_2
3851,HACTION_SELECT9_2_2_1_3
3852,HACTION_SELECT9_2_2_1_4
3853,HACTION_SELECT9_2_2_2
3854,HACTION_SELECT9_2_2_2_1
3855,HACTION_SELECT9_2_2_2_2
3856,HACTION_SELECT9_2_2_2_3
3857,HACTION_SELECT9_2_2_2_4
3858,HACTION_SELECT9_2_2_3
3859,HACTION_SELECT9_2_2_3_1
3860,HACTION_SELECT9_2_2_3_2
3861,HACTION_SELECT9_2_2_3_3
3862,HACTION_SELECT9_2_2_3_4
3863,HACTION_SELECT9_2_2_4
3864,HACTION_SELECT9_2_2_4_1
3865,HACTION_SELECT9_2_2_4_2
3866,HACTION_SELECT9_2_2_4_3
3867,HACTION_SELECT9_2_2_4_4
3868,HACTION_SELECT9_2_3
3869,HACTION_SELECT9_2_3_1
3870,HACTION_SELECT9_2_3_1_1
3871,HACTION_SELECT9_2_3_1_2
3872,HACTION_SELECT9_2_3_1_3
3873,HACTION_SELECT9_2_3_1_4
3874,HACTION_SELECT9_2_3_2
3875,HACTION_SELECT9_2_3_2_1
3876,HACTION_SELECT9_2_3_2_2
3877,HACTION_SELECT9_2_3_2_3
3878,HACTION_SELECT9_2_3_2_4
3879,HACTION_SELECT9_2_3_3
3880,HACTION_SELECT9_2_3_3_1
3881,HACTION_SELECT9_2_3_3_2
3882,HACTION_SELECT9_2_3_3_3
3883,HACTION_SELECT9_2_3_3_4
3884,HACTION_SELECT9_2_3_4
3885,HACTION_SELECT9_2_3_4_1
3886,HACTION_SELECT9_2_3_4_2
3887,HACTION_SELECT9_2_3_4_3
3888,HACTION_SELECT9_2_3_4_4
3889,HACTION_SELECT9_2_4
3890,HACTION_SELECT9_2_4_1
3891,HACTION_SELECT9_2_4_1_1
3892,HACTION_SELECT9_2_4_1_2
3893,HACTION_SELECT9_2_4_1_3
3894,HACTION_SELECT9_2_4_1_4
3895,HACTION_SELECT9_2_4_2
3896,HACTION_SELECT9_2_4_2_1
3897,HACTION_SELECT9_2_4_2_2
3898,HACTION_SELECT9_2_4_2_3
3899,HACTION_SELECT9_2_4_2_4
3900,HACTION_SELECT9_2_4_3
3901,HACTION_SELECT9_2_4_3_1
3902,HACTION_SELECT9_2_4_3_2
3903,HACTION_SELECT9_2_4_3_3
3904,HACTION_SELECT9_2_4_3_4
3905,HACTION_SELECT9_2_4_4
3906,HACTION_SELECT9_2_4_4_1
3907,HACTION_SELECT9_2_4_4_2
3908,HACTION_SELECT9_2_4_4_3
3909,HACTION_SELECT9_2_4_4_4
3910,HACTION_SELECT9_3
3911,HACTION_SELECT9_3_1
3912,HACTION_SELECT9_3_1_1
3913,HACTION_SELECT9_3_1_1_1
3914,HACTION_SELECT9_3_1_1_2
3915,HACTION_SELECT9_3_1_1_3
3916,HACTION_SELECT9_3_1_1_4
3917,HACTION_SELECT9_3_1_2
3918,HACTION_SELECT9_3_1_2_1
3919,HACTION_SELECT9_3_1_2_2
3920,HACTION_SELECT9_3_1_2_3
3921,HACTION_SELECT9_3_1_2_4
3922,HACTION_SELECT9_3_1_3
3923,HACTION_SELECT9_3_1_3_1
3924,HACTION_SELECT9_3_1_3_2
3925,HACTION_SELECT9_3_1_3_3
3926,HACTION_SELECT9_3_1_3_4
3927,HACTION_SELECT9_3_1_4
3928,HACTION_SELECT9_3_1_4_1
3929,HACTION_SELECT9_3_1_4_2
3930,HACTION_SELECT9_3_1_4_3
3931,HACTION_SELECT9_3_1_4_4
3932,HACTION_SELECT9_3_2
3933,HACTION_SELECT9_3_2_1
3934,HACTION_SELECT9_3_2_1_1
3935,HACTION_SELECT9_3_2_1_2
3936,HACTION_SELECT9_3_2_1_3
3937,HACTION_SELECT9_3_2_1_4
3938,HACTION_SELECT9_3_2_2
3939,HACTION_SELECT9_3_2_2_1
3940,HACTION_SELECT9_3_2_2_2
3941,HACTION_SELECT9_3_2_2_3
3942,HACTION_SELECT9_3_2_2_4
3943,HACTION_SELECT9_3_2_3
3944,HACTION_SELECT9_3_2_3_1
3945,HACTION_SELECT9_3_2_3_2
3946,HACTION_SELECT9_3_2_3_3
3947,HACTION_SELECT9_3_2_3_4
3948,HACTION_SELECT9_3_2_4
3949,HACTION_SELECT9_3_2_4_1
3950,HACTION_SELECT9_3_2_4_2
3951,HACTION_SELECT9_3_2_4_3
3952,HACTION_SELECT9_3_2_4_4
3953,HACTION_SELECT9_3_3
3954,HACTION_SELECT9_3_3_1
3955,HACTION_SELECT9_3_3_1_1
3956,HACTION_SELECT9_3_3_1_2
3957,HACTION_SELECT9_3_3_1_3
3958,HACTION_SELECT9_3_3_1_4
3959,HACTION_SELECT9_3_3_2
3960,HACTION_SELECT9_3_3_2_1
3961,HACTION_SELECT9_3_3_2_2
3962,HACTION_SELECT9_3_3_2_3
3963,HACTION_SELECT9_3_3_2_4
3964,HACTION_SELECT9_3_3_3
3965,HACTION_SELECT9_3_3_3_1
3966,HACTION_SELECT9_3_3_3_2
3967,HACTION_SELECT9_3_3_3_3
3968,HACTION_SELECT9_3_3_3_4
3969,HACTION_SELECT9_3_3_4
3970,HACTION_SELECT9_3_3_4_1
3971,HACTION_SELECT9_3_3_4_2
3972,HACTION_SELECT9_3_3_4_3
3973,HACTION_SELECT9_3_3_4_4
3974,HACTION_SELECT9_3_4
3975,HACTION_SELECT9_3_4_1
3976,HACTION_SELECT9_3_4_1_1
3977,HACTION_SELECT9_3_4_1_2
3978,HACTION_SELECT9_3_4_1_3
3979,HACTION_SELECT9_3_4_1_4
3980,HACTION_SELECT9_3_4_2
3981,HACTION_SELECT9_3_4_2_1
3982,HACTION_SELECT9_3_4_2_2
3983,HACTION_SELECT9_3_4_2_3
3984,HACTION_SELECT9_3_4_2_4
3985,HACTION_SELECT9_3_4_3
3986,HACTION_SELECT9_3_4_3_1
3987,HACTION_SELECT9_3_4_3_2
3988,HACTION_SELECT9_3_4_3_3
3989,HACTION_SELECT9_3_4_3_4
3990,HACTION_SELECT9_3_4_4
3991,HACTION_SELECT9_3_4_4_1
3992,HACTION_SELECT9_3_4_4_2
3993,HACTION_SELECT9_3_4_4_3
3994,HACTION_SELECT9_3_4_4_4
3995,HACTION_SELECT9_4
3996,HACTION_SELECT9_4_1
3997,HACTION_SELECT9_4_1_1
3998,HACTION_SELECT9_4_1_1_1
3999,HACTION_SELECT9_4_1_1_2
4000,HACTION_SELECT9_4_1_1_3
4001,HACTION_SELECT9_4_1_1_4
4002,HACTION_SELECT9_4_1_2
4003,HACTION_SELECT9_4_1_2_1
4004,HACTION_SELECT9_4_1_2_2
4005,HACTION_SELECT9_4_1_2_3
4006,HACTION_SELECT9_4_1_2_4
4007,HACTION_SELECT9_4_1_3
4008,HACTION_SELECT9_4_1_3_1
4009,HACTION_SELECT9_4_1_3_2
4010,HACTION_SELECT9_4_1_3_3
4011,HACTION_SELECT9_4_1_3_4
4012,HACTION_SELECT9_4_1_4
4013,HACTION_SELECT9_4_1_4_1
4014,HACTION_SELECT9_4_1_4_2
4015,HACTION_SELECT9_4_1_4_3
4016,HACTION_SELECT9_4_1_4_4
4017,HACTION_SELECT9_4_2
4018,HACTION_SELECT9_4_2_1
4019,HACTION_SELECT9_4_2_1_1
4020,HACTION_SELECT9_4_2_1_2
4021,HACTION_SELECT9_4_2_1_3
4022,HACTION_SELECT9_4_2_1_4
4023,HACTION_SELECT9_4_2_2
4024,HACTION_SELECT9_4_2_2_1
4025,HACTION_SELECT9_4_2_2_2
4026,HACTION_SELECT9_4_2_2_3
4027,HACTION_SELECT9_4_2_2_4
4028,HACTION_SELECT9_4_2_3
4029,HACTION_SELECT9_4_2_3_1
4030,HACTION_SELECT9_4_2_3_2
4031,HACTION_SELECT9_4_2_3_3
4032,HACTION_SELECT9_4_2_3_4
4033,HACTION_SELECT9_4_2_4
4034,HACTION_SELECT9_4_2_4_1
4035,HACTION_SELECT9_4_2_4_2
4036,HACTION_SELECT9_4_2_4_3
4037,HACTION_SELECT9_4_2_4_4
4038,HACTION_SELECT9_4_3
4039,HACTION_SELECT9_4_3_1
4040,HACTION_SELECT9_4_3_1_1
4041,HACTION_SELECT9_4_3_1_2
4042,HACTION_SELECT9_4_3_1_3
4043,HACTION_SELECT9_4_3_1_4
4044,HACTION_SELECT9_4_3_2
4045,HACTION_SELECT9_4_3_2_1
4046,HACTION_SELECT9_4_3_2_2
4047,HACTION_SELECT9_4_3_2_3
4048,HACTION_SELECT9_4_3_2_4
4049,HACTION_SELECT9_4_3_3
4050,HACTION_SELECT9_4_3_3_1
4051,HACTION_SELECT9_4_3_3_2
4052,HACTION_SELECT9_4_3_3_3
4053,HACTION_SELECT9_4_3_3_4
4054,HACTION_SELECT9_4_3_4
4055,HACTION_SELECT9_4_3_4_1
4056,HACTION_SELECT9_4_3_4_2
4057,HACTION_SELECT9_4_3_4_3
4058,HACTION_SELECT9_4_3_4_4
4059,HACTION_SELECT9_4_4
4060,HACTION_SELECT9_4_4_1
4061,HACTION_SELECT9_4_4_1_1
4062,HACTION_SELECT9_4_4_1_2
4063,HACTION_SELECT9_4_4_1_3
4064,HACTION_SELECT9_4_4_1_4
4065,HACTION_SELECT9_4_4_2
4066,HACTION_SELECT9_4_4_2_1
4067,HACTION_SELECT9_4_4_2_2
4068,HACTION_SELECT9_4_4_2_3
4069,HACTION_SELECT9_4_4_2_4
4070,HACTION_SELECT9_4_4_3
4071,HACTION_SELECT9_4_4_3_1
4072,HACTION_SELECT9_4_4_3_2
4073,HACTION_SELECT9_4_4_3_3
4074,HACTION_SELECT9_4_4_3_4
4075,HACTION_SELECT9_4_4_4
4076,HACTION_SELECT9_4_4_4_1
4077,HACTION_SELECT9_4_4_4_2
4078,HACTION_SELECT9_4_4_4_3
4079,HACTION_SELECT9_4_4_4_4
4080,HACTION_SELECT10
4081,HACTION_SELECT10_1
4082,HACTION_SELECT10_1_1
4083,HACTION_SELECT10_1_1_1
4084,HACTION_SELECT10_1_1_1_1
4085,HACTION_SELECT10_1_1_1_2
4086,HACTION_SELECT10_1_1_1_3
4087,HACTION_SELECT10_1_1_1_4
4088,HACTION_SELECT10_1_1_2
4089,HACTION_SELECT10_1_1_2_1
4090,HACTION_SELECT10_1_1_2_2
4091,HACTION_SELECT10_1_1_2_3
4092,HACTION_SELECT10_1_1_2_4
4093,HACTION_SELECT10_1_1_3
4094,HACTION_SELECT10_1_1_3_1
4095,HACTION_SELECT10_1_1_3_2
4096,HACTION_SELECT10_1_1_3_3
4097,HACTION_SELECT10_1_1_3_4
4098,HACTION_SELECT10_1_1_4
4099,HACTION_SELECT10_1_1_4_1
4100,HACTION_SELECT10_1_1_4_2
4101,HACTION_SELECT10_1_1_4_3
4102,HACTION_SELECT10_1_1_4_4
4103,HACTION_SELECT10_1_2
4104,HACTION_SELECT10_1_2_1
4105,HACTION_SELECT10_1_2_1_1
4106,HACTION_SELECT10_1_2_1_2
4107,HACTION_SELECT10_1_2_1_3
4108,HACTION_SELECT10_1_2_1_4
4109,HACTION_SELECT10_1_2_2
4110,HACTION_SELECT10_1_2_2_1
4111,HACTION_SELECT10_1_2_2_2
4112,HACTION_SELECT10_1_2_2_3
4113,HACTION_SELECT10_1_2_2_4
4114,HACTION_SELECT10_1_2_3
4115,HACTION_SELECT10_1_2_3_1
4116,HACTION_SELECT10_1_2_3_2
4117,HACTION_SELECT10_1_2_3_3
4118,HACTION_SELECT10_1_2_3_4
4119,HACTION_SELECT10_1_2_4
4120,HACTION_SELECT10_1_2_4_1
4121,HACTION_SELECT10_1_2_4_2
4122,HACTION_SELECT10_1_2_4_3
4123,HACTION_SELECT10_1_2_4_4
4124,HACTION_SELECT10_1_3
4125,HACTION_SELECT10_1_3_1
4126,HACTION_SELECT10_1_3_1_1
4127,HACTION_SELECT10_1_3_1_2
4128,HACTION_SELECT10_1_3_1_3
4129,HACTION_SELECT10_1_3_1_4
4130,HACTION_SELECT10_1_3_2
4131,HACTION_SELECT10_1_3_2_1
4132,HACTION_SELECT10_1_3_2_2
4133,HACTION_SELECT10_1_3_2_3
4134,HACTION_SELECT10_1_3_2_4
4135,HACTION_SELECT10_1_3_3
4136,HACTION_SELECT10_1_3_3_1
4137,HACTION_SELECT10_1_3_3_2
4138,HACTION_SELECT10_1_3_3_3
4139,HACTION_SELECT10_1_3_3_4
4140,HACTION_SELECT10_1_3_4
4141,HACTION_SELECT10_1_3_4_1
4142,HACTION_SELECT10_1_3_4_2
4143,HACTION_SELECT10_1_3_4_3
4144,HACTION_SELECT10_1_3_4_4
4145,HACTION_SELECT10_1_4
4146,HACTION_SELECT10_1_4_1
4147,HACTION_SELECT10_1_4_1_1
4148,HACTION_SELECT10_1_4_1_2
4149,HACTION_SELECT10_1_4_1_3
4150,HACTION_SELECT10_1_4_1_4
4151,HACTION_SELECT10_1_4_2
4152,HACTION_SELECT10_1_4_2_1
4153,HACTION_SELECT10_1_4_2_2
4154,HACTION_SELECT10_1_4_2_3
4155,HACTION_SELECT10_1_4_2_4
4156,HACTION_SELECT10_1_4_3
4157,HACTION_SELECT10_1_4_3_1
4158,HACTION_SELECT10_1_4_3_2
4159,HACTION_SELECT10_1_4_3_3
4160,HACTION_SELECT10_1_4_3_4
4161,HACTION_SELECT10_1_4_4
4162,HACTION_SELECT10_1_4_4_1
4163,HACTION_SELECT10_1_4_4_2
4164,HACTION_SELECT10_1_4_4_3
4165,HACTION_SELECT10_1_4_4_4
4166,HACTION_SELECT10_2
4167,HACTION_SELECT10_2_1
4168,HACTION_SELECT10_2_1_1
4169,HACTION_SELECT10_2_1_1_1
4170,HACTION_SELECT10_2_1_1_2
4171,HACTION_SELECT10_2_1_1_3
4172,HACTION_SELECT10_2_1_1_4
4173,HACTION_SELECT10_2_1_2
4174,HACTION_SELECT10_2_1_2_1
4175,HACTION_SELECT10_2_1_2_2
4176,HACTION_SELECT10_2_1_2_3
4177,HACTION_SELECT10_2_1_2_4
4178,HACTION_SELECT10_2_1_3
4179,HACTION_SELECT10_2_1_3_1
4180,HACTION_SELECT10_2_1_3_2
4181,HACTION_SELECT10_2_1_3_3
4182,HACTION_SELECT10_2_1_3_4
4183,HACTION_SELECT10_2_1_4
4184,HACTION_SELECT10_2_1_4_1
4185,HACTION_SELECT10_2_1_4_2
4186,HACTION_SELECT10_2_1_4_3
4187,HACTION_SELECT10_2_1_4_4
4188,HACTION_SELECT10_2_2
4189,HACTION_SELECT10_2_2_1
4190,HACTION_SELECT10_2_2_1_1
4191,HACTION_SELECT10_2_2_1_2
4192,HACTION_SELECT10_2_2_1_3
4193,HACTION_SELECT10_2_2_1_4
4194,HACTION_SELECT10_2_2_2
4195,HACTION_SELECT10_2_2_2_1
4196,HACTION_SELECT10_2_2_2_2
4197,HACTION_SELECT10_2_2_2_3
4198,HACTION_SELECT10_2_2_2_4
4199,HACTION_SELECT10_2_2_3
4200,HACTION_SELECT10_2_2_3_1
4201,HACTION_SELECT10_2_2_3_2
4202,HACTION_SELECT10_2_2_3_3
4203,HACTION_SELECT10_2_2_3_4
4204,HACTION_SELECT10_2_2_4
4205,HACTION_SELECT10_2_2_4_1
4206,HACTION_SELECT10_2_2_4_2
4207,HACTION_SELECT10_2_2_4_3
4208,HACTION_SELECT10_2_2_4_4
4209,HACTION_SELECT10_2_3
4210,HACTION_SELECT10_2_3_1
4211,HACTION_SELECT10_2_3_1_1
4212,HACTION_SELECT10_2_3_1_2
4213,HACTION_SELECT10_2_3_1_3
4214,HACTION_SELECT10_2_3_1_4
4215,HACTION_SELECT10_2_3_2
4216,HACTION_SELECT10_2_3_2_1
4217,HACTION_SELECT10_2_3_2_2
4218,HACTION_SELECT10_2_3_2_3
4219,HACTION_SELECT10_2_3_2_4
4220,HACTION_SELECT10_2_3_3
4221,HACTION_SELECT10_2_3_3_1
4222,HACTION_SELECT10_2_3_3_2
4223,HACTION_SELECT10_2_3_3_3
4224,HACTION_SELECT10_2_3_3_4
4225,HACTION_SELECT10_2_3_4
4226,HACTION_SELECT10_2_3_4_1
4227,HACTION_SELECT10_2_3_4_2
4228,HACTION_SELECT10_2_3_4_3
4229,HACTION_SELECT10_2_3_4_4
4230,HACTION_SELECT10_2_4
4231,HACTION_SELECT10_2_4_1
4232,HACTION_SELECT10_2_4_1_1
4233,HACTION_SELECT10_2_4_1_2
4234,HACTION_SELECT10_2_4_1_3
4235,HACTION_SELECT10_2_4_1_4
4236,HACTION_SELECT10_2_4_2
4237,HACTION_SELECT10_2_4_2_1
4238,HACTION_SELECT10_2_4_2_2
4239,HACTION_SELECT10_2_4_2_3
4240,HACTION_SELECT10_2_4_2_4
4241,HACTION_SELECT10_2_4_3
4242,HACTION_SELECT10_2_4_3_1
4243,HACTION_SELECT10_2_4_3_2
4244,HACTION_SELECT10_2_4_3_3
4245,HACTION_SELECT10_2_4_3_4
4246,HACTION_SELECT10_2_4_4
4247,HACTION_SELECT10_2_4_4_1
4248,HACTION_SELECT10_2_4_4_2
4249,HACTION_SELECT10_2_4_4_3
4250,HACTION_SELECT10_2_4_4_4
4251,HACTION_SELECT10_3
4252,HACTION_SELECT10_3_1
4253,HACTION_SELECT10_3_1_1
4254,HACTION_SELECT10_3_1_1_1
4255,HACTION_SELECT10_3_1_1_2
4256,HACTION_SELECT10_3_1_1_3
4257,HACTION_SELECT10_3_1_1_4
4258,HACTION_SELECT10_3_1_2
4259,HACTION_SELECT10_3_1_2_1
4260,HACTION_SELECT10_3_1_2_2
4261,HACTION_SELECT10_3_1_2_3
4262,HACTION_SELECT10_3_1_2_4
4263,HACTION_SELECT10_3_1_3
4264,HACTION_SELECT10_3_1_3_1
4265,HACTION_SELECT10_3_1_3_2
4266,HACTION_SELECT10_3_1_3_3
4267,HACTION_SELECT10_3_1_3_4
4268,HACTION_SELECT10_3_1_4
4269,HACTION_SELECT10_3_1_4_1
4270,HACTION_SELECT10_3_1_4_2
4271,HACTION_SELECT10_3_1_4_3
4272,HACTION_SELECT10_3_1_4_4
4273,HACTION_SELECT10_3_2
4274,HACTION_SELECT10_3_2_1
4275,HACTION_SELECT10_3_2_1_1
4276,HACTION_SELECT10_3_2_1_2
4277,HACTION_SELECT10_3_2_1_3
4278,HACTION_SELECT10_3_2_1_4
4279,HACTION_SELECT10_3_2_2
4280,HACTION_SELECT10_3_2_2_1
4281,HACTION_SELECT10_3_2_2_2
4282,HACTION_SELECT10_3_2_2_3
4283,HACTION_SELECT10_3_2_2_4
4284,HACTION_SELECT10_3_2_3
4285,HACTION_SELECT10_3_2_3_1
4286,HACTION_SELECT10_3_2_3_2
4287,HACTION_SELECT10_3_2_3_3
4288,HACTION_SELECT10_3_2_3_4
4289,HACTION_SELECT10_3_2_4
4290,HACTION_SELECT10_3_2_4_1
4291,HACTION_SELECT10_3_2_4_2
4292,HACTION_SELECT10_3_2_4_3
4293,HACTION_SELECT10_3_2_4_4
4294,HACTION_SELECT10_3_3
4295,HACTION_SELECT10_3_3_1
4296,HACTION_SELECT10_3_3_1_1
4297,HACTION_SELECT10_3_3_1_2
4298,HACTION_SELECT10_3_3_1_3
4299,HACTION_SELECT10_3_3_1_4
4300,HACTION_SELECT10_3_3_2
4301,HACTION_SELECT10_3_3_2_1
4302,HACTION_SELECT10_3_3_2_2
4303,HACTION_SELECT10_3_3_2_3
4304,HACTION_SELECT10_3_3_2_4
4305,HACTION_SELECT10_3_3_3
4306,HACTION_SELECT10_3_3_3_1
4307,HACTION_SELECT10_3_3_3_2
4308,HACTION_SELECT10_3_3_3_3
4309,HACTION_SELECT10_3_3_3_4
4310,HACTION_SELECT10_3_3_4
4311,HACTION_SELECT10_3_3_4_1
4312,HACTION_SELECT10_3_3_4_2
4313,HACTION_SELECT10_3_3_4_3
4314,HACTION_SELECT10_3_3_4_4
4315,HACTION_SELECT10_3_4
4316,HACTION_SELECT10_3_4_1
4317,HACTION_SELECT10_3_4_1_1
4318,HACTION_SELECT10_3_4_1_2
4319,HACTION_SELECT10_3_4_1_3
4320,HACTION_SELECT10_3_4_1_4
4321,HACTION_SELECT10_3_4_2
4322,HACTION_SELECT10_3_4_2_1
4323,HACTION_SELECT10_3_4_2_2
4324,HACTION_SELECT10_3_4_2_3
4325,HACTION_SELECT10_3_4_2_4
4326,HACTION_SELECT10_3_4_3
4327,HACTION_SELECT10_3_4_3_1
4328,HACTION_SELECT10_3_4_3_2
4329,HACTION_SELECT10_3_4_3_3
4330,HACTION_SELECT10_3_4_3_4
4331,HACTION_SELECT10_3_4_4
4332,HACTION_SELECT10_3_4_4_1
4333,HACTION_SELECT10_3_4_4_2
4334,HACTION_SELECT10_3_4_4_3
4335,HACTION_SELECT10_3_4_4_4
4336,HACTION_SELECT10_4
4337,HACTION_SELECT10_4_1
4338,HACTION_SELECT10_4_1_1
4339,HACTION_SELECT10_4_1_1_1
4340,HACTION_SELECT10_4_1_1_2
4341,HACTION_SELECT10_4_1_1_3
4342,HACTION_SELECT10_4_1_1_4
4343,HACTION_SELECT10_4_1_2
4344,HACTION_SELECT10_4_1_2_1
4345,HACTION_SELECT10_4_1_2_2
4346,HACTION_SELECT10_4_1_2_3
4347,HACTION_SELECT10_4_1_2_4
4348,HACTION_SELECT10_4_1_3
4349,HACTION_SELECT10_4_1_3_1
4350,HACTION_SELECT10_4_1_3_2
4351,HACTION_SELECT10_4_1_3_3
4352,HACTION_SELECT10_4_1_3_4
4353,HACTION_SELECT10_4_1_4
4354,HACTION_SELECT10_4_1_4_1
4355,HACTION_SELECT10_4_1_4_2
4356,HACTION_SELECT10_4_1_4_3
4357,HACTION_SELECT10_4_1_4_4
4358,HACTION_SELECT10_4_2
4359,HACTION_SELECT10_4_2_1
4360,HACTION_SELECT10_4_2_1_1
4361,HACTION_SELECT10_4_2_1_2
4362,HACTION_SELECT10_4_2_1_3
4363,HACTION_SELECT10_4_2_1_4
4364,HACTION_SELECT10_4_2_2
4365,HACTION_SELECT10_4_2_2_1
4366,HACTION_SELECT10_4_2_2_2
4367,HACTION_SELECT10_4_2_2_3
4368,HACTION_SELECT10_4_2_2_4
4369,HACTION_SELECT10_4_2_3
4370,HACTION_SELECT10_4_2_3_1
4371,HACTION_SELECT10_4_2_3_2
4372,HACTION_SELECT10_4_2_3_3
4373,HACTION_SELECT10_4_2_3_4
4374,HACTION_SELECT10_4_2_4
4375,HACTION_SELECT10_4_2_4_1
4376,HACTION_SELECT10_4_2_4_2
4377,HACTION_SELECT10_4_2_4_3
4378,HACTION_SELECT10_4_2_4_4
4379,HACTION_SELECT10_4_3
4380,HACTION_SELECT10_4_3_1
4381,HACTION_SELECT10_4_3_1_1
4382,HACTION_SELECT10_4_3_1_2
4383,HACTION_SELECT10_4_3_1_3
4384,HACTION_SELECT10_4_3_1_4
4385,HACTION_SELECT10_4_3_2
4386,HACTION_SELECT10_4_3_2_1
4387,HACTION_SELECT10_4_3_2_2
4388,HACTION_SELECT10_4_3_2_3
4389,HACTION_SELECT10_4_3_2_4
4390,HACTION_SELECT10_4_3_3
4391,HACTION_SELECT10_4_3_3_1
4392,HACTION_SELECT10_4_3_3_2
4393,HACTION_SELECT10_4_3_3_3
4394,HACTION_SELECT10_4_3_3_4
4395,HACTION_SELECT10_4_3_4
4396,HACTION_SELECT10_4_3_4_1
4397,HACTION_SELECT10_4_3_4_2
4398,HACTION_SELECT10_4_3_4_3
4399,HACTION_SELECT10_4_3_4_4
4400,HACTION_SELECT10_4_4
4401,HACTION_SELECT10_4_4_1
4402,HACTION_SELECT10_4_4_1_1
4403,HACTION_SELECT10_4_4_1_2
4404,HACTION_SELECT10_4_4_1_3
4405,HACTION_SELECT10_4_4_1_4
4406,HACTION_SELECT10_4_4_2
4407,HACTION_SELECT10_4_4_2_1
4408,HACTION_SELECT10_4_4_2_2
4409,HACTION_SELECT10_4_4_2_3
4410,HACTION_SELECT10_4_4_2_4
4411,HACTION_SELECT10_4_4_3
4412,HACTION_SELECT10_4_4_3_1
4413,HACTION_SELECT10_4_4_3_2
4414,HACTION_SELECT10_4_4_3_3
4415,HACTION_SELECT10_4_4_3_4
4416,HACTION_SELECT10_4_4_4
4417,HACTION_SELECT10_4_4_4_1
4418,HACTION_SELECT10_4_4_4_2
4419,HACTION_SELECT10_4_4_4_3
4420,HACTION_SELECT10_4_4_4_4
4421,HACTION_SELECT0
4422,HACTION_SELECT0_1
4423,HACTION_SELECT0_1_1
4424,HACTION_SELECT0_1_1_1
4425,HACTION_SELECT0_1_1_1_1
4426,HACTION_SELECT0_1_1_1_2
4427,HACTION_SELECT0_1_1_1_3
4428,HACTION_SELECT0_1_1_1_4
4429,HACTION_SELECT0_1_1_2
4430,HACTION_SELECT0_1_1_2_1
4431,HACTION_SELECT0_1_1_2_2
4432,HACTION_SELECT0_1_1_2_3
4433,HACTION_SELECT0_1_1_2_4
4434,HACTION_SELECT0_1_1_3
4435,HACTION_SELECT0_1_1_3_1
4436,HACTION_SELECT0_1_1_3_2
4437,HACTION_SELECT0_1_1_3_3
4438,HACTION_SELECT0_1_1_3_4
4439,HACTION_SELECT0_1_1_4
4440,HACTION_SELECT0_1_1_4_1
4441,HACTION_SELECT0_1_1_4_2
4442,HACTION_SELECT0_1_1_4_3
4443,HACTION_SELECT0_1_1_4_4
4444,HACTION_SELECT0_1_2
4445,HACTION_SELECT0_1_2_1
4446,HACTION_SELECT0_1_2_1_1
4447,HACTION_SELECT0_1_2_1_2
4448,HACTION_SELECT0_1_2_1_3
4449,HACTION_SELECT0_1_2_1_4
4450,HACTION_SELECT0_1_2_2
4451,HACTION_SELECT0_1_2_2_1
4452,HACTION_SELECT0_1_2_2_2
4453,HACTION_SELECT0_1_2_2_3
4454,HACTION_SELECT0_1_2_2_4
4455,HACTION_SELECT0_1_2_3
4456,HACTION_SELECT0_1_2_3_1
4457,HACTION_SELECT0_1_2_3_2
4458,HACTION_SELECT0_1_2_3_3
4459,HACTION_SELECT0_1_2_3_4
4460,HACTION_SELECT0_1_2_4
4461,HACTION_SELECT0_1_2_4_1
4462,HACTION_SELECT0_1_2_4_2
4463,HACTION_SELECT0_1_2_4_3
4464,HACTION_SELECT0_1_2_4_4
4465,HACTION_SELECT0_1_3
4466,HACTION_SELECT0_1_3_1
4467,HACTION_SELECT0_1_3_1_1
4468,HACTION_SELECT0_1_3_1_2
4469,HACTION_SELECT0_1_3_1_3
4470,HACTION_SELECT0_1_3_1_4
4471,HACTION_SELECT0_1_3_2
4472,HACTION_SELECT0_1_3_2_1
4473,HACTION_SELECT0_1_3_2_2
4474,HACTION_SELECT0_1_3_2_3
4475,HACTION_SELECT0_1_3_2_4
4476,HACTION_SELECT0_1_3_3
4477,HACTION_SELECT0_1_3_3_1
4478,HACTION_SELECT0_1_3_3_2
4479,HACTION_SELECT0_1_3_3_3
4480,HACTION_SELECT0_1_3_3_4
4481,HACTION_SELECT0_1_3_4
4482,HACTION_SELECT0_1_3_4_1
4483,HACTION_SELECT0_1_3_4_2
4484,HACTION_SELECT0_1_3_4_3
4485,HACTION_SELECT0_1_3_4_4
4486,HACTION_SELECT0_1_4
4487,HACTION_SELECT0_1_4_1
4488,HACTION_SELECT0_1_4_1_1
4489,HACTION_SELECT0_1_4_1_2
4490,HACTION_SELECT0_1_4_1_3
4491,HACTION_SELECT0_1_4_1_4
4492,HACTION_SELECT0_1_4_2
4493,HACTION_SELECT0_1_4_2_1
4494,HACTION_SELECT0_1_4_2_2
4495,HACTION_SELECT0_1_4_2_3
4496,HACTION_SELECT0_1_4_2_4
4497,HACTION_SELECT0_1_4_3
4498,HACTION_SELECT0_1_4_3_1
4499,HACTION_SELECT0_1_4_3_2
4500,HACTION_SELECT0_1_4_3_3
4501,HACTION_SELECT0_1_4_3_4
4502,HACTION_SELECT0_1_4_4
4503,HACTION_SELECT0_1_4_4_1
4504,HACTION_SELECT0_1_4_4_2
4505,HACTION_SELECT0_1_4_4_3
4506,HACTION_SELECT0_1_4_4_4
4507,HACTION_SELECT0_2
4508,HACTION_SELECT0_2_1
4509,HACTION_SELECT0_2_1_1
4510,HACTION_SELECT0_2_1_1_1
4511,HACTION_SELECT0_2_1_1_2
4512,HACTION_SELECT0_2_1_1_3
4513,HACTION_SELECT0_2_1_1_4
4514,HACTION_SELECT0_2_1_2
4515,HACTION_SELECT0_2_1_2_1
4516,HACTION_SELECT0_2_1_2_2
4517,HACTION_SELECT0_2_1_2_3
4518,HACTION_SELECT0_2_1_2_4
4519,HACTION_SELECT0_2_1_3
4520,HACTION_SELECT0_2_1_3_1
4521,HACTION_SELECT0_2_1_3_2
4522,HACTION_SELECT0_2_1_3_3
4523,HACTION_SELECT0_2_1_3_4
4524,HACTION_SELECT0_2_1_4
4525,HACTION_SELECT0_2_1_4_1
4526,HACTION_SELECT0_2_1_4_2
4527,HACTION_SELECT0_2_1_4_3
4528,HACTION_SELECT0_2_1_4_4
4529,HACTION_SELECT0_2_2
4530,HACTION_SELECT0_2_2_1
4531,HACTION_SELECT0_2_2_1_1
4532,HACTION_SELECT0_2_2_1_2
4533,HACTION_SELECT0_2_2_1_3
4534,HACTION_SELECT0_2_2_1_4
4535,HACTION_SELECT0_2_2_2
4536,HACTION_SELECT0_2_2_2_1
4537,HACTION_SELECT0_2_2_2_2
4538,HACTION_SELECT0_2_2_2_3
4539,HACTION_SELECT0_2_2_2_4
4540,HACTION_SELECT0_2_2_3
4541,HACTION_SELECT0_2_2_3_1
4542,HACTION_SELECT0_2_2_3_2
4543,HACTION_SELECT0_2_2_3_3
4544,HACTION_SELECT0_2_2_3_4
4545,HACTION_SELECT0_2_2_4
4546,HACTION_SELECT0_2_2_4_1
4547,HACTION_SELECT0_2_2_4_2
4548,HACTION_SELECT0_2_2_4_3
4549,HACTION_SELECT0_2_2_4_4
4550,HACTION_SELECT0_2_3
4551,HACTION_SELECT0_2_3_1
4552,HACTION_SELECT0_2_3_1_1
4553,HACTION_SELECT0_2_3_1_2
4554,HACTION_SELECT0_2_3_1_3
4555,HACTION_SELECT0_2_3_1_4
4556,HACTION_SELECT0_2_3_2
4557,HACTION_SELECT0_2_3_2_1
4558,HACTION_SELECT0_2_3_2_2
4559,HACTION_SELECT0_2_3_2_3
4560,HACTION_SELECT0_2_3_2_4
4561,HACTION_SELECT0_2_3_3
4562,HACTION_SELECT0_2_3_3_1
4563,HACTION_SELECT0_2_3_3_2
4564,HACTION_SELECT0_2_3_3_3
4565,HACTION_SELECT0_2_3_3_4
4566,HACTION_SELECT0_2_3_4
4567,HACTION_SELECT0_2_3_4_1
4568,HACTION_SELECT0_2_3_4_2
4569,HACTION_SELECT0_2_3_4_3
4570,HACTION_SELECT0_2_3_4_4
4571,HACTION_SELECT0_2_4
4572,HACTION_SELECT0_2_4_1
4573,HACTION_SELECT0_2_4_1_1
4574,HACTION_SELECT0_2_4_1_2
4575,HACTION_SELECT0_2_4_1_3
4576,HACTION_SELECT0_2_4_1_4
4577,HACTION_SELECT0_2_4_2
4578,HACTION_SELECT0_2_4_2_1
4579,HACTION_SELECT0_2_4_2_2
4580,HACTION_SELECT0_2_4_2_3
4581,HACTION_SELECT0_2_4_2_4
4582,HACTION_SELECT0_2_4_3
4583,HACTION_SELECT0_2_4_3_1
4584,HACTION_SELECT0_2_4_3_2
4585,HACTION_SELECT0_2_4_3_3
4586,HACTION_SELECT0_2_4_3_4
4587,HACTION_SELECT0_2_4_4
4588,HACTION_SELECT0_2_4_4_1
4589,HACTION_SELECT0_2_4_4_2
4590,HACTION_SELECT0_2_4_4_3
4591,HACTION_SELECT0_2_4_4_4
4592,HACTION_SELECT0_3
4593,HACTION_SELECT0_3_1
4594,HACTION_SELECT0_3_1_1
4595,HACTION_SELECT0_3_1_1_1
4596,HACTION_SELECT0_3_1_1_2
4597,HACTION_SELECT0_3_1_1_3
4598,HACTION_SELECT0_3_1_1_4
4599,HACTION_SELECT0_3_1_2
4600,HACTION_SELECT0_3_1_2_1
4601,HACTION_SELECT0_3_1_2_2
4602,HACTION_SELECT0_3_1_2_3
4603,HACTION_SELECT0_3_1_2_4
4604,HACTION_SELECT0_3_1_3
4605,HACTION_SELECT0_3_1_3_1
4606,HACTION_SELECT0_3_1_3_2
4607,HACTION_SELECT0_3_1_3_3
4608,HACTION_SELECT0_3_1_3_4
4609,HACTION_SELECT0_3_1_4
4610,HACTION_SELECT0_3_1_4_1
4611,HACTION_SELECT0_3_1_4_2
4612,HACTION_SELECT0_3_1_4_3
4613,HACTION_SELECT0_3_1_4_4
4614,HACTION_SELECT0_3_2
4615,HACTION_SELECT0_3_2_1
4616,HACTION_SELECT0_3_2_1_1
4617,HACTION_SELECT0_3_2_1_2
4618,HACTION_SELECT0_3_2_1_3
4619,HACTION_SELECT0_3_2_1_4
4620,HACTION_SELECT0_3_2_2
4621,HACTION_SELECT0_3_2_2_1
4622,HACTION_SELECT0_3_2_2_2
4623,HACTION_SELECT0_3_2_2_3
4624,HACTION_SELECT0_3_2_2_4
4625,HACTION_SELECT0_3_2_3
4626,HACTION_SELECT0_3_2_3_1
4627,HACTION_SELECT0_3_2_3_2
4628,HACTION_SELECT0_3_2_3_3
4629,HACTION_SELECT0_3_2_3_4
4630,HACTION_SELECT0_3_2_4
4631,HACTION_SELECT0_3_2_4_1
4632,HACTION_SELECT0_3_2_4_2
4633,HACTION_SELECT0_3_2_4_3
4634,HACTION_SELECT0_3_2_4_4
4635,HACTION_SELECT0_3_3
4636,HACTION_SELECT0_3_3_1
4637,HACTION_SELECT0_3_3_1_1
4638,HACTION_SELECT0_3_3_1_2
4639,HACTION_SELECT0_3_3_1_3
4640,HACTION_SELECT0_3_3_1_4
4641,HACTION_SELECT0_3_3_2
4642,HACTION_SELECT0_3_3_2_1
4643,HACTION_SELECT0_3_3_2_2
4644,HACTION_SELECT0_3_3_2_3
4645,HACTION_SELECT0_3_3_2_4
4646,HACTION_SELECT0_3_3_3
4647,HACTION_SELECT0_3_3_3_1
4648,HACTION_SELECT0_3_3_3_2
4649,HACTION_SELECT0_3_3_3_3
4650,HACTION_SELECT0_3_3_3_4
4651,HACTION_SELECT0_3_3_4
4652,HACTION_SELECT0_3_3_4_1
4653,HACTION_SELECT0_3_3_4_2
4654,HACTION_SELECT0_3_3_4_3
4655,HACTION_SELECT0_3_3_4_4
4656,HACTION_SELECT0_3_4
4657,HACTION_SELECT0_3_4_1
4658,HACTION_SELECT0_3_4_1_1
4659,HACTION_SELECT0_3_4_1_2
4660,HACTION_SELECT0_3_4_1_3
4661,HACTION_SELECT0_3_4_1_4
4662,HACTION_SELECT0_3_4_2
4663,HACTION_SELECT0_3_4_2_1
4664,HACTION_SELECT0_3_4_2_2
4665,HACTION_SELECT0_3_4_2_3
4666,HACTION_SELECT0_3_4_2_4
4667,HACTION_SELECT0_3_4_3
4668,HACTION_SELECT0_3_4_3_1
4669,HACTION_SELECT0_3_4_3_2
4670,HACTION_SELECT0_3_4_3_3
4671,HACTION_SELECT0_3_4_3_4
4672,HACTION_SELECT0_3_4_4
4673,HACTION_SELECT0_3_4_4_1
4674,HACTION_SELECT0_3_4_4_2
4675,HACTION_SELECT0_3_4_4_3
4676,HACTION_SELECT0_3_4_4_4
4677,HACTION_SELECT0_4
4678,HACTION_SELECT0_4_1
4679,HACTION_SELECT0_4_1_1
4680,HACTION_SELECT0_4_1_1_1
4681,HACTION_SELECT0_4_1_1_2
4682,HACTION_SELECT0_4_1_1_3
4683,HACTION_SELECT0_4_1_1_4
4684,HACTION_SELECT0_4_1_2
4685,HACTION_SELECT0_4_1_2_1
4686,HACTION_SELECT0_4_1_2_2
4687,HACTION_SELECT0_4_1_2_3
4688,HACTION_SELECT0_4_1_2_4
4689,HACTION_SELECT0_4_1_3
4690,HACTION_SELECT0_4_1_3_1
4691,HACTION_SELECT0_4_1_3_2
4692,HACTION_SELECT0_4_1_3_3
4693,HACTION_SELECT0_4_1_3_4
4694,HACTION_SELECT0_4_1_4
4695,HACTION_SELECT0_4_1_4_1
4696,HACTION_SELECT0_4_1_4_2
4697,HACTION_SELECT0_4_1_4_3
4698,HACTION_SELECT0_4_1_4_4
4699,HACTION_SELECT0_4_2
4700,HACTION_SELECT0_4_2_1
4701,HACTION_SELECT0_4_2_1_1
4702,HACTION_SELECT0_4_2_1_2
4703,HACTION_SELECT0_4_2_1_3
4704,HACTION_SELECT0_4_2_1_4
4705,HACTION_SELECT0_4_2_2
4706,HACTION_SELECT0_4_2_2_1
4707,HACTION_SELECT0_4_2_2_2
4708,HACTION_SELECT0_4_2_2_3
4709,HACTION_SELECT0_4_2_2_4
4710,HACTION_SELECT0_4_2_3
4711,HACTION_SELECT0_4_2_3_1
4712,HACTION_SELECT0_4_2_3_2
4713,HACTION_SELECT0_4_2_3_3
4714,HACTION_SELECT0_4_2_3_4
4715,HACTION_SELECT0_4_2_4
4716,HACTION_SELECT0_4_2_4_1
4717,HACTION_SELECT0_4_2_4_2
4718,HACTION_SELECT0_4_2_4_3
4719,HACTION_SELECT0_4_2_4_4
4720,HACTION_SELECT0_4_3
4721,HACTION_SELECT0_4_3_1
4722,HACTION_SELECT0_4_3_1_1
4723,HACTION_SELECT0_4_3_1_2
4724,HACTION_SELECT0_4_3_1_3
4725,HACTION_SELECT0_4_3_1_4
4726,HACTION_SELECT0_4_3_2
4727,HACTION_SELECT0_4_3_2_1
4728,HACTION_SELECT0_4_3_2_2
4729,HACTION_SELECT0_4_3_2_3
4730,HACTION_SELECT0_4_3_2_4
4731,HACTION_SELECT0_4_3_3
4732,HACTION_SELECT0_4_3_3_1
4733,HACTION_SELECT0_4_3_3_2
4734,HACTION_SELECT0_4_3_3_3
4735,HACTION_SELECT0_4_3_3_4
4736,HACTION_SELECT0_4_3_4
4737,HACTION_SELECT0_4_3_4_1
4738,HACTION_SELECT0_4_3_4_2
4739,HACTION_SELECT0_4_3_4_3
4740,HACTION_SELECT0_4_3_4_4
4741,HACTION_SELECT0_4_4
4742,HACTION_SELECT0_4_4_1
4743,HACTION_SELECT0_4_4_1_1
4744,HACTION_SELECT0_4_4_1_2
4745,HACTION_SELECT0_4_4_1_3
4746,HACTION_SELECT0_4_4_1_4
4747,HACTION_SELECT0_4_4_2
4748,HACTION_SELECT0_4_4_2_1
4749,HACTION_SELECT0_4_4_2_2
4750,HACTION_SELECT0_4_4_2_3
4751,HACTION_SELECT0_4_4_2_4
4752,HACTION_SELECT0_4_4_3
4753,HACTION_SELECT0_4_4_3_1
4754,HACTION_SELECT0_4_4_3_2
4755,HACTION_SELECT0_4_4_3_3
4756,HACTION_SELECT0_4_4_3_4
4757,HACTION_SELECT0_4_4_4
4758,HACTION_SELECT0_4_4_4_1
4759,HACTION_SELECT0_4_4_4_2
4760,HACTION_SELECT0_4_4_4_3
4761,HACTION_SELECT0_4_4_4_4
4762,HACTION_SELECT_NONE
4763,HACTION_SELECT_NONE_1
4764,HACTION_SELECT_NONE_1_1
4765,HACTION_SELECT_NONE_1_1_1
4766,HACTION_SELECT_NONE_1_1_1_1
4767,HACTION_SELECT_NONE_1_1_1_2
4768,HACTION_SELECT_NONE_1_1_1_3
4769,HACTION_SELECT_NONE_1_1_1_4
4770,HACTION_SELECT_NONE_1_1_2
4771,HACTION_SELECT_NONE_1_1_2_1
4772,HACTION_SELECT_NONE_1_1_2_2
4773,HACTION_SELECT_NONE_1_1_2_3
4774,HACTION_SELECT_NONE_1_1_2_4
4775,HACTION_SELECT_NONE_1_1_3
4776,HACTION_SELECT_NONE_1_1_3_1
4777,HACTION_SELECT_NONE_1_1_3_2
4778,HACTION_SELECT_NONE_1_1_3_3
4779,HACTION_SELECT_NONE_1_1_3_4
4780,HACTION_SELECT_NONE_1_1_4
4781,HACTION_SELECT_NONE_1_1_4_1
4782,HACTION_SELECT_NONE_1_1_4_2
4783,HACTION_SELECT_NONE_1_1_4_3
4784,HACTION_SELECT_NONE_1_1_4_4
4785,HACTION_SELECT_NONE_1_2
4786,HACTION_SELECT_NONE_1_2_1
4787,HACTION_SELECT_NONE_1_2_1_1
4788,HACTION_SELECT_NONE_1_2_1_2
4789,HACTION_SELECT_NONE_1_2_1_3
4790,HACTION_SELECT_NONE_1_2_1_4
4791,HACTION_SELECT_NONE_1_2_2
4792,HACTION_SELECT_NONE_1_2_2_1
4793,HACTION_SELECT_NONE_1_2_2_2
4794,HACTION_SELECT_NONE_1_2_2_3
4795,HACTION_SELECT_NONE_1_2_2_4
4796,HACTION_SELECT_NONE_1_2_3
4797,HACTION_SELECT_NONE_1_2_3_1
4798,HACTION_SELECT_NONE_1_2_3_2
4799,HACTION_SELECT_NONE_1_2_3_3
4800,HACTION_SELECT_NONE_1_2_3_4
4801,HACTION_SELECT_NONE_1_2_4
4802,HACTION_SELECT_NONE_1_2_4_1
4803,HACTION_SELECT_NONE_1_2_4_2
4804,HACTION_SELECT_NONE_1_2_4_3
4805,HACTION_SELECT_NONE_1_2_4_4
4806,HACTION_SELECT_NONE_1_3
4807,HACTION_SELECT_NONE_1_3_1
4808,HACTION_SELECT_NONE_1_3_1_1
4809,HACTION_SELECT_NONE_1_3_1_2
4810,HACTION_SELECT_NONE_1_3_1_3
4811,HACTION_SELECT_NONE_1_3_1_4
4812,HACTION_SELECT_NONE_1_3_2
4813,HACTION_SELECT_NONE_1_3_2_1
4814,HACTION_SELECT_NONE_1_3_2_2
4815,HACTION_SELECT_NONE_1_3_2_3
4816,HACTION_SELECT_NONE_1_3_2_4
4817,HACTION_SELECT_NONE_1_3_3
4818,HACTION_SELECT_NONE_1_3_3_1
4819,HACTION_SELECT_NONE_1_3_3_2
4820,HACTION_SELECT_NONE_1_3_3_3
4821,HACTION_SELECT_NONE_1_3_3_4
4822,HACTION_SELECT_NONE_1_3_4
4823,HACTION_SELECT_NONE_1_3_4_1
4824,HACTION_SELECT_NONE_1_3_4_2
4825,HACTION_SELECT_NONE_1_3_4_3
4826,HACTION_SELECT_NONE_1_3_4_4
4827,HACTION_SELECT_NONE_1_4
4828,HACTION_SELECT_NONE_1_4_1
4829,HACTION_SELECT_NONE_1_4_1_1
4830,HACTION_SELECT_NONE_1_4_1_2
4831,HACTION_SELECT_NONE_1_4_1_3
4832,HACTION_SELECT_NONE_1_4_1_4
4833,HACTION_SELECT_NONE_1_4_2
4834,HACTION_SELECT_NONE_1_4_2_1
4835,HACTION_SELECT_NONE_1_4_2_2
4836,HACTION_SELECT_NONE_1_4_2_3
4837,HACTION_SELECT_NONE_1_4_2_4
4838,HACTION_SELECT_NONE_1_4_3
4839,HACTION_SELECT_NONE_1_4_3_1
4840,HACTION_SELECT_NONE_1_4_3_2
4841,HACTION_SELECT_NONE_1_4_3_3
4842,HACTION_SELECT_NONE_1_4_3_4
4843,HACTION_SELECT_NONE_1_4_4
4844,HACTION_SELECT_NONE_1_4_4_1
4845,HACTION_SELECT_NONE_1_4_4_2
4846,HACTION_SELECT_NONE_1_4_4_3
4847,HACTION_SELECT_NONE_1_4_4_4
4848,HACTION_SELECT_NONE_2
4849,HACTION_SELECT_NONE_2_1
4850,HACTION_SELECT_NONE_2_1_1
4851,HACTION_SELECT_NONE_2_1_1_1
4852,HACTION_SELECT_NONE_2_1_1_2
4853,HACTION_SELECT_NONE_2_1_1_3
4854,HACTION_SELECT_NONE_2_1_1_4
4855,HACTION_SELECT_NONE_2_1_2
4856,HACTION_SELECT_NONE_2_1_2_1
4857,HACTION_SELECT_NONE_2_1_2_2
4858,HACTION_SELECT_NONE_2_1_2_3
4859,HACTION_SELECT_NONE_2_1_2_4
4860,HACTION_SELECT_NONE_2_1_3
4861,HACTION_SELECT_NONE_2_1_3_1
4862,HACTION_SELECT_NONE_2_1_3_2
4863,HACTION_SELECT_NONE_2_1_3_3
4864,HACTION_SELECT_NONE_2_1_3_4
4865,HACTION_SELECT_NONE_2_1_4
4866,HACTION_SELECT_NONE_2_1_4_1
4867,HACTION_SELECT_NONE_2_1_4_2
4868,HACTION_SELECT_NONE_2_1_4_3
4869,HACTION_SELECT_NONE_2_1_4_4
4870,HACTION_SELECT_NONE_2_2
4871,HACTION_SELECT_NONE_2_2_1
4872,HACTION_SELECT_NONE_2_2_1_1
4873,HACTION_SELECT_NONE_2_2_1_2
4874,HACTION_SELECT_NONE_2_2_1_3
4875,HACTION_SELECT_NONE_2_2_1_4
4876,HACTION_SELECT_NONE_2_2_2
4877,HACTION_SELECT_NONE_2_2_2_1
4878,HACTION_SELECT_NONE_2_2_2_2
4879,HACTION_SELECT_NONE_2_2_2_3
4880,HACTION_SELECT_NONE_2_2_2_4
4881,HACTION_SELECT_NONE_2_2_3
4882,HACTION_SELECT_NONE_2_2_3_1
4883,HACTION_SELECT_NONE_2_2_3_2
4884,HACTION_SELECT_NONE_2_2_3_3
4885,HACTION_SELECT_NONE_2_2_3_4
4886,HACTION_SELECT_NONE_2_2_4
4887,HACTION_SELECT_NONE_2_2_4_1
4888,HACTION_SELECT_NONE_2_2_4_2
4889,HACTION_SELECT_NONE_2_2_4_3
4890,HACTION_SELECT_NONE_2_2_4_4
4891,HACTION_SELECT_NONE_2_3
4892,HACTION_SELECT_NONE_2_3_1
4893,HACTION_SELECT_NONE_2_3_1_1
4894,HACTION_SELECT_NONE_2_3_1_2
4895,HACTION_SELECT_NONE_2_3_1_3
4896,HACTION_SELECT_NONE_2_3_1_4
4897,HACTION_SELECT_NONE_2_3_2
4898,HACTION_SELECT_NONE_2_3_2_1
4899,HACTION_SELECT_NONE_2_3_2_2
4900,HACTION_SELECT_NONE_2_3_2_3
4901,HACTION_SELECT_NONE_2_3_2_4
4902,HACTION_SELECT_NONE_2_3_3
4903,HACTION_SELECT_NONE_2_3_3_1
4904,HACTION_SELECT_NONE_2_3_3_2
4905,HACTION_SELECT_NONE_2_3_3_3
4906,HACTION_SELECT_NONE_2_3_3_4
4907,HACTION_SELECT_NONE_2_3_4
4908,HACTION_SELECT_NONE_2_3_4_1
4909,HACTION_SELECT_NONE_2_3_4_2
4910,HACTION_SELECT_NONE_2_3_4_3
4911,HACTION_SELECT_NONE_2_3_4_4
4912,HACTION_SELECT_NONE_2_4
4913,HACTION_SELECT_NONE_2_4_1
4914,HACTION_SELECT_NONE_2_4_1_1
4915,HACTION_SELECT_NONE_2_4_1_2
4916,HACTION_SELECT_NONE_2_4_1_3
4917,HACTION_SELECT_NONE_2_4_1_4
4918,HACTION_SELECT_NONE_2_4_2
4919,HACTION_SELECT_NONE_2_4_2_1
4920,HACTION_SELECT_NONE_2_4_2_2
4921,HACTION_SELECT_NONE_2_4_2_3
4922,HACTION_SELECT_NONE_2_4_2_4
4923,HACTION_SELECT_NONE_2_4_3
4924,HACTION_SELECT_NONE_2_4_3_1
4925,HACTION_SELECT_NONE_2_4_3_2
4926,HACTION_SELECT_NONE_2_4_3_3
4927,HACTION_SELECT_NONE_2_4_3_4
4928,HACTION_SELECT_NONE_2_4_4
4929,HACTION_SELECT_NONE_2_4_4_1
4930,HACTION_SELECT_NONE_2_4_4_2
4931,HACTION_SELECT_NONE_2_4_4_3
4932,HACTION_SELECT_NONE_2_4_4_4
4933,HACTION_SELECT_NONE_3
4934,HACTION_SELECT_NONE_3_1
4935,HACTION_SELECT_NONE_3_1_1
4936,HACTION_SELECT_NONE_3_1_1_1
4937,HACTION_SELECT_NONE_3_1_1_2
4938,HACTION_SELECT_NONE_3_1_1_3
4939,HACTION_SELECT_NONE_3_1_1_4
4940,HACTION_SELECT_NONE_3_1_2
4941,HACTION_SELECT_NONE_3_1_2_1
4942,HACTION_SELECT_NONE_3_1_2_2
4943,HACTION_SELECT_NONE_3_1_2_3
4944,HACTION_SELECT_NONE_3_1_2_4
4945,HACTION_SELECT_NONE_3_1_3
4946,HACTION_SELECT_NONE_3_1_3_1
4947,HACTION_SELECT_NONE_3_1_3_2
4948,HACTION_SELECT_NONE_3_1_3_3
4949,HACTION_SELECT_NONE_3_1_3_4
4950,HACTION_SELECT_NONE_3_1_4
4951,HACTION_SELECT_NONE_3_1_4_1
4952,HACTION_SELECT_NONE_3_1_4_2
4953,HACTION_SELECT_NONE_3_1_4_3
4954,HACTION_SELECT_NONE_3_1_4_4
4955,HACTION_SELECT_NONE_3_2
4956,HACTION_SELECT_NONE_3_2_1
4957,HACTION_SELECT_NONE_3_2_1_1
4958,HACTION_SELECT_NONE_3_2_1_2
4959,HACTION_SELECT_NONE_3_2_1_3
4960,HACTION_SELECT_NONE_3_2_1_4
4961,HACTION_SELECT_NONE_3_2_2
4962,HACTION_SELECT_NONE_3_2_2_1
4963,HACTION_SELECT_NONE_3_2_2_2
4964,HACTION_SELECT_NONE_3_2_2_3
4965,HACTION_SELECT_NONE_3_2_2_4
4966,HACTION_SELECT_NONE_3_2_3
4967,HACTION_SELECT_NONE_3_2_3_1
4968,HACTION_SELECT_NONE_3_2_3_2
4969,HACTION_SELECT_NONE_3_2_3_3
4970,HACTION_SELECT_NONE_3_2_3_4
4971,HACTION_SELECT_NONE_3_2_4
4972,HACTION_SELECT_NONE_3_2_4_1
4973,HACTION_SELECT_NONE_3_2_4_2
4974,HACTION_SELECT_NONE_3_2_4_3
4975,HACTION_SELECT_NONE_3_2_4_4
4976,HACTION_SELECT_NONE_3_3
4977,HACTION_SELECT_NONE_3_3_1
4978,HACTION_SELECT_NONE_3_3_1_1
4979,HACTION_SELECT_NONE_3_3_1_2
4980,HACTION_SELECT_NONE_3_3_1_3
4981,HACTION_SELECT_NONE_3_3_1_4
4982,HACTION_SELECT_NONE_3_3_2
4983,HACTION_SELECT_NONE_3_3_2_1
4984,HACTION_SELECT_NONE_3_3_2_2
4985,HACTION_SELECT_NONE_3_3_2_3
4986,HACTION_SELECT_NONE_3_3_2_4
4987,HACTION_SELECT_NONE_3_3_3
4988,HACTION_SELECT_NONE_3_3_3_1
4989,HACTION_SELECT_NONE_3_3_3_2
4990,HACTION_SELECT_NONE_3_3_3_3
4991,HACTION_SELECT_NONE_3_3_3_4
4992,HACTION_SELECT_NONE_3_3_4
4993,HACTION_SELECT_NONE_3_3_4_1
4994,HACTION_SELECT_NONE_3_3_4_2
4995,HACTION_SELECT_NONE_3_3_4_3
4996,HACTION_SELECT_NONE_3_3_4_4
4997,HACTION_SELECT_NONE_3_4
4998,HACTION_SELECT_NONE_3_4_1
4999,HACTION_SELECT_NONE_3_4_1_1
5000,HACTION_SELECT_NONE_3_4_1_2
5001,HACTION_SELECT_NONE_3_4_1_3
5002,HACTION_SELECT_NONE_3_4_1_4
5003,HACTION_SELECT_NONE_3_4_2
5004,HACTION_SELECT_NONE_3_4_2_1
5005,HACTION_SELECT_NONE_3_4_2_2
5006,HACTION_SELECT_NONE_3_4_2_3
5007,HACTION_SELECT_NONE_3_4_2_4
5008,HACTION_SELECT_NONE_3_4_3
5009,HACTION_SELECT_NONE_3_4_3_1
5010,HACTION_SELECT_NONE_3_4_3_2
5011,HACTION_SELECT_NONE_3_4_3_3
5012,HACTION_SELECT_NONE_3_4_3_4
5013,HACTION_SELECT_NONE_3_4_4
5014,HACTION_SELECT_NONE_3_4_4_1
5015,HACTION_SELECT_NONE_3_4_4_2
5016,HACTION_SELECT_NONE_3_4_4_3
5017,HACTION_SELECT_NONE_3_4_4_4
5018,HACTION_SELECT_NONE_4
5019,HACTION_SELECT_NONE_4_1
5020,HACTION_SELECT_NONE_4_1_1
5021,HACTION_SELECT_NONE_4_1_1_1
5022,HACTION_SELECT_NONE_4_1_1_2
5023,HACTION_SELECT_NONE_4_1_1_3
5024,HACTION_SELECT_NONE_4_1_1_4
5025,HACTION_SELECT_NONE_4_1_2
5026,HACTION_SELECT_NONE_4_1_2_1
5027,HACTION_SELECT_NONE_4_1_2_2
5028,HACTION_SELECT_NONE_4_1_2_3
5029,HACTION_SELECT_NONE_4_1_2_4
5030,HACTION_SELECT_NONE_4_1_3
5031,HACTION_SELECT_NONE_4_1_3_1
5032,HACTION_SELECT_NONE_4_1_3_2
5033,HACTION_SELECT_NONE_4_1_3_3
5034,HACTION_SELECT_NONE_4_1_3_4
5035,HACTION_SELECT_NONE_4_1_4
5036,HACTION_SELECT_NONE_4_1_4_1
5037,HACTION_SELECT_NONE_4_1_4_2
5038,HACTION_SELECT_NONE_4_1_4_3
5039,HACTION_SELECT_NONE_4_1_4_4
5040,HACTION_SELECT_NONE_4_2
5041,HACTION_SELECT_NONE_4_2_1
5042,HACTION_SELECT_NONE_4_2_1_1
5043,HACTION_SELECT_NONE_4_2_1_2
5044,HACTION_SELECT_NONE_4_2_1_3
5045,HACTION_SELECT_NONE_4_2_1_4
5046,HACTION_SELECT_NONE_4_2_2
5047,HACTION_SELECT_NONE_4_2_2_1
5048,HACTION_SELECT_NONE_4_2_2_2
5049,HACTION_SELECT_NONE_4_2_2_3
5050,HACTION_SELECT_NONE_4_2_2_4
5051,HACTION_SELECT_NONE_4_2_3
5052,HACTION_SELECT_NONE_4_2_3_1
5053,HACTION_SELECT_NONE_4_2_3_2
5054,HACTION_SELECT_NONE_4_2_3_3
5055,HACTION_SELECT_NONE_4_2_3_4
5056,HACTION_SELECT_NONE_4_2_4
5057,HACTION_SELECT_NONE_4_2_4_1
5058,HACTION_SELECT_NONE_4_2_4_2
5059,HACTION_SELECT_NONE_4_2_4_3
5060,HACTION_SELECT_NONE_4_2_4_4
5061,HACTION_SELECT_NONE_4_3
5062,HACTION_SELECT_NONE_4_3_1
5063,HACTION_SELECT_NONE_4_3_1_1
5064,HACTION_SELECT_NONE_4_3_1_2
5065,HACTION_SELECT_NONE_4_3_1_3
5066,HACTION_SELECT_NONE_4_3_1_4
5067,HACTION_SELECT_NONE_4_3_2
5068,HACTION_SELECT_NONE_4_3_2_1
5069,HACTION_SELECT_NONE_4_3_2_2
5070,HACTION_SELECT_NONE_4_3_2_3
5071,HACTION_SELECT_NONE_4_3_2_4
5072,HACTION_SELECT_NONE_4_3_3
5073,HACTION_SELECT_NONE_4_3_3_1
5074,HACTION_SELECT_NONE_4_3_3_2
5075,HACTION_SELECT_NONE_4_3_3_3
5076,HACTION_SELECT_NONE_4_3_3_4
5077,HACTION_SELECT_NONE_4_3_4
5078,HACTION_SELECT_NONE_4_3_4_1
5079,HACTION_SELECT_NONE_4_3_4_2
5080,HACTION_SELECT_NONE_4_3_4_3
5081,HACTION_SELECT_NONE_4_3_4_4
5082,HACTION_SELECT_NONE_4_4
5083,HACTION_SELECT_NONE_4_4_1
5084,HACTION_SELECT_NONE_4_4_1_1
5085,HACTION_SELECT_NONE_4_4_1_2
5086,HACTION_SELECT_NONE_4_4_1_3
5087,HACTION_SELECT_NONE_4_4_1_4
5088,HACTION_SELECT_NONE_4_4_2
5089,HACTION_SELECT_NONE_4_4_2_1
5090,HACTION_SELECT_NONE_4_4_2_2
5091,HACTION_SELECT_NONE_4_4_2_3
5092,HACTION_SELECT_NONE_4_4_2_4
5093,HACTION_SELECT_NONE_4_4_3
5094,HACTION_SELECT_NONE_4_4_3_1
5095,HACTION_SELECT_NONE_4_4_3_2
5096,HACTION_SELECT_NONE_4_4_3_3
5097,HACTION_SELECT_NONE_4_4_3_4
5098,HACTION_SELECT_NONE_4_4_4
5099,HACTION_SELECT_NONE_4_4_4_1
5100,HACTION_SELECT_NONE_4_4_4_2
5101,HACTION_SELECT_NONE_4_4_4_3
5102,HACTION_SELECT_NONE_4_4_4_4
5103,HACTION_SELECT1_1_5
5104,HACTION_SELECT1_2_5
5105,HACTION_SELECT1_3_5
5106,HACTION_SELECT1_4_5
6500,HACTION_SELECT11
6501,HACTION_SELECT11_1
6502,HACTION_SELECT11_1_1
6503,HACTION_SELECT11_1_1_1
6504,HACTION_SELECT11_1_1_1_1
6505,HACTION_SELECT11_1_1_1_2
6506,HACTION_SELECT11_1_1_1_3
6507,HACTION_SELECT11_1_1_1_4
6508,HACTION_SELECT11_1_1_2
6509,HACTION_SELECT11_1_1_2_1
6510,HACTION_SELECT11_1_1_2_2
6511,HACTION_SELECT11_1_1_2_3
6512,HACTION_SELECT11_1_1_2_4
6513,HACTION_SELECT11_1_1_3
6514,HACTION_SELECT11_1_1_3_1
6515,HACTION_SELECT11_1_1_3_2
6516,HACTION_SELECT11_1_1_3_3
6517,HACTION_SELECT11_1_1_3_4
6518,HACTION_SELECT11_1_1_4
6519,HACTION_SELECT11_1_1_4_1
6520,HACTION_SELECT11_1_1_4_2
6521,HACTION_SELECT11_1_1_4_3
6522,HACTION_SELECT11_1_1_4_4
6523,HACTION_SELECT11_1_2
6524,HACTION_SELECT11_1_2_1
6525,HACTION_SELECT11_1_2_1_1
6526,HACTION_SELECT11_1_2_1_2
6527,HACTION_SELECT11_1_2_1_3
6528,HACTION_SELECT11_1_2_1_4
6529,HACTION_SELECT11_1_2_2
6530,HACTION_SELECT11_1_2_2_1
6531,HACTION_SELECT11_1_2_2_2
6532,HACTION_SELECT11_1_2_2_3
6533,HACTION_SELECT11_1_2_2_4
6534,HACTION_SELECT11_1_2_3
6535,HACTION_SELECT11_1_2_3_1
6536,HACTION_SELECT11_1_2_3_2
6537,HACTION_SELECT11_1_2_3_3
6538,HACTION_SELECT11_1_2_3_4
6539,HACTION_SELECT11_1_2_4
6540,HACTION_SELECT11_1_2_4_1
6541,HACTION_SELECT11_1_2_4_2
6542,HACTION_SELECT11_1_2_4_3
6543,HACTION_SELECT11_1_2_4_4
6544,HACTION_SELECT11_1_3
6545,HACTION_SELECT11_1_3_1
6546,HACTION_SELECT11_1_3_1_1
6547,HACTION_SELECT11_1_3_1_2
6548,HACTION_SELECT11_1_3_1_3
6549,HACTION_SELECT11_1_3_1_4
6550,HACTION_SELECT11_1_3_2
6551,HACTION_SELECT11_1_3_2_1
6552,HACTION_SELECT11_1_3_2_2
6553,HACTION_SELECT11_1_3_2_3
6554,HACTION_SELECT11_1_3_2_4
6555,HACTION_SELECT11_1_3_3
6556,HACTION_SELECT11_1_3_3_1
6557,HACTION_SELECT11_1_3_3_2
6558,HACTION_SELECT11_1_3_3_3
6559,HACTION_SELECT11_1_3_3_4
6560,HACTION_SELECT11_1_3_4
6561,HACTION_SELECT11_1_3_4_1
6562,HACTION_SELECT11_1_3_4_2
6563,HACTION_SELECT11_1_3_4_3
6564,HACTION_SELECT11_1_3_4_4
6565,HACTION_SELECT11_1_4
6566,HACTION_SELECT11_1_4_1
6567,HACTION_SELECT11_1_4_1_1
6568,HACTION_SELECT11_1_4_1_2
6569,HACTION_SELECT11_1_4_1_3
6570,HACTION_SELECT11_1_4_1_4
6571,HACTION_SELECT11_1_4_2
6572,HACTION_SELECT11_1_4_2_1
6573,HACTION_SELECT11_1_4_2_2
6574,HACTION_SELECT11_1_4_2_3
6575,HACTION_SELECT11_1_4_2_4
6576,HACTION_SELECT11_1_4_3
6577,HACTION_SELECT11_1_4_3_1
6578,HACTION_SELECT11_1_4_3_2
6579,HACTION_SELECT11_1_4_3_3
6580,HACTION_SELECT11_1_4_3_4
6581,HACTION_SELECT11_1_4_4
6582,HACTION_SELECT11_1_4_4_1
6583,HACTION_SELECT11_1_4_4_2
6584,HACTION_SELECT11_1_4_4_3
6585,HACTION_SELECT11_1_4_4_4
6586,HACTION_SELECT11_2
6587,HACTION_SELECT11_2_1
6588,HACTION_SELECT11_2_1_1
6589,HACTION_SELECT11_2_1_1_1
6590,HACTION_SELECT11_2_1_1_2
6591,HACTION_SELECT11_2_1_1_3
6592,HACTION_SELECT11_2_1_1_4
6593,HACTION_SELECT11_2_1_2
6594,HACTION_SELECT11_2_1_2_1
6595,HACTION_SELECT11_2_1_2_2
6596,HACTION_SELECT11_2_1_2_3
6597,HACTION_SELECT11_2_1_2_4
6598,HACTION_SELECT11_2_1_3
6599,HACTION_SELECT11_2_1_3_1
6600,HACTION_SELECT11_2_1_3_2
6601,HACTION_SELECT11_2_1_3_3
6602,HACTION_SELECT11_2_1_3_4
6603,HACTION_SELECT11_2_1_4
6604,HACTION_SELECT11_2_1_4_1
6605,HACTION_SELECT11_2_1_4_2
6606,HACTION_SELECT11_2_1_4_3
6607,HACTION_SELECT11_2_1_4_4
6608,HACTION_SELECT11_2_2
6609,HACTION_SELECT11_2_2_1
6610,HACTION_SELECT11_2_2_1_1
6611,HACTION_SELECT11_2_2_1_2
6612,HACTION_SELECT11_2_2_1_3
6613,HACTION_SELECT11_2_2_1_4
6614,HACTION_SELECT11_2_2_2
6615,HACTION_SELECT11_2_2_2_1
6616,HACTION_SELECT11_2_2_2_2
6617,HACTION_SELECT11_2_2_2_3
6618,HACTION_SELECT11_2_2_2_4
6619,HACTION_SELECT11_2_2_3
6620,HACTION_SELECT11_2_2_3_1
6621,HACTION_SELECT11_2_2_3_2
6622,HACTION_SELECT11_2_2_3_3
6623,HACTION_SELECT11_2_2_3_4
6624,HACTION_SELECT11_2_2_4
6625,HACTION_SELECT11_2_2_4_1
6626,HACTION_SELECT11_2_2_4_2
6627,HACTION_SELECT11_2_2_4_3
6628,HACTION_SELECT11_2_2_4_4
6629,HACTION_SELECT11_2_3
6630,HACTION_SELECT11_2_3_1
6631,HACTION_SELECT11_2_3_1_1
6632,HACTION_SELECT11_2_3_1_2
6633,HACTION_SELECT11_2_3_1_3
6634,HACTION_SELECT11_2_3_1_4
6635,HACTION_SELECT11_2_3_2
6636,HACTION_SELECT11_2_3_2_1
6637,HACTION_SELECT11_2_3_2_2
6638,HACTION_SELECT11_2_3_2_3
6639,HACTION_SELECT11_2_3_2_4
6640,HACTION_SELECT11_2_3_3
6641,HACTION_SELECT11_2_3_3_1
6642,HACTION_SELECT11_2_3_3_2
6643,HACTION_SELECT11_2_3_3_3
6644,HACTION_SELECT11_2_3_3_4
6645,HACTION_SELECT11_2_3_4
6646,HACTION_SELECT11_2_3_4_1
6647,HACTION_SELECT11_2_3_4_2
6648,HACTION_SELECT11_2_3_4_3
6649,HACTION_SELECT11_2_3_4_4
6650,HACTION_SELECT11_2_4
6651,HACTION_SELECT11_2_4_1
6652,HACTION_SELECT11_2_4_1_1
6653,HACTION_SELECT11_2_4_1_2
6654,HACTION_SELECT11_2_4_1_3
6655,HACTION_SELECT11_2_4_1_4
6656,HACTION_SELECT11_2_4_2
6657,HACTION_SELECT11_2_4_2_1
6658,HACTION_SELECT11_2_4_2_2
6659,HACTION_SELECT11_2_4_2_3
6660,HACTION_SELECT11_2_4_2_4
6661,HACTION_SELECT11_2_4_3
6662,HACTION_SELECT11_2_4_3_1
6663,HACTION_SELECT11_2_4_3_2
6664,HACTION_SELECT11_2_4_3_3
6665,HACTION_SELECT11_2_4_3_4
6666,HACTION_SELECT11_2_4_4
6667,HACTION_SELECT11_2_4_4_1
6668,HACTION_SELECT11_2_4_4_2
6669,HACTION_SELECT11_2_4_4_3
6670,HACTION_SELECT11_2_4_4_4
6671,HACTION_SELECT11_3
6672,HACTION_SELECT11_3_1
6673,HACTION_SELECT11_3_1_1
6674,HACTION_SELECT11_3_1_1_1
6675,HACTION_SELECT11_3_1_1_2
6676,HACTION_SELECT11_3_1_1_3
6677,HACTION_SELECT11_3_1_1_4
6678,HACTION_SELECT11_3_1_2
6679,HACTION_SELECT11_3_1_2_1
6680,HACTION_SELECT11_3_1_2_2
6681,HACTION_SELECT11_3_1_2_3
6682,HACTION_SELECT11_3_1_2_4
6683,HACTION_SELECT11_3_1_3
6684,HACTION_SELECT11_3_1_3_1
6685,HACTION_SELECT11_3_1_3_2
6686,HACTION_SELECT11_3_1_3_3
6687,HACTION_SELECT11_3_1_3_4
6688,HACTION_SELECT11_3_1_4
6689,HACTION_SELECT11_3_1_4_1
6690,HACTION_SELECT11_3_1_4_2
6691,HACTION_SELECT11_3_1_4_3
6692,HACTION_SELECT11_3_1_4_4
6693,HACTION_SELECT11_3_2
6694,HACTION_SELECT11_3_2_1
6695,HACTION_SELECT11_3_2_1_1
6696,HACTION_SELECT11_3_2_1_2
6697,HACTION_SELECT11_3_2_1_3
6698,HACTION_SELECT11_3_2_1_4
6699,HACTION_SELECT11_3_2_2
6700,HACTION_SELECT11_3_2_2_1
6701,HACTION_SELECT11_3_2_2_2
6702,HACTION_SELECT11_3_2_2_3
6703,HACTION_SELECT11_3_2_2_4
6704,HACTION_SELECT11_3_2_3
6705,HACTION_SELECT11_3_2_3_1
6706,HACTION_SELECT11_3_2_3_2
6707,HACTION_SELECT11_3_2_3_3
6708,HACTION_SELECT11_3_2_3_4
6709,HACTION_SELECT11_3_2_4
6710,HACTION_SELECT11_3_2_4_1
6711,HACTION_SELECT11_3_2_4_2
6712,HACTION_SELECT11_3_2_4_3
6713,HACTION_SELECT11_3_2_4_4
6714,HACTION_SELECT11_3_3
6715,HACTION_SELECT11_3_3_1
6716,HACTION_SELECT11_3_3_1_1
6717,HACTION_SELECT11_3_3_1_2
6718,HACTION_SELECT11_3_3_1_3
6719,HACTION_SELECT11_3_3_1_4
6720,HACTION_SELECT11_3_3_2
6721,HACTION_SELECT11_3_3_2_1
6722,HACTION_SELECT11_3_3_2_2
6723,HACTION_SELECT11_3_3_2_3
6724,HACTION_SELECT11_3_3_2_4
6725,HACTION_SELECT11_3_3_3
6726,HACTION_SELECT11_3_3_3_1
6727,HACTION_SELECT11_3_3_3_2
6728,HACTION_SELECT11_3_3_3_3
6729,HACTION_SELECT11_3_3_3_4
6730,HACTION_SELECT11_3_3_4
6731,HACTION_SELECT11_3_3_4_1
6732,HACTION_SELECT11_3_3_4_2
6733,HACTION_SELECT11_3_3_4_3
6734,HACTION_SELECT11_3_3_4_4
6735,HACTION_SELECT11_3_4
6736,HACTION_SELECT11_3_4_1
6737,HACTION_SELECT11_3_4_1_1
6738,HACTION_SELECT11_3_4_1_2
6739,HACTION_SELECT11_3_4_1_3
6740,HACTION_SELECT11_3_4_1_4
6741,HACTION_SELECT11_3_4_2
6742,HACTION_SELECT11_3_4_2_1
6743,HACTION_SELECT11_3_4_2_2
6744,HACTION_SELECT11_3_4_2_3
6745,HACTION_SELECT11_3_4_2_4
6746,HACTION_SELECT11_3_4_3
6747,HACTION_SELECT11_3_4_3_1
6748,HACTION_SELECT11_3_4_3_2
6749,HACTION_SELECT11_3_4_3_3
6750,HACTION_SELECT11_3_4_3_4
6751,HACTION_SELECT11_3_4_4
6752,HACTION_SELECT11_3_4_4_1
6753,HACTION_SELECT11_3_4_4_2
6754,HACTION_SELECT11_3_4_4_3
6755,HACTION_SELECT11_3_4_4_4
6756,HACTION_SELECT11_4
6757,HACTION_SELECT11_4_1
6758,HACTION_SELECT11_4_1_1
6759,HACTION_SELECT11_4_1_1_1
6760,HACTION_SELECT11_4_1_1_2
6761,HACTION_SELECT11_4_1_1_3
6762,HACTION_SELECT11_4_1_1_4
6763,HACTION_SELECT11_4_1_2
6764,HACTION_SELECT11_4_1_2_1
6765,HACTION_SELECT11_4_1_2_2
6766,HACTION_SELECT11_4_1_2_3
6767,HACTION_SELECT11_4_1_2_4
6768,HACTION_SELECT11_4_1_3
6769,HACTION_SELECT11_4_1_3_1
6770,HACTION_SELECT11_4_1_3_2
6771,HACTION_SELECT11_4_1_3_3
6772,HACTION_SELECT11_4_1_3_4
6773,HACTION_SELECT11_4_1_4
6774,HACTION_SELECT11_4_1_4_1
6775,HACTION_SELECT11_4_1_4_2
6776,HACTION_SELECT11_4_1_4_3
6777,HACTION_SELECT11_4_1_4_4
6778,HACTION_SELECT11_4_2
6779,HACTION_SELECT11_4_2_1
6780,HACTION_SELECT11_4_2_1_1
6781,HACTION_SELECT11_4_2_1_2
6782,HACTION_SELECT11_4_2_1_3
6783,HACTION_SELECT11_4_2_1_4
6784,HACTION_SELECT11_4_2_2
6785,HACTION_SELECT11_4_2_2_1
6786,HACTION_SELECT11_4_2_2_2
6787,HACTION_SELECT11_4_2_2_3
6788,HACTION_SELECT11_4_2_2_4
6789,HACTION_SELECT11_4_2_3
6790,HACTION_SELECT11_4_2_3_1
6791,HACTION_SELECT11_4_2_3_2
6792,HACTION_SELECT11_4_2_3_3
6793,HACTION_SELECT11_4_2_3_4
6794,HACTION_SELECT11_4_2_4
6795,HACTION_SELECT11_4_2_4_1
6796,HACTION_SELECT11_4_2_4_2
6797,HACTION_SELECT11_4_2_4_3
6798,HACTION_SELECT11_4_2_4_4
6799,HACTION_SELECT11_4_3
6800,HACTION_SELECT11_4_3_1
6801,HACTION_SELECT11_4_3_1_1
6802,HACTION_SELECT11_4_3_1_2
6803,HACTION_SELECT11_4_3_1_3
6804,HACTION_SELECT11_4_3_1_4
6805,HACTION_SELECT11_4_3_2
6806,HACTION_SELECT11_4_3_2_1
6807,HACTION_SELECT11_4_3_2_2
6808,HACTION_SELECT11_4_3_2_3
6809,HACTION_SELECT11_4_3_2_4
6810,HACTION_SELECT11_4_3_3
6811,HACTION_SELECT11_4_3_3_1
6812,HACTION_SELECT11_4_3_3_2
6813,HACTION_SELECT11_4_3_3_3
6814,HACTION_SELECT11_4_3_3_4
6815,HACTION_SELECT11_4_3_4
6816,HACTION_SELECT11_4_3_4_1
6817,HACTION_SELECT11_4_3_4_2
6818,HACTION_SELECT11_4_3_4_3
6819,HACTION_SELECT11_4_3_4_4
6820,HACTION_SELECT11_4_4
6821,HACTION_SELECT11_4_4_1
6822,HACTION_SELECT11_4_4_1_1
6823,HACTION_SELECT11_4_4_1_2
6824,HACTION_SELECT11_4_4_1_3
6825,HACTION_SELECT11_4_4_1_4
6826,HACTION_SELECT11_4_4_2
6827,HACTION_SELECT11_4_4_2_1
6828,HACTION_SELECT11_4_4_2_2
6829,HACTION_SELECT11_4_4_2_3
6830,HACTION_SELECT11_4_4_2_4
6831,HACTION_SELECT11_4_4_3
6832,HACTION_SELECT11_4_4_3_1
6833,HACTION_SELECT11_4_4_3_2
6834,HACTION_SELECT11_4_4_3_3
6835,HACTION_SELECT11_4_4_3_4
6836,HACTION_SELECT11_4_4_4
6837,HACTION_SELECT11_4_4_4_1
6838,HACTION_SELECT11_4_4_4_2
6839,HACTION_SELECT11_4_4_4_3
6840,HACTION_SELECT11_4_4_4_4
6841,HACTION_SELECT12
6842,HACTION_SELECT12_1
6843,HACTION_SELECT12_1_1
6844,HACTION_SELECT12_1_1_1
6845,HACTION_SELECT12_1_1_1_1
6846,HACTION_SELECT12_1_1_1_2
6847,HACTION_SELECT12_1_1_1_3
6848,HACTION_SELECT12_1_1_1_4
6849,HACTION_SELECT12_1_1_2
6850,HACTION_SELECT12_1_1_2_1
6851,HACTION_SELECT12_1_1_2_2
6852,HACTION_SELECT12_1_1_2_3
6853,HACTION_SELECT12_1_1_2_4
6854,HACTION_SELECT12_1_1_3
6855,HACTION_SELECT12_1_1_3_1
6856,HACTION_SELECT12_1_1_3_2
6857,HACTION_SELECT12_1_1_3_3
6858,HACTION_SELECT12_1_1_3_4
6859,HACTION_SELECT12_1_1_4
6860,HACTION_SELECT12_1_1_4_1
6861,HACTION_SELECT12_1_1_4_2
6862,HACTION_SELECT12_1_1_4_3
6863,HACTION_SELECT12_1_1_4_4
6864,HACTION_SELECT12_1_2
6865,HACTION_SELECT12_1_2_1
6866,HACTION_SELECT12_1_2_1_1
6867,HACTION_SELECT12_1_2_1_2
6868,HACTION_SELECT12_1_2_1_3
6869,HACTION_SELECT12_1_2_1_4
6870,HACTION_SELECT12_1_2_2
6871,HACTION_SELECT12_1_2_2_1
6872,HACTION_SELECT12_1_2_2_2
6873,HACTION_SELECT12_1_2_2_3
6874,HACTION_SELECT12_1_2_2_4
6875,HACTION_SELECT12_1_2_3
6876,HACTION_SELECT12_1_2_3_1
6877,HACTION_SELECT12_1_2_3_2
6878,HACTION_SELECT12_1_2_3_3
6879,HACTION_SELECT12_1_2_3_4
6880,HACTION_SELECT12_1_2_4
6881,HACTION_SELECT12_1_2_4_1
6882,HACTION_SELECT12_1_2_4_2
6883,HACTION_SELECT12_1_2_4_3
6884,HACTION_SELECT12_1_2_4_4
6885,HACTION_SELECT12_1_3
6886,HACTION_SELECT12_1_3_1
6887,HACTION_SELECT12_1_3_1_1
6888,HACTION_SELECT12_1_3_1_2
6889,HACTION_SELECT12_1_3_1_3
6890,HACTION_SELECT12_1_3_1_4
6891,HACTION_SELECT12_1_3_2
6892,HACTION_SELECT12_1_3_2_1
6893,HACTION_SELECT12_1_3_2_2
6894,HACTION_SELECT12_1_3_2_3
6895,HACTION_SELECT12_1_3_2_4
6896,HACTION_SELECT12_1_3_3
6897,HACTION_SELECT12_1_3_3_1
6898,HACTION_SELECT12_1_3_3_2
6899,HACTION_SELECT12_1_3_3_3
6900,HACTION_SELECT12_1_3_3_4
6901,HACTION_SELECT12_1_3_4
6902,HACTION_SELECT12_1_3_4_1
6903,HACTION_SELECT12_1_3_4_2
6904,HACTION_SELECT12_1_3_4_3
6905,HACTION_SELECT12_1_3_4_4
6906,HACTION_SELECT12_1_4
6907,HACTION_SELECT12_1_4_1
6908,HACTION_SELECT12_1_4_1_1
6909,HACTION_SELECT12_1_4_1_2
6910,HACTION_SELECT12_1_4_1_3
6911,HACTION_SELECT12_1_4_1_4
6912,HACTION_SELECT12_1_4_2
6913,HACTION_SELECT12_1_4_2_1
6914,HACTION_SELECT12_1_4_2_2
6915,HACTION_SELECT12_1_4_2_3
6916,HACTION_SELECT12_1_4_2_4
6917,HACTION_SELECT12_1_4_3
6918,HACTION_SELECT12_1_4_3_1
6919,HACTION_SELECT12_1_4_3_2
6920,HACTION_SELECT12_1_4_3_3
6921,HACTION_SELECT12_1_4_3_4
6922,HACTION_SELECT12_1_4_4
6923,HACTION_SELECT12_1_4_4_1
6924,HACTION_SELECT12_1_4_4_2
6925,HACTION_SELECT12_1_4_4_3
6926,HACTION_SELECT12_1_4_4_4
6927,HACTION_SELECT12_2
6928,HACTION_SELECT12_2_1
6929,HACTION_SELECT12_2_1_1
6930,HACTION_SELECT12_2_1_1_1
6931,HACTION_SELECT12_2_1_1_2
6932,HACTION_SELECT12_2_1_1_3
6933,HACTION_SELECT12_2_1_1_4
6934,HACTION_SELECT12_2_1_2
6935,HACTION_SELECT12_2_1_2_1
6936,HACTION_SELECT12_2_1_2_2
6937,HACTION_SELECT12_2_1_2_3
6938,HACTION_SELECT12_2_1_2_4
6939,HACTION_SELECT12_2_1_3
6940,HACTION_SELECT12_2_1_3_1
6941,HACTION_SELECT12_2_1_3_2
6942,HACTION_SELECT12_2_1_3_3
6943,HACTION_SELECT12_2_1_3_4
6944,HACTION_SELECT12_2_1_4
6945,HACTION_SELECT12_2_1_4_1
6946,HACTION_SELECT12_2_1_4_2
6947,HACTION_SELECT12_2_1_4_3
6948,HACTION_SELECT12_2_1_4_4
6949,HACTION_SELECT12_2_2
6950,HACTION_SELECT12_2_2_1
6951,HACTION_SELECT12_2_2_1_1
6952,HACTION_SELECT12_2_2_1_2
6953,HACTION_SELECT12_2_2_1_3
6954,HACTION_SELECT12_2_2_1_4
6955,HACTION_SELECT12_2_2_2
6956,HACTION_SELECT12_2_2_2_1
6957,HACTION_SELECT12_2_2_2_2
6958,HACTION_SELECT12_2_2_2_3
6959,HACTION_SELECT12_2_2_2_4
6960,HACTION_SELECT12_2_2_3
6961,HACTION_SELECT12_2_2_3_1
6962,HACTION_SELECT12_2_2_3_2
6963,HACTION_SELECT12_2_2_3_3
6964,HACTION_SELECT12_2_2_3_4
6965,HACTION_SELECT12_2_2_4
6966,HACTION_SELECT12_2_2_4_1
6967,HACTION_SELECT12_2_2_4_2
6968,HACTION_SELECT12_2_2_4_3
6969,HACTION_SELECT12_2_2_4_4
6970,HACTION_SELECT12_2_3
6971,HACTION_SELECT12_2_3_1
6972,HACTION_SELECT12_2_3_1_1
6973,HACTION_SELECT12_2_3_1_2
6974,HACTION_SELECT12_2_3_1_3
6975,HACTION_SELECT12_2_3_1_4
6976,HACTION_SELECT12_2_3_2
6977,HACTION_SELECT12_2_3_2_1
6978,HACTION_SELECT12_2_3_2_2
6979,HACTION_SELECT12_2_3_2_3
6980,HACTION_SELECT12_2_3_2_4
6981,HACTION_SELECT12_2_3_3
6982,HACTION_SELECT12_2_3_3_1
6983,HACTION_SELECT12_2_3_3_2
6984,HACTION_SELECT12_2_3_3_3
6985,HACTION_SELECT12_2_3_3_4
6986,HACTION_SELECT12_2_3_4
6987,HACTION_SELECT12_2_3_4_1
6988,HACTION_SELECT12_2_3_4_2
6989,HACTION_SELECT12_2_3_4_3
6990,HACTION_SELECT12_2_3_4_4
6991,HACTION_SELECT12_2_4
6992,HACTION_SELECT12_2_4_1
6993,HACTION_SELECT12_2_4_1_1
6994,HACTION_SELECT12_2_4_1_2
6995,HACTION_SELECT12_2_4_1_3
6996,HACTION_SELECT12_2_4_1_4
6997,HACTION_SELECT12_2_4_2
6998,HACTION_SELECT12_2_4_2_1
6999,HACTION_SELECT12_2_4_2_2
7000,HACTION_SELECT12_2_4_2_3
7001,HACTION_SELECT12_2_4_2_4
7002,HACTION_SELECT12_2_4_3
7003,HACTION_SELECT12_2_4_3_1
7004,HACTION_SELECT12_2_4_3_2
7005,HACTION_SELECT12_2_4_3_3
7006,HACTION_SELECT12_2_4_3_4
7007,HACTION_SELECT12_2_4_4
7008,HACTION_SELECT12_2_4_4_1
7009,HACTION_SELECT12_2_4_4_2
7010,HACTION_SELECT12_2_4_4_3
7011,HACTION_SELECT12_2_4_4_4
7012,HACTION_SELECT12_3
7013,HACTION_SELECT12_3_1
7014,HACTION_SELECT12_3_1_1
7015,HACTION_SELECT12_3_1_1_1
7016,HACTION_SELECT12_3_1_1_2
7017,HACTION_SELECT12_3_1_1_3
7018,HACTION_SELECT12_3_1_1_4
7019,HACTION_SELECT12_3_1_2
7020,HACTION_SELECT12_3_1_2_1
7021,HACTION_SELECT12_3_1_2_2
7022,HACTION_SELECT12_3_1_2_3
7023,HACTION_SELECT12_3_1_2_4
7024,HACTION_SELECT12_3_1_3
7025,HACTION_SELECT12_3_1_3_1
7026,HACTION_SELECT12_3_1_3_2
7027,HACTION_SELECT12_3_1_3_3
7028,HACTION_SELECT12_3_1_3_4
7029,HACTION_SELECT12_3_1_4
7030,HACTION_SELECT12_3_1_4_1
7031,HACTION_SELECT12_3_1_4_2
7032,HACTION_SELECT12_3_1_4_3
7033,HACTION_SELECT12_3_1_4_4
7034,HACTION_SELECT12_3_2
7035,HACTION_SELECT12_3_2_1
7036,HACTION_SELECT12_3_2_1_1
7037,HACTION_SELECT12_3_2_1_2
7038,HACTION_SELECT12_3_2_1_3
7039,HACTION_SELECT12_3_2_1_4
7040,HACTION_SELECT12_3_2_2
7041,HACTION_SELECT12_3_2_2_1
7042,HACTION_SELECT12_3_2_2_2
7043,HACTION_SELECT12_3_2_2_3
7044,HACTION_SELECT12_3_2_2_4
7045,HACTION_SELECT12_3_2_3
7046,HACTION_SELECT12_3_2_3_1
7047,HACTION_SELECT12_3_2_3_2
7048,HACTION_SELECT12_3_2_3_3
7049,HACTION_SELECT12_3_2_3_4
7050,HACTION_SELECT12_3_2_4
7051,HACTION_SELECT12_3_2_4_1
7052,HACTION_SELECT12_3_2_4_2
7053,HACTION_SELECT12_3_2_4_3
7054,HACTION_SELECT12_3_2_4_4
7055,HACTION_SELECT12_3_3
7056,HACTION_SELECT12_3_3_1
7057,HACTION_SELECT12_3_3_1_1
7058,HACTION_SELECT12_3_3_1_2
7059,HACTION_SELECT12_3_3_1_3
7060,HACTION_SELECT12_3_3_1_4
7061,HACTION_SELECT12_3_3_2
7062,HACTION_SELECT12_3_3_2_1
7063,HACTION_SELECT12_3_3_2_2
7064,HACTION_SELECT12_3_3_2_3
7065,HACTION_SELECT12_3_3_2_4
7066,HACTION_SELECT12_3_3_3
7067,HACTION_SELECT12_3_3_3_1
7068,HACTION_SELECT12_3_3_3_2
7069,HACTION_SELECT12_3_3_3_3
7070,HACTION_SELECT12_3_3_3_4
7071,HACTION_SELECT12_3_3_4
7072,HACTION_SELECT12_3_3_4_1
7073,HACTION_SELECT12_3_3_4_2
7074,HACTION_SELECT12_3_3_4_3
7075,HACTION_SELECT12_3_3_4_4
7076,HACTION_SELECT12_3_4
7077,HACTION_SELECT12_3_4_1
7078,HACTION_SELECT12_3_4_1_1
7079,HACTION_SELECT12_3_4_1_2
7080,HACTION_SELECT12_3_4_1_3
7081,HACTION_SELECT12_3_4_1_4
7082,HACTION_SELECT12_3_4_2
7083,HACTION_SELECT12_3_4_2_1
7084,HACTION_SELECT12_3_4_2_2
7085,HACTION_SELECT12_3_4_2_3
7086,HACTION_SELECT12_3_4_2_4
7087,HACTION_SELECT12_3_4_3
7088,HACTION_SELECT12_3_4_3_1
7089,HACTION_SELECT12_3_4_3_2
7090,HACTION_SELECT12_3_4_3_3
7091,HACTION_SELECT12_3_4_3_4
7092,HACTION_SELECT12_3_4_4
7093,HACTION_SELECT12_3_4_4_1
7094,HACTION_SELECT12_3_4_4_2
7095,HACTION_SELECT12_3_4_4_3
7096,HACTION_SELECT12_3_4_4_4
7097,HACTION_SELECT12_4
7098,HACTION_SELECT12_4_1
7099,HACTION_SELECT12_4_1_1
7100,HACTION_SELECT12_4_1_1_1
7101,HACTION_SELECT12_4_1_1_2
7102,HACTION_SELECT12_4_1_1_3
7103,HACTION_SELECT12_4_1_1_4
7104,HACTION_SELECT12_4_1_2
7105,HACTION_SELECT12_4_1_2_1
7106,HACTION_SELECT12_4_1_2_2
7107,HACTION_SELECT12_4_1_2_3
7108,HACTION_SELECT12_4_1_2_4
7109,HACTION_SELECT12_4_1_3
7110,HACTION_SELECT12_4_1_3_1
7111,HACTION_SELECT12_4_1_3_2
7112,HACTION_SELECT12_4_1_3_3
7113,HACTION_SELECT12_4_1_3_4
7114,HACTION_SELECT12_4_1_4
7115,HACTION_SELECT12_4_1_4_1
7116,HACTION_SELECT12_4_1_4_2
7117,HACTION_SELECT12_4_1_4_3
7118,HACTION_SELECT12_4_1_4_4
7119,HACTION_SELECT12_4_2
7120,HACTION_SELECT12_4_2_1
7121,HACTION_SELECT12_4_2_1_1
7122,HACTION_SELECT12_4_2_1_2
7123,HACTION_SELECT12_4_2_1_3
7124,HACTION_SELECT12_4_2_1_4
7125,HACTION_SELECT12_4_2_2
7126,HACTION_SELECT12_4_2_2_1
7127,HACTION_SELECT12_4_2_2_2
7128,HACTION_SELECT12_4_2_2_3
7129,HACTION_SELECT12_4_2_2_4
7130,HACTION_SELECT12_4_2_3
7131,HACTION_SELECT12_4_2_3_1
7132,HACTION_SELECT12_4_2_3_2
7133,HACTION_SELECT12_4_2_3_3
7134,HACTION_SELECT12_4_2_3_4
7135,HACTION_SELECT12_4_2_4
7136,HACTION_SELECT12_4_2_4_1
7137,HACTION_SELECT12_4_2_4_2
7138,HACTION_SELECT12_4_2_4_3
7139,HACTION_SELECT12_4_2_4_4
7140,HACTION_SELECT12_4_3
7141,HACTION_SELECT12_4_3_1
7142,HACTION_SELECT12_4_3_1_1
7143,HACTION_SELECT12_4_3_1_2
7144,HACTION_SELECT12_4_3_1_3
7145,HACTION_SELECT12_4_3_1_4
7146,HACTION_SELECT12_4_3_2
7147,HACTION_SELECT12_4_3_2_1
7148,HACTION_SELECT12_4_3_2_2
7149,HACTION_SELECT12_4_3_2_3
7150,HACTION_SELECT12_4_3_2_4
7151,HACTION_SELECT12_4_3_3
7152,HACTION_SELECT12_4_3_3_1
7153,HACTION_SELECT12_4_3_3_2
7154,HACTION_SELECT12_4_3_3_3
7155,HACTION_SELECT12_4_3_3_4
7156,HACTION_SELECT12_4_3_4
7157,HACTION_SELECT12_4_3_4_1
7158,HACTION_SELECT12_4_3_4_2
7159,HACTION_SELECT12_4_3_4_3
7160,HACTION_SELECT12_4_3_4_4
7161,HACTION_SELECT12_4_4
7162,HACTION_SELECT12_4_4_1
7163,HACTION_SELECT12_4_4_1_1
7164,HACTION_SELECT12_4_4_1_2
7165,HACTION_SELECT12_4_4_1_3
7166,HACTION_SELECT12_4_4_1_4
7167,HACTION_SELECT12_4_4_2
7168,HACTION_SELECT12_4_4_2_1
7169,HACTION_SELECT12_4_4_2_2
7170,HACTION_SELECT12_4_4_2_3
7171,HACTION_SELECT12_4_4_2_4
7172,HACTION_SELECT12_4_4_3
7173,HACTION_SELECT12_4_4_3_1
7174,HACTION_SELECT12_4_4_3_2
7175,HACTION_SELECT12_4_4_3_3
7176,HACTION_SELECT12_4_4_3_4
7177,HACTION_SELECT12_4_4_4
7178,HACTION_SELECT12_4_4_4_1
7179,HACTION_SELECT12_4_4_4_2
7180,HACTION_SELECT12_4_4_4_3
7181,HACTION_SELECT12_4_4_4_4
7182,HACTION_SELECT13
7183,HACTION_SELECT13_1
7184,HACTION_SELECT13_1_1
7185,HACTION_SELECT13_1_1_1
7186,HACTION_SELECT13_1_1_1_1
7187,HACTION_SELECT13_1_1_1_2
7188,HACTION_SELECT13_1_1_1_3
7189,HACTION_SELECT13_1_1_1_4
7190,HACTION_SELECT13_1_1_2
7191,HACTION_SELECT13_1_1_2_1
7192,HACTION_SELECT13_1_1_2_2
7193,HACTION_SELECT13_1_1_2_3
7194,HACTION_SELECT13_1_1_2_4
7195,HACTION_SELECT13_1_1_3
7196,HACTION_SELECT13_1_1_3_1
7197,HACTION_SELECT13_1_1_3_2
7198,HACTION_SELECT13_1_1_3_3
7199,HACTION_SELECT13_1_1_3_4
7200,HACTION_SELECT13_1_1_4
7201,HACTION_SELECT13_1_1_4_1
7202,HACTION_SELECT13_1_1_4_2
7203,HACTION_SELECT13_1_1_4_3
7204,HACTION_SELECT13_1_1_4_4
7205,HACTION_SELECT13_1_2
7206,HACTION_SELECT13_1_2_1
7207,HACTION_SELECT13_1_2_1_1
7208,HACTION_SELECT13_1_2_1_2
7209,HACTION_SELECT13_1_2_1_3
7210,HACTION_SELECT13_1_2_1_4
7211,HACTION_SELECT13_1_2_2
7212,HACTION_SELECT13_1_2_2_1
7213,HACTION_SELECT13_1_2_2_2
7214,HACTION_SELECT13_1_2_2_3
7215,HACTION_SELECT13_1_2_2_4
7216,HACTION_SELECT13_1_2_3
7217,HACTION_SELECT13_1_2_3_1
7218,HACTION_SELECT13_1_2_3_2
7219,HACTION_SELECT13_1_2_3_3
7220,HACTION_SELECT13_1_2_3_4
7221,HACTION_SELECT13_1_2_4
7222,HACTION_SELECT13_1_2_4_1
7223,HACTION_SELECT13_1_2_4_2
7224,HACTION_SELECT13_1_2_4_3
7225,HACTION_SELECT13_1_2_4_4
7226,HACTION_SELECT13_1_3
7227,HACTION_SELECT13_1_3_1
7228,HACTION_SELECT13_1_3_1_1
7229,HACTION_SELECT13_1_3_1_2
7230,HACTION_SELECT13_1_3_1_3
7231,HACTION_SELECT13_1_3_1_4
7232,HACTION_SELECT13_1_3_2
7233,HACTION_SELECT13_1_3_2_1
7234,HACTION_SELECT13_1_3_2_2
7235,HACTION_SELECT13_1_3_2_3
7236,HACTION_SELECT13_1_3_2_4
7237,HACTION_SELECT13_1_3_3
7238,HACTION_SELECT13_1_3_3_1
7239,HACTION_SELECT13_1_3_3_2
7240,HACTION_SELECT13_1_3_3_3
7241,HACTION_SELECT13_1_3_3_4
7242,HACTION_SELECT13_1_3_4
7243,HACTION_SELECT13_1_3_4_1
7244,HACTION_SELECT13_1_3_4_2
7245,HACTION_SELECT13_1_3_4_3
7246,HACTION_SELECT13_1_3_4_4
7247,HACTION_SELECT13_1_4
7248,HACTION_SELECT13_1_4_1
7249,HACTION_SELECT13_1_4_1_1
7250,HACTION_SELECT13_1_4_1_2
7251,HACTION_SELECT13_1_4_1_3
7252,HACTION_SELECT13_1_4_1_4
7253,HACTION_SELECT13_1_4_2
7254,HACTION_SELECT13_1_4_2_1
7255,HACTION_SELECT13_1_4_2_2
7256,HACTION_SELECT13_1_4_2_3
7257,HACTION_SELECT13_1_4_2_4
7258,HACTION_SELECT13_1_4_3
7259,HACTION_SELECT13_1_4_3_1
7260,HACTION_SELECT13_1_4_3_2
7261,HACTION_SELECT13_1_4_3_3
7262,HACTION_SELECT13_1_4_3_4
7263,HACTION_SELECT13_1_4_4
7264,HACTION_SELECT13_1_4_4_1
7265,HACTION_SELECT13_1_4_4_2
7266,HACTION_SELECT13_1_4_4_3
7267,HACTION_SELECT13_1_4_4_4
7268,HACTION_SELECT13_2
7269,HACTION_SELECT13_2_1
7270,HACTION_SELECT13_2_1_1
7271,HACTION_SELECT13_2_1_1_1
7272,HACTION_SELECT13_2_1_1_2
7273,HACTION_SELECT13_2_1_1_3
7274,HACTION_SELECT13_2_1_1_4
7275,HACTION_SELECT13_2_1_2
7276,HACTION_SELECT13_2_1_2_1
7277,HACTION_SELECT13_2_1_2_2
7278,HACTION_SELECT13_2_1_2_3
7279,HACTION_SELECT13_2_1_2_4
7280,HACTION_SELECT13_2_1_3
7281,HACTION_SELECT13_2_1_3_1
7282,HACTION_SELECT13_2_1_3_2
7283,HACTION_SELECT13_2_1_3_3
7284,HACTION_SELECT13_2_1_3_4
7285,HACTION_SELECT13_2_1_4
7286,HACTION_SELECT13_2_1_4_1
7287,HACTION_SELECT13_2_1_4_2
7288,HACTION_SELECT13_2_1_4_3
7289,HACTION_SELECT13_2_1_4_4
7290,HACTION_SELECT13_2_2
7291,HACTION_SELECT13_2_2_1
7292,HACTION_SELECT13_2_2_1_1
7293,HACTION_SELECT13_2_2_1_2
7294,HACTION_SELECT13_2_2_1_3
7295,HACTION_SELECT13_2_2_1_4
7296,HACTION_SELECT13_2_2_2
7297,HACTION_SELECT13_2_2_2_1
7298,HACTION_SELECT13_2_2_2_2
7299,HACTION_SELECT13_2_2_2_3
7300,HACTION_SELECT13_2_2_2_4
7301,HACTION_SELECT13_2_2_3
7302,HACTION_SELECT13_2_2_3_1
7303,HACTION_SELECT13_2_2_3_2
7304,HACTION_SELECT13_2_2_3_3
7305,HACTION_SELECT13_2_2_3_4
7306,HACTION_SELECT13_2_2_4
7307,HACTION_SELECT13_2_2_4_1
7308,HACTION_SELECT13_2_2_4_2
7309,HACTION_SELECT13_2_2_4_3
7310,HACTION_SELECT13_2_2_4_4
7311,HACTION_SELECT13_2_3
7312,HACTION_SELECT13_2_3_1
7313,HACTION_SELECT13_2_3_1_1
7314,HACTION_SELECT13_2_3_1_2
7315,HACTION_SELECT13_2_3_1_3
7316,HACTION_SELECT13_2_3_1_4
7317,HACTION_SELECT13_2_3_2
7318,HACTION_SELECT13_2_3_2_1
7319,HACTION_SELECT13_2_3_2_2
7320,HACTION_SELECT13_2_3_2_3
7321,HACTION_SELECT13_2_3_2_4
7322,HACTION_SELECT13_2_3_3
7323,HACTION_SELECT13_2_3_3_1
7324,HACTION_SELECT13_2_3_3_2
7325,HACTION_SELECT13_2_3_3_3
7326,HACTION_SELECT13_2_3_3_4
7327,HACTION_SELECT13_2_3_4
7328,HACTION_SELECT13_2_3_4_1
7329,HACTION_SELECT13_2_3_4_2
7330,HACTION_SELECT13_2_3_4_3
7331,HACTION_SELECT13_2_3_4_4
7332,HACTION_SELECT13_2_4
7333,HACTION_SELECT13_2_4_1
7334,HACTION_SELECT13_2_4_1_1
7335,HACTION_SELECT13_2_4_1_2
7336,HACTION_SELECT13_2_4_1_3
7337,HACTION_SELECT13_2_4_1_4
7338,HACTION_SELECT13_2_4_2
7339,HACTION_SELECT13_2_4_2_1
7340,HACTION_SELECT13_2_4_2_2
7341,HACTION_SELECT13_2_4_2_3
7342,HACTION_SELECT13_2_4_2_4
7343,HACTION_SELECT13_2_4_3
7344,HACTION_SELECT13_2_4_3_1
7345,HACTION_SELECT13_2_4_3_2
7346,HACTION_SELECT13_2_4_3_3
7347,HACTION_SELECT13_2_4_3_4
7348,HACTION_SELECT13_2_4_4
7349,HACTION_SELECT13_2_4_4_1
7350,HACTION_SELECT13_2_4_4_2
7351,HACTION_SELECT13_2_4_4_3
7352,HACTION_SELECT13_2_4_4_4
7353,HACTION_SELECT13_3
7354,HACTION_SELECT13_3_1
7355,HACTION_SELECT13_3_1_1
7356,HACTION_SELECT13_3_1_1_1
7357,HACTION_SELECT13_3_1_1_2
7358,HACTION_SELECT13_3_1_1_3
7359,HACTION_SELECT13_3_1_1_4
7360,HACTION_SELECT13_3_1_2
7361,HACTION_SELECT13_3_1_2_1
7362,HACTION_SELECT13_3_1_2_2
7363,HACTION_SELECT13_3_1_2_3
7364,HACTION_SELECT13_3_1_2_4
7365,HACTION_SELECT13_3_1_3
7366,HACTION_SELECT13_3_1_3_1
7367,HACTION_SELECT13_3_1_3_2
7368,HACTION_SELECT13_3_1_3_3
7369,HACTION_SELECT13_3_1_3_4
7370,HACTION_SELECT13_3_1_4
7371,HACTION_SELECT13_3_1_4_1
7372,HACTION_SELECT13_3_1_4_2
7373,HACTION_SELECT13_3_1_4_3
7374,HACTION_SELECT13_3_1_4_4
7375,HACTION_SELECT13_3_2
7376,HACTION_SELECT13_3_2_1
7377,HACTION_SELECT13_3_2_1_1
7378,HACTION_SELECT13_3_2_1_2
7379,HACTION_SELECT13_3_2_1_3
7380,HACTION_SELECT13_3_2_1_4
7381,HACTION_SELECT13_3_2_2
7382,HACTION_SELECT13_3_2_2_1
7383,HACTION_SELECT13_3_2_2_2
7384,HACTION_SELECT13_3_2_2_3
7385,HACTION_SELECT13_3_2_2_4
7386,HACTION_SELECT13_3_2_3
7387,HACTION_SELECT13_3_2_3_1
7388,HACTION_SELECT13_3_2_3_2
7389,HACTION_SELECT13_3_2_3_3
7390,HACTION_SELECT13_3_2_3_4
7391,HACTION_SELECT13_3_2_4
7392,HACTION_SELECT13_3_2_4_1
7393,HACTION_SELECT13_3_2_4_2
7394,HACTION_SELECT13_3_2_4_3
7395,HACTION_SELECT13_3_2_4_4
7396,HACTION_SELECT13_3_3
7397,HACTION_SELECT13_3_3_1
7398,HACTION_SELECT13_3_3_1_1
7399,HACTION_SELECT13_3_3_1_2
7400,HACTION_SELECT13_3_3_1_3
7401,HACTION_SELECT13_3_3_1_4
7402,HACTION_SELECT13_3_3_2
7403,HACTION_SELECT13_3_3_2_1
7404,HACTION_SELECT13_3_3_2_2
7405,HACTION_SELECT13_3_3_2_3
7406,HACTION_SELECT13_3_3_2_4
7407,HACTION_SELECT13_3_3_3
7408,HACTION_SELECT13_3_3_3_1
7409,HACTION_SELECT13_3_3_3_2
7410,HACTION_SELECT13_3_3_3_3
7411,HACTION_SELECT13_3_3_3_4
7412,HACTION_SELECT13_3_3_4
7413,HACTION_SELECT13_3_3_4_1
7414,HACTION_SELECT13_3_3_4_2
7415,HACTION_SELECT13_3_3_4_3
7416,HACTION_SELECT13_3_3_4_4
7417,HACTION_SELECT13_3_4
7418,HACTION_SELECT13_3_4_1
7419,HACTION_SELECT13_3_4_1_1
7420,HACTION_SELECT13_3_4_1_2
7421,HACTION_SELECT13_3_4_1_3
7422,HACTION_SELECT13_3_4_1_4
7423,HACTION_SELECT13_3_4_2
7424,HACTION_SELECT13_3_4_2_1
7425,HACTION_SELECT13_3_4_2_2
7426,HACTION_SELECT13_3_4_2_3
7427,HACTION_SELECT13_3_4_2_4
7428,HACTION_SELECT13_3_4_3
7429,HACTION_SELECT13_3_4_3_1
7430,HACTION_SELECT13_3_4_3_2
7431,HACTION_SELECT13_3_4_3_3
7432,HACTION_SELECT13_3_4_3_4
7433,HACTION_SELECT13_3_4_4
7434,HACTION_SELECT13_3_4_4_1
7435,HACTION_SELECT13_3_4_4_2
7436,HACTION_SELECT13_3_4_4_3
7437,HACTION_SELECT13_3_4_4_4
7438,HACTION_SELECT13_4
7439,HACTION_SELECT13_4_1
7440,HACTION_SELECT13_4_1_1
7441,HACTION_SELECT13_4_1_1_1
7442,HACTION_SELECT13_4_1_1_2
7443,HACTION_SELECT13_4_1_1_3
7444,HACTION_SELECT13_4_1_1_4
7445,HACTION_SELECT13_4_1_2
7446,HACTION_SELECT13_4_1_2_1
7447,HACTION_SELECT13_4_1_2_2
7448,HACTION_SELECT13_4_1_2_3
7449,HACTION_SELECT13_4_1_2_4
7450,HACTION_SELECT13_4_1_3
7451,HACTION_SELECT13_4_1_3_1
7452,HACTION_SELECT13_4_1_3_2
7453,HACTION_SELECT13_4_1_3_3
7454,HACTION_SELECT13_4_1_3_4
7455,HACTION_SELECT13_4_1_4
7456,HACTION_SELECT13_4_1_4_1
7457,HACTION_SELECT13_4_1_4_2
7458,HACTION_SELECT13_4_1_4_3
7459,HACTION_SELECT13_4_1_4_4
7460,HACTION_SELECT13_4_2
7461,HACTION_SELECT13_4_2_1
7462,HACTION_SELECT13_4_2_1_1
7463,HACTION_SELECT13_4_2_1_2
7464,HACTION_SELECT13_4_2_1_3
7465,HACTION_SELECT13_4_2_1_4
7466,HACTION_SELECT13_4_2_2
7467,HACTION_SELECT13_4_2_2_1
7468,HACTION_SELECT13_4_2_2_2
7469,HACTION_SELECT13_4_2_2_3
7470,HACTION_SELECT13_4_2_2_4
7471,HACTION_SELECT13_4_2_3
7472,HACTION_SELECT13_4_2_3_1
7473,HACTION_SELECT13_4_2_3_2
7474,HACTION_SELECT13_4_2_3_3
7475,HACTION_SELECT13_4_2_3_4
7476,HACTION_SELECT13_4_2_4
7477,HACTION_SELECT13_4_2_4_1
7478,HACTION_SELECT13_4_2_4_2
7479,HACTION_SELECT13_4_2_4_3
7480,HACTION_SELECT13_4_2_4_4
7481,HACTION_SELECT13_4_3
7482,HACTION_SELECT13_4_3_1
7483,HACTION_SELECT13_4_3_1_1
7484,HACTION_SELECT13_4_3_1_2
7485,HACTION_SELECT13_4_3_1_3
7486,HACTION_SELECT13_4_3_1_4
7487,HACTION_SELECT13_4_3_2
7488,HACTION_SELECT13_4_3_2_1
7489,HACTION_SELECT13_4_3_2_2
7490,HACTION_SELECT13_4_3_2_3
7491,HACTION_SELECT13_4_3_2_4
7492,HACTION_SELECT13_4_3_3
7493,HACTION_SELECT13_4_3_3_1
7494,HACTION_SELECT13_4_3_3_2
7495,HACTION_SELECT13_4_3_3_3
7496,HACTION_SELECT13_4_3_3_4
7497,HACTION_SELECT13_4_3_4
7498,HACTION_SELECT13_4_3_4_1
7499,HACTION_SELECT13_4_3_4_2
7500,HACTION_SELECT13_4_3_4_3
7501,HACTION_SELECT13_4_3_4_4
7502,HACTION_SELECT13_4_4
7503,HACTION_SELECT13_4_4_1
7504,HACTION_SELECT13_4_4_1_1
7505,HACTION_SELECT13_4_4_1_2
7506,HACTION_SELECT13_4_4_1_3
7507,HACTION_SELECT13_4_4_1_4
7508,HACTION_SELECT13_4_4_2
7509,HACTION_SELECT13_4_4_2_1
7510,HACTION_SELECT13_4_4_2_2
7511,HACTION_SELECT13_4_4_2_3
7512,HACTION_SELECT13_4_4_2_4
7513,HACTION_SELECT13_4_4_3
7514,HACTION_SELECT13_4_4_3_1
7515,HACTION_SELECT13_4_4_3_2
7516,HACTION_SELECT13_4_4_3_3
7517,HACTION_SELECT13_4_4_3_4
7518,HACTION_SELECT13_4_4_4
7519,HACTION_SELECT13_4_4_4_1
7520,HACTION_SELECT13_4_4_4_2
7521,HACTION_SELECT13_4_4_4_3
7522,HACTION_SELECT13_4_4_4_4
7523,HACTION_SELECT14
7524,HACTION_SELECT14_1
7525,HACTION_SELECT14_1_1
7526,HACTION_SELECT14_1_1_1
7527,HACTION_SELECT14_1_1_1_1
7528,HACTION_SELECT14_1_1_1_2
7529,HACTION_SELECT14_1_1_1_3
7530,HACTION_SELECT14_1_1_1_4
7531,HACTION_SELECT14_1_1_2
7532,HACTION_SELECT14_1_1_2_1
7533,HACTION_SELECT14_1_1_2_2
7534,HACTION_SELECT14_1_1_2_3
7535,HACTION_SELECT14_1_1_2_4
7536,HACTION_SELECT14_1_1_3
7537,HACTION_SELECT14_1_1_3_1
7538,HACTION_SELECT14_1_1_3_2
7539,HACTION_SELECT14_1_1_3_3
7540,HACTION_SELECT14_1_1_3_4
7541,HACTION_SELECT14_1_1_4
7542,HACTION_SELECT14_1_1_4_1
7543,HACTION_SELECT14_1_1_4_2
7544,HACTION_SELECT14_1_1_4_3
7545,HACTION_SELECT14_1_1_4_4
7546,HACTION_SELECT14_1_2
7547,HACTION_SELECT14_1_2_1
7548,HACTION_SELECT14_1_2_1_1
7549,HACTION_SELECT14_1_2_1_2
7550,HACTION_SELECT14_1_2_1_3
7551,HACTION_SELECT14_1_2_1_4
7552,HACTION_SELECT14_1_2_2
7553,HACTION_SELECT14_1_2_2_1
7554,HACTION_SELECT14_1_2_2_2
7555,HACTION_SELECT14_1_2_2_3
7556,HACTION_SELECT14_1_2_2_4
7557,HACTION_SELECT14_1_2_3
7558,HACTION_SELECT14_1_2_3_1
7559,HACTION_SELECT14_1_2_3_2
7560,HACTION_SELECT14_1_2_3_3
7561,HACTION_SELECT14_1_2_3_4
7562,HACTION_SELECT14_1_2_4
7563,HACTION_SELECT14_1_2_4_1
7564,HACTION_SELECT14_1_2_4_2
7565,HACTION_SELECT14_1_2_4_3
7566,HACTION_SELECT14_1_2_4_4
7567,HACTION_SELECT14_1_3
7568,HACTION_SELECT14_1_3_1
7569,HACTION_SELECT14_1_3_1_1
7570,HACTION_SELECT14_1_3_1_2
7571,HACTION_SELECT14_1_3_1_3
7572,HACTION_SELECT14_1_3_1_4
7573,HACTION_SELECT14_1_3_2
7574,HACTION_SELECT14_1_3_2_1
7575,HACTION_SELECT14_1_3_2_2
7576,HACTION_SELECT14_1_3_2_3
7577,HACTION_SELECT14_1_3_2_4
7578,HACTION_SELECT14_1_3_3
7579,HACTION_SELECT14_1_3_3_1
7580,HACTION_SELECT14_1_3_3_2
7581,HACTION_SELECT14_1_3_3_3
7582,HACTION_SELECT14_1_3_3_4
7583,HACTION_SELECT14_1_3_4
7584,HACTION_SELECT14_1_3_4_1
7585,HACTION_SELECT14_1_3_4_2
7586,HACTION_SELECT14_1_3_4_3
7587,HACTION_SELECT14_1_3_4_4
7588,HACTION_SELECT14_1_4
7589,HACTION_SELECT14_1_4_1
7590,HACTION_SELECT14_1_4_1_1
7591,HACTION_SELECT14_1_4_1_2
7592,HACTION_SELECT14_1_4_1_3
7593,HACTION_SELECT14_1_4_1_4
7594,HACTION_SELECT14_1_4_2
7595,HACTION_SELECT14_1_4_2_1
7596,HACTION_SELECT14_1_4_2_2
7597,HACTION_SELECT14_1_4_2_3
7598,HACTION_SELECT14_1_4_2_4
7599,HACTION_SELECT14_1_4_3
7600,HACTION_SELECT14_1_4_3_1
7601,HACTION_SELECT14_1_4_3_2
7602,HACTION_SELECT14_1_4_3_3
7603,HACTION_SELECT14_1_4_3_4
7604,HACTION_SELECT14_1_4_4
7605,HACTION_SELECT14_1_4_4_1
7606,HACTION_SELECT14_1_4_4_2
7607,HACTION_SELECT14_1_4_4_3
7608,HACTION_SELECT14_1_4_4_4
7609,HACTION_SELECT14_2
7610,HACTION_SELECT14_2_1
7611,HACTION_SELECT14_2_1_1
7612,HACTION_SELECT14_2_1_1_1
7613,HACTION_SELECT14_2_1_1_2
7614,HACTION_SELECT14_2_1_1_3
7615,HACTION_SELECT14_2_1_1_4
7616,HACTION_SELECT14_2_1_2
7617,HACTION_SELECT14_2_1_2_1
7618,HACTION_SELECT14_2_1_2_2
7619,HACTION_SELECT14_2_1_2_3
7620,HACTION_SELECT14_2_1_2_4
7621,HACTION_SELECT14_2_1_3
7622,HACTION_SELECT14_2_1_3_1
7623,HACTION_SELECT14_2_1_3_2
7624,HACTION_SELECT14_2_1_3_3
7625,HACTION_SELECT14_2_1_3_4
7626,HACTION_SELECT14_2_1_4
7627,HACTION_SELECT14_2_1_4_1
7628,HACTION_SELECT14_2_1_4_2
7629,HACTION_SELECT14_2_1_4_3
7630,HACTION_SELECT14_2_1_4_4
7631,HACTION_SELECT14_2_2
7632,HACTION_SELECT14_2_2_1
7633,HACTION_SELECT14_2_2_1_1
7634,HACTION_SELECT14_2_2_1_2
7635,HACTION_SELECT14_2_2_1_3
7636,HACTION_SELECT14_2_2_1_4
7637,HACTION_SELECT14_2_2_2
7638,HACTION_SELECT14_2_2_2_1
7639,HACTION_SELECT14_2_2_2_2
7640,HACTION_SELECT14_2_2_2_3
7641,HACTION_SELECT14_2_2_2_4
7642,HACTION_SELECT14_2_2_3
7643,HACTION_SELECT14_2_2_3_1
7644,HACTION_SELECT14_2_2_3_2
7645,HACTION_SELECT14_2_2_3_3
7646,HACTION_SELECT14_2_2_3_4
7647,HACTION_SELECT14_2_2_4
7648,HACTION_SELECT14_2_2_4_1
7649,HACTION_SELECT14_2_2_4_2
7650,HACTION_SELECT14_2_2_4_3
7651,HACTION_SELECT14_2_2_4_4
7652,HACTION_SELECT14_2_3
7653,HACTION_SELECT14_2_3_1
7654,HACTION_SELECT14_2_3_1_1
7655,HACTION_SELECT14_2_3_1_2
7656,HACTION_SELECT14_2_3_1_3
7657,HACTION_SELECT14_2_3_1_4
7658,HACTION_SELECT14_2_3_2
7659,HACTION_SELECT14_2_3_2_1
7660,HACTION_SELECT14_2_3_2_2
7661,HACTION_SELECT14_2_3_2_3
7662,HACTION_SELECT14_2_3_2_4
7663,HACTION_SELECT14_2_3_3
7664,HACTION_SELECT14_2_3_3_1
7665,HACTION_SELECT14_2_3_3_2
7666,HACTION_SELECT14_2_3_3_3
7667,HACTION_SELECT14_2_3_3_4
7668,HACTION_SELECT14_2_3_4
7669,HACTION_SELECT14_2_3_4_1
7670,HACTION_SELECT14_2_3_4_2
7671,HACTION_SELECT14_2_3_4_3
7672,HACTION_SELECT14_2_3_4_4
7673,HACTION_SELECT14_2_4
7674,HACTION_SELECT14_2_4_1
7675,HACTION_SELECT14_2_4_1_1
7676,HACTION_SELECT14_2_4_1_2
7677,HACTION_SELECT14_2_4_1_3
7678,HACTION_SELECT14_2_4_1_4
7679,HACTION_SELECT14_2_4_2
7680,HACTION_SELECT14_2_4_2_1
7681,HACTION_SELECT14_2_4_2_2
7682,HACTION_SELECT14_2_4_2_3
7683,HACTION_SELECT14_2_4_2_4
7684,HACTION_SELECT14_2_4_3
7685,HACTION_SELECT14_2_4_3_1
7686,HACTION_SELECT14_2_4_3_2
7687,HACTION_SELECT14_2_4_3_3
7688,HACTION_SELECT14_2_4_3_4
7689,HACTION_SELECT14_2_4_4
7690,HACTION_SELECT14_2_4_4_1
7691,HACTION_SELECT14_2_4_4_2
7692,HACTION_SELECT14_2_4_4_3
7693,HACTION_SELECT14_2_4_4_4
7694,HACTION_SELECT14_3
7695,HACTION_SELECT14_3_1
7696,HACTION_SELECT14_3_1_1
7697,HACTION_SELECT14_3_1_1_1
7698,HACTION_SELECT14_3_1_1_2
7699,HACTION_SELECT14_3_1_1_3
7700,HACTION_SELECT14_3_1_1_4
7701,HACTION_SELECT14_3_1_2
7702,HACTION_SELECT14_3_1_2_1
7703,HACTION_SELECT14_3_1_2_2
7704,HACTION_SELECT14_3_1_2_3
7705,HACTION_SELECT14_3_1_2_4
7706,HACTION_SELECT14_3_1_3
7707,HACTION_SELECT14_3_1_3_1
7708,HACTION_SELECT14_3_1_3_2
7709,HACTION_SELECT14_3_1_3_3
7710,HACTION_SELECT14_3_1_3_4
7711,HACTION_SELECT14_3_1_4
7712,HACTION_SELECT14_3_1_4_1
7713,HACTION_SELECT14_3_1_4_2
7714,HACTION_SELECT14_3_1_4_3
7715,HACTION_SELECT14_3_1_4_4
7716,HACTION_SELECT14_3_2
7717,HACTION_SELECT14_3_2_1
7718,HACTION_SELECT14_3_2_1_1
7719,HACTION_SELECT14_3_2_1_2
7720,HACTION_SELECT14_3_2_1_3
7721,HACTION_SELECT14_3_2_1_4
7722,HACTION_SELECT14_3_2_2
7723,HACTION_SELECT14_3_2_2_1
7724,HACTION_SELECT14_3_2_2_2
7725,HACTION_SELECT14_3_2_2_3
7726,HACTION_SELECT14_3_2_2_4
7727,HACTION_SELECT14_3_2_3
7728,HACTION_SELECT14_3_2_3_1
7729,HACTION_SELECT14_3_2_3_2
7730,HACTION_SELECT14_3_2_3_3
7731,HACTION_SELECT14_3_2_3_4
7732,HACTION_SELECT14_3_2_4
7733,HACTION_SELECT14_3_2_4_1
7734,HACTION_SELECT14_3_2_4_2
7735,HACTION_SELECT14_3_2_4_3
7736,HACTION_SELECT14_3_2_4_4
7737,HACTION_SELECT14_3_3
7738,HACTION_SELECT14_3_3_1
7739,HACTION_SELECT14_3_3_1_1
7740,HACTION_SELECT14_3_3_1_2
7741,HACTION_SELECT14_3_3_1_3
7742,HACTION_SELECT14_3_3_1_4
7743,HACTION_SELECT14_3_3_2
7744,HACTION_SELECT14_3_3_2_1
7745,HACTION_SELECT14_3_3_2_2
7746,HACTION_SELECT14_3_3_2_3
7747,HACTION_SELECT14_3_3_2_4
7748,HACTION_SELECT14_3_3_3
7749,HACTION_SELECT14_3_3_3_1
7750,HACTION_SELECT14_3_3_3_2
7751,HACTION_SELECT14_3_3_3_3
7752,HACTION_SELECT14_3_3_3_4
7753,HACTION_SELECT14_3_3_4
7754,HACTION_SELECT14_3_3_4_1
7755,HACTION_SELECT14_3_3_4_2
7756,HACTION_SELECT14_3_3_4_3
7757,HACTION_SELECT14_3_3_4_4
7758,HACTION_SELECT14_3_4
7759,HACTION_SELECT14_3_4_1
7760,HACTION_SELECT14_3_4_1_1
7761,HACTION_SELECT14_3_4_1_2
7762,HACTION_SELECT14_3_4_1_3
7763,HACTION_SELECT14_3_4_1_4
7764,HACTION_SELECT14_3_4_2
7765,HACTION_SELECT14_3_4_2_1
7766,HACTION_SELECT14_3_4_2_2
7767,HACTION_SELECT14_3_4_2_3
7768,HACTION_SELECT14_3_4_2_4
7769,HACTION_SELECT14_3_4_3
7770,HACTION_SELECT14_3_4_3_1
7771,HACTION_SELECT14_3_4_3_2
7772,HACTION_SELECT14_3_4_3_3
7773,HACTION_SELECT14_3_4_3_4
7774,HACTION_SELECT14_3_4_4
7775,HACTION_SELECT14_3_4_4_1
7776,HACTION_SELECT14_3_4_4_2
7777,HACTION_SELECT14_3_4_4_3
7778,HACTION_SELECT14_3_4_4_4
7779,HACTION_SELECT14_4
7780,HACTION_SELECT14_4_1
7781,HACTION_SELECT14_4_1_1
7782,HACTION_SELECT14_4_1_1_1
7783,HACTION_SELECT14_4_1_1_2
7784,HACTION_SELECT14_4_1_1_3
7785,HACTION_SELECT14_4_1_1_4
7786,HACTION_SELECT14_4_1_2
7787,HACTION_SELECT14_4_1_2_1
7788,HACTION_SELECT14_4_1_2_2
7789,HACTION_SELECT14_4_1_2_3
7790,HACTION_SELECT14_4_1_2_4
7791,HACTION_SELECT14_4_1_3
7792,HACTION_SELECT14_4_1_3_1
7793,HACTION_SELECT14_4_1_3_2
7794,HACTION_SELECT14_4_1_3_3
7795,HACTION_SELECT14_4_1_3_4
7796,HACTION_SELECT14_4_1_4
7797,HACTION_SELECT14_4_1_4_1
7798,HACTION_SELECT14_4_1_4_2
7799,HACTION_SELECT14_4_1_4_3
7800,HACTION_SELECT14_4_1_4_4
7801,HACTION_SELECT14_4_2
7802,HACTION_SELECT14_4_2_1
7803,HACTION_SELECT14_4_2_1_1
7804,HACTION_SELECT14_4_2_1_2
7805,HACTION_SELECT14_4_2_1_3
7806,HACTION_SELECT14_4_2_1_4
7807,HACTION_SELECT14_4_2_2
7808,HACTION_SELECT14_4_2_2_1
7809,HACTION_SELECT14_4_2_2_2
7810,HACTION_SELECT14_4_2_2_3
7811,HACTION_SELECT14_4_2_2_4
7812,HACTION_SELECT14_4_2_3
7813,HACTION_SELECT14_4_2_3_1
7814,HACTION_SELECT14_4_2_3_2
7815,HACTION_SELECT14_4_2_3_3
7816,HACTION_SELECT14_4_2_3_4
7817,HACTION_SELECT14_4_2_4
7818,HACTION_SELECT14_4_2_4_1
7819,HACTION_SELECT14_4_2_4_2
7820,HACTION_SELECT14_4_2_4_3
7821,HACTION_SELECT14_4_2_4_4
7822,HACTION_SELECT14_4_3
7823,HACTION_SELECT14_4_3_1
7824,HACTION_SELECT14_4_3_1_1
7825,HACTION_SELECT14_4_3_1_2
7826,HACTION_SELECT14_4_3_1_3
7827,HACTION_SELECT14_4_3_1_4
7828,HACTION_SELECT14_4_3_2
7829,HACTION_SELECT14_4_3_2_1
7830,HACTION_SELECT14_4_3_2_2
7831,HACTION_SELECT14_4_3_2_3
7832,HACTION_SELECT14_4_3_2_4
7833,HACTION_SELECT14_4_3_3
7834,HACTION_SELECT14_4_3_3_1
7835,HACTION_SELECT14_4_3_3_2
7836,HACTION_SELECT14_4_3_3_3
7837,HACTION_SELECT14_4_3_3_4
7838,HACTION_SELECT14_4_3_4
7839,HACTION_SELECT14_4_3_4_1
7840,HACTION_SELECT14_4_3_4_2
7841,HACTION_SELECT14_4_3_4_3
7842,HACTION_SELECT14_4_3_4_4
7843,HACTION_SELECT14_4_4
7844,HACTION_SELECT14_4_4_1
7845,HACTION_SELECT14_4_4_1_1
7846,HACTION_SELECT14_4_4_1_2
7847,HACTION_SELECT14_4_4_1_3
7848,HACTION_SELECT14_4_4_1_4
7849,HACTION_SELECT14_4_4_2
7850,HACTION_SELECT14_4_4_2_1
7851,HACTION_SELECT14_4_4_2_2
7852,HACTION_SELECT14_4_4_2_3
7853,HACTION_SELECT14_4_4_2_4
7854,HACTION_SELECT14_4_4_3
7855,HACTION_SELECT14_4_4_3_1
7856,HACTION_SELECT14_4_4_3_2
7857,HACTION_SELECT14_4_4_3_3
7858,HACTION_SELECT14_4_4_3_4
7859,HACTION_SELECT14_4_4_4
7860,HACTION_SELECT14_4_4_4_1
7861,HACTION_SELECT14_4_4_4_2
7862,HACTION_SELECT14_4_4_4_3
7863,HACTION_SELECT14_4_4_4_4
7864,HACTION_SELECT15
7865,HACTION_SELECT15_1
7866,HACTION_SELECT15_1_1
7867,HACTION_SELECT15_1_1_1
7868,HACTION_SELECT15_1_1_1_1
7869,HACTION_SELECT15_1_1_1_2
7870,HACTION_SELECT15_1_1_1_3
7871,HACTION_SELECT15_1_1_1_4
7872,HACTION_SELECT15_1_1_2
7873,HACTION_SELECT15_1_1_2_1
7874,HACTION_SELECT15_1_1_2_2
7875,HACTION_SELECT15_1_1_2_3
7876,HACTION_SELECT15_1_1_2_4
7877,HACTION_SELECT15_1_1_3
7878,HACTION_SELECT15_1_1_3_1
7879,HACTION_SELECT15_1_1_3_2
7880,HACTION_SELECT15_1_1_3_3
7881,HACTION_SELECT15_1_1_3_4
7882,HACTION_SELECT15_1_1_4
7883,HACTION_SELECT15_1_1_4_1
7884,HACTION_SELECT15_1_1_4_2
7885,HACTION_SELECT15_1_1_4_3
7886,HACTION_SELECT15_1_1_4_4
7887,HACTION_SELECT15_1_2
7888,HACTION_SELECT15_1_2_1
7889,HACTION_SELECT15_1_2_1_1
7890,HACTION_SELECT15_1_2_1_2
7891,HACTION_SELECT15_1_2_1_3
7892,HACTION_SELECT15_1_2_1_4
7893,HACTION_SELECT15_1_2_2
7894,HACTION_SELECT15_1_2_2_1
7895,HACTION_SELECT15_1_2_2_2
7896,HACTION_SELECT15_1_2_2_3
7897,HACTION_SELECT15_1_2_2_4
7898,HACTION_SELECT15_1_2_3
7899,HACTION_SELECT15_1_2_3_1
7900,HACTION_SELECT15_1_2_3_2
7901,HACTION_SELECT15_1_2_3_3
7902,HACTION_SELECT15_1_2_3_4
7903,HACTION_SELECT15_1_2_4
7904,HACTION_SELECT15_1_2_4_1
7905,HACTION_SELECT15_1_2_4_2
7906,HACTION_SELECT15_1_2_4_3
7907,HACTION_SELECT15_1_2_4_4
7908,HACTION_SELECT15_1_3
7909,HACTION_SELECT15_1_3_1
7910,HACTION_SELECT15_1_3_1_1
7911,HACTION_SELECT15_1_3_1_2
7912,HACTION_SELECT15_1_3_1_3
7913,HACTION_SELECT15_1_3_1_4
7914,HACTION_SELECT15_1_3_2
7915,HACTION_SELECT15_1_3_2_1
7916,HACTION_SELECT15_1_3_2_2
7917,HACTION_SELECT15_1_3_2_3
7918,HACTION_SELECT15_1_3_2_4
7919,HACTION_SELECT15_1_3_3
7920,HACTION_SELECT15_1_3_3_1
7921,HACTION_SELECT15_1_3_3_2
7922,HACTION_SELECT15_1_3_3_3
7923,HACTION_SELECT15_1_3_3_4
7924,HACTION_SELECT15_1_3_4
7925,HACTION_SELECT15_1_3_4_1
7926,HACTION_SELECT15_1_3_4_2
7927,HACTION_SELECT15_1_3_4_3
7928,HACTION_SELECT15_1_3_4_4
7929,HACTION_SELECT15_1_4
7930,HACTION_SELECT15_1_4_1
7931,HACTION_SELECT15_1_4_1_1
7932,HACTION_SELECT15_1_4_1_2
7933,HACTION_SELECT15_1_4_1_3
7934,HACTION_SELECT15_1_4_1_4
7935,HACTION_SELECT15_1_4_2
7936,HACTION_SELECT15_1_4_2_1
7937,HACTION_SELECT15_1_4_2_2
7938,HACTION_SELECT15_1_4_2_3
7939,HACTION_SELECT15_1_4_2_4
7940,HACTION_SELECT15_1_4_3
7941,HACTION_SELECT15_1_4_3_1
7942,HACTION_SELECT15_1_4_3_2
7943,HACTION_SELECT15_1_4_3_3
7944,HACTION_SELECT15_1_4_3_4
7945,HACTION_SELECT15_1_4_4
7946,HACTION_SELECT15_1_4_4_1
7947,HACTION_SELECT15_1_4_4_2
7948,HACTION_SELECT15_1_4_4_3
7949,HACTION_SELECT15_1_4_4_4
7950,HACTION_SELECT15_2
7951,HACTION_SELECT15_2_1
7952,HACTION_SELECT15_2_1_1
7953,HACTION_SELECT15_2_1_1_1
7954,HACTION_SELECT15_2_1_1_2
7955,HACTION_SELECT15_2_1_1_3
7956,HACTION_SELECT15_2_1_1_4
7957,HACTION_SELECT15_2_1_2
7958,HACTION_SELECT15_2_1_2_1
7959,HACTION_SELECT15_2_1_2_2
7960,HACTION_SELECT15_2_1_2_3
7961,HACTION_SELECT15_2_1_2_4
7962,HACTION_SELECT15_2_1_3
7963,HACTION_SELECT15_2_1_3_1
7964,HACTION_SELECT15_2_1_3_2
7965,HACTION_SELECT15_2_1_3_3
7966,HACTION_SELECT15_2_1_3_4
7967,HACTION_SELECT15_2_1_4
7968,HACTION_SELECT15_2_1_4_1
7969,HACTION_SELECT15_2_1_4_2
7970,HACTION_SELECT15_2_1_4_3
7971,HACTION_SELECT15_2_1_4_4
7972,HACTION_SELECT15_2_2
7973,HACTION_SELECT15_2_2_1
7974,HACTION_SELECT15_2_2_1_1
7975,HACTION_SELECT15_2_2_1_2
7976,HACTION_SELECT15_2_2_1_3
7977,HACTION_SELECT15_2_2_1_4
7978,HACTION_SELECT15_2_2_2
7979,HACTION_SELECT15_2_2_2_1
7980,HACTION_SELECT15_2_2_2_2
7981,HACTION_SELECT15_2_2_2_3
7982,HACTION_SELECT15_2_2_2_4
7983,HACTION_SELECT15_2_2_3
7984,HACTION_SELECT15_2_2_3_1
7985,HACTION_SELECT15_2_2_3_2
7986,HACTION_SELECT15_2_2_3_3
7987,HACTION_SELECT15_2_2_3_4
7988,HACTION_SELECT15_2_2_4
7989,HACTION_SELECT15_2_2_4_1
7990,HACTION_SELECT15_2_2_4_2
7991,HACTION_SELECT15_2_2_4_3
7992,HACTION_SELECT15_2_2_4_4
7993,HACTION_SELECT15_2_3
7994,HACTION_SELECT15_2_3_1
7995,HACTION_SELECT15_2_3_1_1
7996,HACTION_SELECT15_2_3_1_2
7997,HACTION_SELECT15_2_3_1_3
7998,HACTION_SELECT15_2_3_1_4
7999,HACTION_SELECT15_2_3_2
8000,HACTION_SELECT15_2_3_2_1
8001,HACTION_SELECT15_2_3_2_2
8002,HACTION_SELECT15_2_3_2_3
8003,HACTION_SELECT15_2_3_2_4
8004,HACTION_SELECT15_2_3_3
8005,HACTION_SELECT15_2_3_3_1
8006,HACTION_SELECT15_2_3_3_2
8007,HACTION_SELECT15_2_3_3_3
8008,HACTION_SELECT15_2_3_3_4
8009,HACTION_SELECT15_2_3_4
8010,HACTION_SELECT15_2_3_4_1
8011,HACTION_SELECT15_2_3_4_2
8012,HACTION_SELECT15_2_3_4_3
8013,HACTION_SELECT15_2_3_4_4
8014,HACTION_SELECT15_2_4
8015,HACTION_SELECT15_2_4_1
8016,HACTION_SELECT15_2_4_1_1
8017,HACTION_SELECT15_2_4_1_2
8018,HACTION_SELECT15_2_4_1_3
8019,HACTION_SELECT15_2_4_1_4
8020,HACTION_SELECT15_2_4_2
8021,HACTION_SELECT15_2_4_2_1
8022,HACTION_SELECT15_2_4_2_2
8023,HACTION_SELECT15_2_4_2_3
8024,HACTION_SELECT15_2_4_2_4
8025,HACTION_SELECT15_2_4_3
8026,HACTION_SELECT15_2_4_3_1
8027,HACTION_SELECT15_2_4_3_2
8028,HACTION_SELECT15_2_4_3_3
8029,HACTION_SELECT15_2_4_3_4
8030,HACTION_SELECT15_2_4_4
8031,HACTION_SELECT15_2_4_4_1
8032,HACTION_SELECT15_2_4_4_2
8033,HACTION_SELECT15_2_4_4_3
8034,HACTION_SELECT15_2_4_4_4
8035,HACTION_SELECT15_3
8036,HACTION_SELECT15_3_1
8037,HACTION_SELECT15_3_1_1
8038,HACTION_SELECT15_3_1_1_1
8039,HACTION_SELECT15_3_1_1_2
8040,HACTION_SELECT15_3_1_1_3
8041,HACTION_SELECT15_3_1_1_4
8042,HACTION_SELECT15_3_1_2
8043,HACTION_SELECT15_3_1_2_1
8044,HACTION_SELECT15_3_1_2_2
8045,HACTION_SELECT15_3_1_2_3
8046,HACTION_SELECT15_3_1_2_4
8047,HACTION_SELECT15_3_1_3
8048,HACTION_SELECT15_3_1_3_1
8049,HACTION_SELECT15_3_1_3_2
8050,HACTION_SELECT15_3_1_3_3
8051,HACTION_SELECT15_3_1_3_4
8052,HACTION_SELECT15_3_1_4
8053,HACTION_SELECT15_3_1_4_1
8054,HACTION_SELECT15_3_1_4_2
8055,HACTION_SELECT15_3_1_4_3
8056,HACTION_SELECT15_3_1_4_4
8057,HACTION_SELECT15_3_2
8058,HACTION_SELECT15_3_2_1
8059,HACTION_SELECT15_3_2_1_1
8060,HACTION_SELECT15_3_2_1_2
8061,HACTION_SELECT15_3_2_1_3
8062,HACTION_SELECT15_3_2_1_4
8063,HACTION_SELECT15_3_2_2
8064,HACTION_SELECT15_3_2_2_1
8065,HACTION_SELECT15_3_2_2_2
8066,HACTION_SELECT15_3_2_2_3
8067,HACTION_SELECT15_3_2_2_4
8068,HACTION_SELECT15_3_2_3
8069,HACTION_SELECT15_3_2_3_1
8070,HACTION_SELECT15_3_2_3_2
8071,HACTION_SELECT15_3_2_3_3
8072,HACTION_SELECT15_3_2_3_4
8073,HACTION_SELECT15_3_2_4
8074,HACTION_SELECT15_3_2_4_1
8075,HACTION_SELECT15_3_2_4_2
8076,HACTION_SELECT15_3_2_4_3
8077,HACTION_SELECT15_3_2_4_4
8078,HACTION_SELECT15_3_3
8079,HACTION_SELECT15_3_3_1
8080,HACTION_SELECT15_3_3_1_1
8081,HACTION_SELECT15_3_3_1_2
8082,HACTION_SELECT15_3_3_1_3
8083,HACTION_SELECT15_3_3_1_4
8084,HACTION_SELECT15_3_3_2
8085,HACTION_SELECT15_3_3_2_1
8086,HACTION_SELECT15_3_3_2_2
8087,HACTION_SELECT15_3_3_2_3
8088,HACTION_SELECT15_3_3_2_4
8089,HACTION_SELECT15_3_3_3
8090,HACTION_SELECT15_3_3_3_1
8091,HACTION_SELECT15_3_3_3_2
8092,HACTION_SELECT15_3_3_3_3
8093,HACTION_SELECT15_3_3_3_4
8094,HACTION_SELECT15_3_3_4
8095,HACTION_SELECT15_3_3_4_1
8096,HACTION_SELECT15_3_3_4_2
8097,HACTION_SELECT15_3_3_4_3
8098,HACTION_SELECT15_3_3_4_4
8099,HACTION_SELECT15_3_4
8100,HACTION_SELECT15_3_4_1
8101,HACTION_SELECT15_3_4_1_1
8102,HACTION_SELECT15_3_4_1_2
8103,HACTION_SELECT15_3_4_1_3
8104,HACTION_SELECT15_3_4_1_4
8105,HACTION_SELECT15_3_4_2
8106,HACTION_SELECT15_3_4_2_1
8107,HACTION_SELECT15_3_4_2_2
8108,HACTION_SELECT15_3_4_2_3
8109,HACTION_SELECT15_3_4_2_4
8110,HACTION_SELECT15_3_4_3
8111,HACTION_SELECT15_3_4_3_1
8112,HACTION_SELECT15_3_4_3_2
8113,HACTION_SELECT15_3_4_3_3
8114,HACTION_SELECT15_3_4_3_4
8115,HACTION_SELECT15_3_4_4
8116,HACTION_SELECT15_3_4_4_1
8117,HACTION_SELECT15_3_4_4_2
8118,HACTION_SELECT15_3_4_4_3
8119,HACTION_SELECT15_3_4_4_4
8120,HACTION_SELECT15_4
8121,HACTION_SELECT15_4_1
8122,HACTION_SELECT15_4_1_1
8123,HACTION_SELECT15_4_1_1_1
8124,HACTION_SELECT15_4_1_1_2
8125,HACTION_SELECT15_4_1_1_3
8126,HACTION_SELECT15_4_1_1_4
8127,HACTION_SELECT15_4_1_2
8128,HACTION_SELECT15_4_1_2_1
8129,HACTION_SELECT15_4_1_2_2
8130,HACTION_SELECT15_4_1_2_3
8131,HACTION_SELECT15_4_1_2_4
8132,HACTION_SELECT15_4_1_3
8133,HACTION_SELECT15_4_1_3_1
8134,HACTION_SELECT15_4_1_3_2
8135,HACTION_SELECT15_4_1_3_3
8136,HACTION_SELECT15_4_1_3_4
8137,HACTION_SELECT15_4_1_4
8138,HACTION_SELECT15_4_1_4_1
8139,HACTION_SELECT15_4_1_4_2
8140,HACTION_SELECT15_4_1_4_3
8141,HACTION_SELECT15_4_1_4_4
8142,HACTION_SELECT15_4_2
8143,HACTION_SELECT15_4_2_1
8144,HACTION_SELECT15_4_2_1_1
8145,HACTION_SELECT15_4_2_1_2
8146,HACTION_SELECT15_4_2_1_3
8147,HACTION_SELECT15_4_2_1_4
8148,HACTION_SELECT15_4_2_2
8149,HACTION_SELECT15_4_2_2_1
8150,HACTION_SELECT15_4_2_2_2
8151,HACTION_SELECT15_4_2_2_3
8152,HACTION_SELECT15_4_2_2_4
8153,HACTION_SELECT15_4_2_3
8154,HACTION_SELECT15_4_2_3_1
8155,HACTION_SELECT15_4_2_3_2
8156,HACTION_SELECT15_4_2_3_3
8157,HACTION_SELECT15_4_2_3_4
8158,HACTION_SELECT15_4_2_4
8159,HACTION_SELECT15_4_2_4_1
8160,HACTION_SELECT15_4_2_4_2
8161,HACTION_SELECT15_4_2_4_3
8162,HACTION_SELECT15_4_2_4_4
8163,HACTION_SELECT15_4_3
8164,HACTION_SELECT15_4_3_1
8165,HACTION_SELECT15_4_3_1_1
8166,HACTION_SELECT15_4_3_1_2
8167,HACTION_SELECT15_4_3_1_3
8168,HACTION_SELECT15_4_3_1_4
8169,HACTION_SELECT15_4_3_2
8170,HACTION_SELECT15_4_3_2_1
8171,HACTION_SELECT15_4_3_2_2
8172,HACTION_SELECT15_4_3_2_3
8173,HACTION_SELECT15_4_3_2_4
8174,HACTION_SELECT15_4_3_3
8175,HACTION_SELECT15_4_3_3_1
8176,HACTION_SELECT15_4_3_3_2
8177,HACTION_SELECT15_4_3_3_3
8178,HACTION_SELECT15_4_3_3_4
8179,HACTION_SELECT15_4_3_4
8180,HACTION_SELECT15_4_3_4_1
8181,HACTION_SELECT15_4_3_4_2
8182,HACTION_SELECT15_4_3_4_3
8183,HACTION_SELECT15_4_3_4_4
8184,HACTION_SELECT15_4_4
8185,HACTION_SELECT15_4_4_1
8186,HACTION_SELECT15_4_4_1_1
8187,HACTION_SELECT15_4_4_1_2
8188,HACTION_SELECT15_4_4_1_3
8189,HACTION_SELECT15_4_4_1_4
8190,HACTION_SELECT15_4_4_2
8191,HACTION_SELECT15_4_4_2_1
8192,HACTION_SELECT15_4_4_2_2
8193,HACTION_SELECT15_4_4_2_3
8194,HACTION_SELECT15_4_4_2_4
8195,HACTION_SELECT15_4_4_3
8196,HACTION_SELECT15_4_4_3_1
8197,HACTION_SELECT15_4_4_3_2
8198,HACTION_SELECT15_4_4_3_3
8199,HACTION_SELECT15_4_4_3_4
8200,HACTION_SELECT15_4_4_4
8201,HACTION_SELECT15_4_4_4_1
8202,HACTION_SELECT15_4_4_4_2
8203,HACTION_SELECT15_4_4_4_3
8204,HACTION_SELECT15_4_4_4_4
10000,HACTION_SETPRO1
10001,HACTION_SETPRO2
10002,HACTION_SETPRO3
10003,HACTION_SETPRO4
10004,HACTION_SETPRO5
10005,HACTION_SETPRO6
10006,HACTION_SETPRO7
10007,HACTION_SETPRO8
10008,HACTION_SETPRO9
10009,HACTION_SETPRO10
10010,HACTION_SETPRO11
10011,HACTION_SETPRO12
10012,HACTION_SETPRO13
10013,HACTION_SETPRO14
10014,HACTION_SETPRO15
10015,HACTION_SETPRO16
10016,HACTION_SETPRO17
10017,HACTION_SETPRO18
10018,HACTION_SETPRO19
10019,HACTION_SETPRO20
10020,HACTION_SETPRO21
10021,HACTION_SETPRO22
10022,HACTION_SETPRO23
10023,HACTION_SETPRO24
10024,HACTION_SETPRO25
10025,HACTION_SETPRO26
10026,HACTION_SETPRO27
10027,HACTION_SETPRO28
10028,HACTION_SETPRO29
10029,HACTION_SETPRO30
10030,HACTION_SETPRO31
10031,HACTION_SETPRO32
10032,HACTION_SETPRO33
10033,HACTION_SETPRO34
10034,HACTION_SETPRO35
10035,HACTION_SETPRO36
10036,HACTION_SETPRO37
10037,HACTION_SETPRO38
10038,HACTION_SETPRO39
10039,HACTION_SETPRO40
10040,HACTION_SETPRO41
10041,HACTION_SETPRO42
10042,HACTION_SETPRO43
10043,HACTION_SETPRO44
10044,HACTION_SETPRO45
10045,HACTION_SETPRO46
10046,HACTION_SETPRO47
10047,HACTION_SETPRO48
10048,HACTION_SETPRO49
10049,HACTION_SETPRO50
10050,HACTION_SETPRO51
10051,HACTION_SETPRO52
10052,HACTION_SETPRO53
10053,HACTION_SETPRO54
10054,HACTION_SETPRO55
10055,HACTION_SETPRO56
10056,HACTION_SETPRO57
10057,HACTION_SETPRO58
10058,HACTION_SETPRO59
10059,HACTION_SETPRO60
10060,HACTION_SETPRO61
10061,HACTION_SETPRO62
10062,HACTION_SETPRO63
10063,HACTION_SETPRO64
10064,HACTION_SETPRO65
10065,HACTION_SETPRO66
10066,HACTION_SETPRO67
10067,HACTION_SETPRO68
10068,HACTION_SETPRO69
10069,HACTION_SETPRO70
10070,HACTION_SETPRO71
10071,HACTION_SETPRO72
10072,HACTION_SETPRO73
10073,HACTION_SETPRO74
10074,HACTION_SETPRO75
10075,HACTION_SETPRO76
10076,HACTION_SETPRO77
10077,HACTION_SETPRO78
10078,HACTION_SETPRO79
10079,HACTION_SETPRO80
10080,HACTION_SETPRO81
10081,HACTION_SETPRO82
10082,HACTION_SETPRO83
10083,HACTION_SETPRO84
10084,HACTION_SETPRO85
10085,HACTION_SETPRO86
10086,HACTION_SETPRO87
10087,HACTION_SETPRO88
10088,HACTION_SETPRO89
10089,HACTION_SETPRO90
10090,HACTION_SETPRO91
10091,HACTION_SETPRO92
10092,HACTION_SETPRO93
10093,HACTION_SETPRO94
10094,HACTION_SETPRO95
10095,HACTION_SETPRO96
10096,HACTION_SETPRO97
10097,HACTION_SETPRO98
10098,HACTION_SETPRO99
10099,HACTION_SETPRO100
10100,HACTION_SETPRO101
10101,HACTION_SETPRO102
10102,HACTION_SETPRO103
10103,HACTION_SETPRO104
10104,HACTION_SETPRO105
10105,HACTION_SETPRO106
10106,HACTION_SETPRO107
10107,HACTION_SETPRO108
10108,HACTION_SETPRO109
10109,HACTION_SETPRO110
10110,HACTION_SETPRO111
10111,HACTION_SETPRO112
10112,HACTION_SETPRO113
10113,HACTION_SETPRO114
10114,HACTION_SETPRO115
10115,HACTION_SETPRO116
10116,HACTION_SETPRO117
10117,HACTION_SETPRO118
10118,HACTION_SETPRO119
10119,HACTION_SETPRO120
10120,HACTION_SETPRO121
10121,HACTION_SETPRO122
10122,HACTION_SETPRO123
10123,HACTION_SETPRO124
10124,HACTION_SETPRO125
10125,HACTION_SETPRO126
10126,HACTION_SETPRO127
10127,HACTION_SETPRO128
10128,HACTION_SETPRO129
10129,HACTION_SETPRO130
10130,HACTION_SETPRO131
10131,HACTION_SETPRO132
10132,HACTION_SETPRO133
10133,HACTION_SETPRO134
10134,HACTION_SETPRO135
10135,HACTION_SETPRO136
10136,HACTION_SETPRO137
10137,HACTION_SETPRO138
10138,HACTION_SETPRO139
10139,HACTION_SETPRO140
10140,HACTION_SETPRO141
10141,HACTION_SETPRO142
10142,HACTION_SETPRO143
10143,HACTION_SETPRO144
10144,HACTION_SETPRO145
10145,HACTION_SETPRO146
10146,HACTION_SETPRO147
10147,HACTION_SETPRO148
10148,HACTION_SETPRO149
10149,HACTION_SETPRO150
10150,HACTION_SETPRO151
10151,HACTION_SETPRO152
10152,HACTION_SETPRO153
10153,HACTION_SETPRO154
10154,HACTION_SETPRO155
10155,HACTION_SETPRO156
10156,HACTION_SETPRO157
10157,HACTION_SETPRO158
10158,HACTION_SETPRO159
10159,HACTION_SETPRO160
10160,HACTION_SETPRO161
10161,HACTION_SETPRO162
10162,HACTION_SETPRO163
10163,HACTION_SETPRO164
10164,HACTION_SETPRO165
10165,HACTION_SETPRO166
10166,HACTION_SETPRO167
10167,HACTION_SETPRO168
10168,HACTION_SETPRO169
10169,HACTION_SETPRO170
10170,HACTION_SETPRO171
10171,HACTION_SETPRO172
10172,HACTION_SETPRO173
10173,HACTION_SETPRO174
10174,HACTION_SETPRO175
10175,HACTION_SETPRO176
10176,HACTION_SETPRO177
10177,HACTION_SETPRO178
10178,HACTION_SETPRO179
10179,HACTION_SETPRO180
10180,HACTION_SETPRO181
10181,HACTION_SETPRO182
10182,HACTION_SETPRO183
10183,HACTION_SETPRO184
10184,HACTION_SETPRO185
10185,HACTION_SETPRO186
10186,HACTION_SETPRO187
10187,HACTION_SETPRO188
10188,HACTION_SETPRO189
10189,HACTION_SETPRO190
10190,HACTION_SETPRO191
10191,HACTION_SETPRO192
10192,HACTION_SETPRO193
10193,HACTION_SETPRO194
10194,HACTION_SETPRO195
10195,HACTION_SETPRO196
10196,HACTION_SETPRO197
10197,HACTION_SETPRO198
10198,HACTION_SETPRO199
10199,HACTION_SETPRO200
10200,HACTION_SETPRO201
10201,HACTION_SETPRO202
10202,HACTION_SETPRO203
10203,HACTION_SETPRO204
10204,HACTION_SETPRO205
10205,HACTION_SETPRO206
10206,HACTION_SETPRO207
10207,HACTION_SETPRO208
10208,HACTION_SETPRO209
10209,HACTION_SETPRO210
10210,HACTION_SETPRO211
10211,HACTION_SETPRO212
10212,HACTION_SETPRO213
10213,HACTION_SETPRO214
10214,HACTION_SETPRO215
10215,HACTION_SETPRO216
10216,HACTION_SETPRO217
10217,HACTION_SETPRO218
10218,HACTION_SETPRO219
10219,HACTION_SETPRO220
10220,HACTION_SETPRO221
10221,HACTION_SETPRO222
10222,HACTION_SETPRO223
10223,HACTION_SETPRO224
10224,HACTION_SETPRO225
10225,HACTION_SETPRO226
10226,HACTION_SETPRO227
10227,HACTION_SETPRO228
10228,HACTION_SETPRO229
10229,HACTION_SETPRO230
10230,HACTION_SETPRO231
10231,HACTION_SETPRO232
10232,HACTION_SETPRO233
10233,HACTION_SETPRO234
10234,HACTION_SETPRO235
10235,HACTION_SETPRO236
10236,HACTION_SETPRO237
10237,HACTION_SETPRO238
10238,HACTION_SETPRO239
10239,HACTION_SETPRO240
10240,HACTION_SETPRO241
10241,HACTION_SETPRO242
10242,HACTION_SETPRO243
10243,HACTION_SETPRO244
10244,HACTION_SETPRO245
10245,HACTION_SETPRO246
10246,HACTION_SETPRO247
10247,HACTION_SETPRO248
10248,HACTION_SETPRO249
10249,HACTION_SETPRO250
10250,HACTION_SETPRO251
10251,HACTION_SETPRO252
10252,HACTION_SETPRO253
10253,HACTION_SETPRO254
10254,HACTION_SETPRO255
10255,HACTION_SET_SUCCEED
20000,HACTION_QUEST_ACCEPT_SIMPLE
20001,HACTION_QUEST_REFUSE_SIMPLE
20002,HACTION_CHECK_USER_HAS_QUEST_ITEM_SIMPLE
20003,HACTION_SETPRO_NEXT
20004,HACTION_CHECK_AP
20005,HACTION_CHECK_GOLD
20006,HACTION_SELECT_BOSS_LEVEL1
20007,HACTION_SELECT_BOSS_LEVEL2
20008,HACTION_SELECT_BOSS_LEVEL3
20009,HACTION_SELECT_BOSS_LEVEL4
20010,HACTION_SELECT_BOSS_LEVEL5
30000,HACTION_BUY_EVENT_TOOL
100000,HACTION_OPEN_WEB
100001,HACTION_OPEN_WEB_SHOP
