id,action_constant,page_constant,html_page_name,relation
-1,HACTION_ERROR,,,action_only
0,,HTML_PAGE_NULL,,page_only
1,HACTION_NULL,HTML_PAGE_SHOW_STIGMA_WINDOW,,same_id_only
2,HACTION_BUY,HTML_PAGE_SHOW_CREATE_GUILD_WINDOW,,same_id_only
3,HACTION_SELL,HTML_PAGE_MENU_DIALOG,menu_dialog,same_id_only
4,HACTION_OPEN_STIGMA_WINDOW,HTML_PAGE_SHOW_ASK_QUEST_ACCEPT_WINDOW,ask_quest_accept,same_id_only
5,HACTION_CREATE_GUILD,HTML_PAGE_SHOW_SELECT_QUEST_REWARD_WINDOW1,select_quest_reward1,same_id_only
6,HACTION_DISPERSE_GUILD,HTML_PAGE_SHOW_SELECT_QUEST_REWARD_WINDOW2,select_quest_reward2,same_id_only
7,HACTION_RECREATE_GUILD,HTML_PAGE_SHOW_SELECT_QUEST_REWARD_WINDOW3,select_quest_reward3,same_id_only
8,HACTION_SELECTED_QUEST_REWARD1,HTML_PAGE_SHOW_SELECT_QUEST_REWARD_WINDOW4,select_quest_reward4,same_id_only
9,HACTION_SELECTED_QUEST_REWARD2,HTML_PAGE_QUEST_SUMMARY,quest_summary,same_id_only
10,HACTION_SELECTED_QUEST_REWARD3,HTML_PAGE_SELECT_QUEST,select_quest,same_id_only
11,HACTION_SELECTED_QUEST_REWARD4,HTML_PAGE_SELECT_PROGRESSIVE_QUEST_DESC,select_progressive_quest_desc,same_id_only
12,HACTION_SELECTED_QUEST_REWARD5,HTML_PAGE_SELECT_ACQUSITIVE_QUEST_DESC,select_acqusitive_quest_desc,same_id_only
13,HACTION_SELECTED_QUEST_REWARD6,HTML_PAGE_SHOW_VENDOR_WINDOW,,same_id_only
14,HACTION_SELECTED_QUEST_REWARD7,HTML_PAGE_SHOW_RETRIEVE_CHAR_WAREHOUSE,,same_id_only
15,HACTION_SELECTED_QUEST_REWARD8,HTML_PAGE_SHOW_DEPOSIT_CHAR_WAREHOUSE,,same_id_only
16,HACTION_SELECTED_QUEST_REWARD9,HTML_PAGE_SHOW_RETRIEVE_ACCOUNT_WAREHOUSE,,same_id_only
17,HACTION_SELECTED_QUEST_REWARD10,HTML_PAGE_SHOW_DEPOSIT_ACCOUNT_WAREHOUSE,,same_id_only
18,HACTION_SELECTED_QUEST_REWARD11,HTML_PAGE_SHOW_MAIL_WINDOW,,same_id_only
19,HACTION_SELECTED_QUEST_REWARD12,HTML_PAGE_SHOW_CHANGE_ITEM_SKIN_WINDOW,,same_id_only
20,HACTION_SELECTED_QUEST_REWARD13,HTML_PAGE_SHOW_REMOVE_ITEM_OPTION_WINDOW,,same_id_only
21,HACTION_SELECTED_QUEST_REWARD14,HTML_PAGE_SHOW_GIVE_ITEM_PROC_WINDOW,,same_id_only
22,HACTION_SELECTED_QUEST_REWARD15,HTML_PAGE_SHOW_E3_IN_GAME_HELP,,same_id_only
23,HACTION_SELECTED_QUEST_NOREWARD,HTML_PAGE_SHOW_GATHER_SKILL_LEVELUP_WINDOW,,same_id_only
24,HACTION_RESURRECT_PET,HTML_PAGE_SHOW_LOOT_WINDOW,,same_id_only
25,HACTION_RETRIEVE_CHAR_WAREHOUSE,HTML_PAGE_SHOW_GUILD_WAREHOUSE,,same_id_only
26,HACTION_DEPOSIT_CHAR_WAREHOUSE,HTML_PAGE_SHOW_PERSONAL_WAREHOUSE,,same_id_only
27,HACTION_RETRIEVE_ACCOUNT_WAREHOUSE,HTML_PAGE_NO_RIGHT,no_right,same_id_only
28,HACTION_DEPOSIT_ACCOUNT_WAREHOUSE,HTML_PAGE_SHOW_COMBINETASK_WINDOW,select_task,same_id_only
29,HACTION_QUEST_ACCEPT,HTML_PAGE_SHOW_COMPOUND_WEAPON_WINDOW,,same_id_only
30,HACTION_QUEST_REFUSE,HTML_PAGE_SHOW_DECOMPOUND_WEAPON_WINDOW,,same_id_only
31,HACTION_QUEST_SELECT,HTML_PAGE_PACKAGE_LIMITATION,package_limitation,same_id_only
32,HACTION_OPEN_QUEST_WINDOW,HTML_PAGE_SHOW_HOUSING_MARKER_WINDOW,,same_id_only
33,HACTION_OPEN_VENDOR,HTML_PAGE_SHOW_HOUSING_LIFETIME_WINDOW,,same_id_only
34,HACTION_RESURRECT_BIND,HTML_PAGE_SELECT_DAILY_QUEST,select_daily_quest,same_id_only
35,HACTION_RECOVERY,HTML_PAGE_SHOW_CHARGE_ITEM,,same_id_only
36,HACTION_ENTER_PVP,HTML_PAGE_SHOW_HOUSING_BUDDY_LIST,,same_id_only
37,HACTION_LEAVE_PVP,HTML_PAGE_SHOW_HOUSING_POST,,same_id_only
38,HACTION_OPEN_POSTBOX,HTML_PAGE_SHOW_HOUSING_AUCTION,,same_id_only
39,HACTION_CHECK_USER_HAS_QUEST_ITEM,HTML_PAGE_SHOW_HOUSING_PAY_RENT,,same_id_only
40,HACTION_DIC,HTML_PAGE_SHOW_HOUSING_KICK,,same_id_only
41,HACTION_GIVE_ITEM_PROC,HTML_PAGE_SHOW_HOUSING_CONFIG,,same_id_only
42,HACTION_REMOVE_ITEM_OPTION,HTML_PAGE_SHOW_CHARGE_ITEM2,,same_id_only
43,HACTION_CHANGE_ITEM_SKIN,HTML_PAGE_SHOW_TOWN_CHALLENGE_TASK,,same_id_only
44,HACTION_AIRLINE_SERVICE,HTML_PAGE_NO_TOWN_RESIDENCE,no_town_residence,same_id_only
45,HACTION_GATHER_SKILL_LEVELUP,HTML_PAGE_SHOW_SELECT_QUEST_REWARD_WINDOW5,select_quest_reward5,same_id_only
46,HACTION_COMBINE_SKILL_LEVELUP,HTML_PAGE_SHOW_SELECT_QUEST_REWARD_WINDOW6,select_quest_reward6,same_id_only
47,HACTION_EXTEND_INVENTORY,HTML_PAGE_SHOW_SELECT_QUEST_REWARD_WINDOW7,select_quest_reward7,same_id_only
48,HACTION_EXTEND_CHAR_WAREHOUSE,HTML_PAGE_SHOW_SELECT_QUEST_REWARD_WINDOW8,select_quest_reward8,same_id_only
49,HACTION_EXTEND_ACCOUNT_WAREHOUSE,HTML_PAGE_SHOW_SELECT_QUEST_REWARD_WINDOW9,select_quest_reward9,same_id_only
50,HACTION_GUILD_LEVELUP,HTML_PAGE_SHOW_SELECT_QUEST_REWARD_WINDOW10,select_quest_reward10,same_id_only
51,HACTION_GUILD_CREATE_EMBLEM,HTML_PAGE_SHOW_MOVE_ITEM_SKIN_WINDOW,,same_id_only
52,HACTION_GUILD_CHANGE_EMBLEM,HTML_PAGE_SHOW_ITEM_UPGRADE,,same_id_only
53,HACTION_OPEN_GUILD_WAREHOUSE,HTML_PAGE_SHOW_STIGMA_ENCHANT,,same_id_only
54,HACTION_OPEN_PERSONAL_WAREHOUSE,HTML_PAGE_SHOW_CP_WINDOW,,same_id_only
55,HACTION_BUY_BY_AP,HTML_PAGE_SHOW_EXCHANGE_EQUIPMENT,,same_id_only
56,HACTION_CLOSE_GUILD_WAREHOUSE,,,action_only
57,HACTION_PASS_DOORMAN,,,action_only
58,HACTION_COMBINE_TASK,,,action_only
59,HACTION_EXCHANGE_COIN,,,action_only
60,HACTION_SHOW_CUTSCENE,,,action_only
61,HACTION_EDIT_CHARACTER_ALL,,,action_only
62,HACTION_EDIT_CHARACTER_GENDER,,,action_only
63,HACTION_MATCH_MAKER,,,action_only
64,HACTION_MAKE_MERCENARY,,,action_only
65,HACTION_INSTANCE_ENTRY,,,action_only
66,HACTION_COMPOUND_WEAPON,,,action_only
67,HACTION_DECOMPOUND_WEAPON,,,action_only
68,HACTION_FACTION_JOIN,,,action_only
69,HACTION_FACTION_SEPARATE,,,action_only
70,HACTION_BUY_AGAIN,,,action_only
71,HACTION_FUNC_PET_ADOPT,,,action_only
72,HACTION_FUNC_PET_ABANDON,,,action_only
73,HACTION_HOUSING_BUILD,,,action_only
74,HACTION_HOUSING_DESTRUCT,,,action_only
75,HACTION_CHARGE_ITEM_SINGLE,,,action_only
76,HACTION_CHARGE_ITEM_MULTI,,,action_only
77,HACTION_INSTANCE_PARTY_MATCH,,,action_only
78,HACTION_TRADE_IN,,,action_only
79,HACTION_GIVEUP_CRAFT_EXPERT,,,action_only
80,HACTION_GIVEUP_CRAFT_MASTER,,,action_only
81,HACTION_HOUSING_BUDDY_LIST,,,action_only
82,HACTION_HOUSING_RANDOM_TELEPORT,,,action_only
83,HACTION_HOUSING_PERSONAL_INS_TELEPORT,,,action_only
84,HACTION_HOUSING_PERSONAL_AUCTION,,,action_only
85,HACTION_HOUSING_PAY_RENT,,,action_only
86,HACTION_HOUSING_KICK,,,action_only
87,HACTION_HOUSING_CHANGE_BUILDING,,,action_only
88,HACTION_HOUSING_CONFIG,,,action_only
89,HACTION_HOUSING_GIVEUP,,,action_only
90,HACTION_HOUSING_CANCEL_GIVEUP,,,action_only
91,HACTION_HOUSING_CREATE_PERSONAL_INS,,,action_only
92,HACTION_FUNC_PET_H_ADOPT,,,action_only
93,HACTION_FUNC_PET_H_ABANDON,,,action_only
94,HACTION_CHARGE_ITEM_SINGLE2,,,action_only
95,HACTION_CHARGE_ITEM_MULTI2,,,action_only
96,HACTION_HOUSING_RECREATE_PERSONAL_INS,,,action_only
97,HACTION_HOUSING_LIKE,,,action_only
98,HACTION_HOUSING_SCRIPT,,,action_only
99,HACTION_HOUSING_GUESTBOOK,,,action_only
100,HACTION_TOWN_CHALLENGE,,,action_only
101,HACTION_AP_SELL,,,action_only
103,HACTION_TRADE_SELL_LIST,,,action_only
104,HACTION_TELEPORT_SIMPLE,,,action_only
105,HACTION_OPEN_INSTANCE_RECRUIT,,,action_only
106,HACTION_MOVE_ITEM_SKIN,,,action_only
107,HACTION_TRADE_IN_UPGRADE,,,action_only
108,HACTION_SELECTED_QUEST_AUTO_REWARD,,,action_only
109,HACTION_ITEM_UPGRADE,,,action_only
110,HACTION_SELECTED_QUEST_AUTO_REWARD1,,,action_only
111,HACTION_SELECTED_QUEST_AUTO_REWARD2,,,action_only
112,HACTION_SELECTED_QUEST_AUTO_REWARD3,,,action_only
113,HACTION_SELECTED_QUEST_AUTO_REWARD4,,,action_only
114,HACTION_SELECTED_QUEST_AUTO_REWARD5,,,action_only
115,HACTION_SELECTED_QUEST_AUTO_REWARD6,,,action_only
116,HACTION_SELECTED_QUEST_AUTO_REWARD7,,,action_only
117,HACTION_SELECTED_QUEST_AUTO_REWARD8,,,action_only
118,HACTION_SELECTED_QUEST_AUTO_REWARD9,,,action_only
119,HACTION_SELECTED_QUEST_AUTO_REWARD10,,,action_only
120,HACTION_SELECTED_QUEST_AUTO_REWARD11,,,action_only
121,HACTION_SELECTED_QUEST_AUTO_REWARD12,,,action_only
122,HACTION_SELECTED_QUEST_AUTO_REWARD13,,,action_only
123,HACTION_SELECTED_QUEST_AUTO_REWARD14,,,action_only
124,HACTION_SELECTED_QUEST_AUTO_REWARD15,,,action_only
125,HACTION_OPEN_STIGMA_ENCHANT,,,action_only
126,HACTION_ITEM_REPLACE,,,action_only
127,HACTION_SELECTED_QUEST_GOLD_REWARD,,,action_only
128,HACTION_RECOVERY2,,,action_only
1000,HACTION_CUSTOM1,HTML_PAGE_TEST,test,same_id_only
1001,HACTION_CUSTOM2,HTML_PAGE_QUEST_1_1,quest_1_1,same_id_only
1002,HACTION_QUEST_ACCEPT_1,HTML_PAGE_QUEST_1_2,quest_1_2,same_id_only
1003,HACTION_QUEST_REFUSE_1,HTML_PAGE_QUEST_ACCEPT_1,quest_accept_1,same_id_only
1004,HACTION_QUEST_REFUSE_2,HTML_PAGE_QUEST_REFUSE_1,quest_refuse_1,same_id_only
1005,HACTION_QUEST_REFUSE_3,HTML_PAGE_QUEST_REFUSE_2,quest_refuse_2,same_id_only
1006,HACTION_QUEST_REFUSE_4,HTML_PAGE_QUEST_REFUSE_3,quest_refuse_3,same_id_only
1007,HACTION_ASK_QUEST_ACCEPT,HTML_PAGE_QUEST_REFUSE_4,quest_refuse_4,same_id_only
1008,HACTION_FINISH_DIALOG,HTML_PAGE_QUEST_COMPLETE,quest_complete,same_id_only
1009,HACTION_SELECT_QUEST_REWARD,HTML_PAGE_QUEST_FAILED_1,quest_failed_1,same_id_only
1011,HACTION_SELECT1,HTML_PAGE_SELECT1,select1,same_stem
1012,HACTION_SELECT1_1,HTML_PAGE_SELECT1_1,select1_1,same_stem
1013,HACTION_SELECT1_1_1,HTML_PAGE_SELECT1_1_1,select1_1_1,same_stem
1014,HACTION_SELECT1_1_1_1,HTML_PAGE_SELECT1_1_1_1,select1_1_1_1,same_stem
1015,HACTION_SELECT1_1_1_1_1,HTML_PAGE_SELECT1_1_1_1_1,select1_1_1_1_1,same_stem
1016,HACTION_SELECT1_1_1_1_2,HTML_PAGE_SELECT1_1_1_1_2,select1_1_1_1_2,same_stem
1017,HACTION_SELECT1_1_1_1_3,HTML_PAGE_SELECT1_1_1_1_3,select1_1_1_1_3,same_stem
1018,HACTION_SELECT1_1_1_1_4,HTML_PAGE_SELECT1_1_1_1_4,select1_1_1_1_4,same_stem
1019,HACTION_SELECT1_1_1_2,HTML_PAGE_SELECT1_1_1_2,select1_1_1_2,same_stem
1020,HACTION_SELECT1_1_1_2_1,HTML_PAGE_SELECT1_1_1_2_1,select1_1_1_2_1,same_stem
1021,HACTION_SELECT1_1_1_2_2,HTML_PAGE_SELECT1_1_1_2_2,select1_1_1_2_2,same_stem
1022,HACTION_SELECT1_1_1_2_3,HTML_PAGE_SELECT1_1_1_2_3,select1_1_1_2_3,same_stem
1023,HACTION_SELECT1_1_1_2_4,HTML_PAGE_SELECT1_1_1_2_4,select1_1_1_2_4,same_stem
1024,HACTION_SELECT1_1_1_3,HTML_PAGE_SELECT1_1_1_3,select1_1_1_3,same_stem
1025,HACTION_SELECT1_1_1_3_1,HTML_PAGE_SELECT1_1_1_3_1,select1_1_1_3_1,same_stem
1026,HACTION_SELECT1_1_1_3_2,HTML_PAGE_SELECT1_1_1_3_2,select1_1_1_3_2,same_stem
1027,HACTION_SELECT1_1_1_3_3,HTML_PAGE_SELECT1_1_1_3_3,select1_1_1_3_3,same_stem
1028,HACTION_SELECT1_1_1_3_4,HTML_PAGE_SELECT1_1_1_3_4,select1_1_1_3_4,same_stem
1029,HACTION_SELECT1_1_1_4,HTML_PAGE_SELECT1_1_1_4,select1_1_1_4,same_stem
1030,HACTION_SELECT1_1_1_4_1,HTML_PAGE_SELECT1_1_1_4_1,select1_1_1_4_1,same_stem
1031,HACTION_SELECT1_1_1_4_2,HTML_PAGE_SELECT1_1_1_4_2,select1_1_1_4_2,same_stem
1032,HACTION_SELECT1_1_1_4_3,HTML_PAGE_SELECT1_1_1_4_3,select1_1_1_4_3,same_stem
1033,HACTION_SELECT1_1_1_4_4,HTML_PAGE_SELECT1_1_1_4_4,select1_1_1_4_4,same_stem
1034,HACTION_SELECT1_1_2,HTML_PAGE_SELECT1_1_2,select1_1_2,same_stem
1035,HACTION_SELECT1_1_2_1,HTML_PAGE_SELECT1_1_2_1,select1_1_2_1,same_stem
1036,HACTION_SELECT1_1_2_1_1,HTML_PAGE_SELECT1_1_2_1_1,select1_1_2_1_1,same_stem
1037,HACTION_SELECT1_1_2_1_2,HTML_PAGE_SELECT1_1_2_1_2,select1_1_2_1_2,same_stem
1038,HACTION_SELECT1_1_2_1_3,HTML_PAGE_SELECT1_1_2_1_3,select1_1_2_1_3,same_stem
1039,HACTION_SELECT1_1_2_1_4,HTML_PAGE_SELECT1_1_2_1_4,select1_1_2_1_4,same_stem
1040,HACTION_SELECT1_1_2_2,HTML_PAGE_SELECT1_1_2_2,select1_1_2_2,same_stem
1041,HACTION_SELECT1_1_2_2_1,HTML_PAGE_SELECT1_1_2_2_1,select1_1_2_2_1,same_stem
1042,HACTION_SELECT1_1_2_2_2,HTML_PAGE_SELECT1_1_2_2_2,select1_1_2_2_2,same_stem
1043,HACTION_SELECT1_1_2_2_3,HTML_PAGE_SELECT1_1_2_2_3,select1_1_2_2_3,same_stem
1044,HACTION_SELECT1_1_2_2_4,HTML_PAGE_SELECT1_1_2_2_4,select1_1_2_2_4,same_stem
1045,HACTION_SELECT1_1_2_3,HTML_PAGE_SELECT1_1_2_3,select1_1_2_3,same_stem
1046,HACTION_SELECT1_1_2_3_1,HTML_PAGE_SELECT1_1_2_3_1,select1_1_2_3_1,same_stem
1047,HACTION_SELECT1_1_2_3_2,HTML_PAGE_SELECT1_1_2_3_2,select1_1_2_3_2,same_stem
1048,HACTION_SELECT1_1_2_3_3,HTML_PAGE_SELECT1_1_2_3_3,select1_1_2_3_3,same_stem
1049,HACTION_SELECT1_1_2_3_4,HTML_PAGE_SELECT1_1_2_3_4,select1_1_2_3_4,same_stem
1050,HACTION_SELECT1_1_2_4,HTML_PAGE_SELECT1_1_2_4,select1_1_2_4,same_stem
1051,HACTION_SELECT1_1_2_4_1,HTML_PAGE_SELECT1_1_2_4_1,select1_1_2_4_1,same_stem
1052,HACTION_SELECT1_1_2_4_2,HTML_PAGE_SELECT1_1_2_4_2,select1_1_2_4_2,same_stem
1053,HACTION_SELECT1_1_2_4_3,HTML_PAGE_SELECT1_1_2_4_3,select1_1_2_4_3,same_stem
1054,HACTION_SELECT1_1_2_4_4,HTML_PAGE_SELECT1_1_2_4_4,select1_1_2_4_4,same_stem
1055,HACTION_SELECT1_1_3,HTML_PAGE_SELECT1_1_3,select1_1_3,same_stem
1056,HACTION_SELECT1_1_3_1,HTML_PAGE_SELECT1_1_3_1,select1_1_3_1,same_stem
1057,HACTION_SELECT1_1_3_1_1,HTML_PAGE_SELECT1_1_3_1_1,select1_1_3_1_1,same_stem
1058,HACTION_SELECT1_1_3_1_2,HTML_PAGE_SELECT1_1_3_1_2,select1_1_3_1_2,same_stem
1059,HACTION_SELECT1_1_3_1_3,HTML_PAGE_SELECT1_1_3_1_3,select1_1_3_1_3,same_stem
1060,HACTION_SELECT1_1_3_1_4,HTML_PAGE_SELECT1_1_3_1_4,select1_1_3_1_4,same_stem
1061,HACTION_SELECT1_1_3_2,HTML_PAGE_SELECT1_1_3_2,select1_1_3_2,same_stem
1062,HACTION_SELECT1_1_3_2_1,HTML_PAGE_SELECT1_1_3_2_1,select1_1_3_2_1,same_stem
1063,HACTION_SELECT1_1_3_2_2,HTML_PAGE_SELECT1_1_3_2_2,select1_1_3_2_2,same_stem
1064,HACTION_SELECT1_1_3_2_3,HTML_PAGE_SELECT1_1_3_2_3,select1_1_3_2_3,same_stem
1065,HACTION_SELECT1_1_3_2_4,HTML_PAGE_SELECT1_1_3_2_4,select1_1_3_2_4,same_stem
1066,HACTION_SELECT1_1_3_3,HTML_PAGE_SELECT1_1_3_3,select1_1_3_3,same_stem
1067,HACTION_SELECT1_1_3_3_1,HTML_PAGE_SELECT1_1_3_3_1,select1_1_3_3_1,same_stem
1068,HACTION_SELECT1_1_3_3_2,HTML_PAGE_SELECT1_1_3_3_2,select1_1_3_3_2,same_stem
1069,HACTION_SELECT1_1_3_3_3,HTML_PAGE_SELECT1_1_3_3_3,select1_1_3_3_3,same_stem
1070,HACTION_SELECT1_1_3_3_4,HTML_PAGE_SELECT1_1_3_3_4,select1_1_3_3_4,same_stem
1071,HACTION_SELECT1_1_3_4,HTML_PAGE_SELECT1_1_3_4,select1_1_3_4,same_stem
1072,HACTION_SELECT1_1_3_4_1,HTML_PAGE_SELECT1_1_3_4_1,select1_1_3_4_1,same_stem
1073,HACTION_SELECT1_1_3_4_2,HTML_PAGE_SELECT1_1_3_4_2,select1_1_3_4_2,same_stem
1074,HACTION_SELECT1_1_3_4_3,HTML_PAGE_SELECT1_1_3_4_3,select1_1_3_4_3,same_stem
1075,HACTION_SELECT1_1_3_4_4,HTML_PAGE_SELECT1_1_3_4_4,select1_1_3_4_4,same_stem
1076,HACTION_SELECT1_1_4,HTML_PAGE_SELECT1_1_4,select1_1_4,same_stem
1077,HACTION_SELECT1_1_4_1,HTML_PAGE_SELECT1_1_4_1,select1_1_4_1,same_stem
1078,HACTION_SELECT1_1_4_1_1,HTML_PAGE_SELECT1_1_4_1_1,select1_1_4_1_1,same_stem
1079,HACTION_SELECT1_1_4_1_2,HTML_PAGE_SELECT1_1_4_1_2,select1_1_4_1_2,same_stem
1080,HACTION_SELECT1_1_4_1_3,HTML_PAGE_SELECT1_1_4_1_3,select1_1_4_1_3,same_stem
1081,HACTION_SELECT1_1_4_1_4,HTML_PAGE_SELECT1_1_4_1_4,select1_1_4_1_4,same_stem
1082,HACTION_SELECT1_1_4_2,HTML_PAGE_SELECT1_1_4_2,select1_1_4_2,same_stem
1083,HACTION_SELECT1_1_4_2_1,HTML_PAGE_SELECT1_1_4_2_1,select1_1_4_2_1,same_stem
1084,HACTION_SELECT1_1_4_2_2,HTML_PAGE_SELECT1_1_4_2_2,select1_1_4_2_2,same_stem
1085,HACTION_SELECT1_1_4_2_3,HTML_PAGE_SELECT1_1_4_2_3,select1_1_4_2_3,same_stem
1086,HACTION_SELECT1_1_4_2_4,HTML_PAGE_SELECT1_1_4_2_4,select1_1_4_2_4,same_stem
1087,HACTION_SELECT1_1_4_3,HTML_PAGE_SELECT1_1_4_3,select1_1_4_3,same_stem
1088,HACTION_SELECT1_1_4_3_1,HTML_PAGE_SELECT1_1_4_3_1,select1_1_4_3_1,same_stem
1089,HACTION_SELECT1_1_4_3_2,HTML_PAGE_SELECT1_1_4_3_2,select1_1_4_3_2,same_stem
1090,HACTION_SELECT1_1_4_3_3,HTML_PAGE_SELECT1_1_4_3_3,select1_1_4_3_3,same_stem
1091,HACTION_SELECT1_1_4_3_4,HTML_PAGE_SELECT1_1_4_3_4,select1_1_4_3_4,same_stem
1092,HACTION_SELECT1_1_4_4,HTML_PAGE_SELECT1_1_4_4,select1_1_4_4,same_stem
1093,HACTION_SELECT1_1_4_4_1,HTML_PAGE_SELECT1_1_4_4_1,select1_1_4_4_1,same_stem
1094,HACTION_SELECT1_1_4_4_2,HTML_PAGE_SELECT1_1_4_4_2,select1_1_4_4_2,same_stem
1095,HACTION_SELECT1_1_4_4_3,HTML_PAGE_SELECT1_1_4_4_3,select1_1_4_4_3,same_stem
1096,HACTION_SELECT1_1_4_4_4,HTML_PAGE_SELECT1_1_4_4_4,select1_1_4_4_4,same_stem
1097,HACTION_SELECT1_2,HTML_PAGE_SELECT1_2,select1_2,same_stem
1098,HACTION_SELECT1_2_1,HTML_PAGE_SELECT1_2_1,select1_2_1,same_stem
1099,HACTION_SELECT1_2_1_1,HTML_PAGE_SELECT1_2_1_1,select1_2_1_1,same_stem
1100,HACTION_SELECT1_2_1_1_1,HTML_PAGE_SELECT1_2_1_1_1,select1_2_1_1_1,same_stem
1101,HACTION_SELECT1_2_1_1_2,HTML_PAGE_SELECT1_2_1_1_2,select1_2_1_1_2,same_stem
1102,HACTION_SELECT1_2_1_1_3,HTML_PAGE_SELECT1_2_1_1_3,select1_2_1_1_3,same_stem
1103,HACTION_SELECT1_2_1_1_4,HTML_PAGE_SELECT1_2_1_1_4,select1_2_1_1_4,same_stem
1104,HACTION_SELECT1_2_1_2,HTML_PAGE_SELECT1_2_1_2,select1_2_1_2,same_stem
1105,HACTION_SELECT1_2_1_2_1,HTML_PAGE_SELECT1_2_1_2_1,select1_2_1_2_1,same_stem
1106,HACTION_SELECT1_2_1_2_2,HTML_PAGE_SELECT1_2_1_2_2,select1_2_1_2_2,same_stem
1107,HACTION_SELECT1_2_1_2_3,HTML_PAGE_SELECT1_2_1_2_3,select1_2_1_2_3,same_stem
1108,HACTION_SELECT1_2_1_2_4,HTML_PAGE_SELECT1_2_1_2_4,select1_2_1_2_4,same_stem
1109,HACTION_SELECT1_2_1_3,HTML_PAGE_SELECT1_2_1_3,select1_2_1_3,same_stem
1110,HACTION_SELECT1_2_1_3_1,HTML_PAGE_SELECT1_2_1_3_1,select1_2_1_3_1,same_stem
1111,HACTION_SELECT1_2_1_3_2,HTML_PAGE_SELECT1_2_1_3_2,select1_2_1_3_2,same_stem
1112,HACTION_SELECT1_2_1_3_3,HTML_PAGE_SELECT1_2_1_3_3,select1_2_1_3_3,same_stem
1113,HACTION_SELECT1_2_1_3_4,HTML_PAGE_SELECT1_2_1_3_4,select1_2_1_3_4,same_stem
1114,HACTION_SELECT1_2_1_4,HTML_PAGE_SELECT1_2_1_4,select1_2_1_4,same_stem
1115,HACTION_SELECT1_2_1_4_1,HTML_PAGE_SELECT1_2_1_4_1,select1_2_1_4_1,same_stem
1116,HACTION_SELECT1_2_1_4_2,HTML_PAGE_SELECT1_2_1_4_2,select1_2_1_4_2,same_stem
1117,HACTION_SELECT1_2_1_4_3,HTML_PAGE_SELECT1_2_1_4_3,select1_2_1_4_3,same_stem
1118,HACTION_SELECT1_2_1_4_4,HTML_PAGE_SELECT1_2_1_4_4,select1_2_1_4_4,same_stem
1119,HACTION_SELECT1_2_2,HTML_PAGE_SELECT1_2_2,select1_2_2,same_stem
1120,HACTION_SELECT1_2_2_1,HTML_PAGE_SELECT1_2_2_1,select1_2_2_1,same_stem
1121,HACTION_SELECT1_2_2_1_1,HTML_PAGE_SELECT1_2_2_1_1,select1_2_2_1_1,same_stem
1122,HACTION_SELECT1_2_2_1_2,HTML_PAGE_SELECT1_2_2_1_2,select1_2_2_1_2,same_stem
1123,HACTION_SELECT1_2_2_1_3,HTML_PAGE_SELECT1_2_2_1_3,select1_2_2_1_3,same_stem
1124,HACTION_SELECT1_2_2_1_4,HTML_PAGE_SELECT1_2_2_1_4,select1_2_2_1_4,same_stem
1125,HACTION_SELECT1_2_2_2,HTML_PAGE_SELECT1_2_2_2,select1_2_2_2,same_stem
1126,HACTION_SELECT1_2_2_2_1,HTML_PAGE_SELECT1_2_2_2_1,select1_2_2_2_1,same_stem
1127,HACTION_SELECT1_2_2_2_2,HTML_PAGE_SELECT1_2_2_2_2,select1_2_2_2_2,same_stem
1128,HACTION_SELECT1_2_2_2_3,HTML_PAGE_SELECT1_2_2_2_3,select1_2_2_2_3,same_stem
1129,HACTION_SELECT1_2_2_2_4,HTML_PAGE_SELECT1_2_2_2_4,select1_2_2_2_4,same_stem
1130,HACTION_SELECT1_2_2_3,HTML_PAGE_SELECT1_2_2_3,select1_2_2_3,same_stem
1131,HACTION_SELECT1_2_2_3_1,HTML_PAGE_SELECT1_2_2_3_1,select1_2_2_3_1,same_stem
1132,HACTION_SELECT1_2_2_3_2,HTML_PAGE_SELECT1_2_2_3_2,select1_2_2_3_2,same_stem
1133,HACTION_SELECT1_2_2_3_3,HTML_PAGE_SELECT1_2_2_3_3,select1_2_2_3_3,same_stem
1134,HACTION_SELECT1_2_2_3_4,HTML_PAGE_SELECT1_2_2_3_4,select1_2_2_3_4,same_stem
1135,HACTION_SELECT1_2_2_4,HTML_PAGE_SELECT1_2_2_4,select1_2_2_4,same_stem
1136,HACTION_SELECT1_2_2_4_1,HTML_PAGE_SELECT1_2_2_4_1,select1_2_2_4_1,same_stem
1137,HACTION_SELECT1_2_2_4_2,HTML_PAGE_SELECT1_2_2_4_2,select1_2_2_4_2,same_stem
1138,HACTION_SELECT1_2_2_4_3,HTML_PAGE_SELECT1_2_2_4_3,select1_2_2_4_3,same_stem
1139,HACTION_SELECT1_2_2_4_4,HTML_PAGE_SELECT1_2_2_4_4,select1_2_2_4_4,same_stem
1140,HACTION_SELECT1_2_3,HTML_PAGE_SELECT1_2_3,select1_2_3,same_stem
1141,HACTION_SELECT1_2_3_1,HTML_PAGE_SELECT1_2_3_1,select1_2_3_1,same_stem
1142,HACTION_SELECT1_2_3_1_1,HTML_PAGE_SELECT1_2_3_1_1,select1_2_3_1_1,same_stem
1143,HACTION_SELECT1_2_3_1_2,HTML_PAGE_SELECT1_2_3_1_2,select1_2_3_1_2,same_stem
1144,HACTION_SELECT1_2_3_1_3,HTML_PAGE_SELECT1_2_3_1_3,select1_2_3_1_3,same_stem
1145,HACTION_SELECT1_2_3_1_4,HTML_PAGE_SELECT1_2_3_1_4,select1_2_3_1_4,same_stem
1146,HACTION_SELECT1_2_3_2,HTML_PAGE_SELECT1_2_3_2,select1_2_3_2,same_stem
1147,HACTION_SELECT1_2_3_2_1,HTML_PAGE_SELECT1_2_3_2_1,select1_2_3_2_1,same_stem
1148,HACTION_SELECT1_2_3_2_2,HTML_PAGE_SELECT1_2_3_2_2,select1_2_3_2_2,same_stem
1149,HACTION_SELECT1_2_3_2_3,HTML_PAGE_SELECT1_2_3_2_3,select1_2_3_2_3,same_stem
1150,HACTION_SELECT1_2_3_2_4,HTML_PAGE_SELECT1_2_3_2_4,select1_2_3_2_4,same_stem
1151,HACTION_SELECT1_2_3_3,HTML_PAGE_SELECT1_2_3_3,select1_2_3_3,same_stem
1152,HACTION_SELECT1_2_3_3_1,HTML_PAGE_SELECT1_2_3_3_1,select1_2_3_3_1,same_stem
1153,HACTION_SELECT1_2_3_3_2,HTML_PAGE_SELECT1_2_3_3_2,select1_2_3_3_2,same_stem
1154,HACTION_SELECT1_2_3_3_3,HTML_PAGE_SELECT1_2_3_3_3,select1_2_3_3_3,same_stem
1155,HACTION_SELECT1_2_3_3_4,HTML_PAGE_SELECT1_2_3_3_4,select1_2_3_3_4,same_stem
1156,HACTION_SELECT1_2_3_4,HTML_PAGE_SELECT1_2_3_4,select1_2_3_4,same_stem
1157,HACTION_SELECT1_2_3_4_1,HTML_PAGE_SELECT1_2_3_4_1,select1_2_3_4_1,same_stem
1158,HACTION_SELECT1_2_3_4_2,HTML_PAGE_SELECT1_2_3_4_2,select1_2_3_4_2,same_stem
1159,HACTION_SELECT1_2_3_4_3,HTML_PAGE_SELECT1_2_3_4_3,select1_2_3_4_3,same_stem
1160,HACTION_SELECT1_2_3_4_4,HTML_PAGE_SELECT1_2_3_4_4,select1_2_3_4_4,same_stem
1161,HACTION_SELECT1_2_4,HTML_PAGE_SELECT1_2_4,select1_2_4,same_stem
1162,HACTION_SELECT1_2_4_1,HTML_PAGE_SELECT1_2_4_1,select1_2_4_1,same_stem
1163,HACTION_SELECT1_2_4_1_1,HTML_PAGE_SELECT1_2_4_1_1,select1_2_4_1_1,same_stem
1164,HACTION_SELECT1_2_4_1_2,HTML_PAGE_SELECT1_2_4_1_2,select1_2_4_1_2,same_stem
1165,HACTION_SELECT1_2_4_1_3,HTML_PAGE_SELECT1_2_4_1_3,select1_2_4_1_3,same_stem
1166,HACTION_SELECT1_2_4_1_4,HTML_PAGE_SELECT1_2_4_1_4,select1_2_4_1_4,same_stem
1167,HACTION_SELECT1_2_4_2,HTML_PAGE_SELECT1_2_4_2,select1_2_4_2,same_stem
1168,HACTION_SELECT1_2_4_2_1,HTML_PAGE_SELECT1_2_4_2_1,select1_2_4_2_1,same_stem
1169,HACTION_SELECT1_2_4_2_2,HTML_PAGE_SELECT1_2_4_2_2,select1_2_4_2_2,same_stem
1170,HACTION_SELECT1_2_4_2_3,HTML_PAGE_SELECT1_2_4_2_3,select1_2_4_2_3,same_stem
1171,HACTION_SELECT1_2_4_2_4,HTML_PAGE_SELECT1_2_4_2_4,select1_2_4_2_4,same_stem
1172,HACTION_SELECT1_2_4_3,HTML_PAGE_SELECT1_2_4_3,select1_2_4_3,same_stem
1173,HACTION_SELECT1_2_4_3_1,HTML_PAGE_SELECT1_2_4_3_1,select1_2_4_3_1,same_stem
1174,HACTION_SELECT1_2_4_3_2,HTML_PAGE_SELECT1_2_4_3_2,select1_2_4_3_2,same_stem
1175,HACTION_SELECT1_2_4_3_3,HTML_PAGE_SELECT1_2_4_3_3,select1_2_4_3_3,same_stem
1176,HACTION_SELECT1_2_4_3_4,HTML_PAGE_SELECT1_2_4_3_4,select1_2_4_3_4,same_stem
1177,HACTION_SELECT1_2_4_4,HTML_PAGE_SELECT1_2_4_4,select1_2_4_4,same_stem
1178,HACTION_SELECT1_2_4_4_1,HTML_PAGE_SELECT1_2_4_4_1,select1_2_4_4_1,same_stem
1179,HACTION_SELECT1_2_4_4_2,HTML_PAGE_SELECT1_2_4_4_2,select1_2_4_4_2,same_stem
1180,HACTION_SELECT1_2_4_4_3,HTML_PAGE_SELECT1_2_4_4_3,select1_2_4_4_3,same_stem
1181,HACTION_SELECT1_2_4_4_4,HTML_PAGE_SELECT1_2_4_4_4,select1_2_4_4_4,same_stem
1182,HACTION_SELECT1_3,HTML_PAGE_SELECT1_3,select1_3,same_stem
1183,HACTION_SELECT1_3_1,HTML_PAGE_SELECT1_3_1,select1_3_1,same_stem
1184,HACTION_SELECT1_3_1_1,HTML_PAGE_SELECT1_3_1_1,select1_3_1_1,same_stem
1185,HACTION_SELECT1_3_1_1_1,HTML_PAGE_SELECT1_3_1_1_1,select1_3_1_1_1,same_stem
1186,HACTION_SELECT1_3_1_1_2,HTML_PAGE_SELECT1_3_1_1_2,select1_3_1_1_2,same_stem
1187,HACTION_SELECT1_3_1_1_3,HTML_PAGE_SELECT1_3_1_1_3,select1_3_1_1_3,same_stem
1188,HACTION_SELECT1_3_1_1_4,HTML_PAGE_SELECT1_3_1_1_4,select1_3_1_1_4,same_stem
1189,HACTION_SELECT1_3_1_2,HTML_PAGE_SELECT1_3_1_2,select1_3_1_2,same_stem
1190,HACTION_SELECT1_3_1_2_1,HTML_PAGE_SELECT1_3_1_2_1,select1_3_1_2_1,same_stem
1191,HACTION_SELECT1_3_1_2_2,HTML_PAGE_SELECT1_3_1_2_2,select1_3_1_2_2,same_stem
1192,HACTION_SELECT1_3_1_2_3,HTML_PAGE_SELECT1_3_1_2_3,select1_3_1_2_3,same_stem
1193,HACTION_SELECT1_3_1_2_4,HTML_PAGE_SELECT1_3_1_2_4,select1_3_1_2_4,same_stem
1194,HACTION_SELECT1_3_1_3,HTML_PAGE_SELECT1_3_1_3,select1_3_1_3,same_stem
1195,HACTION_SELECT1_3_1_3_1,HTML_PAGE_SELECT1_3_1_3_1,select1_3_1_3_1,same_stem
1196,HACTION_SELECT1_3_1_3_2,HTML_PAGE_SELECT1_3_1_3_2,select1_3_1_3_2,same_stem
1197,HACTION_SELECT1_3_1_3_3,HTML_PAGE_SELECT1_3_1_3_3,select1_3_1_3_3,same_stem
1198,HACTION_SELECT1_3_1_3_4,HTML_PAGE_SELECT1_3_1_3_4,select1_3_1_3_4,same_stem
1199,HACTION_SELECT1_3_1_4,HTML_PAGE_SELECT1_3_1_4,select1_3_1_4,same_stem
1200,HACTION_SELECT1_3_1_4_1,HTML_PAGE_SELECT1_3_1_4_1,select1_3_1_4_1,same_stem
1201,HACTION_SELECT1_3_1_4_2,HTML_PAGE_SELECT1_3_1_4_2,select1_3_1_4_2,same_stem
1202,HACTION_SELECT1_3_1_4_3,HTML_PAGE_SELECT1_3_1_4_3,select1_3_1_4_3,same_stem
1203,HACTION_SELECT1_3_1_4_4,HTML_PAGE_SELECT1_3_1_4_4,select1_3_1_4_4,same_stem
1204,HACTION_SELECT1_3_2,HTML_PAGE_SELECT1_3_2,select1_3_2,same_stem
1205,HACTION_SELECT1_3_2_1,HTML_PAGE_SELECT1_3_2_1,select1_3_2_1,same_stem
1206,HACTION_SELECT1_3_2_1_1,HTML_PAGE_SELECT1_3_2_1_1,select1_3_2_1_1,same_stem
1207,HACTION_SELECT1_3_2_1_2,HTML_PAGE_SELECT1_3_2_1_2,select1_3_2_1_2,same_stem
1208,HACTION_SELECT1_3_2_1_3,HTML_PAGE_SELECT1_3_2_1_3,select1_3_2_1_3,same_stem
1209,HACTION_SELECT1_3_2_1_4,HTML_PAGE_SELECT1_3_2_1_4,select1_3_2_1_4,same_stem
1210,HACTION_SELECT1_3_2_2,HTML_PAGE_SELECT1_3_2_2,select1_3_2_2,same_stem
1211,HACTION_SELECT1_3_2_2_1,HTML_PAGE_SELECT1_3_2_2_1,select1_3_2_2_1,same_stem
1212,HACTION_SELECT1_3_2_2_2,HTML_PAGE_SELECT1_3_2_2_2,select1_3_2_2_2,same_stem
1213,HACTION_SELECT1_3_2_2_3,HTML_PAGE_SELECT1_3_2_2_3,select1_3_2_2_3,same_stem
1214,HACTION_SELECT1_3_2_2_4,HTML_PAGE_SELECT1_3_2_2_4,select1_3_2_2_4,same_stem
1215,HACTION_SELECT1_3_2_3,HTML_PAGE_SELECT1_3_2_3,select1_3_2_3,same_stem
1216,HACTION_SELECT1_3_2_3_1,HTML_PAGE_SELECT1_3_2_3_1,select1_3_2_3_1,same_stem
1217,HACTION_SELECT1_3_2_3_2,HTML_PAGE_SELECT1_3_2_3_2,select1_3_2_3_2,same_stem
1218,HACTION_SELECT1_3_2_3_3,HTML_PAGE_SELECT1_3_2_3_3,select1_3_2_3_3,same_stem
1219,HACTION_SELECT1_3_2_3_4,HTML_PAGE_SELECT1_3_2_3_4,select1_3_2_3_4,same_stem
1220,HACTION_SELECT1_3_2_4,HTML_PAGE_SELECT1_3_2_4,select1_3_2_4,same_stem
1221,HACTION_SELECT1_3_2_4_1,HTML_PAGE_SELECT1_3_2_4_1,select1_3_2_4_1,same_stem
1222,HACTION_SELECT1_3_2_4_2,HTML_PAGE_SELECT1_3_2_4_2,select1_3_2_4_2,same_stem
1223,HACTION_SELECT1_3_2_4_3,HTML_PAGE_SELECT1_3_2_4_3,select1_3_2_4_3,same_stem
1224,HACTION_SELECT1_3_2_4_4,HTML_PAGE_SELECT1_3_2_4_4,select1_3_2_4_4,same_stem
1225,HACTION_SELECT1_3_3,HTML_PAGE_SELECT1_3_3,select1_3_3,same_stem
1226,HACTION_SELECT1_3_3_1,HTML_PAGE_SELECT1_3_3_1,select1_3_3_1,same_stem
1227,HACTION_SELECT1_3_3_1_1,HTML_PAGE_SELECT1_3_3_1_1,select1_3_3_1_1,same_stem
1228,HACTION_SELECT1_3_3_1_2,HTML_PAGE_SELECT1_3_3_1_2,select1_3_3_1_2,same_stem
1229,HACTION_SELECT1_3_3_1_3,HTML_PAGE_SELECT1_3_3_1_3,select1_3_3_1_3,same_stem
1230,HACTION_SELECT1_3_3_1_4,HTML_PAGE_SELECT1_3_3_1_4,select1_3_3_1_4,same_stem
1231,HACTION_SELECT1_3_3_2,HTML_PAGE_SELECT1_3_3_2,select1_3_3_2,same_stem
1232,HACTION_SELECT1_3_3_2_1,HTML_PAGE_SELECT1_3_3_2_1,select1_3_3_2_1,same_stem
1233,HACTION_SELECT1_3_3_2_2,HTML_PAGE_SELECT1_3_3_2_2,select1_3_3_2_2,same_stem
1234,HACTION_SELECT1_3_3_2_3,HTML_PAGE_SELECT1_3_3_2_3,select1_3_3_2_3,same_stem
1235,HACTION_SELECT1_3_3_2_4,HTML_PAGE_SELECT1_3_3_2_4,select1_3_3_2_4,same_stem
1236,HACTION_SELECT1_3_3_3,HTML_PAGE_SELECT1_3_3_3,select1_3_3_3,same_stem
1237,HACTION_SELECT1_3_3_3_1,HTML_PAGE_SELECT1_3_3_3_1,select1_3_3_3_1,same_stem
1238,HACTION_SELECT1_3_3_3_2,HTML_PAGE_SELECT1_3_3_3_2,select1_3_3_3_2,same_stem
1239,HACTION_SELECT1_3_3_3_3,HTML_PAGE_SELECT1_3_3_3_3,select1_3_3_3_3,same_stem
1240,HACTION_SELECT1_3_3_3_4,HTML_PAGE_SELECT1_3_3_3_4,select1_3_3_3_4,same_stem
1241,HACTION_SELECT1_3_3_4,HTML_PAGE_SELECT1_3_3_4,select1_3_3_4,same_stem
1242,HACTION_SELECT1_3_3_4_1,HTML_PAGE_SELECT1_3_3_4_1,select1_3_3_4_1,same_stem
1243,HACTION_SELECT1_3_3_4_2,HTML_PAGE_SELECT1_3_3_4_2,select1_3_3_4_2,same_stem
1244,HACTION_SELECT1_3_3_4_3,HTML_PAGE_SELECT1_3_3_4_3,select1_3_3_4_3,same_stem
1245,HACTION_SELECT1_3_3_4_4,HTML_PAGE_SELECT1_3_3_4_4,select1_3_3_4_4,same_stem
1246,HACTION_SELECT1_3_4,HTML_PAGE_SELECT1_3_4,select1_3_4,same_stem
1247,HACTION_SELECT1_3_4_1,HTML_PAGE_SELECT1_3_4_1,select1_3_4_1,same_stem
1248,HACTION_SELECT1_3_4_1_1,HTML_PAGE_SELECT1_3_4_1_1,select1_3_4_1_1,same_stem
1249,HACTION_SELECT1_3_4_1_2,HTML_PAGE_SELECT1_3_4_1_2,select1_3_4_1_2,same_stem
1250,HACTION_SELECT1_3_4_1_3,HTML_PAGE_SELECT1_3_4_1_3,select1_3_4_1_3,same_stem
1251,HACTION_SELECT1_3_4_1_4,HTML_PAGE_SELECT1_3_4_1_4,select1_3_4_1_4,same_stem
1252,HACTION_SELECT1_3_4_2,HTML_PAGE_SELECT1_3_4_2,select1_3_4_2,same_stem
1253,HACTION_SELECT1_3_4_2_1,HTML_PAGE_SELECT1_3_4_2_1,select1_3_4_2_1,same_stem
1254,HACTION_SELECT1_3_4_2_2,HTML_PAGE_SELECT1_3_4_2_2,select1_3_4_2_2,same_stem
1255,HACTION_SELECT1_3_4_2_3,HTML_PAGE_SELECT1_3_4_2_3,select1_3_4_2_3,same_stem
1256,HACTION_SELECT1_3_4_2_4,HTML_PAGE_SELECT1_3_4_2_4,select1_3_4_2_4,same_stem
1257,HACTION_SELECT1_3_4_3,HTML_PAGE_SELECT1_3_4_3,select1_3_4_3,same_stem
1258,HACTION_SELECT1_3_4_3_1,HTML_PAGE_SELECT1_3_4_3_1,select1_3_4_3_1,same_stem
1259,HACTION_SELECT1_3_4_3_2,HTML_PAGE_SELECT1_3_4_3_2,select1_3_4_3_2,same_stem
1260,HACTION_SELECT1_3_4_3_3,HTML_PAGE_SELECT1_3_4_3_3,select1_3_4_3_3,same_stem
1261,HACTION_SELECT1_3_4_3_4,HTML_PAGE_SELECT1_3_4_3_4,select1_3_4_3_4,same_stem
1262,HACTION_SELECT1_3_4_4,HTML_PAGE_SELECT1_3_4_4,select1_3_4_4,same_stem
1263,HACTION_SELECT1_3_4_4_1,HTML_PAGE_SELECT1_3_4_4_1,select1_3_4_4_1,same_stem
1264,HACTION_SELECT1_3_4_4_2,HTML_PAGE_SELECT1_3_4_4_2,select1_3_4_4_2,same_stem
1265,HACTION_SELECT1_3_4_4_3,HTML_PAGE_SELECT1_3_4_4_3,select1_3_4_4_3,same_stem
1266,HACTION_SELECT1_3_4_4_4,HTML_PAGE_SELECT1_3_4_4_4,select1_3_4_4_4,same_stem
1267,HACTION_SELECT1_4,HTML_PAGE_SELECT1_4,select1_4,same_stem
1268,HACTION_SELECT1_4_1,HTML_PAGE_SELECT1_4_1,select1_4_1,same_stem
1269,HACTION_SELECT1_4_1_1,HTML_PAGE_SELECT1_4_1_1,select1_4_1_1,same_stem
1270,HACTION_SELECT1_4_1_1_1,HTML_PAGE_SELECT1_4_1_1_1,select1_4_1_1_1,same_stem
1271,HACTION_SELECT1_4_1_1_2,HTML_PAGE_SELECT1_4_1_1_2,select1_4_1_1_2,same_stem
1272,HACTION_SELECT1_4_1_1_3,HTML_PAGE_SELECT1_4_1_1_3,select1_4_1_1_3,same_stem
1273,HACTION_SELECT1_4_1_1_4,HTML_PAGE_SELECT1_4_1_1_4,select1_4_1_1_4,same_stem
1274,HACTION_SELECT1_4_1_2,HTML_PAGE_SELECT1_4_1_2,select1_4_1_2,same_stem
1275,HACTION_SELECT1_4_1_2_1,HTML_PAGE_SELECT1_4_1_2_1,select1_4_1_2_1,same_stem
1276,HACTION_SELECT1_4_1_2_2,HTML_PAGE_SELECT1_4_1_2_2,select1_4_1_2_2,same_stem
1277,HACTION_SELECT1_4_1_2_3,HTML_PAGE_SELECT1_4_1_2_3,select1_4_1_2_3,same_stem
1278,HACTION_SELECT1_4_1_2_4,HTML_PAGE_SELECT1_4_1_2_4,select1_4_1_2_4,same_stem
1279,HACTION_SELECT1_4_1_3,HTML_PAGE_SELECT1_4_1_3,select1_4_1_3,same_stem
1280,HACTION_SELECT1_4_1_3_1,HTML_PAGE_SELECT1_4_1_3_1,select1_4_1_3_1,same_stem
1281,HACTION_SELECT1_4_1_3_2,HTML_PAGE_SELECT1_4_1_3_2,select1_4_1_3_2,same_stem
1282,HACTION_SELECT1_4_1_3_3,HTML_PAGE_SELECT1_4_1_3_3,select1_4_1_3_3,same_stem
1283,HACTION_SELECT1_4_1_3_4,HTML_PAGE_SELECT1_4_1_3_4,select1_4_1_3_4,same_stem
1284,HACTION_SELECT1_4_1_4,HTML_PAGE_SELECT1_4_1_4,select1_4_1_4,same_stem
1285,HACTION_SELECT1_4_1_4_1,HTML_PAGE_SELECT1_4_1_4_1,select1_4_1_4_1,same_stem
1286,HACTION_SELECT1_4_1_4_2,HTML_PAGE_SELECT1_4_1_4_2,select1_4_1_4_2,same_stem
1287,HACTION_SELECT1_4_1_4_3,HTML_PAGE_SELECT1_4_1_4_3,select1_4_1_4_3,same_stem
1288,HACTION_SELECT1_4_1_4_4,HTML_PAGE_SELECT1_4_1_4_4,select1_4_1_4_4,same_stem
1289,HACTION_SELECT1_4_2,HTML_PAGE_SELECT1_4_2,select1_4_2,same_stem
1290,HACTION_SELECT1_4_2_1,HTML_PAGE_SELECT1_4_2_1,select1_4_2_1,same_stem
1291,HACTION_SELECT1_4_2_1_1,HTML_PAGE_SELECT1_4_2_1_1,select1_4_2_1_1,same_stem
1292,HACTION_SELECT1_4_2_1_2,HTML_PAGE_SELECT1_4_2_1_2,select1_4_2_1_2,same_stem
1293,HACTION_SELECT1_4_2_1_3,HTML_PAGE_SELECT1_4_2_1_3,select1_4_2_1_3,same_stem
1294,HACTION_SELECT1_4_2_1_4,HTML_PAGE_SELECT1_4_2_1_4,select1_4_2_1_4,same_stem
1295,HACTION_SELECT1_4_2_2,HTML_PAGE_SELECT1_4_2_2,select1_4_2_2,same_stem
1296,HACTION_SELECT1_4_2_2_1,HTML_PAGE_SELECT1_4_2_2_1,select1_4_2_2_1,same_stem
1297,HACTION_SELECT1_4_2_2_2,HTML_PAGE_SELECT1_4_2_2_2,select1_4_2_2_2,same_stem
1298,HACTION_SELECT1_4_2_2_3,HTML_PAGE_SELECT1_4_2_2_3,select1_4_2_2_3,same_stem
1299,HACTION_SELECT1_4_2_2_4,HTML_PAGE_SELECT1_4_2_2_4,select1_4_2_2_4,same_stem
1300,HACTION_SELECT1_4_2_3,HTML_PAGE_SELECT1_4_2_3,select1_4_2_3,same_stem
1301,HACTION_SELECT1_4_2_3_1,HTML_PAGE_SELECT1_4_2_3_1,select1_4_2_3_1,same_stem
1302,HACTION_SELECT1_4_2_3_2,HTML_PAGE_SELECT1_4_2_3_2,select1_4_2_3_2,same_stem
1303,HACTION_SELECT1_4_2_3_3,HTML_PAGE_SELECT1_4_2_3_3,select1_4_2_3_3,same_stem
1304,HACTION_SELECT1_4_2_3_4,HTML_PAGE_SELECT1_4_2_3_4,select1_4_2_3_4,same_stem
1305,HACTION_SELECT1_4_2_4,HTML_PAGE_SELECT1_4_2_4,select1_4_2_4,same_stem
1306,HACTION_SELECT1_4_2_4_1,HTML_PAGE_SELECT1_4_2_4_1,select1_4_2_4_1,same_stem
1307,HACTION_SELECT1_4_2_4_2,HTML_PAGE_SELECT1_4_2_4_2,select1_4_2_4_2,same_stem
1308,HACTION_SELECT1_4_2_4_3,HTML_PAGE_SELECT1_4_2_4_3,select1_4_2_4_3,same_stem
1309,HACTION_SELECT1_4_2_4_4,HTML_PAGE_SELECT1_4_2_4_4,select1_4_2_4_4,same_stem
1310,HACTION_SELECT1_4_3,HTML_PAGE_SELECT1_4_3,select1_4_3,same_stem
1311,HACTION_SELECT1_4_3_1,HTML_PAGE_SELECT1_4_3_1,select1_4_3_1,same_stem
1312,HACTION_SELECT1_4_3_1_1,HTML_PAGE_SELECT1_4_3_1_1,select1_4_3_1_1,same_stem
1313,HACTION_SELECT1_4_3_1_2,HTML_PAGE_SELECT1_4_3_1_2,select1_4_3_1_2,same_stem
1314,HACTION_SELECT1_4_3_1_3,HTML_PAGE_SELECT1_4_3_1_3,select1_4_3_1_3,same_stem
1315,HACTION_SELECT1_4_3_1_4,HTML_PAGE_SELECT1_4_3_1_4,select1_4_3_1_4,same_stem
1316,HACTION_SELECT1_4_3_2,HTML_PAGE_SELECT1_4_3_2,select1_4_3_2,same_stem
1317,HACTION_SELECT1_4_3_2_1,HTML_PAGE_SELECT1_4_3_2_1,select1_4_3_2_1,same_stem
1318,HACTION_SELECT1_4_3_2_2,HTML_PAGE_SELECT1_4_3_2_2,select1_4_3_2_2,same_stem
1319,HACTION_SELECT1_4_3_2_3,HTML_PAGE_SELECT1_4_3_2_3,select1_4_3_2_3,same_stem
1320,HACTION_SELECT1_4_3_2_4,HTML_PAGE_SELECT1_4_3_2_4,select1_4_3_2_4,same_stem
1321,HACTION_SELECT1_4_3_3,HTML_PAGE_SELECT1_4_3_3,select1_4_3_3,same_stem
1322,HACTION_SELECT1_4_3_3_1,HTML_PAGE_SELECT1_4_3_3_1,select1_4_3_3_1,same_stem
1323,HACTION_SELECT1_4_3_3_2,HTML_PAGE_SELECT1_4_3_3_2,select1_4_3_3_2,same_stem
1324,HACTION_SELECT1_4_3_3_3,HTML_PAGE_SELECT1_4_3_3_3,select1_4_3_3_3,same_stem
1325,HACTION_SELECT1_4_3_3_4,HTML_PAGE_SELECT1_4_3_3_4,select1_4_3_3_4,same_stem
1326,HACTION_SELECT1_4_3_4,HTML_PAGE_SELECT1_4_3_4,select1_4_3_4,same_stem
1327,HACTION_SELECT1_4_3_4_1,HTML_PAGE_SELECT1_4_3_4_1,select1_4_3_4_1,same_stem
1328,HACTION_SELECT1_4_3_4_2,HTML_PAGE_SELECT1_4_3_4_2,select1_4_3_4_2,same_stem
1329,HACTION_SELECT1_4_3_4_3,HTML_PAGE_SELECT1_4_3_4_3,select1_4_3_4_3,same_stem
1330,HACTION_SELECT1_4_3_4_4,HTML_PAGE_SELECT1_4_3_4_4,select1_4_3_4_4,same_stem
1331,HACTION_SELECT1_4_4,HTML_PAGE_SELECT1_4_4,select1_4_4,same_stem
1332,HACTION_SELECT1_4_4_1,HTML_PAGE_SELECT1_4_4_1,select1_4_4_1,same_stem
1333,HACTION_SELECT1_4_4_1_1,HTML_PAGE_SELECT1_4_4_1_1,select1_4_4_1_1,same_stem
1334,HACTION_SELECT1_4_4_1_2,HTML_PAGE_SELECT1_4_4_1_2,select1_4_4_1_2,same_stem
1335,HACTION_SELECT1_4_4_1_3,HTML_PAGE_SELECT1_4_4_1_3,select1_4_4_1_3,same_stem
1336,HACTION_SELECT1_4_4_1_4,HTML_PAGE_SELECT1_4_4_1_4,select1_4_4_1_4,same_stem
1337,HACTION_SELECT1_4_4_2,HTML_PAGE_SELECT1_4_4_2,select1_4_4_2,same_stem
1338,HACTION_SELECT1_4_4_2_1,HTML_PAGE_SELECT1_4_4_2_1,select1_4_4_2_1,same_stem
1339,HACTION_SELECT1_4_4_2_2,HTML_PAGE_SELECT1_4_4_2_2,select1_4_4_2_2,same_stem
1340,HACTION_SELECT1_4_4_2_3,HTML_PAGE_SELECT1_4_4_2_3,select1_4_4_2_3,same_stem
1341,HACTION_SELECT1_4_4_2_4,HTML_PAGE_SELECT1_4_4_2_4,select1_4_4_2_4,same_stem
1342,HACTION_SELECT1_4_4_3,HTML_PAGE_SELECT1_4_4_3,select1_4_4_3,same_stem
1343,HACTION_SELECT1_4_4_3_1,HTML_PAGE_SELECT1_4_4_3_1,select1_4_4_3_1,same_stem
1344,HACTION_SELECT1_4_4_3_2,HTML_PAGE_SELECT1_4_4_3_2,select1_4_4_3_2,same_stem
1345,HACTION_SELECT1_4_4_3_3,HTML_PAGE_SELECT1_4_4_3_3,select1_4_4_3_3,same_stem
1346,HACTION_SELECT1_4_4_3_4,HTML_PAGE_SELECT1_4_4_3_4,select1_4_4_3_4,same_stem
1347,HACTION_SELECT1_4_4_4,HTML_PAGE_SELECT1_4_4_4,select1_4_4_4,same_stem
1348,HACTION_SELECT1_4_4_4_1,HTML_PAGE_SELECT1_4_4_4_1,select1_4_4_4_1,same_stem
1349,HACTION_SELECT1_4_4_4_2,HTML_PAGE_SELECT1_4_4_4_2,select1_4_4_4_2,same_stem
1350,HACTION_SELECT1_4_4_4_3,HTML_PAGE_SELECT1_4_4_4_3,select1_4_4_4_3,same_stem
1351,HACTION_SELECT1_4_4_4_4,HTML_PAGE_SELECT1_4_4_4_4,select1_4_4_4_4,same_stem
1352,HACTION_SELECT2,HTML_PAGE_SELECT2,select2,same_stem
1353,HACTION_SELECT2_1,HTML_PAGE_SELECT2_1,select2_1,same_stem
1354,HACTION_SELECT2_1_1,HTML_PAGE_SELECT2_1_1,select2_1_1,same_stem
1355,HACTION_SELECT2_1_1_1,HTML_PAGE_SELECT2_1_1_1,select2_1_1_1,same_stem
1356,HACTION_SELECT2_1_1_1_1,HTML_PAGE_SELECT2_1_1_1_1,select2_1_1_1_1,same_stem
1357,HACTION_SELECT2_1_1_1_2,HTML_PAGE_SELECT2_1_1_1_2,select2_1_1_1_2,same_stem
1358,HACTION_SELECT2_1_1_1_3,HTML_PAGE_SELECT2_1_1_1_3,select2_1_1_1_3,same_stem
1359,HACTION_SELECT2_1_1_1_4,HTML_PAGE_SELECT2_1_1_1_4,select2_1_1_1_4,same_stem
1360,HACTION_SELECT2_1_1_2,HTML_PAGE_SELECT2_1_1_2,select2_1_1_2,same_stem
1361,HACTION_SELECT2_1_1_2_1,HTML_PAGE_SELECT2_1_1_2_1,select2_1_1_2_1,same_stem
1362,HACTION_SELECT2_1_1_2_2,HTML_PAGE_SELECT2_1_1_2_2,select2_1_1_2_2,same_stem
1363,HACTION_SELECT2_1_1_2_3,HTML_PAGE_SELECT2_1_1_2_3,select2_1_1_2_3,same_stem
1364,HACTION_SELECT2_1_1_2_4,HTML_PAGE_SELECT2_1_1_2_4,select2_1_1_2_4,same_stem
1365,HACTION_SELECT2_1_1_3,HTML_PAGE_SELECT2_1_1_3,select2_1_1_3,same_stem
1366,HACTION_SELECT2_1_1_3_1,HTML_PAGE_SELECT2_1_1_3_1,select2_1_1_3_1,same_stem
1367,HACTION_SELECT2_1_1_3_2,HTML_PAGE_SELECT2_1_1_3_2,select2_1_1_3_2,same_stem
1368,HACTION_SELECT2_1_1_3_3,HTML_PAGE_SELECT2_1_1_3_3,select2_1_1_3_3,same_stem
1369,HACTION_SELECT2_1_1_3_4,HTML_PAGE_SELECT2_1_1_3_4,select2_1_1_3_4,same_stem
1370,HACTION_SELECT2_1_1_4,HTML_PAGE_SELECT2_1_1_4,select2_1_1_4,same_stem
1371,HACTION_SELECT2_1_1_4_1,HTML_PAGE_SELECT2_1_1_4_1,select2_1_1_4_1,same_stem
1372,HACTION_SELECT2_1_1_4_2,HTML_PAGE_SELECT2_1_1_4_2,select2_1_1_4_2,same_stem
1373,HACTION_SELECT2_1_1_4_3,HTML_PAGE_SELECT2_1_1_4_3,select2_1_1_4_3,same_stem
1374,HACTION_SELECT2_1_1_4_4,HTML_PAGE_SELECT2_1_1_4_4,select2_1_1_4_4,same_stem
1375,HACTION_SELECT2_1_2,HTML_PAGE_SELECT2_1_2,select2_1_2,same_stem
1376,HACTION_SELECT2_1_2_1,HTML_PAGE_SELECT2_1_2_1,select2_1_2_1,same_stem
1377,HACTION_SELECT2_1_2_1_1,HTML_PAGE_SELECT2_1_2_1_1,select2_1_2_1_1,same_stem
1378,HACTION_SELECT2_1_2_1_2,HTML_PAGE_SELECT2_1_2_1_2,select2_1_2_1_2,same_stem
1379,HACTION_SELECT2_1_2_1_3,HTML_PAGE_SELECT2_1_2_1_3,select2_1_2_1_3,same_stem
1380,HACTION_SELECT2_1_2_1_4,HTML_PAGE_SELECT2_1_2_1_4,select2_1_2_1_4,same_stem
1381,HACTION_SELECT2_1_2_2,HTML_PAGE_SELECT2_1_2_2,select2_1_2_2,same_stem
1382,HACTION_SELECT2_1_2_2_1,HTML_PAGE_SELECT2_1_2_2_1,select2_1_2_2_1,same_stem
1383,HACTION_SELECT2_1_2_2_2,HTML_PAGE_SELECT2_1_2_2_2,select2_1_2_2_2,same_stem
1384,HACTION_SELECT2_1_2_2_3,HTML_PAGE_SELECT2_1_2_2_3,select2_1_2_2_3,same_stem
1385,HACTION_SELECT2_1_2_2_4,HTML_PAGE_SELECT2_1_2_2_4,select2_1_2_2_4,same_stem
1386,HACTION_SELECT2_1_2_3,HTML_PAGE_SELECT2_1_2_3,select2_1_2_3,same_stem
1387,HACTION_SELECT2_1_2_3_1,HTML_PAGE_SELECT2_1_2_3_1,select2_1_2_3_1,same_stem
1388,HACTION_SELECT2_1_2_3_2,HTML_PAGE_SELECT2_1_2_3_2,select2_1_2_3_2,same_stem
1389,HACTION_SELECT2_1_2_3_3,HTML_PAGE_SELECT2_1_2_3_3,select2_1_2_3_3,same_stem
1390,HACTION_SELECT2_1_2_3_4,HTML_PAGE_SELECT2_1_2_3_4,select2_1_2_3_4,same_stem
1391,HACTION_SELECT2_1_2_4,HTML_PAGE_SELECT2_1_2_4,select2_1_2_4,same_stem
1392,HACTION_SELECT2_1_2_4_1,HTML_PAGE_SELECT2_1_2_4_1,select2_1_2_4_1,same_stem
1393,HACTION_SELECT2_1_2_4_2,HTML_PAGE_SELECT2_1_2_4_2,select2_1_2_4_2,same_stem
1394,HACTION_SELECT2_1_2_4_3,HTML_PAGE_SELECT2_1_2_4_3,select2_1_2_4_3,same_stem
1395,HACTION_SELECT2_1_2_4_4,HTML_PAGE_SELECT2_1_2_4_4,select2_1_2_4_4,same_stem
1396,HACTION_SELECT2_1_3,HTML_PAGE_SELECT2_1_3,select2_1_3,same_stem
1397,HACTION_SELECT2_1_3_1,HTML_PAGE_SELECT2_1_3_1,select2_1_3_1,same_stem
1398,HACTION_SELECT2_1_3_1_1,HTML_PAGE_SELECT2_1_3_1_1,select2_1_3_1_1,same_stem
1399,HACTION_SELECT2_1_3_1_2,HTML_PAGE_SELECT2_1_3_1_2,select2_1_3_1_2,same_stem
1400,HACTION_SELECT2_1_3_1_3,HTML_PAGE_SELECT2_1_3_1_3,select2_1_3_1_3,same_stem
1401,HACTION_SELECT2_1_3_1_4,HTML_PAGE_SELECT2_1_3_1_4,select2_1_3_1_4,same_stem
1402,HACTION_SELECT2_1_3_2,HTML_PAGE_SELECT2_1_3_2,select2_1_3_2,same_stem
1403,HACTION_SELECT2_1_3_2_1,HTML_PAGE_SELECT2_1_3_2_1,select2_1_3_2_1,same_stem
1404,HACTION_SELECT2_1_3_2_2,HTML_PAGE_SELECT2_1_3_2_2,select2_1_3_2_2,same_stem
1405,HACTION_SELECT2_1_3_2_3,HTML_PAGE_SELECT2_1_3_2_3,select2_1_3_2_3,same_stem
1406,HACTION_SELECT2_1_3_2_4,HTML_PAGE_SELECT2_1_3_2_4,select2_1_3_2_4,same_stem
1407,HACTION_SELECT2_1_3_3,HTML_PAGE_SELECT2_1_3_3,select2_1_3_3,same_stem
1408,HACTION_SELECT2_1_3_3_1,HTML_PAGE_SELECT2_1_3_3_1,select2_1_3_3_1,same_stem
1409,HACTION_SELECT2_1_3_3_2,HTML_PAGE_SELECT2_1_3_3_2,select2_1_3_3_2,same_stem
1410,HACTION_SELECT2_1_3_3_3,HTML_PAGE_SELECT2_1_3_3_3,select2_1_3_3_3,same_stem
1411,HACTION_SELECT2_1_3_3_4,HTML_PAGE_SELECT2_1_3_3_4,select2_1_3_3_4,same_stem
1412,HACTION_SELECT2_1_3_4,HTML_PAGE_SELECT2_1_3_4,select2_1_3_4,same_stem
1413,HACTION_SELECT2_1_3_4_1,HTML_PAGE_SELECT2_1_3_4_1,select2_1_3_4_1,same_stem
1414,HACTION_SELECT2_1_3_4_2,HTML_PAGE_SELECT2_1_3_4_2,select2_1_3_4_2,same_stem
1415,HACTION_SELECT2_1_3_4_3,HTML_PAGE_SELECT2_1_3_4_3,select2_1_3_4_3,same_stem
1416,HACTION_SELECT2_1_3_4_4,HTML_PAGE_SELECT2_1_3_4_4,select2_1_3_4_4,same_stem
1417,HACTION_SELECT2_1_4,HTML_PAGE_SELECT2_1_4,select2_1_4,same_stem
1418,HACTION_SELECT2_1_4_1,HTML_PAGE_SELECT2_1_4_1,select2_1_4_1,same_stem
1419,HACTION_SELECT2_1_4_1_1,HTML_PAGE_SELECT2_1_4_1_1,select2_1_4_1_1,same_stem
1420,HACTION_SELECT2_1_4_1_2,HTML_PAGE_SELECT2_1_4_1_2,select2_1_4_1_2,same_stem
1421,HACTION_SELECT2_1_4_1_3,HTML_PAGE_SELECT2_1_4_1_3,select2_1_4_1_3,same_stem
1422,HACTION_SELECT2_1_4_1_4,HTML_PAGE_SELECT2_1_4_1_4,select2_1_4_1_4,same_stem
1423,HACTION_SELECT2_1_4_2,HTML_PAGE_SELECT2_1_4_2,select2_1_4_2,same_stem
1424,HACTION_SELECT2_1_4_2_1,HTML_PAGE_SELECT2_1_4_2_1,select2_1_4_2_1,same_stem
1425,HACTION_SELECT2_1_4_2_2,HTML_PAGE_SELECT2_1_4_2_2,select2_1_4_2_2,same_stem
1426,HACTION_SELECT2_1_4_2_3,HTML_PAGE_SELECT2_1_4_2_3,select2_1_4_2_3,same_stem
1427,HACTION_SELECT2_1_4_2_4,HTML_PAGE_SELECT2_1_4_2_4,select2_1_4_2_4,same_stem
1428,HACTION_SELECT2_1_4_3,HTML_PAGE_SELECT2_1_4_3,select2_1_4_3,same_stem
1429,HACTION_SELECT2_1_4_3_1,HTML_PAGE_SELECT2_1_4_3_1,select2_1_4_3_1,same_stem
1430,HACTION_SELECT2_1_4_3_2,HTML_PAGE_SELECT2_1_4_3_2,select2_1_4_3_2,same_stem
1431,HACTION_SELECT2_1_4_3_3,HTML_PAGE_SELECT2_1_4_3_3,select2_1_4_3_3,same_stem
1432,HACTION_SELECT2_1_4_3_4,HTML_PAGE_SELECT2_1_4_3_4,select2_1_4_3_4,same_stem
1433,HACTION_SELECT2_1_4_4,HTML_PAGE_SELECT2_1_4_4,select2_1_4_4,same_stem
1434,HACTION_SELECT2_1_4_4_1,HTML_PAGE_SELECT2_1_4_4_1,select2_1_4_4_1,same_stem
1435,HACTION_SELECT2_1_4_4_2,HTML_PAGE_SELECT2_1_4_4_2,select2_1_4_4_2,same_stem
1436,HACTION_SELECT2_1_4_4_3,HTML_PAGE_SELECT2_1_4_4_3,select2_1_4_4_3,same_stem
1437,HACTION_SELECT2_1_4_4_4,HTML_PAGE_SELECT2_1_4_4_4,select2_1_4_4_4,same_stem
1438,HACTION_SELECT2_2,HTML_PAGE_SELECT2_2,select2_2,same_stem
1439,HACTION_SELECT2_2_1,HTML_PAGE_SELECT2_2_1,select2_2_1,same_stem
1440,HACTION_SELECT2_2_1_1,HTML_PAGE_SELECT2_2_1_1,select2_2_1_1,same_stem
1441,HACTION_SELECT2_2_1_1_1,HTML_PAGE_SELECT2_2_1_1_1,select2_2_1_1_1,same_stem
1442,HACTION_SELECT2_2_1_1_2,HTML_PAGE_SELECT2_2_1_1_2,select2_2_1_1_2,same_stem
1443,HACTION_SELECT2_2_1_1_3,HTML_PAGE_SELECT2_2_1_1_3,select2_2_1_1_3,same_stem
1444,HACTION_SELECT2_2_1_1_4,HTML_PAGE_SELECT2_2_1_1_4,select2_2_1_1_4,same_stem
1445,HACTION_SELECT2_2_1_2,HTML_PAGE_SELECT2_2_1_2,select2_2_1_2,same_stem
1446,HACTION_SELECT2_2_1_2_1,HTML_PAGE_SELECT2_2_1_2_1,select2_2_1_2_1,same_stem
1447,HACTION_SELECT2_2_1_2_2,HTML_PAGE_SELECT2_2_1_2_2,select2_2_1_2_2,same_stem
1448,HACTION_SELECT2_2_1_2_3,HTML_PAGE_SELECT2_2_1_2_3,select2_2_1_2_3,same_stem
1449,HACTION_SELECT2_2_1_2_4,HTML_PAGE_SELECT2_2_1_2_4,select2_2_1_2_4,same_stem
1450,HACTION_SELECT2_2_1_3,HTML_PAGE_SELECT2_2_1_3,select2_2_1_3,same_stem
1451,HACTION_SELECT2_2_1_3_1,HTML_PAGE_SELECT2_2_1_3_1,select2_2_1_3_1,same_stem
1452,HACTION_SELECT2_2_1_3_2,HTML_PAGE_SELECT2_2_1_3_2,select2_2_1_3_2,same_stem
1453,HACTION_SELECT2_2_1_3_3,HTML_PAGE_SELECT2_2_1_3_3,select2_2_1_3_3,same_stem
1454,HACTION_SELECT2_2_1_3_4,HTML_PAGE_SELECT2_2_1_3_4,select2_2_1_3_4,same_stem
1455,HACTION_SELECT2_2_1_4,HTML_PAGE_SELECT2_2_1_4,select2_2_1_4,same_stem
1456,HACTION_SELECT2_2_1_4_1,HTML_PAGE_SELECT2_2_1_4_1,select2_2_1_4_1,same_stem
1457,HACTION_SELECT2_2_1_4_2,HTML_PAGE_SELECT2_2_1_4_2,select2_2_1_4_2,same_stem
1458,HACTION_SELECT2_2_1_4_3,HTML_PAGE_SELECT2_2_1_4_3,select2_2_1_4_3,same_stem
1459,HACTION_SELECT2_2_1_4_4,HTML_PAGE_SELECT2_2_1_4_4,select2_2_1_4_4,same_stem
1460,HACTION_SELECT2_2_2,HTML_PAGE_SELECT2_2_2,select2_2_2,same_stem
1461,HACTION_SELECT2_2_2_1,HTML_PAGE_SELECT2_2_2_1,select2_2_2_1,same_stem
1462,HACTION_SELECT2_2_2_1_1,HTML_PAGE_SELECT2_2_2_1_1,select2_2_2_1_1,same_stem
1463,HACTION_SELECT2_2_2_1_2,HTML_PAGE_SELECT2_2_2_1_2,select2_2_2_1_2,same_stem
1464,HACTION_SELECT2_2_2_1_3,HTML_PAGE_SELECT2_2_2_1_3,select2_2_2_1_3,same_stem
1465,HACTION_SELECT2_2_2_1_4,HTML_PAGE_SELECT2_2_2_1_4,select2_2_2_1_4,same_stem
1466,HACTION_SELECT2_2_2_2,HTML_PAGE_SELECT2_2_2_2,select2_2_2_2,same_stem
1467,HACTION_SELECT2_2_2_2_1,HTML_PAGE_SELECT2_2_2_2_1,select2_2_2_2_1,same_stem
1468,HACTION_SELECT2_2_2_2_2,HTML_PAGE_SELECT2_2_2_2_2,select2_2_2_2_2,same_stem
1469,HACTION_SELECT2_2_2_2_3,HTML_PAGE_SELECT2_2_2_2_3,select2_2_2_2_3,same_stem
1470,HACTION_SELECT2_2_2_2_4,HTML_PAGE_SELECT2_2_2_2_4,select2_2_2_2_4,same_stem
1471,HACTION_SELECT2_2_2_3,HTML_PAGE_SELECT2_2_2_3,select2_2_2_3,same_stem
1472,HACTION_SELECT2_2_2_3_1,HTML_PAGE_SELECT2_2_2_3_1,select2_2_2_3_1,same_stem
1473,HACTION_SELECT2_2_2_3_2,HTML_PAGE_SELECT2_2_2_3_2,select2_2_2_3_2,same_stem
1474,HACTION_SELECT2_2_2_3_3,HTML_PAGE_SELECT2_2_2_3_3,select2_2_2_3_3,same_stem
1475,HACTION_SELECT2_2_2_3_4,HTML_PAGE_SELECT2_2_2_3_4,select2_2_2_3_4,same_stem
1476,HACTION_SELECT2_2_2_4,HTML_PAGE_SELECT2_2_2_4,select2_2_2_4,same_stem
1477,HACTION_SELECT2_2_2_4_1,HTML_PAGE_SELECT2_2_2_4_1,select2_2_2_4_1,same_stem
1478,HACTION_SELECT2_2_2_4_2,HTML_PAGE_SELECT2_2_2_4_2,select2_2_2_4_2,same_stem
1479,HACTION_SELECT2_2_2_4_3,HTML_PAGE_SELECT2_2_2_4_3,select2_2_2_4_3,same_stem
1480,HACTION_SELECT2_2_2_4_4,HTML_PAGE_SELECT2_2_2_4_4,select2_2_2_4_4,same_stem
1481,HACTION_SELECT2_2_3,HTML_PAGE_SELECT2_2_3,select2_2_3,same_stem
1482,HACTION_SELECT2_2_3_1,HTML_PAGE_SELECT2_2_3_1,select2_2_3_1,same_stem
1483,HACTION_SELECT2_2_3_1_1,HTML_PAGE_SELECT2_2_3_1_1,select2_2_3_1_1,same_stem
1484,HACTION_SELECT2_2_3_1_2,HTML_PAGE_SELECT2_2_3_1_2,select2_2_3_1_2,same_stem
1485,HACTION_SELECT2_2_3_1_3,HTML_PAGE_SELECT2_2_3_1_3,select2_2_3_1_3,same_stem
1486,HACTION_SELECT2_2_3_1_4,HTML_PAGE_SELECT2_2_3_1_4,select2_2_3_1_4,same_stem
1487,HACTION_SELECT2_2_3_2,HTML_PAGE_SELECT2_2_3_2,select2_2_3_2,same_stem
1488,HACTION_SELECT2_2_3_2_1,HTML_PAGE_SELECT2_2_3_2_1,select2_2_3_2_1,same_stem
1489,HACTION_SELECT2_2_3_2_2,HTML_PAGE_SELECT2_2_3_2_2,select2_2_3_2_2,same_stem
1490,HACTION_SELECT2_2_3_2_3,HTML_PAGE_SELECT2_2_3_2_3,select2_2_3_2_3,same_stem
1491,HACTION_SELECT2_2_3_2_4,HTML_PAGE_SELECT2_2_3_2_4,select2_2_3_2_4,same_stem
1492,HACTION_SELECT2_2_3_3,HTML_PAGE_SELECT2_2_3_3,select2_2_3_3,same_stem
1493,HACTION_SELECT2_2_3_3_1,HTML_PAGE_SELECT2_2_3_3_1,select2_2_3_3_1,same_stem
1494,HACTION_SELECT2_2_3_3_2,HTML_PAGE_SELECT2_2_3_3_2,select2_2_3_3_2,same_stem
1495,HACTION_SELECT2_2_3_3_3,HTML_PAGE_SELECT2_2_3_3_3,select2_2_3_3_3,same_stem
1496,HACTION_SELECT2_2_3_3_4,HTML_PAGE_SELECT2_2_3_3_4,select2_2_3_3_4,same_stem
1497,HACTION_SELECT2_2_3_4,HTML_PAGE_SELECT2_2_3_4,select2_2_3_4,same_stem
1498,HACTION_SELECT2_2_3_4_1,HTML_PAGE_SELECT2_2_3_4_1,select2_2_3_4_1,same_stem
1499,HACTION_SELECT2_2_3_4_2,HTML_PAGE_SELECT2_2_3_4_2,select2_2_3_4_2,same_stem
1500,HACTION_SELECT2_2_3_4_3,HTML_PAGE_SELECT2_2_3_4_3,select2_2_3_4_3,same_stem
1501,HACTION_SELECT2_2_3_4_4,HTML_PAGE_SELECT2_2_3_4_4,select2_2_3_4_4,same_stem
1502,HACTION_SELECT2_2_4,HTML_PAGE_SELECT2_2_4,select2_2_4,same_stem
1503,HACTION_SELECT2_2_4_1,HTML_PAGE_SELECT2_2_4_1,select2_2_4_1,same_stem
1504,HACTION_SELECT2_2_4_1_1,HTML_PAGE_SELECT2_2_4_1_1,select2_2_4_1_1,same_stem
1505,HACTION_SELECT2_2_4_1_2,HTML_PAGE_SELECT2_2_4_1_2,select2_2_4_1_2,same_stem
1506,HACTION_SELECT2_2_4_1_3,HTML_PAGE_SELECT2_2_4_1_3,select2_2_4_1_3,same_stem
1507,HACTION_SELECT2_2_4_1_4,HTML_PAGE_SELECT2_2_4_1_4,select2_2_4_1_4,same_stem
1508,HACTION_SELECT2_2_4_2,HTML_PAGE_SELECT2_2_4_2,select2_2_4_2,same_stem
1509,HACTION_SELECT2_2_4_2_1,HTML_PAGE_SELECT2_2_4_2_1,select2_2_4_2_1,same_stem
1510,HACTION_SELECT2_2_4_2_2,HTML_PAGE_SELECT2_2_4_2_2,select2_2_4_2_2,same_stem
1511,HACTION_SELECT2_2_4_2_3,HTML_PAGE_SELECT2_2_4_2_3,select2_2_4_2_3,same_stem
1512,HACTION_SELECT2_2_4_2_4,HTML_PAGE_SELECT2_2_4_2_4,select2_2_4_2_4,same_stem
1513,HACTION_SELECT2_2_4_3,HTML_PAGE_SELECT2_2_4_3,select2_2_4_3,same_stem
1514,HACTION_SELECT2_2_4_3_1,HTML_PAGE_SELECT2_2_4_3_1,select2_2_4_3_1,same_stem
1515,HACTION_SELECT2_2_4_3_2,HTML_PAGE_SELECT2_2_4_3_2,select2_2_4_3_2,same_stem
1516,HACTION_SELECT2_2_4_3_3,HTML_PAGE_SELECT2_2_4_3_3,select2_2_4_3_3,same_stem
1517,HACTION_SELECT2_2_4_3_4,HTML_PAGE_SELECT2_2_4_3_4,select2_2_4_3_4,same_stem
1518,HACTION_SELECT2_2_4_4,HTML_PAGE_SELECT2_2_4_4,select2_2_4_4,same_stem
1519,HACTION_SELECT2_2_4_4_1,HTML_PAGE_SELECT2_2_4_4_1,select2_2_4_4_1,same_stem
1520,HACTION_SELECT2_2_4_4_2,HTML_PAGE_SELECT2_2_4_4_2,select2_2_4_4_2,same_stem
1521,HACTION_SELECT2_2_4_4_3,HTML_PAGE_SELECT2_2_4_4_3,select2_2_4_4_3,same_stem
1522,HACTION_SELECT2_2_4_4_4,HTML_PAGE_SELECT2_2_4_4_4,select2_2_4_4_4,same_stem
1523,HACTION_SELECT2_3,HTML_PAGE_SELECT2_3,select2_3,same_stem
1524,HACTION_SELECT2_3_1,HTML_PAGE_SELECT2_3_1,select2_3_1,same_stem
1525,HACTION_SELECT2_3_1_1,HTML_PAGE_SELECT2_3_1_1,select2_3_1_1,same_stem
1526,HACTION_SELECT2_3_1_1_1,HTML_PAGE_SELECT2_3_1_1_1,select2_3_1_1_1,same_stem
1527,HACTION_SELECT2_3_1_1_2,HTML_PAGE_SELECT2_3_1_1_2,select2_3_1_1_2,same_stem
1528,HACTION_SELECT2_3_1_1_3,HTML_PAGE_SELECT2_3_1_1_3,select2_3_1_1_3,same_stem
1529,HACTION_SELECT2_3_1_1_4,HTML_PAGE_SELECT2_3_1_1_4,select2_3_1_1_4,same_stem
1530,HACTION_SELECT2_3_1_2,HTML_PAGE_SELECT2_3_1_2,select2_3_1_2,same_stem
1531,HACTION_SELECT2_3_1_2_1,HTML_PAGE_SELECT2_3_1_2_1,select2_3_1_2_1,same_stem
1532,HACTION_SELECT2_3_1_2_2,HTML_PAGE_SELECT2_3_1_2_2,select2_3_1_2_2,same_stem
1533,HACTION_SELECT2_3_1_2_3,HTML_PAGE_SELECT2_3_1_2_3,select2_3_1_2_3,same_stem
1534,HACTION_SELECT2_3_1_2_4,HTML_PAGE_SELECT2_3_1_2_4,select2_3_1_2_4,same_stem
1535,HACTION_SELECT2_3_1_3,HTML_PAGE_SELECT2_3_1_3,select2_3_1_3,same_stem
1536,HACTION_SELECT2_3_1_3_1,HTML_PAGE_SELECT2_3_1_3_1,select2_3_1_3_1,same_stem
1537,HACTION_SELECT2_3_1_3_2,HTML_PAGE_SELECT2_3_1_3_2,select2_3_1_3_2,same_stem
1538,HACTION_SELECT2_3_1_3_3,HTML_PAGE_SELECT2_3_1_3_3,select2_3_1_3_3,same_stem
1539,HACTION_SELECT2_3_1_3_4,HTML_PAGE_SELECT2_3_1_3_4,select2_3_1_3_4,same_stem
1540,HACTION_SELECT2_3_1_4,HTML_PAGE_SELECT2_3_1_4,select2_3_1_4,same_stem
1541,HACTION_SELECT2_3_1_4_1,HTML_PAGE_SELECT2_3_1_4_1,select2_3_1_4_1,same_stem
1542,HACTION_SELECT2_3_1_4_2,HTML_PAGE_SELECT2_3_1_4_2,select2_3_1_4_2,same_stem
1543,HACTION_SELECT2_3_1_4_3,HTML_PAGE_SELECT2_3_1_4_3,select2_3_1_4_3,same_stem
1544,HACTION_SELECT2_3_1_4_4,HTML_PAGE_SELECT2_3_1_4_4,select2_3_1_4_4,same_stem
1545,HACTION_SELECT2_3_2,HTML_PAGE_SELECT2_3_2,select2_3_2,same_stem
1546,HACTION_SELECT2_3_2_1,HTML_PAGE_SELECT2_3_2_1,select2_3_2_1,same_stem
1547,HACTION_SELECT2_3_2_1_1,HTML_PAGE_SELECT2_3_2_1_1,select2_3_2_1_1,same_stem
1548,HACTION_SELECT2_3_2_1_2,HTML_PAGE_SELECT2_3_2_1_2,select2_3_2_1_2,same_stem
1549,HACTION_SELECT2_3_2_1_3,HTML_PAGE_SELECT2_3_2_1_3,select2_3_2_1_3,same_stem
1550,HACTION_SELECT2_3_2_1_4,HTML_PAGE_SELECT2_3_2_1_4,select2_3_2_1_4,same_stem
1551,HACTION_SELECT2_3_2_2,HTML_PAGE_SELECT2_3_2_2,select2_3_2_2,same_stem
1552,HACTION_SELECT2_3_2_2_1,HTML_PAGE_SELECT2_3_2_2_1,select2_3_2_2_1,same_stem
1553,HACTION_SELECT2_3_2_2_2,HTML_PAGE_SELECT2_3_2_2_2,select2_3_2_2_2,same_stem
1554,HACTION_SELECT2_3_2_2_3,HTML_PAGE_SELECT2_3_2_2_3,select2_3_2_2_3,same_stem
1555,HACTION_SELECT2_3_2_2_4,HTML_PAGE_SELECT2_3_2_2_4,select2_3_2_2_4,same_stem
1556,HACTION_SELECT2_3_2_3,HTML_PAGE_SELECT2_3_2_3,select2_3_2_3,same_stem
1557,HACTION_SELECT2_3_2_3_1,HTML_PAGE_SELECT2_3_2_3_1,select2_3_2_3_1,same_stem
1558,HACTION_SELECT2_3_2_3_2,HTML_PAGE_SELECT2_3_2_3_2,select2_3_2_3_2,same_stem
1559,HACTION_SELECT2_3_2_3_3,HTML_PAGE_SELECT2_3_2_3_3,select2_3_2_3_3,same_stem
1560,HACTION_SELECT2_3_2_3_4,HTML_PAGE_SELECT2_3_2_3_4,select2_3_2_3_4,same_stem
1561,HACTION_SELECT2_3_2_4,HTML_PAGE_SELECT2_3_2_4,select2_3_2_4,same_stem
1562,HACTION_SELECT2_3_2_4_1,HTML_PAGE_SELECT2_3_2_4_1,select2_3_2_4_1,same_stem
1563,HACTION_SELECT2_3_2_4_2,HTML_PAGE_SELECT2_3_2_4_2,select2_3_2_4_2,same_stem
1564,HACTION_SELECT2_3_2_4_3,HTML_PAGE_SELECT2_3_2_4_3,select2_3_2_4_3,same_stem
1565,HACTION_SELECT2_3_2_4_4,HTML_PAGE_SELECT2_3_2_4_4,select2_3_2_4_4,same_stem
1566,HACTION_SELECT2_3_3,HTML_PAGE_SELECT2_3_3,select2_3_3,same_stem
1567,HACTION_SELECT2_3_3_1,HTML_PAGE_SELECT2_3_3_1,select2_3_3_1,same_stem
1568,HACTION_SELECT2_3_3_1_1,HTML_PAGE_SELECT2_3_3_1_1,select2_3_3_1_1,same_stem
1569,HACTION_SELECT2_3_3_1_2,HTML_PAGE_SELECT2_3_3_1_2,select2_3_3_1_2,same_stem
1570,HACTION_SELECT2_3_3_1_3,HTML_PAGE_SELECT2_3_3_1_3,select2_3_3_1_3,same_stem
1571,HACTION_SELECT2_3_3_1_4,HTML_PAGE_SELECT2_3_3_1_4,select2_3_3_1_4,same_stem
1572,HACTION_SELECT2_3_3_2,HTML_PAGE_SELECT2_3_3_2,select2_3_3_2,same_stem
1573,HACTION_SELECT2_3_3_2_1,HTML_PAGE_SELECT2_3_3_2_1,select2_3_3_2_1,same_stem
1574,HACTION_SELECT2_3_3_2_2,HTML_PAGE_SELECT2_3_3_2_2,select2_3_3_2_2,same_stem
1575,HACTION_SELECT2_3_3_2_3,HTML_PAGE_SELECT2_3_3_2_3,select2_3_3_2_3,same_stem
1576,HACTION_SELECT2_3_3_2_4,HTML_PAGE_SELECT2_3_3_2_4,select2_3_3_2_4,same_stem
1577,HACTION_SELECT2_3_3_3,HTML_PAGE_SELECT2_3_3_3,select2_3_3_3,same_stem
1578,HACTION_SELECT2_3_3_3_1,HTML_PAGE_SELECT2_3_3_3_1,select2_3_3_3_1,same_stem
1579,HACTION_SELECT2_3_3_3_2,HTML_PAGE_SELECT2_3_3_3_2,select2_3_3_3_2,same_stem
1580,HACTION_SELECT2_3_3_3_3,HTML_PAGE_SELECT2_3_3_3_3,select2_3_3_3_3,same_stem
1581,HACTION_SELECT2_3_3_3_4,HTML_PAGE_SELECT2_3_3_3_4,select2_3_3_3_4,same_stem
1582,HACTION_SELECT2_3_3_4,HTML_PAGE_SELECT2_3_3_4,select2_3_3_4,same_stem
1583,HACTION_SELECT2_3_3_4_1,HTML_PAGE_SELECT2_3_3_4_1,select2_3_3_4_1,same_stem
1584,HACTION_SELECT2_3_3_4_2,HTML_PAGE_SELECT2_3_3_4_2,select2_3_3_4_2,same_stem
1585,HACTION_SELECT2_3_3_4_3,HTML_PAGE_SELECT2_3_3_4_3,select2_3_3_4_3,same_stem
1586,HACTION_SELECT2_3_3_4_4,HTML_PAGE_SELECT2_3_3_4_4,select2_3_3_4_4,same_stem
1587,HACTION_SELECT2_3_4,HTML_PAGE_SELECT2_3_4,select2_3_4,same_stem
1588,HACTION_SELECT2_3_4_1,HTML_PAGE_SELECT2_3_4_1,select2_3_4_1,same_stem
1589,HACTION_SELECT2_3_4_1_1,HTML_PAGE_SELECT2_3_4_1_1,select2_3_4_1_1,same_stem
1590,HACTION_SELECT2_3_4_1_2,HTML_PAGE_SELECT2_3_4_1_2,select2_3_4_1_2,same_stem
1591,HACTION_SELECT2_3_4_1_3,HTML_PAGE_SELECT2_3_4_1_3,select2_3_4_1_3,same_stem
1592,HACTION_SELECT2_3_4_1_4,HTML_PAGE_SELECT2_3_4_1_4,select2_3_4_1_4,same_stem
1593,HACTION_SELECT2_3_4_2,HTML_PAGE_SELECT2_3_4_2,select2_3_4_2,same_stem
1594,HACTION_SELECT2_3_4_2_1,HTML_PAGE_SELECT2_3_4_2_1,select2_3_4_2_1,same_stem
1595,HACTION_SELECT2_3_4_2_2,HTML_PAGE_SELECT2_3_4_2_2,select2_3_4_2_2,same_stem
1596,HACTION_SELECT2_3_4_2_3,HTML_PAGE_SELECT2_3_4_2_3,select2_3_4_2_3,same_stem
1597,HACTION_SELECT2_3_4_2_4,HTML_PAGE_SELECT2_3_4_2_4,select2_3_4_2_4,same_stem
1598,HACTION_SELECT2_3_4_3,HTML_PAGE_SELECT2_3_4_3,select2_3_4_3,same_stem
1599,HACTION_SELECT2_3_4_3_1,HTML_PAGE_SELECT2_3_4_3_1,select2_3_4_3_1,same_stem
1600,HACTION_SELECT2_3_4_3_2,HTML_PAGE_SELECT2_3_4_3_2,select2_3_4_3_2,same_stem
1601,HACTION_SELECT2_3_4_3_3,HTML_PAGE_SELECT2_3_4_3_3,select2_3_4_3_3,same_stem
1602,HACTION_SELECT2_3_4_3_4,HTML_PAGE_SELECT2_3_4_3_4,select2_3_4_3_4,same_stem
1603,HACTION_SELECT2_3_4_4,HTML_PAGE_SELECT2_3_4_4,select2_3_4_4,same_stem
1604,HACTION_SELECT2_3_4_4_1,HTML_PAGE_SELECT2_3_4_4_1,select2_3_4_4_1,same_stem
1605,HACTION_SELECT2_3_4_4_2,HTML_PAGE_SELECT2_3_4_4_2,select2_3_4_4_2,same_stem
1606,HACTION_SELECT2_3_4_4_3,HTML_PAGE_SELECT2_3_4_4_3,select2_3_4_4_3,same_stem
1607,HACTION_SELECT2_3_4_4_4,HTML_PAGE_SELECT2_3_4_4_4,select2_3_4_4_4,same_stem
1608,HACTION_SELECT2_4,HTML_PAGE_SELECT2_4,select2_4,same_stem
1609,HACTION_SELECT2_4_1,HTML_PAGE_SELECT2_4_1,select2_4_1,same_stem
1610,HACTION_SELECT2_4_1_1,HTML_PAGE_SELECT2_4_1_1,select2_4_1_1,same_stem
1611,HACTION_SELECT2_4_1_1_1,HTML_PAGE_SELECT2_4_1_1_1,select2_4_1_1_1,same_stem
1612,HACTION_SELECT2_4_1_1_2,HTML_PAGE_SELECT2_4_1_1_2,select2_4_1_1_2,same_stem
1613,HACTION_SELECT2_4_1_1_3,HTML_PAGE_SELECT2_4_1_1_3,select2_4_1_1_3,same_stem
1614,HACTION_SELECT2_4_1_1_4,HTML_PAGE_SELECT2_4_1_1_4,select2_4_1_1_4,same_stem
1615,HACTION_SELECT2_4_1_2,HTML_PAGE_SELECT2_4_1_2,select2_4_1_2,same_stem
1616,HACTION_SELECT2_4_1_2_1,HTML_PAGE_SELECT2_4_1_2_1,select2_4_1_2_1,same_stem
1617,HACTION_SELECT2_4_1_2_2,HTML_PAGE_SELECT2_4_1_2_2,select2_4_1_2_2,same_stem
1618,HACTION_SELECT2_4_1_2_3,HTML_PAGE_SELECT2_4_1_2_3,select2_4_1_2_3,same_stem
1619,HACTION_SELECT2_4_1_2_4,HTML_PAGE_SELECT2_4_1_2_4,select2_4_1_2_4,same_stem
1620,HACTION_SELECT2_4_1_3,HTML_PAGE_SELECT2_4_1_3,select2_4_1_3,same_stem
1621,HACTION_SELECT2_4_1_3_1,HTML_PAGE_SELECT2_4_1_3_1,select2_4_1_3_1,same_stem
1622,HACTION_SELECT2_4_1_3_2,HTML_PAGE_SELECT2_4_1_3_2,select2_4_1_3_2,same_stem
1623,HACTION_SELECT2_4_1_3_3,HTML_PAGE_SELECT2_4_1_3_3,select2_4_1_3_3,same_stem
1624,HACTION_SELECT2_4_1_3_4,HTML_PAGE_SELECT2_4_1_3_4,select2_4_1_3_4,same_stem
1625,HACTION_SELECT2_4_1_4,HTML_PAGE_SELECT2_4_1_4,select2_4_1_4,same_stem
1626,HACTION_SELECT2_4_1_4_1,HTML_PAGE_SELECT2_4_1_4_1,select2_4_1_4_1,same_stem
1627,HACTION_SELECT2_4_1_4_2,HTML_PAGE_SELECT2_4_1_4_2,select2_4_1_4_2,same_stem
1628,HACTION_SELECT2_4_1_4_3,HTML_PAGE_SELECT2_4_1_4_3,select2_4_1_4_3,same_stem
1629,HACTION_SELECT2_4_1_4_4,HTML_PAGE_SELECT2_4_1_4_4,select2_4_1_4_4,same_stem
1630,HACTION_SELECT2_4_2,HTML_PAGE_SELECT2_4_2,select2_4_2,same_stem
1631,HACTION_SELECT2_4_2_1,HTML_PAGE_SELECT2_4_2_1,select2_4_2_1,same_stem
1632,HACTION_SELECT2_4_2_1_1,HTML_PAGE_SELECT2_4_2_1_1,select2_4_2_1_1,same_stem
1633,HACTION_SELECT2_4_2_1_2,HTML_PAGE_SELECT2_4_2_1_2,select2_4_2_1_2,same_stem
1634,HACTION_SELECT2_4_2_1_3,HTML_PAGE_SELECT2_4_2_1_3,select2_4_2_1_3,same_stem
1635,HACTION_SELECT2_4_2_1_4,HTML_PAGE_SELECT2_4_2_1_4,select2_4_2_1_4,same_stem
1636,HACTION_SELECT2_4_2_2,HTML_PAGE_SELECT2_4_2_2,select2_4_2_2,same_stem
1637,HACTION_SELECT2_4_2_2_1,HTML_PAGE_SELECT2_4_2_2_1,select2_4_2_2_1,same_stem
1638,HACTION_SELECT2_4_2_2_2,HTML_PAGE_SELECT2_4_2_2_2,select2_4_2_2_2,same_stem
1639,HACTION_SELECT2_4_2_2_3,HTML_PAGE_SELECT2_4_2_2_3,select2_4_2_2_3,same_stem
1640,HACTION_SELECT2_4_2_2_4,HTML_PAGE_SELECT2_4_2_2_4,select2_4_2_2_4,same_stem
1641,HACTION_SELECT2_4_2_3,HTML_PAGE_SELECT2_4_2_3,select2_4_2_3,same_stem
1642,HACTION_SELECT2_4_2_3_1,HTML_PAGE_SELECT2_4_2_3_1,select2_4_2_3_1,same_stem
1643,HACTION_SELECT2_4_2_3_2,HTML_PAGE_SELECT2_4_2_3_2,select2_4_2_3_2,same_stem
1644,HACTION_SELECT2_4_2_3_3,HTML_PAGE_SELECT2_4_2_3_3,select2_4_2_3_3,same_stem
1645,HACTION_SELECT2_4_2_3_4,HTML_PAGE_SELECT2_4_2_3_4,select2_4_2_3_4,same_stem
1646,HACTION_SELECT2_4_2_4,HTML_PAGE_SELECT2_4_2_4,select2_4_2_4,same_stem
1647,HACTION_SELECT2_4_2_4_1,HTML_PAGE_SELECT2_4_2_4_1,select2_4_2_4_1,same_stem
1648,HACTION_SELECT2_4_2_4_2,HTML_PAGE_SELECT2_4_2_4_2,select2_4_2_4_2,same_stem
1649,HACTION_SELECT2_4_2_4_3,HTML_PAGE_SELECT2_4_2_4_3,select2_4_2_4_3,same_stem
1650,HACTION_SELECT2_4_2_4_4,HTML_PAGE_SELECT2_4_2_4_4,select2_4_2_4_4,same_stem
1651,HACTION_SELECT2_4_3,HTML_PAGE_SELECT2_4_3,select2_4_3,same_stem
1652,HACTION_SELECT2_4_3_1,HTML_PAGE_SELECT2_4_3_1,select2_4_3_1,same_stem
1653,HACTION_SELECT2_4_3_1_1,HTML_PAGE_SELECT2_4_3_1_1,select2_4_3_1_1,same_stem
1654,HACTION_SELECT2_4_3_1_2,HTML_PAGE_SELECT2_4_3_1_2,select2_4_3_1_2,same_stem
1655,HACTION_SELECT2_4_3_1_3,HTML_PAGE_SELECT2_4_3_1_3,select2_4_3_1_3,same_stem
1656,HACTION_SELECT2_4_3_1_4,HTML_PAGE_SELECT2_4_3_1_4,select2_4_3_1_4,same_stem
1657,HACTION_SELECT2_4_3_2,HTML_PAGE_SELECT2_4_3_2,select2_4_3_2,same_stem
1658,HACTION_SELECT2_4_3_2_1,HTML_PAGE_SELECT2_4_3_2_1,select2_4_3_2_1,same_stem
1659,HACTION_SELECT2_4_3_2_2,HTML_PAGE_SELECT2_4_3_2_2,select2_4_3_2_2,same_stem
1660,HACTION_SELECT2_4_3_2_3,HTML_PAGE_SELECT2_4_3_2_3,select2_4_3_2_3,same_stem
1661,HACTION_SELECT2_4_3_2_4,HTML_PAGE_SELECT2_4_3_2_4,select2_4_3_2_4,same_stem
1662,HACTION_SELECT2_4_3_3,HTML_PAGE_SELECT2_4_3_3,select2_4_3_3,same_stem
1663,HACTION_SELECT2_4_3_3_1,HTML_PAGE_SELECT2_4_3_3_1,select2_4_3_3_1,same_stem
1664,HACTION_SELECT2_4_3_3_2,HTML_PAGE_SELECT2_4_3_3_2,select2_4_3_3_2,same_stem
1665,HACTION_SELECT2_4_3_3_3,HTML_PAGE_SELECT2_4_3_3_3,select2_4_3_3_3,same_stem
1666,HACTION_SELECT2_4_3_3_4,HTML_PAGE_SELECT2_4_3_3_4,select2_4_3_3_4,same_stem
1667,HACTION_SELECT2_4_3_4,HTML_PAGE_SELECT2_4_3_4,select2_4_3_4,same_stem
1668,HACTION_SELECT2_4_3_4_1,HTML_PAGE_SELECT2_4_3_4_1,select2_4_3_4_1,same_stem
1669,HACTION_SELECT2_4_3_4_2,HTML_PAGE_SELECT2_4_3_4_2,select2_4_3_4_2,same_stem
1670,HACTION_SELECT2_4_3_4_3,HTML_PAGE_SELECT2_4_3_4_3,select2_4_3_4_3,same_stem
1671,HACTION_SELECT2_4_3_4_4,HTML_PAGE_SELECT2_4_3_4_4,select2_4_3_4_4,same_stem
1672,HACTION_SELECT2_4_4,HTML_PAGE_SELECT2_4_4,select2_4_4,same_stem
1673,HACTION_SELECT2_4_4_1,HTML_PAGE_SELECT2_4_4_1,select2_4_4_1,same_stem
1674,HACTION_SELECT2_4_4_1_1,HTML_PAGE_SELECT2_4_4_1_1,select2_4_4_1_1,same_stem
1675,HACTION_SELECT2_4_4_1_2,HTML_PAGE_SELECT2_4_4_1_2,select2_4_4_1_2,same_stem
1676,HACTION_SELECT2_4_4_1_3,HTML_PAGE_SELECT2_4_4_1_3,select2_4_4_1_3,same_stem
1677,HACTION_SELECT2_4_4_1_4,HTML_PAGE_SELECT2_4_4_1_4,select2_4_4_1_4,same_stem
1678,HACTION_SELECT2_4_4_2,HTML_PAGE_SELECT2_4_4_2,select2_4_4_2,same_stem
1679,HACTION_SELECT2_4_4_2_1,HTML_PAGE_SELECT2_4_4_2_1,select2_4_4_2_1,same_stem
1680,HACTION_SELECT2_4_4_2_2,HTML_PAGE_SELECT2_4_4_2_2,select2_4_4_2_2,same_stem
1681,HACTION_SELECT2_4_4_2_3,HTML_PAGE_SELECT2_4_4_2_3,select2_4_4_2_3,same_stem
1682,HACTION_SELECT2_4_4_2_4,HTML_PAGE_SELECT2_4_4_2_4,select2_4_4_2_4,same_stem
1683,HACTION_SELECT2_4_4_3,HTML_PAGE_SELECT2_4_4_3,select2_4_4_3,same_stem
1684,HACTION_SELECT2_4_4_3_1,HTML_PAGE_SELECT2_4_4_3_1,select2_4_4_3_1,same_stem
1685,HACTION_SELECT2_4_4_3_2,HTML_PAGE_SELECT2_4_4_3_2,select2_4_4_3_2,same_stem
1686,HACTION_SELECT2_4_4_3_3,HTML_PAGE_SELECT2_4_4_3_3,select2_4_4_3_3,same_stem
1687,HACTION_SELECT2_4_4_3_4,HTML_PAGE_SELECT2_4_4_3_4,select2_4_4_3_4,same_stem
1688,HACTION_SELECT2_4_4_4,HTML_PAGE_SELECT2_4_4_4,select2_4_4_4,same_stem
1689,HACTION_SELECT2_4_4_4_1,HTML_PAGE_SELECT2_4_4_4_1,select2_4_4_4_1,same_stem
1690,HACTION_SELECT2_4_4_4_2,HTML_PAGE_SELECT2_4_4_4_2,select2_4_4_4_2,same_stem
1691,HACTION_SELECT2_4_4_4_3,HTML_PAGE_SELECT2_4_4_4_3,select2_4_4_4_3,same_stem
1692,HACTION_SELECT2_4_4_4_4,HTML_PAGE_SELECT2_4_4_4_4,select2_4_4_4_4,same_stem
1693,HACTION_SELECT3,HTML_PAGE_SELECT3,select3,same_stem
1694,HACTION_SELECT3_1,HTML_PAGE_SELECT3_1,select3_1,same_stem
1695,HACTION_SELECT3_1_1,HTML_PAGE_SELECT3_1_1,select3_1_1,same_stem
1696,HACTION_SELECT3_1_1_1,HTML_PAGE_SELECT3_1_1_1,select3_1_1_1,same_stem
1697,HACTION_SELECT3_1_1_1_1,HTML_PAGE_SELECT3_1_1_1_1,select3_1_1_1_1,same_stem
1698,HACTION_SELECT3_1_1_1_2,HTML_PAGE_SELECT3_1_1_1_2,select3_1_1_1_2,same_stem
1699,HACTION_SELECT3_1_1_1_3,HTML_PAGE_SELECT3_1_1_1_3,select3_1_1_1_3,same_stem
1700,HACTION_SELECT3_1_1_1_4,HTML_PAGE_SELECT3_1_1_1_4,select3_1_1_1_4,same_stem
1701,HACTION_SELECT3_1_1_2,HTML_PAGE_SELECT3_1_1_2,select3_1_1_2,same_stem
1702,HACTION_SELECT3_1_1_2_1,HTML_PAGE_SELECT3_1_1_2_1,select3_1_1_2_1,same_stem
1703,HACTION_SELECT3_1_1_2_2,HTML_PAGE_SELECT3_1_1_2_2,select3_1_1_2_2,same_stem
1704,HACTION_SELECT3_1_1_2_3,HTML_PAGE_SELECT3_1_1_2_3,select3_1_1_2_3,same_stem
1705,HACTION_SELECT3_1_1_2_4,HTML_PAGE_SELECT3_1_1_2_4,select3_1_1_2_4,same_stem
1706,HACTION_SELECT3_1_1_3,HTML_PAGE_SELECT3_1_1_3,select3_1_1_3,same_stem
1707,HACTION_SELECT3_1_1_3_1,HTML_PAGE_SELECT3_1_1_3_1,select3_1_1_3_1,same_stem
1708,HACTION_SELECT3_1_1_3_2,HTML_PAGE_SELECT3_1_1_3_2,select3_1_1_3_2,same_stem
1709,HACTION_SELECT3_1_1_3_3,HTML_PAGE_SELECT3_1_1_3_3,select3_1_1_3_3,same_stem
1710,HACTION_SELECT3_1_1_3_4,HTML_PAGE_SELECT3_1_1_3_4,select3_1_1_3_4,same_stem
1711,HACTION_SELECT3_1_1_4,HTML_PAGE_SELECT3_1_1_4,select3_1_1_4,same_stem
1712,HACTION_SELECT3_1_1_4_1,HTML_PAGE_SELECT3_1_1_4_1,select3_1_1_4_1,same_stem
1713,HACTION_SELECT3_1_1_4_2,HTML_PAGE_SELECT3_1_1_4_2,select3_1_1_4_2,same_stem
1714,HACTION_SELECT3_1_1_4_3,HTML_PAGE_SELECT3_1_1_4_3,select3_1_1_4_3,same_stem
1715,HACTION_SELECT3_1_1_4_4,HTML_PAGE_SELECT3_1_1_4_4,select3_1_1_4_4,same_stem
1716,HACTION_SELECT3_1_2,HTML_PAGE_SELECT3_1_2,select3_1_2,same_stem
1717,HACTION_SELECT3_1_2_1,HTML_PAGE_SELECT3_1_2_1,select3_1_2_1,same_stem
1718,HACTION_SELECT3_1_2_1_1,HTML_PAGE_SELECT3_1_2_1_1,select3_1_2_1_1,same_stem
1719,HACTION_SELECT3_1_2_1_2,HTML_PAGE_SELECT3_1_2_1_2,select3_1_2_1_2,same_stem
1720,HACTION_SELECT3_1_2_1_3,HTML_PAGE_SELECT3_1_2_1_3,select3_1_2_1_3,same_stem
1721,HACTION_SELECT3_1_2_1_4,HTML_PAGE_SELECT3_1_2_1_4,select3_1_2_1_4,same_stem
1722,HACTION_SELECT3_1_2_2,HTML_PAGE_SELECT3_1_2_2,select3_1_2_2,same_stem
1723,HACTION_SELECT3_1_2_2_1,HTML_PAGE_SELECT3_1_2_2_1,select3_1_2_2_1,same_stem
1724,HACTION_SELECT3_1_2_2_2,HTML_PAGE_SELECT3_1_2_2_2,select3_1_2_2_2,same_stem
1725,HACTION_SELECT3_1_2_2_3,HTML_PAGE_SELECT3_1_2_2_3,select3_1_2_2_3,same_stem
1726,HACTION_SELECT3_1_2_2_4,HTML_PAGE_SELECT3_1_2_2_4,select3_1_2_2_4,same_stem
1727,HACTION_SELECT3_1_2_3,HTML_PAGE_SELECT3_1_2_3,select3_1_2_3,same_stem
1728,HACTION_SELECT3_1_2_3_1,HTML_PAGE_SELECT3_1_2_3_1,select3_1_2_3_1,same_stem
1729,HACTION_SELECT3_1_2_3_2,HTML_PAGE_SELECT3_1_2_3_2,select3_1_2_3_2,same_stem
1730,HACTION_SELECT3_1_2_3_3,HTML_PAGE_SELECT3_1_2_3_3,select3_1_2_3_3,same_stem
1731,HACTION_SELECT3_1_2_3_4,HTML_PAGE_SELECT3_1_2_3_4,select3_1_2_3_4,same_stem
1732,HACTION_SELECT3_1_2_4,HTML_PAGE_SELECT3_1_2_4,select3_1_2_4,same_stem
1733,HACTION_SELECT3_1_2_4_1,HTML_PAGE_SELECT3_1_2_4_1,select3_1_2_4_1,same_stem
1734,HACTION_SELECT3_1_2_4_2,HTML_PAGE_SELECT3_1_2_4_2,select3_1_2_4_2,same_stem
1735,HACTION_SELECT3_1_2_4_3,HTML_PAGE_SELECT3_1_2_4_3,select3_1_2_4_3,same_stem
1736,HACTION_SELECT3_1_2_4_4,HTML_PAGE_SELECT3_1_2_4_4,select3_1_2_4_4,same_stem
1737,HACTION_SELECT3_1_3,HTML_PAGE_SELECT3_1_3,select3_1_3,same_stem
1738,HACTION_SELECT3_1_3_1,HTML_PAGE_SELECT3_1_3_1,select3_1_3_1,same_stem
1739,HACTION_SELECT3_1_3_1_1,HTML_PAGE_SELECT3_1_3_1_1,select3_1_3_1_1,same_stem
1740,HACTION_SELECT3_1_3_1_2,HTML_PAGE_SELECT3_1_3_1_2,select3_1_3_1_2,same_stem
1741,HACTION_SELECT3_1_3_1_3,HTML_PAGE_SELECT3_1_3_1_3,select3_1_3_1_3,same_stem
1742,HACTION_SELECT3_1_3_1_4,HTML_PAGE_SELECT3_1_3_1_4,select3_1_3_1_4,same_stem
1743,HACTION_SELECT3_1_3_2,HTML_PAGE_SELECT3_1_3_2,select3_1_3_2,same_stem
1744,HACTION_SELECT3_1_3_2_1,HTML_PAGE_SELECT3_1_3_2_1,select3_1_3_2_1,same_stem
1745,HACTION_SELECT3_1_3_2_2,HTML_PAGE_SELECT3_1_3_2_2,select3_1_3_2_2,same_stem
1746,HACTION_SELECT3_1_3_2_3,HTML_PAGE_SELECT3_1_3_2_3,select3_1_3_2_3,same_stem
1747,HACTION_SELECT3_1_3_2_4,HTML_PAGE_SELECT3_1_3_2_4,select3_1_3_2_4,same_stem
1748,HACTION_SELECT3_1_3_3,HTML_PAGE_SELECT3_1_3_3,select3_1_3_3,same_stem
1749,HACTION_SELECT3_1_3_3_1,HTML_PAGE_SELECT3_1_3_3_1,select3_1_3_3_1,same_stem
1750,HACTION_SELECT3_1_3_3_2,HTML_PAGE_SELECT3_1_3_3_2,select3_1_3_3_2,same_stem
1751,HACTION_SELECT3_1_3_3_3,HTML_PAGE_SELECT3_1_3_3_3,select3_1_3_3_3,same_stem
1752,HACTION_SELECT3_1_3_3_4,HTML_PAGE_SELECT3_1_3_3_4,select3_1_3_3_4,same_stem
1753,HACTION_SELECT3_1_3_4,HTML_PAGE_SELECT3_1_3_4,select3_1_3_4,same_stem
1754,HACTION_SELECT3_1_3_4_1,HTML_PAGE_SELECT3_1_3_4_1,select3_1_3_4_1,same_stem
1755,HACTION_SELECT3_1_3_4_2,HTML_PAGE_SELECT3_1_3_4_2,select3_1_3_4_2,same_stem
1756,HACTION_SELECT3_1_3_4_3,HTML_PAGE_SELECT3_1_3_4_3,select3_1_3_4_3,same_stem
1757,HACTION_SELECT3_1_3_4_4,HTML_PAGE_SELECT3_1_3_4_4,select3_1_3_4_4,same_stem
1758,HACTION_SELECT3_1_4,HTML_PAGE_SELECT3_1_4,select3_1_4,same_stem
1759,HACTION_SELECT3_1_4_1,HTML_PAGE_SELECT3_1_4_1,select3_1_4_1,same_stem
1760,HACTION_SELECT3_1_4_1_1,HTML_PAGE_SELECT3_1_4_1_1,select3_1_4_1_1,same_stem
1761,HACTION_SELECT3_1_4_1_2,HTML_PAGE_SELECT3_1_4_1_2,select3_1_4_1_2,same_stem
1762,HACTION_SELECT3_1_4_1_3,HTML_PAGE_SELECT3_1_4_1_3,select3_1_4_1_3,same_stem
1763,HACTION_SELECT3_1_4_1_4,HTML_PAGE_SELECT3_1_4_1_4,select3_1_4_1_4,same_stem
1764,HACTION_SELECT3_1_4_2,HTML_PAGE_SELECT3_1_4_2,select3_1_4_2,same_stem
1765,HACTION_SELECT3_1_4_2_1,HTML_PAGE_SELECT3_1_4_2_1,select3_1_4_2_1,same_stem
1766,HACTION_SELECT3_1_4_2_2,HTML_PAGE_SELECT3_1_4_2_2,select3_1_4_2_2,same_stem
1767,HACTION_SELECT3_1_4_2_3,HTML_PAGE_SELECT3_1_4_2_3,select3_1_4_2_3,same_stem
1768,HACTION_SELECT3_1_4_2_4,HTML_PAGE_SELECT3_1_4_2_4,select3_1_4_2_4,same_stem
1769,HACTION_SELECT3_1_4_3,HTML_PAGE_SELECT3_1_4_3,select3_1_4_3,same_stem
1770,HACTION_SELECT3_1_4_3_1,HTML_PAGE_SELECT3_1_4_3_1,select3_1_4_3_1,same_stem
1771,HACTION_SELECT3_1_4_3_2,HTML_PAGE_SELECT3_1_4_3_2,select3_1_4_3_2,same_stem
1772,HACTION_SELECT3_1_4_3_3,HTML_PAGE_SELECT3_1_4_3_3,select3_1_4_3_3,same_stem
1773,HACTION_SELECT3_1_4_3_4,HTML_PAGE_SELECT3_1_4_3_4,select3_1_4_3_4,same_stem
1774,HACTION_SELECT3_1_4_4,HTML_PAGE_SELECT3_1_4_4,select3_1_4_4,same_stem
1775,HACTION_SELECT3_1_4_4_1,HTML_PAGE_SELECT3_1_4_4_1,select3_1_4_4_1,same_stem
1776,HACTION_SELECT3_1_4_4_2,HTML_PAGE_SELECT3_1_4_4_2,select3_1_4_4_2,same_stem
1777,HACTION_SELECT3_1_4_4_3,HTML_PAGE_SELECT3_1_4_4_3,select3_1_4_4_3,same_stem
1778,HACTION_SELECT3_1_4_4_4,HTML_PAGE_SELECT3_1_4_4_4,select3_1_4_4_4,same_stem
1779,HACTION_SELECT3_2,HTML_PAGE_SELECT3_2,select3_2,same_stem
1780,HACTION_SELECT3_2_1,HTML_PAGE_SELECT3_2_1,select3_2_1,same_stem
1781,HACTION_SELECT3_2_1_1,HTML_PAGE_SELECT3_2_1_1,select3_2_1_1,same_stem
1782,HACTION_SELECT3_2_1_1_1,HTML_PAGE_SELECT3_2_1_1_1,select3_2_1_1_1,same_stem
1783,HACTION_SELECT3_2_1_1_2,HTML_PAGE_SELECT3_2_1_1_2,select3_2_1_1_2,same_stem
1784,HACTION_SELECT3_2_1_1_3,HTML_PAGE_SELECT3_2_1_1_3,select3_2_1_1_3,same_stem
1785,HACTION_SELECT3_2_1_1_4,HTML_PAGE_SELECT3_2_1_1_4,select3_2_1_1_4,same_stem
1786,HACTION_SELECT3_2_1_2,HTML_PAGE_SELECT3_2_1_2,select3_2_1_2,same_stem
1787,HACTION_SELECT3_2_1_2_1,HTML_PAGE_SELECT3_2_1_2_1,select3_2_1_2_1,same_stem
1788,HACTION_SELECT3_2_1_2_2,HTML_PAGE_SELECT3_2_1_2_2,select3_2_1_2_2,same_stem
1789,HACTION_SELECT3_2_1_2_3,HTML_PAGE_SELECT3_2_1_2_3,select3_2_1_2_3,same_stem
1790,HACTION_SELECT3_2_1_2_4,HTML_PAGE_SELECT3_2_1_2_4,select3_2_1_2_4,same_stem
1791,HACTION_SELECT3_2_1_3,HTML_PAGE_SELECT3_2_1_3,select3_2_1_3,same_stem
1792,HACTION_SELECT3_2_1_3_1,HTML_PAGE_SELECT3_2_1_3_1,select3_2_1_3_1,same_stem
1793,HACTION_SELECT3_2_1_3_2,HTML_PAGE_SELECT3_2_1_3_2,select3_2_1_3_2,same_stem
1794,HACTION_SELECT3_2_1_3_3,HTML_PAGE_SELECT3_2_1_3_3,select3_2_1_3_3,same_stem
1795,HACTION_SELECT3_2_1_3_4,HTML_PAGE_SELECT3_2_1_3_4,select3_2_1_3_4,same_stem
1796,HACTION_SELECT3_2_1_4,HTML_PAGE_SELECT3_2_1_4,select3_2_1_4,same_stem
1797,HACTION_SELECT3_2_1_4_1,HTML_PAGE_SELECT3_2_1_4_1,select3_2_1_4_1,same_stem
1798,HACTION_SELECT3_2_1_4_2,HTML_PAGE_SELECT3_2_1_4_2,select3_2_1_4_2,same_stem
1799,HACTION_SELECT3_2_1_4_3,HTML_PAGE_SELECT3_2_1_4_3,select3_2_1_4_3,same_stem
1800,HACTION_SELECT3_2_1_4_4,HTML_PAGE_SELECT3_2_1_4_4,select3_2_1_4_4,same_stem
1801,HACTION_SELECT3_2_2,HTML_PAGE_SELECT3_2_2,select3_2_2,same_stem
1802,HACTION_SELECT3_2_2_1,HTML_PAGE_SELECT3_2_2_1,select3_2_2_1,same_stem
1803,HACTION_SELECT3_2_2_1_1,HTML_PAGE_SELECT3_2_2_1_1,select3_2_2_1_1,same_stem
1804,HACTION_SELECT3_2_2_1_2,HTML_PAGE_SELECT3_2_2_1_2,select3_2_2_1_2,same_stem
1805,HACTION_SELECT3_2_2_1_3,HTML_PAGE_SELECT3_2_2_1_3,select3_2_2_1_3,same_stem
1806,HACTION_SELECT3_2_2_1_4,HTML_PAGE_SELECT3_2_2_1_4,select3_2_2_1_4,same_stem
1807,HACTION_SELECT3_2_2_2,HTML_PAGE_SELECT3_2_2_2,select3_2_2_2,same_stem
1808,HACTION_SELECT3_2_2_2_1,HTML_PAGE_SELECT3_2_2_2_1,select3_2_2_2_1,same_stem
1809,HACTION_SELECT3_2_2_2_2,HTML_PAGE_SELECT3_2_2_2_2,select3_2_2_2_2,same_stem
1810,HACTION_SELECT3_2_2_2_3,HTML_PAGE_SELECT3_2_2_2_3,select3_2_2_2_3,same_stem
1811,HACTION_SELECT3_2_2_2_4,HTML_PAGE_SELECT3_2_2_2_4,select3_2_2_2_4,same_stem
1812,HACTION_SELECT3_2_2_3,HTML_PAGE_SELECT3_2_2_3,select3_2_2_3,same_stem
1813,HACTION_SELECT3_2_2_3_1,HTML_PAGE_SELECT3_2_2_3_1,select3_2_2_3_1,same_stem
1814,HACTION_SELECT3_2_2_3_2,HTML_PAGE_SELECT3_2_2_3_2,select3_2_2_3_2,same_stem
1815,HACTION_SELECT3_2_2_3_3,HTML_PAGE_SELECT3_2_2_3_3,select3_2_2_3_3,same_stem
1816,HACTION_SELECT3_2_2_3_4,HTML_PAGE_SELECT3_2_2_3_4,select3_2_2_3_4,same_stem
1817,HACTION_SELECT3_2_2_4,HTML_PAGE_SELECT3_2_2_4,select3_2_2_4,same_stem
1818,HACTION_SELECT3_2_2_4_1,HTML_PAGE_SELECT3_2_2_4_1,select3_2_2_4_1,same_stem
1819,HACTION_SELECT3_2_2_4_2,HTML_PAGE_SELECT3_2_2_4_2,select3_2_2_4_2,same_stem
1820,HACTION_SELECT3_2_2_4_3,HTML_PAGE_SELECT3_2_2_4_3,select3_2_2_4_3,same_stem
1821,HACTION_SELECT3_2_2_4_4,HTML_PAGE_SELECT3_2_2_4_4,select3_2_2_4_4,same_stem
1822,HACTION_SELECT3_2_3,HTML_PAGE_SELECT3_2_3,select3_2_3,same_stem
1823,HACTION_SELECT3_2_3_1,HTML_PAGE_SELECT3_2_3_1,select3_2_3_1,same_stem
1824,HACTION_SELECT3_2_3_1_1,HTML_PAGE_SELECT3_2_3_1_1,select3_2_3_1_1,same_stem
1825,HACTION_SELECT3_2_3_1_2,HTML_PAGE_SELECT3_2_3_1_2,select3_2_3_1_2,same_stem
1826,HACTION_SELECT3_2_3_1_3,HTML_PAGE_SELECT3_2_3_1_3,select3_2_3_1_3,same_stem
1827,HACTION_SELECT3_2_3_1_4,HTML_PAGE_SELECT3_2_3_1_4,select3_2_3_1_4,same_stem
1828,HACTION_SELECT3_2_3_2,HTML_PAGE_SELECT3_2_3_2,select3_2_3_2,same_stem
1829,HACTION_SELECT3_2_3_2_1,HTML_PAGE_SELECT3_2_3_2_1,select3_2_3_2_1,same_stem
1830,HACTION_SELECT3_2_3_2_2,HTML_PAGE_SELECT3_2_3_2_2,select3_2_3_2_2,same_stem
1831,HACTION_SELECT3_2_3_2_3,HTML_PAGE_SELECT3_2_3_2_3,select3_2_3_2_3,same_stem
1832,HACTION_SELECT3_2_3_2_4,HTML_PAGE_SELECT3_2_3_2_4,select3_2_3_2_4,same_stem
1833,HACTION_SELECT3_2_3_3,HTML_PAGE_SELECT3_2_3_3,select3_2_3_3,same_stem
1834,HACTION_SELECT3_2_3_3_1,HTML_PAGE_SELECT3_2_3_3_1,select3_2_3_3_1,same_stem
1835,HACTION_SELECT3_2_3_3_2,HTML_PAGE_SELECT3_2_3_3_2,select3_2_3_3_2,same_stem
1836,HACTION_SELECT3_2_3_3_3,HTML_PAGE_SELECT3_2_3_3_3,select3_2_3_3_3,same_stem
1837,HACTION_SELECT3_2_3_3_4,HTML_PAGE_SELECT3_2_3_3_4,select3_2_3_3_4,same_stem
1838,HACTION_SELECT3_2_3_4,HTML_PAGE_SELECT3_2_3_4,select3_2_3_4,same_stem
1839,HACTION_SELECT3_2_3_4_1,HTML_PAGE_SELECT3_2_3_4_1,select3_2_3_4_1,same_stem
1840,HACTION_SELECT3_2_3_4_2,HTML_PAGE_SELECT3_2_3_4_2,select3_2_3_4_2,same_stem
1841,HACTION_SELECT3_2_3_4_3,HTML_PAGE_SELECT3_2_3_4_3,select3_2_3_4_3,same_stem
1842,HACTION_SELECT3_2_3_4_4,HTML_PAGE_SELECT3_2_3_4_4,select3_2_3_4_4,same_stem
1843,HACTION_SELECT3_2_4,HTML_PAGE_SELECT3_2_4,select3_2_4,same_stem
1844,HACTION_SELECT3_2_4_1,HTML_PAGE_SELECT3_2_4_1,select3_2_4_1,same_stem
1845,HACTION_SELECT3_2_4_1_1,HTML_PAGE_SELECT3_2_4_1_1,select3_2_4_1_1,same_stem
1846,HACTION_SELECT3_2_4_1_2,HTML_PAGE_SELECT3_2_4_1_2,select3_2_4_1_2,same_stem
1847,HACTION_SELECT3_2_4_1_3,HTML_PAGE_SELECT3_2_4_1_3,select3_2_4_1_3,same_stem
1848,HACTION_SELECT3_2_4_1_4,HTML_PAGE_SELECT3_2_4_1_4,select3_2_4_1_4,same_stem
1849,HACTION_SELECT3_2_4_2,HTML_PAGE_SELECT3_2_4_2,select3_2_4_2,same_stem
1850,HACTION_SELECT3_2_4_2_1,HTML_PAGE_SELECT3_2_4_2_1,select3_2_4_2_1,same_stem
1851,HACTION_SELECT3_2_4_2_2,HTML_PAGE_SELECT3_2_4_2_2,select3_2_4_2_2,same_stem
1852,HACTION_SELECT3_2_4_2_3,HTML_PAGE_SELECT3_2_4_2_3,select3_2_4_2_3,same_stem
1853,HACTION_SELECT3_2_4_2_4,HTML_PAGE_SELECT3_2_4_2_4,select3_2_4_2_4,same_stem
1854,HACTION_SELECT3_2_4_3,HTML_PAGE_SELECT3_2_4_3,select3_2_4_3,same_stem
1855,HACTION_SELECT3_2_4_3_1,HTML_PAGE_SELECT3_2_4_3_1,select3_2_4_3_1,same_stem
1856,HACTION_SELECT3_2_4_3_2,HTML_PAGE_SELECT3_2_4_3_2,select3_2_4_3_2,same_stem
1857,HACTION_SELECT3_2_4_3_3,HTML_PAGE_SELECT3_2_4_3_3,select3_2_4_3_3,same_stem
1858,HACTION_SELECT3_2_4_3_4,HTML_PAGE_SELECT3_2_4_3_4,select3_2_4_3_4,same_stem
1859,HACTION_SELECT3_2_4_4,HTML_PAGE_SELECT3_2_4_4,select3_2_4_4,same_stem
1860,HACTION_SELECT3_2_4_4_1,HTML_PAGE_SELECT3_2_4_4_1,select3_2_4_4_1,same_stem
1861,HACTION_SELECT3_2_4_4_2,HTML_PAGE_SELECT3_2_4_4_2,select3_2_4_4_2,same_stem
1862,HACTION_SELECT3_2_4_4_3,HTML_PAGE_SELECT3_2_4_4_3,select3_2_4_4_3,same_stem
1863,HACTION_SELECT3_2_4_4_4,HTML_PAGE_SELECT3_2_4_4_4,select3_2_4_4_4,same_stem
1864,HACTION_SELECT3_3,HTML_PAGE_SELECT3_3,select3_3,same_stem
1865,HACTION_SELECT3_3_1,HTML_PAGE_SELECT3_3_1,select3_3_1,same_stem
1866,HACTION_SELECT3_3_1_1,HTML_PAGE_SELECT3_3_1_1,select3_3_1_1,same_stem
1867,HACTION_SELECT3_3_1_1_1,HTML_PAGE_SELECT3_3_1_1_1,select3_3_1_1_1,same_stem
1868,HACTION_SELECT3_3_1_1_2,HTML_PAGE_SELECT3_3_1_1_2,select3_3_1_1_2,same_stem
1869,HACTION_SELECT3_3_1_1_3,HTML_PAGE_SELECT3_3_1_1_3,select3_3_1_1_3,same_stem
1870,HACTION_SELECT3_3_1_1_4,HTML_PAGE_SELECT3_3_1_1_4,select3_3_1_1_4,same_stem
1871,HACTION_SELECT3_3_1_2,HTML_PAGE_SELECT3_3_1_2,select3_3_1_2,same_stem
1872,HACTION_SELECT3_3_1_2_1,HTML_PAGE_SELECT3_3_1_2_1,select3_3_1_2_1,same_stem
1873,HACTION_SELECT3_3_1_2_2,HTML_PAGE_SELECT3_3_1_2_2,select3_3_1_2_2,same_stem
1874,HACTION_SELECT3_3_1_2_3,HTML_PAGE_SELECT3_3_1_2_3,select3_3_1_2_3,same_stem
1875,HACTION_SELECT3_3_1_2_4,HTML_PAGE_SELECT3_3_1_2_4,select3_3_1_2_4,same_stem
1876,HACTION_SELECT3_3_1_3,HTML_PAGE_SELECT3_3_1_3,select3_3_1_3,same_stem
1877,HACTION_SELECT3_3_1_3_1,HTML_PAGE_SELECT3_3_1_3_1,select3_3_1_3_1,same_stem
1878,HACTION_SELECT3_3_1_3_2,HTML_PAGE_SELECT3_3_1_3_2,select3_3_1_3_2,same_stem
1879,HACTION_SELECT3_3_1_3_3,HTML_PAGE_SELECT3_3_1_3_3,select3_3_1_3_3,same_stem
1880,HACTION_SELECT3_3_1_3_4,HTML_PAGE_SELECT3_3_1_3_4,select3_3_1_3_4,same_stem
1881,HACTION_SELECT3_3_1_4,HTML_PAGE_SELECT3_3_1_4,select3_3_1_4,same_stem
1882,HACTION_SELECT3_3_1_4_1,HTML_PAGE_SELECT3_3_1_4_1,select3_3_1_4_1,same_stem
1883,HACTION_SELECT3_3_1_4_2,HTML_PAGE_SELECT3_3_1_4_2,select3_3_1_4_2,same_stem
1884,HACTION_SELECT3_3_1_4_3,HTML_PAGE_SELECT3_3_1_4_3,select3_3_1_4_3,same_stem
1885,HACTION_SELECT3_3_1_4_4,HTML_PAGE_SELECT3_3_1_4_4,select3_3_1_4_4,same_stem
1886,HACTION_SELECT3_3_2,HTML_PAGE_SELECT3_3_2,select3_3_2,same_stem
1887,HACTION_SELECT3_3_2_1,HTML_PAGE_SELECT3_3_2_1,select3_3_2_1,same_stem
1888,HACTION_SELECT3_3_2_1_1,HTML_PAGE_SELECT3_3_2_1_1,select3_3_2_1_1,same_stem
1889,HACTION_SELECT3_3_2_1_2,HTML_PAGE_SELECT3_3_2_1_2,select3_3_2_1_2,same_stem
1890,HACTION_SELECT3_3_2_1_3,HTML_PAGE_SELECT3_3_2_1_3,select3_3_2_1_3,same_stem
1891,HACTION_SELECT3_3_2_1_4,HTML_PAGE_SELECT3_3_2_1_4,select3_3_2_1_4,same_stem
1892,HACTION_SELECT3_3_2_2,HTML_PAGE_SELECT3_3_2_2,select3_3_2_2,same_stem
1893,HACTION_SELECT3_3_2_2_1,HTML_PAGE_SELECT3_3_2_2_1,select3_3_2_2_1,same_stem
1894,HACTION_SELECT3_3_2_2_2,HTML_PAGE_SELECT3_3_2_2_2,select3_3_2_2_2,same_stem
1895,HACTION_SELECT3_3_2_2_3,HTML_PAGE_SELECT3_3_2_2_3,select3_3_2_2_3,same_stem
1896,HACTION_SELECT3_3_2_2_4,HTML_PAGE_SELECT3_3_2_2_4,select3_3_2_2_4,same_stem
1897,HACTION_SELECT3_3_2_3,HTML_PAGE_SELECT3_3_2_3,select3_3_2_3,same_stem
1898,HACTION_SELECT3_3_2_3_1,HTML_PAGE_SELECT3_3_2_3_1,select3_3_2_3_1,same_stem
1899,HACTION_SELECT3_3_2_3_2,HTML_PAGE_SELECT3_3_2_3_2,select3_3_2_3_2,same_stem
1900,HACTION_SELECT3_3_2_3_3,HTML_PAGE_SELECT3_3_2_3_3,select3_3_2_3_3,same_stem
1901,HACTION_SELECT3_3_2_3_4,HTML_PAGE_SELECT3_3_2_3_4,select3_3_2_3_4,same_stem
1902,HACTION_SELECT3_3_2_4,HTML_PAGE_SELECT3_3_2_4,select3_3_2_4,same_stem
1903,HACTION_SELECT3_3_2_4_1,HTML_PAGE_SELECT3_3_2_4_1,select3_3_2_4_1,same_stem
1904,HACTION_SELECT3_3_2_4_2,HTML_PAGE_SELECT3_3_2_4_2,select3_3_2_4_2,same_stem
1905,HACTION_SELECT3_3_2_4_3,HTML_PAGE_SELECT3_3_2_4_3,select3_3_2_4_3,same_stem
1906,HACTION_SELECT3_3_2_4_4,HTML_PAGE_SELECT3_3_2_4_4,select3_3_2_4_4,same_stem
1907,HACTION_SELECT3_3_3,HTML_PAGE_SELECT3_3_3,select3_3_3,same_stem
1908,HACTION_SELECT3_3_3_1,HTML_PAGE_SELECT3_3_3_1,select3_3_3_1,same_stem
1909,HACTION_SELECT3_3_3_1_1,HTML_PAGE_SELECT3_3_3_1_1,select3_3_3_1_1,same_stem
1910,HACTION_SELECT3_3_3_1_2,HTML_PAGE_SELECT3_3_3_1_2,select3_3_3_1_2,same_stem
1911,HACTION_SELECT3_3_3_1_3,HTML_PAGE_SELECT3_3_3_1_3,select3_3_3_1_3,same_stem
1912,HACTION_SELECT3_3_3_1_4,HTML_PAGE_SELECT3_3_3_1_4,select3_3_3_1_4,same_stem
1913,HACTION_SELECT3_3_3_2,HTML_PAGE_SELECT3_3_3_2,select3_3_3_2,same_stem
1914,HACTION_SELECT3_3_3_2_1,HTML_PAGE_SELECT3_3_3_2_1,select3_3_3_2_1,same_stem
1915,HACTION_SELECT3_3_3_2_2,HTML_PAGE_SELECT3_3_3_2_2,select3_3_3_2_2,same_stem
1916,HACTION_SELECT3_3_3_2_3,HTML_PAGE_SELECT3_3_3_2_3,select3_3_3_2_3,same_stem
1917,HACTION_SELECT3_3_3_2_4,HTML_PAGE_SELECT3_3_3_2_4,select3_3_3_2_4,same_stem
1918,HACTION_SELECT3_3_3_3,HTML_PAGE_SELECT3_3_3_3,select3_3_3_3,same_stem
1919,HACTION_SELECT3_3_3_3_1,HTML_PAGE_SELECT3_3_3_3_1,select3_3_3_3_1,same_stem
1920,HACTION_SELECT3_3_3_3_2,HTML_PAGE_SELECT3_3_3_3_2,select3_3_3_3_2,same_stem
1921,HACTION_SELECT3_3_3_3_3,HTML_PAGE_SELECT3_3_3_3_3,select3_3_3_3_3,same_stem
1922,HACTION_SELECT3_3_3_3_4,HTML_PAGE_SELECT3_3_3_3_4,select3_3_3_3_4,same_stem
1923,HACTION_SELECT3_3_3_4,HTML_PAGE_SELECT3_3_3_4,select3_3_3_4,same_stem
1924,HACTION_SELECT3_3_3_4_1,HTML_PAGE_SELECT3_3_3_4_1,select3_3_3_4_1,same_stem
1925,HACTION_SELECT3_3_3_4_2,HTML_PAGE_SELECT3_3_3_4_2,select3_3_3_4_2,same_stem
1926,HACTION_SELECT3_3_3_4_3,HTML_PAGE_SELECT3_3_3_4_3,select3_3_3_4_3,same_stem
1927,HACTION_SELECT3_3_3_4_4,HTML_PAGE_SELECT3_3_3_4_4,select3_3_3_4_4,same_stem
1928,HACTION_SELECT3_3_4,HTML_PAGE_SELECT3_3_4,select3_3_4,same_stem
1929,HACTION_SELECT3_3_4_1,HTML_PAGE_SELECT3_3_4_1,select3_3_4_1,same_stem
1930,HACTION_SELECT3_3_4_1_1,HTML_PAGE_SELECT3_3_4_1_1,select3_3_4_1_1,same_stem
1931,HACTION_SELECT3_3_4_1_2,HTML_PAGE_SELECT3_3_4_1_2,select3_3_4_1_2,same_stem
1932,HACTION_SELECT3_3_4_1_3,HTML_PAGE_SELECT3_3_4_1_3,select3_3_4_1_3,same_stem
1933,HACTION_SELECT3_3_4_1_4,HTML_PAGE_SELECT3_3_4_1_4,select3_3_4_1_4,same_stem
1934,HACTION_SELECT3_3_4_2,HTML_PAGE_SELECT3_3_4_2,select3_3_4_2,same_stem
1935,HACTION_SELECT3_3_4_2_1,HTML_PAGE_SELECT3_3_4_2_1,select3_3_4_2_1,same_stem
1936,HACTION_SELECT3_3_4_2_2,HTML_PAGE_SELECT3_3_4_2_2,select3_3_4_2_2,same_stem
1937,HACTION_SELECT3_3_4_2_3,HTML_PAGE_SELECT3_3_4_2_3,select3_3_4_2_3,same_stem
1938,HACTION_SELECT3_3_4_2_4,HTML_PAGE_SELECT3_3_4_2_4,select3_3_4_2_4,same_stem
1939,HACTION_SELECT3_3_4_3,HTML_PAGE_SELECT3_3_4_3,select3_3_4_3,same_stem
1940,HACTION_SELECT3_3_4_3_1,HTML_PAGE_SELECT3_3_4_3_1,select3_3_4_3_1,same_stem
1941,HACTION_SELECT3_3_4_3_2,HTML_PAGE_SELECT3_3_4_3_2,select3_3_4_3_2,same_stem
1942,HACTION_SELECT3_3_4_3_3,HTML_PAGE_SELECT3_3_4_3_3,select3_3_4_3_3,same_stem
1943,HACTION_SELECT3_3_4_3_4,HTML_PAGE_SELECT3_3_4_3_4,select3_3_4_3_4,same_stem
1944,HACTION_SELECT3_3_4_4,HTML_PAGE_SELECT3_3_4_4,select3_3_4_4,same_stem
1945,HACTION_SELECT3_3_4_4_1,HTML_PAGE_SELECT3_3_4_4_1,select3_3_4_4_1,same_stem
1946,HACTION_SELECT3_3_4_4_2,HTML_PAGE_SELECT3_3_4_4_2,select3_3_4_4_2,same_stem
1947,HACTION_SELECT3_3_4_4_3,HTML_PAGE_SELECT3_3_4_4_3,select3_3_4_4_3,same_stem
1948,HACTION_SELECT3_3_4_4_4,HTML_PAGE_SELECT3_3_4_4_4,select3_3_4_4_4,same_stem
1949,HACTION_SELECT3_4,HTML_PAGE_SELECT3_4,select3_4,same_stem
1950,HACTION_SELECT3_4_1,HTML_PAGE_SELECT3_4_1,select3_4_1,same_stem
1951,HACTION_SELECT3_4_1_1,HTML_PAGE_SELECT3_4_1_1,select3_4_1_1,same_stem
1952,HACTION_SELECT3_4_1_1_1,HTML_PAGE_SELECT3_4_1_1_1,select3_4_1_1_1,same_stem
1953,HACTION_SELECT3_4_1_1_2,HTML_PAGE_SELECT3_4_1_1_2,select3_4_1_1_2,same_stem
1954,HACTION_SELECT3_4_1_1_3,HTML_PAGE_SELECT3_4_1_1_3,select3_4_1_1_3,same_stem
1955,HACTION_SELECT3_4_1_1_4,HTML_PAGE_SELECT3_4_1_1_4,select3_4_1_1_4,same_stem
1956,HACTION_SELECT3_4_1_2,HTML_PAGE_SELECT3_4_1_2,select3_4_1_2,same_stem
1957,HACTION_SELECT3_4_1_2_1,HTML_PAGE_SELECT3_4_1_2_1,select3_4_1_2_1,same_stem
1958,HACTION_SELECT3_4_1_2_2,HTML_PAGE_SELECT3_4_1_2_2,select3_4_1_2_2,same_stem
1959,HACTION_SELECT3_4_1_2_3,HTML_PAGE_SELECT3_4_1_2_3,select3_4_1_2_3,same_stem
1960,HACTION_SELECT3_4_1_2_4,HTML_PAGE_SELECT3_4_1_2_4,select3_4_1_2_4,same_stem
1961,HACTION_SELECT3_4_1_3,HTML_PAGE_SELECT3_4_1_3,select3_4_1_3,same_stem
1962,HACTION_SELECT3_4_1_3_1,HTML_PAGE_SELECT3_4_1_3_1,select3_4_1_3_1,same_stem
1963,HACTION_SELECT3_4_1_3_2,HTML_PAGE_SELECT3_4_1_3_2,select3_4_1_3_2,same_stem
1964,HACTION_SELECT3_4_1_3_3,HTML_PAGE_SELECT3_4_1_3_3,select3_4_1_3_3,same_stem
1965,HACTION_SELECT3_4_1_3_4,HTML_PAGE_SELECT3_4_1_3_4,select3_4_1_3_4,same_stem
1966,HACTION_SELECT3_4_1_4,HTML_PAGE_SELECT3_4_1_4,select3_4_1_4,same_stem
1967,HACTION_SELECT3_4_1_4_1,HTML_PAGE_SELECT3_4_1_4_1,select3_4_1_4_1,same_stem
1968,HACTION_SELECT3_4_1_4_2,HTML_PAGE_SELECT3_4_1_4_2,select3_4_1_4_2,same_stem
1969,HACTION_SELECT3_4_1_4_3,HTML_PAGE_SELECT3_4_1_4_3,select3_4_1_4_3,same_stem
1970,HACTION_SELECT3_4_1_4_4,HTML_PAGE_SELECT3_4_1_4_4,select3_4_1_4_4,same_stem
1971,HACTION_SELECT3_4_2,HTML_PAGE_SELECT3_4_2,select3_4_2,same_stem
1972,HACTION_SELECT3_4_2_1,HTML_PAGE_SELECT3_4_2_1,select3_4_2_1,same_stem
1973,HACTION_SELECT3_4_2_1_1,HTML_PAGE_SELECT3_4_2_1_1,select3_4_2_1_1,same_stem
1974,HACTION_SELECT3_4_2_1_2,HTML_PAGE_SELECT3_4_2_1_2,select3_4_2_1_2,same_stem
1975,HACTION_SELECT3_4_2_1_3,HTML_PAGE_SELECT3_4_2_1_3,select3_4_2_1_3,same_stem
1976,HACTION_SELECT3_4_2_1_4,HTML_PAGE_SELECT3_4_2_1_4,select3_4_2_1_4,same_stem
1977,HACTION_SELECT3_4_2_2,HTML_PAGE_SELECT3_4_2_2,select3_4_2_2,same_stem
1978,HACTION_SELECT3_4_2_2_1,HTML_PAGE_SELECT3_4_2_2_1,select3_4_2_2_1,same_stem
1979,HACTION_SELECT3_4_2_2_2,HTML_PAGE_SELECT3_4_2_2_2,select3_4_2_2_2,same_stem
1980,HACTION_SELECT3_4_2_2_3,HTML_PAGE_SELECT3_4_2_2_3,select3_4_2_2_3,same_stem
1981,HACTION_SELECT3_4_2_2_4,HTML_PAGE_SELECT3_4_2_2_4,select3_4_2_2_4,same_stem
1982,HACTION_SELECT3_4_2_3,HTML_PAGE_SELECT3_4_2_3,select3_4_2_3,same_stem
1983,HACTION_SELECT3_4_2_3_1,HTML_PAGE_SELECT3_4_2_3_1,select3_4_2_3_1,same_stem
1984,HACTION_SELECT3_4_2_3_2,HTML_PAGE_SELECT3_4_2_3_2,select3_4_2_3_2,same_stem
1985,HACTION_SELECT3_4_2_3_3,HTML_PAGE_SELECT3_4_2_3_3,select3_4_2_3_3,same_stem
1986,HACTION_SELECT3_4_2_3_4,HTML_PAGE_SELECT3_4_2_3_4,select3_4_2_3_4,same_stem
1987,HACTION_SELECT3_4_2_4,HTML_PAGE_SELECT3_4_2_4,select3_4_2_4,same_stem
1988,HACTION_SELECT3_4_2_4_1,HTML_PAGE_SELECT3_4_2_4_1,select3_4_2_4_1,same_stem
1989,HACTION_SELECT3_4_2_4_2,HTML_PAGE_SELECT3_4_2_4_2,select3_4_2_4_2,same_stem
1990,HACTION_SELECT3_4_2_4_3,HTML_PAGE_SELECT3_4_2_4_3,select3_4_2_4_3,same_stem
1991,HACTION_SELECT3_4_2_4_4,HTML_PAGE_SELECT3_4_2_4_4,select3_4_2_4_4,same_stem
1992,HACTION_SELECT3_4_3,HTML_PAGE_SELECT3_4_3,select3_4_3,same_stem
1993,HACTION_SELECT3_4_3_1,HTML_PAGE_SELECT3_4_3_1,select3_4_3_1,same_stem
1994,HACTION_SELECT3_4_3_1_1,HTML_PAGE_SELECT3_4_3_1_1,select3_4_3_1_1,same_stem
1995,HACTION_SELECT3_4_3_1_2,HTML_PAGE_SELECT3_4_3_1_2,select3_4_3_1_2,same_stem
1996,HACTION_SELECT3_4_3_1_3,HTML_PAGE_SELECT3_4_3_1_3,select3_4_3_1_3,same_stem
1997,HACTION_SELECT3_4_3_1_4,HTML_PAGE_SELECT3_4_3_1_4,select3_4_3_1_4,same_stem
1998,HACTION_SELECT3_4_3_2,HTML_PAGE_SELECT3_4_3_2,select3_4_3_2,same_stem
1999,HACTION_SELECT3_4_3_2_1,HTML_PAGE_SELECT3_4_3_2_1,select3_4_3_2_1,same_stem
2000,HACTION_SELECT3_4_3_2_2,HTML_PAGE_SELECT3_4_3_2_2,select3_4_3_2_2,same_stem
2001,HACTION_SELECT3_4_3_2_3,HTML_PAGE_SELECT3_4_3_2_3,select3_4_3_2_3,same_stem
2002,HACTION_SELECT3_4_3_2_4,HTML_PAGE_SELECT3_4_3_2_4,select3_4_3_2_4,same_stem
2003,HACTION_SELECT3_4_3_3,HTML_PAGE_SELECT3_4_3_3,select3_4_3_3,same_stem
2004,HACTION_SELECT3_4_3_3_1,HTML_PAGE_SELECT3_4_3_3_1,select3_4_3_3_1,same_stem
2005,HACTION_SELECT3_4_3_3_2,HTML_PAGE_SELECT3_4_3_3_2,select3_4_3_3_2,same_stem
2006,HACTION_SELECT3_4_3_3_3,HTML_PAGE_SELECT3_4_3_3_3,select3_4_3_3_3,same_stem
2007,HACTION_SELECT3_4_3_3_4,HTML_PAGE_SELECT3_4_3_3_4,select3_4_3_3_4,same_stem
2008,HACTION_SELECT3_4_3_4,HTML_PAGE_SELECT3_4_3_4,select3_4_3_4,same_stem
2009,HACTION_SELECT3_4_3_4_1,HTML_PAGE_SELECT3_4_3_4_1,select3_4_3_4_1,same_stem
2010,HACTION_SELECT3_4_3_4_2,HTML_PAGE_SELECT3_4_3_4_2,select3_4_3_4_2,same_stem
2011,HACTION_SELECT3_4_3_4_3,HTML_PAGE_SELECT3_4_3_4_3,select3_4_3_4_3,same_stem
2012,HACTION_SELECT3_4_3_4_4,HTML_PAGE_SELECT3_4_3_4_4,select3_4_3_4_4,same_stem
2013,HACTION_SELECT3_4_4,HTML_PAGE_SELECT3_4_4,select3_4_4,same_stem
2014,HACTION_SELECT3_4_4_1,HTML_PAGE_SELECT3_4_4_1,select3_4_4_1,same_stem
2015,HACTION_SELECT3_4_4_1_1,HTML_PAGE_SELECT3_4_4_1_1,select3_4_4_1_1,same_stem
2016,HACTION_SELECT3_4_4_1_2,HTML_PAGE_SELECT3_4_4_1_2,select3_4_4_1_2,same_stem
2017,HACTION_SELECT3_4_4_1_3,HTML_PAGE_SELECT3_4_4_1_3,select3_4_4_1_3,same_stem
2018,HACTION_SELECT3_4_4_1_4,HTML_PAGE_SELECT3_4_4_1_4,select3_4_4_1_4,same_stem
2019,HACTION_SELECT3_4_4_2,HTML_PAGE_SELECT3_4_4_2,select3_4_4_2,same_stem
2020,HACTION_SELECT3_4_4_2_1,HTML_PAGE_SELECT3_4_4_2_1,select3_4_4_2_1,same_stem
2021,HACTION_SELECT3_4_4_2_2,HTML_PAGE_SELECT3_4_4_2_2,select3_4_4_2_2,same_stem
2022,HACTION_SELECT3_4_4_2_3,HTML_PAGE_SELECT3_4_4_2_3,select3_4_4_2_3,same_stem
2023,HACTION_SELECT3_4_4_2_4,HTML_PAGE_SELECT3_4_4_2_4,select3_4_4_2_4,same_stem
2024,HACTION_SELECT3_4_4_3,HTML_PAGE_SELECT3_4_4_3,select3_4_4_3,same_stem
2025,HACTION_SELECT3_4_4_3_1,HTML_PAGE_SELECT3_4_4_3_1,select3_4_4_3_1,same_stem
2026,HACTION_SELECT3_4_4_3_2,HTML_PAGE_SELECT3_4_4_3_2,select3_4_4_3_2,same_stem
2027,HACTION_SELECT3_4_4_3_3,HTML_PAGE_SELECT3_4_4_3_3,select3_4_4_3_3,same_stem
2028,HACTION_SELECT3_4_4_3_4,HTML_PAGE_SELECT3_4_4_3_4,select3_4_4_3_4,same_stem
2029,HACTION_SELECT3_4_4_4,HTML_PAGE_SELECT3_4_4_4,select3_4_4_4,same_stem
2030,HACTION_SELECT3_4_4_4_1,HTML_PAGE_SELECT3_4_4_4_1,select3_4_4_4_1,same_stem
2031,HACTION_SELECT3_4_4_4_2,HTML_PAGE_SELECT3_4_4_4_2,select3_4_4_4_2,same_stem
2032,HACTION_SELECT3_4_4_4_3,HTML_PAGE_SELECT3_4_4_4_3,select3_4_4_4_3,same_stem
2033,HACTION_SELECT3_4_4_4_4,HTML_PAGE_SELECT3_4_4_4_4,select3_4_4_4_4,same_stem
2034,HACTION_SELECT4,HTML_PAGE_SELECT4,select4,same_stem
2035,HACTION_SELECT4_1,HTML_PAGE_SELECT4_1,select4_1,same_stem
2036,HACTION_SELECT4_1_1,HTML_PAGE_SELECT4_1_1,select4_1_1,same_stem
2037,HACTION_SELECT4_1_1_1,HTML_PAGE_SELECT4_1_1_1,select4_1_1_1,same_stem
2038,HACTION_SELECT4_1_1_1_1,HTML_PAGE_SELECT4_1_1_1_1,select4_1_1_1_1,same_stem
2039,HACTION_SELECT4_1_1_1_2,HTML_PAGE_SELECT4_1_1_1_2,select4_1_1_1_2,same_stem
2040,HACTION_SELECT4_1_1_1_3,HTML_PAGE_SELECT4_1_1_1_3,select4_1_1_1_3,same_stem
2041,HACTION_SELECT4_1_1_1_4,HTML_PAGE_SELECT4_1_1_1_4,select4_1_1_1_4,same_stem
2042,HACTION_SELECT4_1_1_2,HTML_PAGE_SELECT4_1_1_2,select4_1_1_2,same_stem
2043,HACTION_SELECT4_1_1_2_1,HTML_PAGE_SELECT4_1_1_2_1,select4_1_1_2_1,same_stem
2044,HACTION_SELECT4_1_1_2_2,HTML_PAGE_SELECT4_1_1_2_2,select4_1_1_2_2,same_stem
2045,HACTION_SELECT4_1_1_2_3,HTML_PAGE_SELECT4_1_1_2_3,select4_1_1_2_3,same_stem
2046,HACTION_SELECT4_1_1_2_4,HTML_PAGE_SELECT4_1_1_2_4,select4_1_1_2_4,same_stem
2047,HACTION_SELECT4_1_1_3,HTML_PAGE_SELECT4_1_1_3,select4_1_1_3,same_stem
2048,HACTION_SELECT4_1_1_3_1,HTML_PAGE_SELECT4_1_1_3_1,select4_1_1_3_1,same_stem
2049,HACTION_SELECT4_1_1_3_2,HTML_PAGE_SELECT4_1_1_3_2,select4_1_1_3_2,same_stem
2050,HACTION_SELECT4_1_1_3_3,HTML_PAGE_SELECT4_1_1_3_3,select4_1_1_3_3,same_stem
2051,HACTION_SELECT4_1_1_3_4,HTML_PAGE_SELECT4_1_1_3_4,select4_1_1_3_4,same_stem
2052,HACTION_SELECT4_1_1_4,HTML_PAGE_SELECT4_1_1_4,select4_1_1_4,same_stem
2053,HACTION_SELECT4_1_1_4_1,HTML_PAGE_SELECT4_1_1_4_1,select4_1_1_4_1,same_stem
2054,HACTION_SELECT4_1_1_4_2,HTML_PAGE_SELECT4_1_1_4_2,select4_1_1_4_2,same_stem
2055,HACTION_SELECT4_1_1_4_3,HTML_PAGE_SELECT4_1_1_4_3,select4_1_1_4_3,same_stem
2056,HACTION_SELECT4_1_1_4_4,HTML_PAGE_SELECT4_1_1_4_4,select4_1_1_4_4,same_stem
2057,HACTION_SELECT4_1_2,HTML_PAGE_SELECT4_1_2,select4_1_2,same_stem
2058,HACTION_SELECT4_1_2_1,HTML_PAGE_SELECT4_1_2_1,select4_1_2_1,same_stem
2059,HACTION_SELECT4_1_2_1_1,HTML_PAGE_SELECT4_1_2_1_1,select4_1_2_1_1,same_stem
2060,HACTION_SELECT4_1_2_1_2,HTML_PAGE_SELECT4_1_2_1_2,select4_1_2_1_2,same_stem
2061,HACTION_SELECT4_1_2_1_3,HTML_PAGE_SELECT4_1_2_1_3,select4_1_2_1_3,same_stem
2062,HACTION_SELECT4_1_2_1_4,HTML_PAGE_SELECT4_1_2_1_4,select4_1_2_1_4,same_stem
2063,HACTION_SELECT4_1_2_2,HTML_PAGE_SELECT4_1_2_2,select4_1_2_2,same_stem
2064,HACTION_SELECT4_1_2_2_1,HTML_PAGE_SELECT4_1_2_2_1,select4_1_2_2_1,same_stem
2065,HACTION_SELECT4_1_2_2_2,HTML_PAGE_SELECT4_1_2_2_2,select4_1_2_2_2,same_stem
2066,HACTION_SELECT4_1_2_2_3,HTML_PAGE_SELECT4_1_2_2_3,select4_1_2_2_3,same_stem
2067,HACTION_SELECT4_1_2_2_4,HTML_PAGE_SELECT4_1_2_2_4,select4_1_2_2_4,same_stem
2068,HACTION_SELECT4_1_2_3,HTML_PAGE_SELECT4_1_2_3,select4_1_2_3,same_stem
2069,HACTION_SELECT4_1_2_3_1,HTML_PAGE_SELECT4_1_2_3_1,select4_1_2_3_1,same_stem
2070,HACTION_SELECT4_1_2_3_2,HTML_PAGE_SELECT4_1_2_3_2,select4_1_2_3_2,same_stem
2071,HACTION_SELECT4_1_2_3_3,HTML_PAGE_SELECT4_1_2_3_3,select4_1_2_3_3,same_stem
2072,HACTION_SELECT4_1_2_3_4,HTML_PAGE_SELECT4_1_2_3_4,select4_1_2_3_4,same_stem
2073,HACTION_SELECT4_1_2_4,HTML_PAGE_SELECT4_1_2_4,select4_1_2_4,same_stem
2074,HACTION_SELECT4_1_2_4_1,HTML_PAGE_SELECT4_1_2_4_1,select4_1_2_4_1,same_stem
2075,HACTION_SELECT4_1_2_4_2,HTML_PAGE_SELECT4_1_2_4_2,select4_1_2_4_2,same_stem
2076,HACTION_SELECT4_1_2_4_3,HTML_PAGE_SELECT4_1_2_4_3,select4_1_2_4_3,same_stem
2077,HACTION_SELECT4_1_2_4_4,HTML_PAGE_SELECT4_1_2_4_4,select4_1_2_4_4,same_stem
2078,HACTION_SELECT4_1_3,HTML_PAGE_SELECT4_1_3,select4_1_3,same_stem
2079,HACTION_SELECT4_1_3_1,HTML_PAGE_SELECT4_1_3_1,select4_1_3_1,same_stem
2080,HACTION_SELECT4_1_3_1_1,HTML_PAGE_SELECT4_1_3_1_1,select4_1_3_1_1,same_stem
2081,HACTION_SELECT4_1_3_1_2,HTML_PAGE_SELECT4_1_3_1_2,select4_1_3_1_2,same_stem
2082,HACTION_SELECT4_1_3_1_3,HTML_PAGE_SELECT4_1_3_1_3,select4_1_3_1_3,same_stem
2083,HACTION_SELECT4_1_3_1_4,HTML_PAGE_SELECT4_1_3_1_4,select4_1_3_1_4,same_stem
2084,HACTION_SELECT4_1_3_2,HTML_PAGE_SELECT4_1_3_2,select4_1_3_2,same_stem
2085,HACTION_SELECT4_1_3_2_1,HTML_PAGE_SELECT4_1_3_2_1,select4_1_3_2_1,same_stem
2086,HACTION_SELECT4_1_3_2_2,HTML_PAGE_SELECT4_1_3_2_2,select4_1_3_2_2,same_stem
2087,HACTION_SELECT4_1_3_2_3,HTML_PAGE_SELECT4_1_3_2_3,select4_1_3_2_3,same_stem
2088,HACTION_SELECT4_1_3_2_4,HTML_PAGE_SELECT4_1_3_2_4,select4_1_3_2_4,same_stem
2089,HACTION_SELECT4_1_3_3,HTML_PAGE_SELECT4_1_3_3,select4_1_3_3,same_stem
2090,HACTION_SELECT4_1_3_3_1,HTML_PAGE_SELECT4_1_3_3_1,select4_1_3_3_1,same_stem
2091,HACTION_SELECT4_1_3_3_2,HTML_PAGE_SELECT4_1_3_3_2,select4_1_3_3_2,same_stem
2092,HACTION_SELECT4_1_3_3_3,HTML_PAGE_SELECT4_1_3_3_3,select4_1_3_3_3,same_stem
2093,HACTION_SELECT4_1_3_3_4,HTML_PAGE_SELECT4_1_3_3_4,select4_1_3_3_4,same_stem
2094,HACTION_SELECT4_1_3_4,HTML_PAGE_SELECT4_1_3_4,select4_1_3_4,same_stem
2095,HACTION_SELECT4_1_3_4_1,HTML_PAGE_SELECT4_1_3_4_1,select4_1_3_4_1,same_stem
2096,HACTION_SELECT4_1_3_4_2,HTML_PAGE_SELECT4_1_3_4_2,select4_1_3_4_2,same_stem
2097,HACTION_SELECT4_1_3_4_3,HTML_PAGE_SELECT4_1_3_4_3,select4_1_3_4_3,same_stem
2098,HACTION_SELECT4_1_3_4_4,HTML_PAGE_SELECT4_1_3_4_4,select4_1_3_4_4,same_stem
2099,HACTION_SELECT4_1_4,HTML_PAGE_SELECT4_1_4,select4_1_4,same_stem
2100,HACTION_SELECT4_1_4_1,HTML_PAGE_SELECT4_1_4_1,select4_1_4_1,same_stem
2101,HACTION_SELECT4_1_4_1_1,HTML_PAGE_SELECT4_1_4_1_1,select4_1_4_1_1,same_stem
2102,HACTION_SELECT4_1_4_1_2,HTML_PAGE_SELECT4_1_4_1_2,select4_1_4_1_2,same_stem
2103,HACTION_SELECT4_1_4_1_3,HTML_PAGE_SELECT4_1_4_1_3,select4_1_4_1_3,same_stem
2104,HACTION_SELECT4_1_4_1_4,HTML_PAGE_SELECT4_1_4_1_4,select4_1_4_1_4,same_stem
2105,HACTION_SELECT4_1_4_2,HTML_PAGE_SELECT4_1_4_2,select4_1_4_2,same_stem
2106,HACTION_SELECT4_1_4_2_1,HTML_PAGE_SELECT4_1_4_2_1,select4_1_4_2_1,same_stem
2107,HACTION_SELECT4_1_4_2_2,HTML_PAGE_SELECT4_1_4_2_2,select4_1_4_2_2,same_stem
2108,HACTION_SELECT4_1_4_2_3,HTML_PAGE_SELECT4_1_4_2_3,select4_1_4_2_3,same_stem
2109,HACTION_SELECT4_1_4_2_4,HTML_PAGE_SELECT4_1_4_2_4,select4_1_4_2_4,same_stem
2110,HACTION_SELECT4_1_4_3,HTML_PAGE_SELECT4_1_4_3,select4_1_4_3,same_stem
2111,HACTION_SELECT4_1_4_3_1,HTML_PAGE_SELECT4_1_4_3_1,select4_1_4_3_1,same_stem
2112,HACTION_SELECT4_1_4_3_2,HTML_PAGE_SELECT4_1_4_3_2,select4_1_4_3_2,same_stem
2113,HACTION_SELECT4_1_4_3_3,HTML_PAGE_SELECT4_1_4_3_3,select4_1_4_3_3,same_stem
2114,HACTION_SELECT4_1_4_3_4,HTML_PAGE_SELECT4_1_4_3_4,select4_1_4_3_4,same_stem
2115,HACTION_SELECT4_1_4_4,HTML_PAGE_SELECT4_1_4_4,select4_1_4_4,same_stem
2116,HACTION_SELECT4_1_4_4_1,HTML_PAGE_SELECT4_1_4_4_1,select4_1_4_4_1,same_stem
2117,HACTION_SELECT4_1_4_4_2,HTML_PAGE_SELECT4_1_4_4_2,select4_1_4_4_2,same_stem
2118,HACTION_SELECT4_1_4_4_3,HTML_PAGE_SELECT4_1_4_4_3,select4_1_4_4_3,same_stem
2119,HACTION_SELECT4_1_4_4_4,HTML_PAGE_SELECT4_1_4_4_4,select4_1_4_4_4,same_stem
2120,HACTION_SELECT4_2,HTML_PAGE_SELECT4_2,select4_2,same_stem
2121,HACTION_SELECT4_2_1,HTML_PAGE_SELECT4_2_1,select4_2_1,same_stem
2122,HACTION_SELECT4_2_1_1,HTML_PAGE_SELECT4_2_1_1,select4_2_1_1,same_stem
2123,HACTION_SELECT4_2_1_1_1,HTML_PAGE_SELECT4_2_1_1_1,select4_2_1_1_1,same_stem
2124,HACTION_SELECT4_2_1_1_2,HTML_PAGE_SELECT4_2_1_1_2,select4_2_1_1_2,same_stem
2125,HACTION_SELECT4_2_1_1_3,HTML_PAGE_SELECT4_2_1_1_3,select4_2_1_1_3,same_stem
2126,HACTION_SELECT4_2_1_1_4,HTML_PAGE_SELECT4_2_1_1_4,select4_2_1_1_4,same_stem
2127,HACTION_SELECT4_2_1_2,HTML_PAGE_SELECT4_2_1_2,select4_2_1_2,same_stem
2128,HACTION_SELECT4_2_1_2_1,HTML_PAGE_SELECT4_2_1_2_1,select4_2_1_2_1,same_stem
2129,HACTION_SELECT4_2_1_2_2,HTML_PAGE_SELECT4_2_1_2_2,select4_2_1_2_2,same_stem
2130,HACTION_SELECT4_2_1_2_3,HTML_PAGE_SELECT4_2_1_2_3,select4_2_1_2_3,same_stem
2131,HACTION_SELECT4_2_1_2_4,HTML_PAGE_SELECT4_2_1_2_4,select4_2_1_2_4,same_stem
2132,HACTION_SELECT4_2_1_3,HTML_PAGE_SELECT4_2_1_3,select4_2_1_3,same_stem
2133,HACTION_SELECT4_2_1_3_1,HTML_PAGE_SELECT4_2_1_3_1,select4_2_1_3_1,same_stem
2134,HACTION_SELECT4_2_1_3_2,HTML_PAGE_SELECT4_2_1_3_2,select4_2_1_3_2,same_stem
2135,HACTION_SELECT4_2_1_3_3,HTML_PAGE_SELECT4_2_1_3_3,select4_2_1_3_3,same_stem
2136,HACTION_SELECT4_2_1_3_4,HTML_PAGE_SELECT4_2_1_3_4,select4_2_1_3_4,same_stem
2137,HACTION_SELECT4_2_1_4,HTML_PAGE_SELECT4_2_1_4,select4_2_1_4,same_stem
2138,HACTION_SELECT4_2_1_4_1,HTML_PAGE_SELECT4_2_1_4_1,select4_2_1_4_1,same_stem
2139,HACTION_SELECT4_2_1_4_2,HTML_PAGE_SELECT4_2_1_4_2,select4_2_1_4_2,same_stem
2140,HACTION_SELECT4_2_1_4_3,HTML_PAGE_SELECT4_2_1_4_3,select4_2_1_4_3,same_stem
2141,HACTION_SELECT4_2_1_4_4,HTML_PAGE_SELECT4_2_1_4_4,select4_2_1_4_4,same_stem
2142,HACTION_SELECT4_2_2,HTML_PAGE_SELECT4_2_2,select4_2_2,same_stem
2143,HACTION_SELECT4_2_2_1,HTML_PAGE_SELECT4_2_2_1,select4_2_2_1,same_stem
2144,HACTION_SELECT4_2_2_1_1,HTML_PAGE_SELECT4_2_2_1_1,select4_2_2_1_1,same_stem
2145,HACTION_SELECT4_2_2_1_2,HTML_PAGE_SELECT4_2_2_1_2,select4_2_2_1_2,same_stem
2146,HACTION_SELECT4_2_2_1_3,HTML_PAGE_SELECT4_2_2_1_3,select4_2_2_1_3,same_stem
2147,HACTION_SELECT4_2_2_1_4,HTML_PAGE_SELECT4_2_2_1_4,select4_2_2_1_4,same_stem
2148,HACTION_SELECT4_2_2_2,HTML_PAGE_SELECT4_2_2_2,select4_2_2_2,same_stem
2149,HACTION_SELECT4_2_2_2_1,HTML_PAGE_SELECT4_2_2_2_1,select4_2_2_2_1,same_stem
2150,HACTION_SELECT4_2_2_2_2,HTML_PAGE_SELECT4_2_2_2_2,select4_2_2_2_2,same_stem
2151,HACTION_SELECT4_2_2_2_3,HTML_PAGE_SELECT4_2_2_2_3,select4_2_2_2_3,same_stem
2152,HACTION_SELECT4_2_2_2_4,HTML_PAGE_SELECT4_2_2_2_4,select4_2_2_2_4,same_stem
2153,HACTION_SELECT4_2_2_3,HTML_PAGE_SELECT4_2_2_3,select4_2_2_3,same_stem
2154,HACTION_SELECT4_2_2_3_1,HTML_PAGE_SELECT4_2_2_3_1,select4_2_2_3_1,same_stem
2155,HACTION_SELECT4_2_2_3_2,HTML_PAGE_SELECT4_2_2_3_2,select4_2_2_3_2,same_stem
2156,HACTION_SELECT4_2_2_3_3,HTML_PAGE_SELECT4_2_2_3_3,select4_2_2_3_3,same_stem
2157,HACTION_SELECT4_2_2_3_4,HTML_PAGE_SELECT4_2_2_3_4,select4_2_2_3_4,same_stem
2158,HACTION_SELECT4_2_2_4,HTML_PAGE_SELECT4_2_2_4,select4_2_2_4,same_stem
2159,HACTION_SELECT4_2_2_4_1,HTML_PAGE_SELECT4_2_2_4_1,select4_2_2_4_1,same_stem
2160,HACTION_SELECT4_2_2_4_2,HTML_PAGE_SELECT4_2_2_4_2,select4_2_2_4_2,same_stem
2161,HACTION_SELECT4_2_2_4_3,HTML_PAGE_SELECT4_2_2_4_3,select4_2_2_4_3,same_stem
2162,HACTION_SELECT4_2_2_4_4,HTML_PAGE_SELECT4_2_2_4_4,select4_2_2_4_4,same_stem
2163,HACTION_SELECT4_2_3,HTML_PAGE_SELECT4_2_3,select4_2_3,same_stem
2164,HACTION_SELECT4_2_3_1,HTML_PAGE_SELECT4_2_3_1,select4_2_3_1,same_stem
2165,HACTION_SELECT4_2_3_1_1,HTML_PAGE_SELECT4_2_3_1_1,select4_2_3_1_1,same_stem
2166,HACTION_SELECT4_2_3_1_2,HTML_PAGE_SELECT4_2_3_1_2,select4_2_3_1_2,same_stem
2167,HACTION_SELECT4_2_3_1_3,HTML_PAGE_SELECT4_2_3_1_3,select4_2_3_1_3,same_stem
2168,HACTION_SELECT4_2_3_1_4,HTML_PAGE_SELECT4_2_3_1_4,select4_2_3_1_4,same_stem
2169,HACTION_SELECT4_2_3_2,HTML_PAGE_SELECT4_2_3_2,select4_2_3_2,same_stem
2170,HACTION_SELECT4_2_3_2_1,HTML_PAGE_SELECT4_2_3_2_1,select4_2_3_2_1,same_stem
2171,HACTION_SELECT4_2_3_2_2,HTML_PAGE_SELECT4_2_3_2_2,select4_2_3_2_2,same_stem
2172,HACTION_SELECT4_2_3_2_3,HTML_PAGE_SELECT4_2_3_2_3,select4_2_3_2_3,same_stem
2173,HACTION_SELECT4_2_3_2_4,HTML_PAGE_SELECT4_2_3_2_4,select4_2_3_2_4,same_stem
2174,HACTION_SELECT4_2_3_3,HTML_PAGE_SELECT4_2_3_3,select4_2_3_3,same_stem
2175,HACTION_SELECT4_2_3_3_1,HTML_PAGE_SELECT4_2_3_3_1,select4_2_3_3_1,same_stem
2176,HACTION_SELECT4_2_3_3_2,HTML_PAGE_SELECT4_2_3_3_2,select4_2_3_3_2,same_stem
2177,HACTION_SELECT4_2_3_3_3,HTML_PAGE_SELECT4_2_3_3_3,select4_2_3_3_3,same_stem
2178,HACTION_SELECT4_2_3_3_4,HTML_PAGE_SELECT4_2_3_3_4,select4_2_3_3_4,same_stem
2179,HACTION_SELECT4_2_3_4,HTML_PAGE_SELECT4_2_3_4,select4_2_3_4,same_stem
2180,HACTION_SELECT4_2_3_4_1,HTML_PAGE_SELECT4_2_3_4_1,select4_2_3_4_1,same_stem
2181,HACTION_SELECT4_2_3_4_2,HTML_PAGE_SELECT4_2_3_4_2,select4_2_3_4_2,same_stem
2182,HACTION_SELECT4_2_3_4_3,HTML_PAGE_SELECT4_2_3_4_3,select4_2_3_4_3,same_stem
2183,HACTION_SELECT4_2_3_4_4,HTML_PAGE_SELECT4_2_3_4_4,select4_2_3_4_4,same_stem
2184,HACTION_SELECT4_2_4,HTML_PAGE_SELECT4_2_4,select4_2_4,same_stem
2185,HACTION_SELECT4_2_4_1,HTML_PAGE_SELECT4_2_4_1,select4_2_4_1,same_stem
2186,HACTION_SELECT4_2_4_1_1,HTML_PAGE_SELECT4_2_4_1_1,select4_2_4_1_1,same_stem
2187,HACTION_SELECT4_2_4_1_2,HTML_PAGE_SELECT4_2_4_1_2,select4_2_4_1_2,same_stem
2188,HACTION_SELECT4_2_4_1_3,HTML_PAGE_SELECT4_2_4_1_3,select4_2_4_1_3,same_stem
2189,HACTION_SELECT4_2_4_1_4,HTML_PAGE_SELECT4_2_4_1_4,select4_2_4_1_4,same_stem
2190,HACTION_SELECT4_2_4_2,HTML_PAGE_SELECT4_2_4_2,select4_2_4_2,same_stem
2191,HACTION_SELECT4_2_4_2_1,HTML_PAGE_SELECT4_2_4_2_1,select4_2_4_2_1,same_stem
2192,HACTION_SELECT4_2_4_2_2,HTML_PAGE_SELECT4_2_4_2_2,select4_2_4_2_2,same_stem
2193,HACTION_SELECT4_2_4_2_3,HTML_PAGE_SELECT4_2_4_2_3,select4_2_4_2_3,same_stem
2194,HACTION_SELECT4_2_4_2_4,HTML_PAGE_SELECT4_2_4_2_4,select4_2_4_2_4,same_stem
2195,HACTION_SELECT4_2_4_3,HTML_PAGE_SELECT4_2_4_3,select4_2_4_3,same_stem
2196,HACTION_SELECT4_2_4_3_1,HTML_PAGE_SELECT4_2_4_3_1,select4_2_4_3_1,same_stem
2197,HACTION_SELECT4_2_4_3_2,HTML_PAGE_SELECT4_2_4_3_2,select4_2_4_3_2,same_stem
2198,HACTION_SELECT4_2_4_3_3,HTML_PAGE_SELECT4_2_4_3_3,select4_2_4_3_3,same_stem
2199,HACTION_SELECT4_2_4_3_4,HTML_PAGE_SELECT4_2_4_3_4,select4_2_4_3_4,same_stem
2200,HACTION_SELECT4_2_4_4,HTML_PAGE_SELECT4_2_4_4,select4_2_4_4,same_stem
2201,HACTION_SELECT4_2_4_4_1,HTML_PAGE_SELECT4_2_4_4_1,select4_2_4_4_1,same_stem
2202,HACTION_SELECT4_2_4_4_2,HTML_PAGE_SELECT4_2_4_4_2,select4_2_4_4_2,same_stem
2203,HACTION_SELECT4_2_4_4_3,HTML_PAGE_SELECT4_2_4_4_3,select4_2_4_4_3,same_stem
2204,HACTION_SELECT4_2_4_4_4,HTML_PAGE_SELECT4_2_4_4_4,select4_2_4_4_4,same_stem
2205,HACTION_SELECT4_3,HTML_PAGE_SELECT4_3,select4_3,same_stem
2206,HACTION_SELECT4_3_1,HTML_PAGE_SELECT4_3_1,select4_3_1,same_stem
2207,HACTION_SELECT4_3_1_1,HTML_PAGE_SELECT4_3_1_1,select4_3_1_1,same_stem
2208,HACTION_SELECT4_3_1_1_1,HTML_PAGE_SELECT4_3_1_1_1,select4_3_1_1_1,same_stem
2209,HACTION_SELECT4_3_1_1_2,HTML_PAGE_SELECT4_3_1_1_2,select4_3_1_1_2,same_stem
2210,HACTION_SELECT4_3_1_1_3,HTML_PAGE_SELECT4_3_1_1_3,select4_3_1_1_3,same_stem
2211,HACTION_SELECT4_3_1_1_4,HTML_PAGE_SELECT4_3_1_1_4,select4_3_1_1_4,same_stem
2212,HACTION_SELECT4_3_1_2,HTML_PAGE_SELECT4_3_1_2,select4_3_1_2,same_stem
2213,HACTION_SELECT4_3_1_2_1,HTML_PAGE_SELECT4_3_1_2_1,select4_3_1_2_1,same_stem
2214,HACTION_SELECT4_3_1_2_2,HTML_PAGE_SELECT4_3_1_2_2,select4_3_1_2_2,same_stem
2215,HACTION_SELECT4_3_1_2_3,HTML_PAGE_SELECT4_3_1_2_3,select4_3_1_2_3,same_stem
2216,HACTION_SELECT4_3_1_2_4,HTML_PAGE_SELECT4_3_1_2_4,select4_3_1_2_4,same_stem
2217,HACTION_SELECT4_3_1_3,HTML_PAGE_SELECT4_3_1_3,select4_3_1_3,same_stem
2218,HACTION_SELECT4_3_1_3_1,HTML_PAGE_SELECT4_3_1_3_1,select4_3_1_3_1,same_stem
2219,HACTION_SELECT4_3_1_3_2,HTML_PAGE_SELECT4_3_1_3_2,select4_3_1_3_2,same_stem
2220,HACTION_SELECT4_3_1_3_3,HTML_PAGE_SELECT4_3_1_3_3,select4_3_1_3_3,same_stem
2221,HACTION_SELECT4_3_1_3_4,HTML_PAGE_SELECT4_3_1_3_4,select4_3_1_3_4,same_stem
2222,HACTION_SELECT4_3_1_4,HTML_PAGE_SELECT4_3_1_4,select4_3_1_4,same_stem
2223,HACTION_SELECT4_3_1_4_1,HTML_PAGE_SELECT4_3_1_4_1,select4_3_1_4_1,same_stem
2224,HACTION_SELECT4_3_1_4_2,HTML_PAGE_SELECT4_3_1_4_2,select4_3_1_4_2,same_stem
2225,HACTION_SELECT4_3_1_4_3,HTML_PAGE_SELECT4_3_1_4_3,select4_3_1_4_3,same_stem
2226,HACTION_SELECT4_3_1_4_4,HTML_PAGE_SELECT4_3_1_4_4,select4_3_1_4_4,same_stem
2227,HACTION_SELECT4_3_2,HTML_PAGE_SELECT4_3_2,select4_3_2,same_stem
2228,HACTION_SELECT4_3_2_1,HTML_PAGE_SELECT4_3_2_1,select4_3_2_1,same_stem
2229,HACTION_SELECT4_3_2_1_1,HTML_PAGE_SELECT4_3_2_1_1,select4_3_2_1_1,same_stem
2230,HACTION_SELECT4_3_2_1_2,HTML_PAGE_SELECT4_3_2_1_2,select4_3_2_1_2,same_stem
2231,HACTION_SELECT4_3_2_1_3,HTML_PAGE_SELECT4_3_2_1_3,select4_3_2_1_3,same_stem
2232,HACTION_SELECT4_3_2_1_4,HTML_PAGE_SELECT4_3_2_1_4,select4_3_2_1_4,same_stem
2233,HACTION_SELECT4_3_2_2,HTML_PAGE_SELECT4_3_2_2,select4_3_2_2,same_stem
2234,HACTION_SELECT4_3_2_2_1,HTML_PAGE_SELECT4_3_2_2_1,select4_3_2_2_1,same_stem
2235,HACTION_SELECT4_3_2_2_2,HTML_PAGE_SELECT4_3_2_2_2,select4_3_2_2_2,same_stem
2236,HACTION_SELECT4_3_2_2_3,HTML_PAGE_SELECT4_3_2_2_3,select4_3_2_2_3,same_stem
2237,HACTION_SELECT4_3_2_2_4,HTML_PAGE_SELECT4_3_2_2_4,select4_3_2_2_4,same_stem
2238,HACTION_SELECT4_3_2_3,HTML_PAGE_SELECT4_3_2_3,select4_3_2_3,same_stem
2239,HACTION_SELECT4_3_2_3_1,HTML_PAGE_SELECT4_3_2_3_1,select4_3_2_3_1,same_stem
2240,HACTION_SELECT4_3_2_3_2,HTML_PAGE_SELECT4_3_2_3_2,select4_3_2_3_2,same_stem
2241,HACTION_SELECT4_3_2_3_3,HTML_PAGE_SELECT4_3_2_3_3,select4_3_2_3_3,same_stem
2242,HACTION_SELECT4_3_2_3_4,HTML_PAGE_SELECT4_3_2_3_4,select4_3_2_3_4,same_stem
2243,HACTION_SELECT4_3_2_4,HTML_PAGE_SELECT4_3_2_4,select4_3_2_4,same_stem
2244,HACTION_SELECT4_3_2_4_1,HTML_PAGE_SELECT4_3_2_4_1,select4_3_2_4_1,same_stem
2245,HACTION_SELECT4_3_2_4_2,HTML_PAGE_SELECT4_3_2_4_2,select4_3_2_4_2,same_stem
2246,HACTION_SELECT4_3_2_4_3,HTML_PAGE_SELECT4_3_2_4_3,select4_3_2_4_3,same_stem
2247,HACTION_SELECT4_3_2_4_4,HTML_PAGE_SELECT4_3_2_4_4,select4_3_2_4_4,same_stem
2248,HACTION_SELECT4_3_3,HTML_PAGE_SELECT4_3_3,select4_3_3,same_stem
2249,HACTION_SELECT4_3_3_1,HTML_PAGE_SELECT4_3_3_1,select4_3_3_1,same_stem
2250,HACTION_SELECT4_3_3_1_1,HTML_PAGE_SELECT4_3_3_1_1,select4_3_3_1_1,same_stem
2251,HACTION_SELECT4_3_3_1_2,HTML_PAGE_SELECT4_3_3_1_2,select4_3_3_1_2,same_stem
2252,HACTION_SELECT4_3_3_1_3,HTML_PAGE_SELECT4_3_3_1_3,select4_3_3_1_3,same_stem
2253,HACTION_SELECT4_3_3_1_4,HTML_PAGE_SELECT4_3_3_1_4,select4_3_3_1_4,same_stem
2254,HACTION_SELECT4_3_3_2,HTML_PAGE_SELECT4_3_3_2,select4_3_3_2,same_stem
2255,HACTION_SELECT4_3_3_2_1,HTML_PAGE_SELECT4_3_3_2_1,select4_3_3_2_1,same_stem
2256,HACTION_SELECT4_3_3_2_2,HTML_PAGE_SELECT4_3_3_2_2,select4_3_3_2_2,same_stem
2257,HACTION_SELECT4_3_3_2_3,HTML_PAGE_SELECT4_3_3_2_3,select4_3_3_2_3,same_stem
2258,HACTION_SELECT4_3_3_2_4,HTML_PAGE_SELECT4_3_3_2_4,select4_3_3_2_4,same_stem
2259,HACTION_SELECT4_3_3_3,HTML_PAGE_SELECT4_3_3_3,select4_3_3_3,same_stem
2260,HACTION_SELECT4_3_3_3_1,HTML_PAGE_SELECT4_3_3_3_1,select4_3_3_3_1,same_stem
2261,HACTION_SELECT4_3_3_3_2,HTML_PAGE_SELECT4_3_3_3_2,select4_3_3_3_2,same_stem
2262,HACTION_SELECT4_3_3_3_3,HTML_PAGE_SELECT4_3_3_3_3,select4_3_3_3_3,same_stem
2263,HACTION_SELECT4_3_3_3_4,HTML_PAGE_SELECT4_3_3_3_4,select4_3_3_3_4,same_stem
2264,HACTION_SELECT4_3_3_4,HTML_PAGE_SELECT4_3_3_4,select4_3_3_4,same_stem
2265,HACTION_SELECT4_3_3_4_1,HTML_PAGE_SELECT4_3_3_4_1,select4_3_3_4_1,same_stem
2266,HACTION_SELECT4_3_3_4_2,HTML_PAGE_SELECT4_3_3_4_2,select4_3_3_4_2,same_stem
2267,HACTION_SELECT4_3_3_4_3,HTML_PAGE_SELECT4_3_3_4_3,select4_3_3_4_3,same_stem
2268,HACTION_SELECT4_3_3_4_4,HTML_PAGE_SELECT4_3_3_4_4,select4_3_3_4_4,same_stem
2269,HACTION_SELECT4_3_4,HTML_PAGE_SELECT4_3_4,select4_3_4,same_stem
2270,HACTION_SELECT4_3_4_1,HTML_PAGE_SELECT4_3_4_1,select4_3_4_1,same_stem
2271,HACTION_SELECT4_3_4_1_1,HTML_PAGE_SELECT4_3_4_1_1,select4_3_4_1_1,same_stem
2272,HACTION_SELECT4_3_4_1_2,HTML_PAGE_SELECT4_3_4_1_2,select4_3_4_1_2,same_stem
2273,HACTION_SELECT4_3_4_1_3,HTML_PAGE_SELECT4_3_4_1_3,select4_3_4_1_3,same_stem
2274,HACTION_SELECT4_3_4_1_4,HTML_PAGE_SELECT4_3_4_1_4,select4_3_4_1_4,same_stem
2275,HACTION_SELECT4_3_4_2,HTML_PAGE_SELECT4_3_4_2,select4_3_4_2,same_stem
2276,HACTION_SELECT4_3_4_2_1,HTML_PAGE_SELECT4_3_4_2_1,select4_3_4_2_1,same_stem
2277,HACTION_SELECT4_3_4_2_2,HTML_PAGE_SELECT4_3_4_2_2,select4_3_4_2_2,same_stem
2278,HACTION_SELECT4_3_4_2_3,HTML_PAGE_SELECT4_3_4_2_3,select4_3_4_2_3,same_stem
2279,HACTION_SELECT4_3_4_2_4,HTML_PAGE_SELECT4_3_4_2_4,select4_3_4_2_4,same_stem
2280,HACTION_SELECT4_3_4_3,HTML_PAGE_SELECT4_3_4_3,select4_3_4_3,same_stem
2281,HACTION_SELECT4_3_4_3_1,HTML_PAGE_SELECT4_3_4_3_1,select4_3_4_3_1,same_stem
2282,HACTION_SELECT4_3_4_3_2,HTML_PAGE_SELECT4_3_4_3_2,select4_3_4_3_2,same_stem
2283,HACTION_SELECT4_3_4_3_3,HTML_PAGE_SELECT4_3_4_3_3,select4_3_4_3_3,same_stem
2284,HACTION_SELECT4_3_4_3_4,HTML_PAGE_SELECT4_3_4_3_4,select4_3_4_3_4,same_stem
2285,HACTION_SELECT4_3_4_4,HTML_PAGE_SELECT4_3_4_4,select4_3_4_4,same_stem
2286,HACTION_SELECT4_3_4_4_1,HTML_PAGE_SELECT4_3_4_4_1,select4_3_4_4_1,same_stem
2287,HACTION_SELECT4_3_4_4_2,HTML_PAGE_SELECT4_3_4_4_2,select4_3_4_4_2,same_stem
2288,HACTION_SELECT4_3_4_4_3,HTML_PAGE_SELECT4_3_4_4_3,select4_3_4_4_3,same_stem
2289,HACTION_SELECT4_3_4_4_4,HTML_PAGE_SELECT4_3_4_4_4,select4_3_4_4_4,same_stem
2290,HACTION_SELECT4_4,HTML_PAGE_SELECT4_4,select4_4,same_stem
2291,HACTION_SELECT4_4_1,HTML_PAGE_SELECT4_4_1,select4_4_1,same_stem
2292,HACTION_SELECT4_4_1_1,HTML_PAGE_SELECT4_4_1_1,select4_4_1_1,same_stem
2293,HACTION_SELECT4_4_1_1_1,HTML_PAGE_SELECT4_4_1_1_1,select4_4_1_1_1,same_stem
2294,HACTION_SELECT4_4_1_1_2,HTML_PAGE_SELECT4_4_1_1_2,select4_4_1_1_2,same_stem
2295,HACTION_SELECT4_4_1_1_3,HTML_PAGE_SELECT4_4_1_1_3,select4_4_1_1_3,same_stem
2296,HACTION_SELECT4_4_1_1_4,HTML_PAGE_SELECT4_4_1_1_4,select4_4_1_1_4,same_stem
2297,HACTION_SELECT4_4_1_2,HTML_PAGE_SELECT4_4_1_2,select4_4_1_2,same_stem
2298,HACTION_SELECT4_4_1_2_1,HTML_PAGE_SELECT4_4_1_2_1,select4_4_1_2_1,same_stem
2299,HACTION_SELECT4_4_1_2_2,HTML_PAGE_SELECT4_4_1_2_2,select4_4_1_2_2,same_stem
2300,HACTION_SELECT4_4_1_2_3,HTML_PAGE_SELECT4_4_1_2_3,select4_4_1_2_3,same_stem
2301,HACTION_SELECT4_4_1_2_4,HTML_PAGE_SELECT4_4_1_2_4,select4_4_1_2_4,same_stem
2302,HACTION_SELECT4_4_1_3,HTML_PAGE_SELECT4_4_1_3,select4_4_1_3,same_stem
2303,HACTION_SELECT4_4_1_3_1,HTML_PAGE_SELECT4_4_1_3_1,select4_4_1_3_1,same_stem
2304,HACTION_SELECT4_4_1_3_2,HTML_PAGE_SELECT4_4_1_3_2,select4_4_1_3_2,same_stem
2305,HACTION_SELECT4_4_1_3_3,HTML_PAGE_SELECT4_4_1_3_3,select4_4_1_3_3,same_stem
2306,HACTION_SELECT4_4_1_3_4,HTML_PAGE_SELECT4_4_1_3_4,select4_4_1_3_4,same_stem
2307,HACTION_SELECT4_4_1_4,HTML_PAGE_SELECT4_4_1_4,select4_4_1_4,same_stem
2308,HACTION_SELECT4_4_1_4_1,HTML_PAGE_SELECT4_4_1_4_1,select4_4_1_4_1,same_stem
2309,HACTION_SELECT4_4_1_4_2,HTML_PAGE_SELECT4_4_1_4_2,select4_4_1_4_2,same_stem
2310,HACTION_SELECT4_4_1_4_3,HTML_PAGE_SELECT4_4_1_4_3,select4_4_1_4_3,same_stem
2311,HACTION_SELECT4_4_1_4_4,HTML_PAGE_SELECT4_4_1_4_4,select4_4_1_4_4,same_stem
2312,HACTION_SELECT4_4_2,HTML_PAGE_SELECT4_4_2,select4_4_2,same_stem
2313,HACTION_SELECT4_4_2_1,HTML_PAGE_SELECT4_4_2_1,select4_4_2_1,same_stem
2314,HACTION_SELECT4_4_2_1_1,HTML_PAGE_SELECT4_4_2_1_1,select4_4_2_1_1,same_stem
2315,HACTION_SELECT4_4_2_1_2,HTML_PAGE_SELECT4_4_2_1_2,select4_4_2_1_2,same_stem
2316,HACTION_SELECT4_4_2_1_3,HTML_PAGE_SELECT4_4_2_1_3,select4_4_2_1_3,same_stem
2317,HACTION_SELECT4_4_2_1_4,HTML_PAGE_SELECT4_4_2_1_4,select4_4_2_1_4,same_stem
2318,HACTION_SELECT4_4_2_2,HTML_PAGE_SELECT4_4_2_2,select4_4_2_2,same_stem
2319,HACTION_SELECT4_4_2_2_1,HTML_PAGE_SELECT4_4_2_2_1,select4_4_2_2_1,same_stem
2320,HACTION_SELECT4_4_2_2_2,HTML_PAGE_SELECT4_4_2_2_2,select4_4_2_2_2,same_stem
2321,HACTION_SELECT4_4_2_2_3,HTML_PAGE_SELECT4_4_2_2_3,select4_4_2_2_3,same_stem
2322,HACTION_SELECT4_4_2_2_4,HTML_PAGE_SELECT4_4_2_2_4,select4_4_2_2_4,same_stem
2323,HACTION_SELECT4_4_2_3,HTML_PAGE_SELECT4_4_2_3,select4_4_2_3,same_stem
2324,HACTION_SELECT4_4_2_3_1,HTML_PAGE_SELECT4_4_2_3_1,select4_4_2_3_1,same_stem
2325,HACTION_SELECT4_4_2_3_2,HTML_PAGE_SELECT4_4_2_3_2,select4_4_2_3_2,same_stem
2326,HACTION_SELECT4_4_2_3_3,HTML_PAGE_SELECT4_4_2_3_3,select4_4_2_3_3,same_stem
2327,HACTION_SELECT4_4_2_3_4,HTML_PAGE_SELECT4_4_2_3_4,select4_4_2_3_4,same_stem
2328,HACTION_SELECT4_4_2_4,HTML_PAGE_SELECT4_4_2_4,select4_4_2_4,same_stem
2329,HACTION_SELECT4_4_2_4_1,HTML_PAGE_SELECT4_4_2_4_1,select4_4_2_4_1,same_stem
2330,HACTION_SELECT4_4_2_4_2,HTML_PAGE_SELECT4_4_2_4_2,select4_4_2_4_2,same_stem
2331,HACTION_SELECT4_4_2_4_3,HTML_PAGE_SELECT4_4_2_4_3,select4_4_2_4_3,same_stem
2332,HACTION_SELECT4_4_2_4_4,HTML_PAGE_SELECT4_4_2_4_4,select4_4_2_4_4,same_stem
2333,HACTION_SELECT4_4_3,HTML_PAGE_SELECT4_4_3,select4_4_3,same_stem
2334,HACTION_SELECT4_4_3_1,HTML_PAGE_SELECT4_4_3_1,select4_4_3_1,same_stem
2335,HACTION_SELECT4_4_3_1_1,HTML_PAGE_SELECT4_4_3_1_1,select4_4_3_1_1,same_stem
2336,HACTION_SELECT4_4_3_1_2,HTML_PAGE_SELECT4_4_3_1_2,select4_4_3_1_2,same_stem
2337,HACTION_SELECT4_4_3_1_3,HTML_PAGE_SELECT4_4_3_1_3,select4_4_3_1_3,same_stem
2338,HACTION_SELECT4_4_3_1_4,HTML_PAGE_SELECT4_4_3_1_4,select4_4_3_1_4,same_stem
2339,HACTION_SELECT4_4_3_2,HTML_PAGE_SELECT4_4_3_2,select4_4_3_2,same_stem
2340,HACTION_SELECT4_4_3_2_1,HTML_PAGE_SELECT4_4_3_2_1,select4_4_3_2_1,same_stem
2341,HACTION_SELECT4_4_3_2_2,HTML_PAGE_SELECT4_4_3_2_2,select4_4_3_2_2,same_stem
2342,HACTION_SELECT4_4_3_2_3,HTML_PAGE_SELECT4_4_3_2_3,select4_4_3_2_3,same_stem
2343,HACTION_SELECT4_4_3_2_4,HTML_PAGE_SELECT4_4_3_2_4,select4_4_3_2_4,same_stem
2344,HACTION_SELECT4_4_3_3,HTML_PAGE_SELECT4_4_3_3,select4_4_3_3,same_stem
2345,HACTION_SELECT4_4_3_3_1,HTML_PAGE_SELECT4_4_3_3_1,select4_4_3_3_1,same_stem
2346,HACTION_SELECT4_4_3_3_2,HTML_PAGE_SELECT4_4_3_3_2,select4_4_3_3_2,same_stem
2347,HACTION_SELECT4_4_3_3_3,HTML_PAGE_SELECT4_4_3_3_3,select4_4_3_3_3,same_stem
2348,HACTION_SELECT4_4_3_3_4,HTML_PAGE_SELECT4_4_3_3_4,select4_4_3_3_4,same_stem
2349,HACTION_SELECT4_4_3_4,HTML_PAGE_SELECT4_4_3_4,select4_4_3_4,same_stem
2350,HACTION_SELECT4_4_3_4_1,HTML_PAGE_SELECT4_4_3_4_1,select4_4_3_4_1,same_stem
2351,HACTION_SELECT4_4_3_4_2,HTML_PAGE_SELECT4_4_3_4_2,select4_4_3_4_2,same_stem
2352,HACTION_SELECT4_4_3_4_3,HTML_PAGE_SELECT4_4_3_4_3,select4_4_3_4_3,same_stem
2353,HACTION_SELECT4_4_3_4_4,HTML_PAGE_SELECT4_4_3_4_4,select4_4_3_4_4,same_stem
2354,HACTION_SELECT4_4_4,HTML_PAGE_SELECT4_4_4,select4_4_4,same_stem
2355,HACTION_SELECT4_4_4_1,HTML_PAGE_SELECT4_4_4_1,select4_4_4_1,same_stem
2356,HACTION_SELECT4_4_4_1_1,HTML_PAGE_SELECT4_4_4_1_1,select4_4_4_1_1,same_stem
2357,HACTION_SELECT4_4_4_1_2,HTML_PAGE_SELECT4_4_4_1_2,select4_4_4_1_2,same_stem
2358,HACTION_SELECT4_4_4_1_3,HTML_PAGE_SELECT4_4_4_1_3,select4_4_4_1_3,same_stem
2359,HACTION_SELECT4_4_4_1_4,HTML_PAGE_SELECT4_4_4_1_4,select4_4_4_1_4,same_stem
2360,HACTION_SELECT4_4_4_2,HTML_PAGE_SELECT4_4_4_2,select4_4_4_2,same_stem
2361,HACTION_SELECT4_4_4_2_1,HTML_PAGE_SELECT4_4_4_2_1,select4_4_4_2_1,same_stem
2362,HACTION_SELECT4_4_4_2_2,HTML_PAGE_SELECT4_4_4_2_2,select4_4_4_2_2,same_stem
2363,HACTION_SELECT4_4_4_2_3,HTML_PAGE_SELECT4_4_4_2_3,select4_4_4_2_3,same_stem
2364,HACTION_SELECT4_4_4_2_4,HTML_PAGE_SELECT4_4_4_2_4,select4_4_4_2_4,same_stem
2365,HACTION_SELECT4_4_4_3,HTML_PAGE_SELECT4_4_4_3,select4_4_4_3,same_stem
2366,HACTION_SELECT4_4_4_3_1,HTML_PAGE_SELECT4_4_4_3_1,select4_4_4_3_1,same_stem
2367,HACTION_SELECT4_4_4_3_2,HTML_PAGE_SELECT4_4_4_3_2,select4_4_4_3_2,same_stem
2368,HACTION_SELECT4_4_4_3_3,HTML_PAGE_SELECT4_4_4_3_3,select4_4_4_3_3,same_stem
2369,HACTION_SELECT4_4_4_3_4,HTML_PAGE_SELECT4_4_4_3_4,select4_4_4_3_4,same_stem
2370,HACTION_SELECT4_4_4_4,HTML_PAGE_SELECT4_4_4_4,select4_4_4_4,same_stem
2371,HACTION_SELECT4_4_4_4_1,HTML_PAGE_SELECT4_4_4_4_1,select4_4_4_4_1,same_stem
2372,HACTION_SELECT4_4_4_4_2,HTML_PAGE_SELECT4_4_4_4_2,select4_4_4_4_2,same_stem
2373,HACTION_SELECT4_4_4_4_3,HTML_PAGE_SELECT4_4_4_4_3,select4_4_4_4_3,same_stem
2374,HACTION_SELECT4_4_4_4_4,HTML_PAGE_SELECT4_4_4_4_4,select4_4_4_4_4,same_stem
2375,HACTION_SELECT5,HTML_PAGE_SELECT5,select5,same_stem
2376,HACTION_SELECT5_1,HTML_PAGE_SELECT5_1,select5_1,same_stem
2377,HACTION_SELECT5_1_1,HTML_PAGE_SELECT5_1_1,select5_1_1,same_stem
2378,HACTION_SELECT5_1_1_1,HTML_PAGE_SELECT5_1_1_1,select5_1_1_1,same_stem
2379,HACTION_SELECT5_1_1_1_1,HTML_PAGE_SELECT5_1_1_1_1,select5_1_1_1_1,same_stem
2380,HACTION_SELECT5_1_1_1_2,HTML_PAGE_SELECT5_1_1_1_2,select5_1_1_1_2,same_stem
2381,HACTION_SELECT5_1_1_1_3,HTML_PAGE_SELECT5_1_1_1_3,select5_1_1_1_3,same_stem
2382,HACTION_SELECT5_1_1_1_4,HTML_PAGE_SELECT5_1_1_1_4,select5_1_1_1_4,same_stem
2383,HACTION_SELECT5_1_1_2,HTML_PAGE_SELECT5_1_1_2,select5_1_1_2,same_stem
2384,HACTION_SELECT5_1_1_2_1,HTML_PAGE_SELECT5_1_1_2_1,select5_1_1_2_1,same_stem
2385,HACTION_SELECT5_1_1_2_2,HTML_PAGE_SELECT5_1_1_2_2,select5_1_1_2_2,same_stem
2386,HACTION_SELECT5_1_1_2_3,HTML_PAGE_SELECT5_1_1_2_3,select5_1_1_2_3,same_stem
2387,HACTION_SELECT5_1_1_2_4,HTML_PAGE_SELECT5_1_1_2_4,select5_1_1_2_4,same_stem
2388,HACTION_SELECT5_1_1_3,HTML_PAGE_SELECT5_1_1_3,select5_1_1_3,same_stem
2389,HACTION_SELECT5_1_1_3_1,HTML_PAGE_SELECT5_1_1_3_1,select5_1_1_3_1,same_stem
2390,HACTION_SELECT5_1_1_3_2,HTML_PAGE_SELECT5_1_1_3_2,select5_1_1_3_2,same_stem
2391,HACTION_SELECT5_1_1_3_3,HTML_PAGE_SELECT5_1_1_3_3,select5_1_1_3_3,same_stem
2392,HACTION_SELECT5_1_1_3_4,HTML_PAGE_SELECT5_1_1_3_4,select5_1_1_3_4,same_stem
2393,HACTION_SELECT5_1_1_4,HTML_PAGE_SELECT5_1_1_4,select5_1_1_4,same_stem
2394,HACTION_SELECT5_1_1_4_1,HTML_PAGE_SELECT5_1_1_4_1,select5_1_1_4_1,same_stem
2395,HACTION_SELECT5_1_1_4_2,HTML_PAGE_SELECT5_1_1_4_2,select5_1_1_4_2,same_stem
2396,HACTION_SELECT5_1_1_4_3,HTML_PAGE_SELECT5_1_1_4_3,select5_1_1_4_3,same_stem
2397,HACTION_SELECT5_1_1_4_4,HTML_PAGE_SELECT5_1_1_4_4,select5_1_1_4_4,same_stem
2398,HACTION_SELECT5_1_2,HTML_PAGE_SELECT5_1_2,select5_1_2,same_stem
2399,HACTION_SELECT5_1_2_1,HTML_PAGE_SELECT5_1_2_1,select5_1_2_1,same_stem
2400,HACTION_SELECT5_1_2_1_1,HTML_PAGE_SELECT5_1_2_1_1,select5_1_2_1_1,same_stem
2401,HACTION_SELECT5_1_2_1_2,HTML_PAGE_SELECT5_1_2_1_2,select5_1_2_1_2,same_stem
2402,HACTION_SELECT5_1_2_1_3,HTML_PAGE_SELECT5_1_2_1_3,select5_1_2_1_3,same_stem
2403,HACTION_SELECT5_1_2_1_4,HTML_PAGE_SELECT5_1_2_1_4,select5_1_2_1_4,same_stem
2404,HACTION_SELECT5_1_2_2,HTML_PAGE_SELECT5_1_2_2,select5_1_2_2,same_stem
2405,HACTION_SELECT5_1_2_2_1,HTML_PAGE_SELECT5_1_2_2_1,select5_1_2_2_1,same_stem
2406,HACTION_SELECT5_1_2_2_2,HTML_PAGE_SELECT5_1_2_2_2,select5_1_2_2_2,same_stem
2407,HACTION_SELECT5_1_2_2_3,HTML_PAGE_SELECT5_1_2_2_3,select5_1_2_2_3,same_stem
2408,HACTION_SELECT5_1_2_2_4,HTML_PAGE_SELECT5_1_2_2_4,select5_1_2_2_4,same_stem
2409,HACTION_SELECT5_1_2_3,HTML_PAGE_SELECT5_1_2_3,select5_1_2_3,same_stem
2410,HACTION_SELECT5_1_2_3_1,HTML_PAGE_SELECT5_1_2_3_1,select5_1_2_3_1,same_stem
2411,HACTION_SELECT5_1_2_3_2,HTML_PAGE_SELECT5_1_2_3_2,select5_1_2_3_2,same_stem
2412,HACTION_SELECT5_1_2_3_3,HTML_PAGE_SELECT5_1_2_3_3,select5_1_2_3_3,same_stem
2413,HACTION_SELECT5_1_2_3_4,HTML_PAGE_SELECT5_1_2_3_4,select5_1_2_3_4,same_stem
2414,HACTION_SELECT5_1_2_4,HTML_PAGE_SELECT5_1_2_4,select5_1_2_4,same_stem
2415,HACTION_SELECT5_1_2_4_1,HTML_PAGE_SELECT5_1_2_4_1,select5_1_2_4_1,same_stem
2416,HACTION_SELECT5_1_2_4_2,HTML_PAGE_SELECT5_1_2_4_2,select5_1_2_4_2,same_stem
2417,HACTION_SELECT5_1_2_4_3,HTML_PAGE_SELECT5_1_2_4_3,select5_1_2_4_3,same_stem
2418,HACTION_SELECT5_1_2_4_4,HTML_PAGE_SELECT5_1_2_4_4,select5_1_2_4_4,same_stem
2419,HACTION_SELECT5_1_3,HTML_PAGE_SELECT5_1_3,select5_1_3,same_stem
2420,HACTION_SELECT5_1_3_1,HTML_PAGE_SELECT5_1_3_1,select5_1_3_1,same_stem
2421,HACTION_SELECT5_1_3_1_1,HTML_PAGE_SELECT5_1_3_1_1,select5_1_3_1_1,same_stem
2422,HACTION_SELECT5_1_3_1_2,HTML_PAGE_SELECT5_1_3_1_2,select5_1_3_1_2,same_stem
2423,HACTION_SELECT5_1_3_1_3,HTML_PAGE_SELECT5_1_3_1_3,select5_1_3_1_3,same_stem
2424,HACTION_SELECT5_1_3_1_4,HTML_PAGE_SELECT5_1_3_1_4,select5_1_3_1_4,same_stem
2425,HACTION_SELECT5_1_3_2,HTML_PAGE_SELECT5_1_3_2,select5_1_3_2,same_stem
2426,HACTION_SELECT5_1_3_2_1,HTML_PAGE_SELECT5_1_3_2_1,select5_1_3_2_1,same_stem
2427,HACTION_SELECT5_1_3_2_2,HTML_PAGE_SELECT5_1_3_2_2,select5_1_3_2_2,same_stem
2428,HACTION_SELECT5_1_3_2_3,HTML_PAGE_SELECT5_1_3_2_3,select5_1_3_2_3,same_stem
2429,HACTION_SELECT5_1_3_2_4,HTML_PAGE_SELECT5_1_3_2_4,select5_1_3_2_4,same_stem
2430,HACTION_SELECT5_1_3_3,HTML_PAGE_SELECT5_1_3_3,select5_1_3_3,same_stem
2431,HACTION_SELECT5_1_3_3_1,HTML_PAGE_SELECT5_1_3_3_1,select5_1_3_3_1,same_stem
2432,HACTION_SELECT5_1_3_3_2,HTML_PAGE_SELECT5_1_3_3_2,select5_1_3_3_2,same_stem
2433,HACTION_SELECT5_1_3_3_3,HTML_PAGE_SELECT5_1_3_3_3,select5_1_3_3_3,same_stem
2434,HACTION_SELECT5_1_3_3_4,HTML_PAGE_SELECT5_1_3_3_4,select5_1_3_3_4,same_stem
2435,HACTION_SELECT5_1_3_4,HTML_PAGE_SELECT5_1_3_4,select5_1_3_4,same_stem
2436,HACTION_SELECT5_1_3_4_1,HTML_PAGE_SELECT5_1_3_4_1,select5_1_3_4_1,same_stem
2437,HACTION_SELECT5_1_3_4_2,HTML_PAGE_SELECT5_1_3_4_2,select5_1_3_4_2,same_stem
2438,HACTION_SELECT5_1_3_4_3,HTML_PAGE_SELECT5_1_3_4_3,select5_1_3_4_3,same_stem
2439,HACTION_SELECT5_1_3_4_4,HTML_PAGE_SELECT5_1_3_4_4,select5_1_3_4_4,same_stem
2440,HACTION_SELECT5_1_4,HTML_PAGE_SELECT5_1_4,select5_1_4,same_stem
2441,HACTION_SELECT5_1_4_1,HTML_PAGE_SELECT5_1_4_1,select5_1_4_1,same_stem
2442,HACTION_SELECT5_1_4_1_1,HTML_PAGE_SELECT5_1_4_1_1,select5_1_4_1_1,same_stem
2443,HACTION_SELECT5_1_4_1_2,HTML_PAGE_SELECT5_1_4_1_2,select5_1_4_1_2,same_stem
2444,HACTION_SELECT5_1_4_1_3,HTML_PAGE_SELECT5_1_4_1_3,select5_1_4_1_3,same_stem
2445,HACTION_SELECT5_1_4_1_4,HTML_PAGE_SELECT5_1_4_1_4,select5_1_4_1_4,same_stem
2446,HACTION_SELECT5_1_4_2,HTML_PAGE_SELECT5_1_4_2,select5_1_4_2,same_stem
2447,HACTION_SELECT5_1_4_2_1,HTML_PAGE_SELECT5_1_4_2_1,select5_1_4_2_1,same_stem
2448,HACTION_SELECT5_1_4_2_2,HTML_PAGE_SELECT5_1_4_2_2,select5_1_4_2_2,same_stem
2449,HACTION_SELECT5_1_4_2_3,HTML_PAGE_SELECT5_1_4_2_3,select5_1_4_2_3,same_stem
2450,HACTION_SELECT5_1_4_2_4,HTML_PAGE_SELECT5_1_4_2_4,select5_1_4_2_4,same_stem
2451,HACTION_SELECT5_1_4_3,HTML_PAGE_SELECT5_1_4_3,select5_1_4_3,same_stem
2452,HACTION_SELECT5_1_4_3_1,HTML_PAGE_SELECT5_1_4_3_1,select5_1_4_3_1,same_stem
2453,HACTION_SELECT5_1_4_3_2,HTML_PAGE_SELECT5_1_4_3_2,select5_1_4_3_2,same_stem
2454,HACTION_SELECT5_1_4_3_3,HTML_PAGE_SELECT5_1_4_3_3,select5_1_4_3_3,same_stem
2455,HACTION_SELECT5_1_4_3_4,HTML_PAGE_SELECT5_1_4_3_4,select5_1_4_3_4,same_stem
2456,HACTION_SELECT5_1_4_4,HTML_PAGE_SELECT5_1_4_4,select5_1_4_4,same_stem
2457,HACTION_SELECT5_1_4_4_1,HTML_PAGE_SELECT5_1_4_4_1,select5_1_4_4_1,same_stem
2458,HACTION_SELECT5_1_4_4_2,HTML_PAGE_SELECT5_1_4_4_2,select5_1_4_4_2,same_stem
2459,HACTION_SELECT5_1_4_4_3,HTML_PAGE_SELECT5_1_4_4_3,select5_1_4_4_3,same_stem
2460,HACTION_SELECT5_1_4_4_4,HTML_PAGE_SELECT5_1_4_4_4,select5_1_4_4_4,same_stem
2461,HACTION_SELECT5_2,HTML_PAGE_SELECT5_2,select5_2,same_stem
2462,HACTION_SELECT5_2_1,HTML_PAGE_SELECT5_2_1,select5_2_1,same_stem
2463,HACTION_SELECT5_2_1_1,HTML_PAGE_SELECT5_2_1_1,select5_2_1_1,same_stem
2464,HACTION_SELECT5_2_1_1_1,HTML_PAGE_SELECT5_2_1_1_1,select5_2_1_1_1,same_stem
2465,HACTION_SELECT5_2_1_1_2,HTML_PAGE_SELECT5_2_1_1_2,select5_2_1_1_2,same_stem
2466,HACTION_SELECT5_2_1_1_3,HTML_PAGE_SELECT5_2_1_1_3,select5_2_1_1_3,same_stem
2467,HACTION_SELECT5_2_1_1_4,HTML_PAGE_SELECT5_2_1_1_4,select5_2_1_1_4,same_stem
2468,HACTION_SELECT5_2_1_2,HTML_PAGE_SELECT5_2_1_2,select5_2_1_2,same_stem
2469,HACTION_SELECT5_2_1_2_1,HTML_PAGE_SELECT5_2_1_2_1,select5_2_1_2_1,same_stem
2470,HACTION_SELECT5_2_1_2_2,HTML_PAGE_SELECT5_2_1_2_2,select5_2_1_2_2,same_stem
2471,HACTION_SELECT5_2_1_2_3,HTML_PAGE_SELECT5_2_1_2_3,select5_2_1_2_3,same_stem
2472,HACTION_SELECT5_2_1_2_4,HTML_PAGE_SELECT5_2_1_2_4,select5_2_1_2_4,same_stem
2473,HACTION_SELECT5_2_1_3,HTML_PAGE_SELECT5_2_1_3,select5_2_1_3,same_stem
2474,HACTION_SELECT5_2_1_3_1,HTML_PAGE_SELECT5_2_1_3_1,select5_2_1_3_1,same_stem
2475,HACTION_SELECT5_2_1_3_2,HTML_PAGE_SELECT5_2_1_3_2,select5_2_1_3_2,same_stem
2476,HACTION_SELECT5_2_1_3_3,HTML_PAGE_SELECT5_2_1_3_3,select5_2_1_3_3,same_stem
2477,HACTION_SELECT5_2_1_3_4,HTML_PAGE_SELECT5_2_1_3_4,select5_2_1_3_4,same_stem
2478,HACTION_SELECT5_2_1_4,HTML_PAGE_SELECT5_2_1_4,select5_2_1_4,same_stem
2479,HACTION_SELECT5_2_1_4_1,HTML_PAGE_SELECT5_2_1_4_1,select5_2_1_4_1,same_stem
2480,HACTION_SELECT5_2_1_4_2,HTML_PAGE_SELECT5_2_1_4_2,select5_2_1_4_2,same_stem
2481,HACTION_SELECT5_2_1_4_3,HTML_PAGE_SELECT5_2_1_4_3,select5_2_1_4_3,same_stem
2482,HACTION_SELECT5_2_1_4_4,HTML_PAGE_SELECT5_2_1_4_4,select5_2_1_4_4,same_stem
2483,HACTION_SELECT5_2_2,HTML_PAGE_SELECT5_2_2,select5_2_2,same_stem
2484,HACTION_SELECT5_2_2_1,HTML_PAGE_SELECT5_2_2_1,select5_2_2_1,same_stem
2485,HACTION_SELECT5_2_2_1_1,HTML_PAGE_SELECT5_2_2_1_1,select5_2_2_1_1,same_stem
2486,HACTION_SELECT5_2_2_1_2,HTML_PAGE_SELECT5_2_2_1_2,select5_2_2_1_2,same_stem
2487,HACTION_SELECT5_2_2_1_3,HTML_PAGE_SELECT5_2_2_1_3,select5_2_2_1_3,same_stem
2488,HACTION_SELECT5_2_2_1_4,HTML_PAGE_SELECT5_2_2_1_4,select5_2_2_1_4,same_stem
2489,HACTION_SELECT5_2_2_2,HTML_PAGE_SELECT5_2_2_2,select5_2_2_2,same_stem
2490,HACTION_SELECT5_2_2_2_1,HTML_PAGE_SELECT5_2_2_2_1,select5_2_2_2_1,same_stem
2491,HACTION_SELECT5_2_2_2_2,HTML_PAGE_SELECT5_2_2_2_2,select5_2_2_2_2,same_stem
2492,HACTION_SELECT5_2_2_2_3,HTML_PAGE_SELECT5_2_2_2_3,select5_2_2_2_3,same_stem
2493,HACTION_SELECT5_2_2_2_4,HTML_PAGE_SELECT5_2_2_2_4,select5_2_2_2_4,same_stem
2494,HACTION_SELECT5_2_2_3,HTML_PAGE_SELECT5_2_2_3,select5_2_2_3,same_stem
2495,HACTION_SELECT5_2_2_3_1,HTML_PAGE_SELECT5_2_2_3_1,select5_2_2_3_1,same_stem
2496,HACTION_SELECT5_2_2_3_2,HTML_PAGE_SELECT5_2_2_3_2,select5_2_2_3_2,same_stem
2497,HACTION_SELECT5_2_2_3_3,HTML_PAGE_SELECT5_2_2_3_3,select5_2_2_3_3,same_stem
2498,HACTION_SELECT5_2_2_3_4,HTML_PAGE_SELECT5_2_2_3_4,select5_2_2_3_4,same_stem
2499,HACTION_SELECT5_2_2_4,HTML_PAGE_SELECT5_2_2_4,select5_2_2_4,same_stem
2500,HACTION_SELECT5_2_2_4_1,HTML_PAGE_SELECT5_2_2_4_1,select5_2_2_4_1,same_stem
2501,HACTION_SELECT5_2_2_4_2,HTML_PAGE_SELECT5_2_2_4_2,select5_2_2_4_2,same_stem
2502,HACTION_SELECT5_2_2_4_3,HTML_PAGE_SELECT5_2_2_4_3,select5_2_2_4_3,same_stem
2503,HACTION_SELECT5_2_2_4_4,HTML_PAGE_SELECT5_2_2_4_4,select5_2_2_4_4,same_stem
2504,HACTION_SELECT5_2_3,HTML_PAGE_SELECT5_2_3,select5_2_3,same_stem
2505,HACTION_SELECT5_2_3_1,HTML_PAGE_SELECT5_2_3_1,select5_2_3_1,same_stem
2506,HACTION_SELECT5_2_3_1_1,HTML_PAGE_SELECT5_2_3_1_1,select5_2_3_1_1,same_stem
2507,HACTION_SELECT5_2_3_1_2,HTML_PAGE_SELECT5_2_3_1_2,select5_2_3_1_2,same_stem
2508,HACTION_SELECT5_2_3_1_3,HTML_PAGE_SELECT5_2_3_1_3,select5_2_3_1_3,same_stem
2509,HACTION_SELECT5_2_3_1_4,HTML_PAGE_SELECT5_2_3_1_4,select5_2_3_1_4,same_stem
2510,HACTION_SELECT5_2_3_2,HTML_PAGE_SELECT5_2_3_2,select5_2_3_2,same_stem
2511,HACTION_SELECT5_2_3_2_1,HTML_PAGE_SELECT5_2_3_2_1,select5_2_3_2_1,same_stem
2512,HACTION_SELECT5_2_3_2_2,HTML_PAGE_SELECT5_2_3_2_2,select5_2_3_2_2,same_stem
2513,HACTION_SELECT5_2_3_2_3,HTML_PAGE_SELECT5_2_3_2_3,select5_2_3_2_3,same_stem
2514,HACTION_SELECT5_2_3_2_4,HTML_PAGE_SELECT5_2_3_2_4,select5_2_3_2_4,same_stem
2515,HACTION_SELECT5_2_3_3,HTML_PAGE_SELECT5_2_3_3,select5_2_3_3,same_stem
2516,HACTION_SELECT5_2_3_3_1,HTML_PAGE_SELECT5_2_3_3_1,select5_2_3_3_1,same_stem
2517,HACTION_SELECT5_2_3_3_2,HTML_PAGE_SELECT5_2_3_3_2,select5_2_3_3_2,same_stem
2518,HACTION_SELECT5_2_3_3_3,HTML_PAGE_SELECT5_2_3_3_3,select5_2_3_3_3,same_stem
2519,HACTION_SELECT5_2_3_3_4,HTML_PAGE_SELECT5_2_3_3_4,select5_2_3_3_4,same_stem
2520,HACTION_SELECT5_2_3_4,HTML_PAGE_SELECT5_2_3_4,select5_2_3_4,same_stem
2521,HACTION_SELECT5_2_3_4_1,HTML_PAGE_SELECT5_2_3_4_1,select5_2_3_4_1,same_stem
2522,HACTION_SELECT5_2_3_4_2,HTML_PAGE_SELECT5_2_3_4_2,select5_2_3_4_2,same_stem
2523,HACTION_SELECT5_2_3_4_3,HTML_PAGE_SELECT5_2_3_4_3,select5_2_3_4_3,same_stem
2524,HACTION_SELECT5_2_3_4_4,HTML_PAGE_SELECT5_2_3_4_4,select5_2_3_4_4,same_stem
2525,HACTION_SELECT5_2_4,HTML_PAGE_SELECT5_2_4,select5_2_4,same_stem
2526,HACTION_SELECT5_2_4_1,HTML_PAGE_SELECT5_2_4_1,select5_2_4_1,same_stem
2527,HACTION_SELECT5_2_4_1_1,HTML_PAGE_SELECT5_2_4_1_1,select5_2_4_1_1,same_stem
2528,HACTION_SELECT5_2_4_1_2,HTML_PAGE_SELECT5_2_4_1_2,select5_2_4_1_2,same_stem
2529,HACTION_SELECT5_2_4_1_3,HTML_PAGE_SELECT5_2_4_1_3,select5_2_4_1_3,same_stem
2530,HACTION_SELECT5_2_4_1_4,HTML_PAGE_SELECT5_2_4_1_4,select5_2_4_1_4,same_stem
2531,HACTION_SELECT5_2_4_2,HTML_PAGE_SELECT5_2_4_2,select5_2_4_2,same_stem
2532,HACTION_SELECT5_2_4_2_1,HTML_PAGE_SELECT5_2_4_2_1,select5_2_4_2_1,same_stem
2533,HACTION_SELECT5_2_4_2_2,HTML_PAGE_SELECT5_2_4_2_2,select5_2_4_2_2,same_stem
2534,HACTION_SELECT5_2_4_2_3,HTML_PAGE_SELECT5_2_4_2_3,select5_2_4_2_3,same_stem
2535,HACTION_SELECT5_2_4_2_4,HTML_PAGE_SELECT5_2_4_2_4,select5_2_4_2_4,same_stem
2536,HACTION_SELECT5_2_4_3,HTML_PAGE_SELECT5_2_4_3,select5_2_4_3,same_stem
2537,HACTION_SELECT5_2_4_3_1,HTML_PAGE_SELECT5_2_4_3_1,select5_2_4_3_1,same_stem
2538,HACTION_SELECT5_2_4_3_2,HTML_PAGE_SELECT5_2_4_3_2,select5_2_4_3_2,same_stem
2539,HACTION_SELECT5_2_4_3_3,HTML_PAGE_SELECT5_2_4_3_3,select5_2_4_3_3,same_stem
2540,HACTION_SELECT5_2_4_3_4,HTML_PAGE_SELECT5_2_4_3_4,select5_2_4_3_4,same_stem
2541,HACTION_SELECT5_2_4_4,HTML_PAGE_SELECT5_2_4_4,select5_2_4_4,same_stem
2542,HACTION_SELECT5_2_4_4_1,HTML_PAGE_SELECT5_2_4_4_1,select5_2_4_4_1,same_stem
2543,HACTION_SELECT5_2_4_4_2,HTML_PAGE_SELECT5_2_4_4_2,select5_2_4_4_2,same_stem
2544,HACTION_SELECT5_2_4_4_3,HTML_PAGE_SELECT5_2_4_4_3,select5_2_4_4_3,same_stem
2545,HACTION_SELECT5_2_4_4_4,HTML_PAGE_SELECT5_2_4_4_4,select5_2_4_4_4,same_stem
2546,HACTION_SELECT5_3,HTML_PAGE_SELECT5_3,select5_3,same_stem
2547,HACTION_SELECT5_3_1,HTML_PAGE_SELECT5_3_1,select5_3_1,same_stem
2548,HACTION_SELECT5_3_1_1,HTML_PAGE_SELECT5_3_1_1,select5_3_1_1,same_stem
2549,HACTION_SELECT5_3_1_1_1,HTML_PAGE_SELECT5_3_1_1_1,select5_3_1_1_1,same_stem
2550,HACTION_SELECT5_3_1_1_2,HTML_PAGE_SELECT5_3_1_1_2,select5_3_1_1_2,same_stem
2551,HACTION_SELECT5_3_1_1_3,HTML_PAGE_SELECT5_3_1_1_3,select5_3_1_1_3,same_stem
2552,HACTION_SELECT5_3_1_1_4,HTML_PAGE_SELECT5_3_1_1_4,select5_3_1_1_4,same_stem
2553,HACTION_SELECT5_3_1_2,HTML_PAGE_SELECT5_3_1_2,select5_3_1_2,same_stem
2554,HACTION_SELECT5_3_1_2_1,HTML_PAGE_SELECT5_3_1_2_1,select5_3_1_2_1,same_stem
2555,HACTION_SELECT5_3_1_2_2,HTML_PAGE_SELECT5_3_1_2_2,select5_3_1_2_2,same_stem
2556,HACTION_SELECT5_3_1_2_3,HTML_PAGE_SELECT5_3_1_2_3,select5_3_1_2_3,same_stem
2557,HACTION_SELECT5_3_1_2_4,HTML_PAGE_SELECT5_3_1_2_4,select5_3_1_2_4,same_stem
2558,HACTION_SELECT5_3_1_3,HTML_PAGE_SELECT5_3_1_3,select5_3_1_3,same_stem
2559,HACTION_SELECT5_3_1_3_1,HTML_PAGE_SELECT5_3_1_3_1,select5_3_1_3_1,same_stem
2560,HACTION_SELECT5_3_1_3_2,HTML_PAGE_SELECT5_3_1_3_2,select5_3_1_3_2,same_stem
2561,HACTION_SELECT5_3_1_3_3,HTML_PAGE_SELECT5_3_1_3_3,select5_3_1_3_3,same_stem
2562,HACTION_SELECT5_3_1_3_4,HTML_PAGE_SELECT5_3_1_3_4,select5_3_1_3_4,same_stem
2563,HACTION_SELECT5_3_1_4,HTML_PAGE_SELECT5_3_1_4,select5_3_1_4,same_stem
2564,HACTION_SELECT5_3_1_4_1,HTML_PAGE_SELECT5_3_1_4_1,select5_3_1_4_1,same_stem
2565,HACTION_SELECT5_3_1_4_2,HTML_PAGE_SELECT5_3_1_4_2,select5_3_1_4_2,same_stem
2566,HACTION_SELECT5_3_1_4_3,HTML_PAGE_SELECT5_3_1_4_3,select5_3_1_4_3,same_stem
2567,HACTION_SELECT5_3_1_4_4,HTML_PAGE_SELECT5_3_1_4_4,select5_3_1_4_4,same_stem
2568,HACTION_SELECT5_3_2,HTML_PAGE_SELECT5_3_2,select5_3_2,same_stem
2569,HACTION_SELECT5_3_2_1,HTML_PAGE_SELECT5_3_2_1,select5_3_2_1,same_stem
2570,HACTION_SELECT5_3_2_1_1,HTML_PAGE_SELECT5_3_2_1_1,select5_3_2_1_1,same_stem
2571,HACTION_SELECT5_3_2_1_2,HTML_PAGE_SELECT5_3_2_1_2,select5_3_2_1_2,same_stem
2572,HACTION_SELECT5_3_2_1_3,HTML_PAGE_SELECT5_3_2_1_3,select5_3_2_1_3,same_stem
2573,HACTION_SELECT5_3_2_1_4,HTML_PAGE_SELECT5_3_2_1_4,select5_3_2_1_4,same_stem
2574,HACTION_SELECT5_3_2_2,HTML_PAGE_SELECT5_3_2_2,select5_3_2_2,same_stem
2575,HACTION_SELECT5_3_2_2_1,HTML_PAGE_SELECT5_3_2_2_1,select5_3_2_2_1,same_stem
2576,HACTION_SELECT5_3_2_2_2,HTML_PAGE_SELECT5_3_2_2_2,select5_3_2_2_2,same_stem
2577,HACTION_SELECT5_3_2_2_3,HTML_PAGE_SELECT5_3_2_2_3,select5_3_2_2_3,same_stem
2578,HACTION_SELECT5_3_2_2_4,HTML_PAGE_SELECT5_3_2_2_4,select5_3_2_2_4,same_stem
2579,HACTION_SELECT5_3_2_3,HTML_PAGE_SELECT5_3_2_3,select5_3_2_3,same_stem
2580,HACTION_SELECT5_3_2_3_1,HTML_PAGE_SELECT5_3_2_3_1,select5_3_2_3_1,same_stem
2581,HACTION_SELECT5_3_2_3_2,HTML_PAGE_SELECT5_3_2_3_2,select5_3_2_3_2,same_stem
2582,HACTION_SELECT5_3_2_3_3,HTML_PAGE_SELECT5_3_2_3_3,select5_3_2_3_3,same_stem
2583,HACTION_SELECT5_3_2_3_4,HTML_PAGE_SELECT5_3_2_3_4,select5_3_2_3_4,same_stem
2584,HACTION_SELECT5_3_2_4,HTML_PAGE_SELECT5_3_2_4,select5_3_2_4,same_stem
2585,HACTION_SELECT5_3_2_4_1,HTML_PAGE_SELECT5_3_2_4_1,select5_3_2_4_1,same_stem
2586,HACTION_SELECT5_3_2_4_2,HTML_PAGE_SELECT5_3_2_4_2,select5_3_2_4_2,same_stem
2587,HACTION_SELECT5_3_2_4_3,HTML_PAGE_SELECT5_3_2_4_3,select5_3_2_4_3,same_stem
2588,HACTION_SELECT5_3_2_4_4,HTML_PAGE_SELECT5_3_2_4_4,select5_3_2_4_4,same_stem
2589,HACTION_SELECT5_3_3,HTML_PAGE_SELECT5_3_3,select5_3_3,same_stem
2590,HACTION_SELECT5_3_3_1,HTML_PAGE_SELECT5_3_3_1,select5_3_3_1,same_stem
2591,HACTION_SELECT5_3_3_1_1,HTML_PAGE_SELECT5_3_3_1_1,select5_3_3_1_1,same_stem
2592,HACTION_SELECT5_3_3_1_2,HTML_PAGE_SELECT5_3_3_1_2,select5_3_3_1_2,same_stem
2593,HACTION_SELECT5_3_3_1_3,HTML_PAGE_SELECT5_3_3_1_3,select5_3_3_1_3,same_stem
2594,HACTION_SELECT5_3_3_1_4,HTML_PAGE_SELECT5_3_3_1_4,select5_3_3_1_4,same_stem
2595,HACTION_SELECT5_3_3_2,HTML_PAGE_SELECT5_3_3_2,select5_3_3_2,same_stem
2596,HACTION_SELECT5_3_3_2_1,HTML_PAGE_SELECT5_3_3_2_1,select5_3_3_2_1,same_stem
2597,HACTION_SELECT5_3_3_2_2,HTML_PAGE_SELECT5_3_3_2_2,select5_3_3_2_2,same_stem
2598,HACTION_SELECT5_3_3_2_3,HTML_PAGE_SELECT5_3_3_2_3,select5_3_3_2_3,same_stem
2599,HACTION_SELECT5_3_3_2_4,HTML_PAGE_SELECT5_3_3_2_4,select5_3_3_2_4,same_stem
2600,HACTION_SELECT5_3_3_3,HTML_PAGE_SELECT5_3_3_3,select5_3_3_3,same_stem
2601,HACTION_SELECT5_3_3_3_1,HTML_PAGE_SELECT5_3_3_3_1,select5_3_3_3_1,same_stem
2602,HACTION_SELECT5_3_3_3_2,HTML_PAGE_SELECT5_3_3_3_2,select5_3_3_3_2,same_stem
2603,HACTION_SELECT5_3_3_3_3,HTML_PAGE_SELECT5_3_3_3_3,select5_3_3_3_3,same_stem
2604,HACTION_SELECT5_3_3_3_4,HTML_PAGE_SELECT5_3_3_3_4,select5_3_3_3_4,same_stem
2605,HACTION_SELECT5_3_3_4,HTML_PAGE_SELECT5_3_3_4,select5_3_3_4,same_stem
2606,HACTION_SELECT5_3_3_4_1,HTML_PAGE_SELECT5_3_3_4_1,select5_3_3_4_1,same_stem
2607,HACTION_SELECT5_3_3_4_2,HTML_PAGE_SELECT5_3_3_4_2,select5_3_3_4_2,same_stem
2608,HACTION_SELECT5_3_3_4_3,HTML_PAGE_SELECT5_3_3_4_3,select5_3_3_4_3,same_stem
2609,HACTION_SELECT5_3_3_4_4,HTML_PAGE_SELECT5_3_3_4_4,select5_3_3_4_4,same_stem
2610,HACTION_SELECT5_3_4,HTML_PAGE_SELECT5_3_4,select5_3_4,same_stem
2611,HACTION_SELECT5_3_4_1,HTML_PAGE_SELECT5_3_4_1,select5_3_4_1,same_stem
2612,HACTION_SELECT5_3_4_1_1,HTML_PAGE_SELECT5_3_4_1_1,select5_3_4_1_1,same_stem
2613,HACTION_SELECT5_3_4_1_2,HTML_PAGE_SELECT5_3_4_1_2,select5_3_4_1_2,same_stem
2614,HACTION_SELECT5_3_4_1_3,HTML_PAGE_SELECT5_3_4_1_3,select5_3_4_1_3,same_stem
2615,HACTION_SELECT5_3_4_1_4,HTML_PAGE_SELECT5_3_4_1_4,select5_3_4_1_4,same_stem
2616,HACTION_SELECT5_3_4_2,HTML_PAGE_SELECT5_3_4_2,select5_3_4_2,same_stem
2617,HACTION_SELECT5_3_4_2_1,HTML_PAGE_SELECT5_3_4_2_1,select5_3_4_2_1,same_stem
2618,HACTION_SELECT5_3_4_2_2,HTML_PAGE_SELECT5_3_4_2_2,select5_3_4_2_2,same_stem
2619,HACTION_SELECT5_3_4_2_3,HTML_PAGE_SELECT5_3_4_2_3,select5_3_4_2_3,same_stem
2620,HACTION_SELECT5_3_4_2_4,HTML_PAGE_SELECT5_3_4_2_4,select5_3_4_2_4,same_stem
2621,HACTION_SELECT5_3_4_3,HTML_PAGE_SELECT5_3_4_3,select5_3_4_3,same_stem
2622,HACTION_SELECT5_3_4_3_1,HTML_PAGE_SELECT5_3_4_3_1,select5_3_4_3_1,same_stem
2623,HACTION_SELECT5_3_4_3_2,HTML_PAGE_SELECT5_3_4_3_2,select5_3_4_3_2,same_stem
2624,HACTION_SELECT5_3_4_3_3,HTML_PAGE_SELECT5_3_4_3_3,select5_3_4_3_3,same_stem
2625,HACTION_SELECT5_3_4_3_4,HTML_PAGE_SELECT5_3_4_3_4,select5_3_4_3_4,same_stem
2626,HACTION_SELECT5_3_4_4,HTML_PAGE_SELECT5_3_4_4,select5_3_4_4,same_stem
2627,HACTION_SELECT5_3_4_4_1,HTML_PAGE_SELECT5_3_4_4_1,select5_3_4_4_1,same_stem
2628,HACTION_SELECT5_3_4_4_2,HTML_PAGE_SELECT5_3_4_4_2,select5_3_4_4_2,same_stem
2629,HACTION_SELECT5_3_4_4_3,HTML_PAGE_SELECT5_3_4_4_3,select5_3_4_4_3,same_stem
2630,HACTION_SELECT5_3_4_4_4,HTML_PAGE_SELECT5_3_4_4_4,select5_3_4_4_4,same_stem
2631,HACTION_SELECT5_4,HTML_PAGE_SELECT5_4,select5_4,same_stem
2632,HACTION_SELECT5_4_1,HTML_PAGE_SELECT5_4_1,select5_4_1,same_stem
2633,HACTION_SELECT5_4_1_1,HTML_PAGE_SELECT5_4_1_1,select5_4_1_1,same_stem
2634,HACTION_SELECT5_4_1_1_1,HTML_PAGE_SELECT5_4_1_1_1,select5_4_1_1_1,same_stem
2635,HACTION_SELECT5_4_1_1_2,HTML_PAGE_SELECT5_4_1_1_2,select5_4_1_1_2,same_stem
2636,HACTION_SELECT5_4_1_1_3,HTML_PAGE_SELECT5_4_1_1_3,select5_4_1_1_3,same_stem
2637,HACTION_SELECT5_4_1_1_4,HTML_PAGE_SELECT5_4_1_1_4,select5_4_1_1_4,same_stem
2638,HACTION_SELECT5_4_1_2,HTML_PAGE_SELECT5_4_1_2,select5_4_1_2,same_stem
2639,HACTION_SELECT5_4_1_2_1,HTML_PAGE_SELECT5_4_1_2_1,select5_4_1_2_1,same_stem
2640,HACTION_SELECT5_4_1_2_2,HTML_PAGE_SELECT5_4_1_2_2,select5_4_1_2_2,same_stem
2641,HACTION_SELECT5_4_1_2_3,HTML_PAGE_SELECT5_4_1_2_3,select5_4_1_2_3,same_stem
2642,HACTION_SELECT5_4_1_2_4,HTML_PAGE_SELECT5_4_1_2_4,select5_4_1_2_4,same_stem
2643,HACTION_SELECT5_4_1_3,HTML_PAGE_SELECT5_4_1_3,select5_4_1_3,same_stem
2644,HACTION_SELECT5_4_1_3_1,HTML_PAGE_SELECT5_4_1_3_1,select5_4_1_3_1,same_stem
2645,HACTION_SELECT5_4_1_3_2,HTML_PAGE_SELECT5_4_1_3_2,select5_4_1_3_2,same_stem
2646,HACTION_SELECT5_4_1_3_3,HTML_PAGE_SELECT5_4_1_3_3,select5_4_1_3_3,same_stem
2647,HACTION_SELECT5_4_1_3_4,HTML_PAGE_SELECT5_4_1_3_4,select5_4_1_3_4,same_stem
2648,HACTION_SELECT5_4_1_4,HTML_PAGE_SELECT5_4_1_4,select5_4_1_4,same_stem
2649,HACTION_SELECT5_4_1_4_1,HTML_PAGE_SELECT5_4_1_4_1,select5_4_1_4_1,same_stem
2650,HACTION_SELECT5_4_1_4_2,HTML_PAGE_SELECT5_4_1_4_2,select5_4_1_4_2,same_stem
2651,HACTION_SELECT5_4_1_4_3,HTML_PAGE_SELECT5_4_1_4_3,select5_4_1_4_3,same_stem
2652,HACTION_SELECT5_4_1_4_4,HTML_PAGE_SELECT5_4_1_4_4,select5_4_1_4_4,same_stem
2653,HACTION_SELECT5_4_2,HTML_PAGE_SELECT5_4_2,select5_4_2,same_stem
2654,HACTION_SELECT5_4_2_1,HTML_PAGE_SELECT5_4_2_1,select5_4_2_1,same_stem
2655,HACTION_SELECT5_4_2_1_1,HTML_PAGE_SELECT5_4_2_1_1,select5_4_2_1_1,same_stem
2656,HACTION_SELECT5_4_2_1_2,HTML_PAGE_SELECT5_4_2_1_2,select5_4_2_1_2,same_stem
2657,HACTION_SELECT5_4_2_1_3,HTML_PAGE_SELECT5_4_2_1_3,select5_4_2_1_3,same_stem
2658,HACTION_SELECT5_4_2_1_4,HTML_PAGE_SELECT5_4_2_1_4,select5_4_2_1_4,same_stem
2659,HACTION_SELECT5_4_2_2,HTML_PAGE_SELECT5_4_2_2,select5_4_2_2,same_stem
2660,HACTION_SELECT5_4_2_2_1,HTML_PAGE_SELECT5_4_2_2_1,select5_4_2_2_1,same_stem
2661,HACTION_SELECT5_4_2_2_2,HTML_PAGE_SELECT5_4_2_2_2,select5_4_2_2_2,same_stem
2662,HACTION_SELECT5_4_2_2_3,HTML_PAGE_SELECT5_4_2_2_3,select5_4_2_2_3,same_stem
2663,HACTION_SELECT5_4_2_2_4,HTML_PAGE_SELECT5_4_2_2_4,select5_4_2_2_4,same_stem
2664,HACTION_SELECT5_4_2_3,HTML_PAGE_SELECT5_4_2_3,select5_4_2_3,same_stem
2665,HACTION_SELECT5_4_2_3_1,HTML_PAGE_SELECT5_4_2_3_1,select5_4_2_3_1,same_stem
2666,HACTION_SELECT5_4_2_3_2,HTML_PAGE_SELECT5_4_2_3_2,select5_4_2_3_2,same_stem
2667,HACTION_SELECT5_4_2_3_3,HTML_PAGE_SELECT5_4_2_3_3,select5_4_2_3_3,same_stem
2668,HACTION_SELECT5_4_2_3_4,HTML_PAGE_SELECT5_4_2_3_4,select5_4_2_3_4,same_stem
2669,HACTION_SELECT5_4_2_4,HTML_PAGE_SELECT5_4_2_4,select5_4_2_4,same_stem
2670,HACTION_SELECT5_4_2_4_1,HTML_PAGE_SELECT5_4_2_4_1,select5_4_2_4_1,same_stem
2671,HACTION_SELECT5_4_2_4_2,HTML_PAGE_SELECT5_4_2_4_2,select5_4_2_4_2,same_stem
2672,HACTION_SELECT5_4_2_4_3,HTML_PAGE_SELECT5_4_2_4_3,select5_4_2_4_3,same_stem
2673,HACTION_SELECT5_4_2_4_4,HTML_PAGE_SELECT5_4_2_4_4,select5_4_2_4_4,same_stem
2674,HACTION_SELECT5_4_3,HTML_PAGE_SELECT5_4_3,select5_4_3,same_stem
2675,HACTION_SELECT5_4_3_1,HTML_PAGE_SELECT5_4_3_1,select5_4_3_1,same_stem
2676,HACTION_SELECT5_4_3_1_1,HTML_PAGE_SELECT5_4_3_1_1,select5_4_3_1_1,same_stem
2677,HACTION_SELECT5_4_3_1_2,HTML_PAGE_SELECT5_4_3_1_2,select5_4_3_1_2,same_stem
2678,HACTION_SELECT5_4_3_1_3,HTML_PAGE_SELECT5_4_3_1_3,select5_4_3_1_3,same_stem
2679,HACTION_SELECT5_4_3_1_4,HTML_PAGE_SELECT5_4_3_1_4,select5_4_3_1_4,same_stem
2680,HACTION_SELECT5_4_3_2,HTML_PAGE_SELECT5_4_3_2,select5_4_3_2,same_stem
2681,HACTION_SELECT5_4_3_2_1,HTML_PAGE_SELECT5_4_3_2_1,select5_4_3_2_1,same_stem
2682,HACTION_SELECT5_4_3_2_2,HTML_PAGE_SELECT5_4_3_2_2,select5_4_3_2_2,same_stem
2683,HACTION_SELECT5_4_3_2_3,HTML_PAGE_SELECT5_4_3_2_3,select5_4_3_2_3,same_stem
2684,HACTION_SELECT5_4_3_2_4,HTML_PAGE_SELECT5_4_3_2_4,select5_4_3_2_4,same_stem
2685,HACTION_SELECT5_4_3_3,HTML_PAGE_SELECT5_4_3_3,select5_4_3_3,same_stem
2686,HACTION_SELECT5_4_3_3_1,HTML_PAGE_SELECT5_4_3_3_1,select5_4_3_3_1,same_stem
2687,HACTION_SELECT5_4_3_3_2,HTML_PAGE_SELECT5_4_3_3_2,select5_4_3_3_2,same_stem
2688,HACTION_SELECT5_4_3_3_3,HTML_PAGE_SELECT5_4_3_3_3,select5_4_3_3_3,same_stem
2689,HACTION_SELECT5_4_3_3_4,HTML_PAGE_SELECT5_4_3_3_4,select5_4_3_3_4,same_stem
2690,HACTION_SELECT5_4_3_4,HTML_PAGE_SELECT5_4_3_4,select5_4_3_4,same_stem
2691,HACTION_SELECT5_4_3_4_1,HTML_PAGE_SELECT5_4_3_4_1,select5_4_3_4_1,same_stem
2692,HACTION_SELECT5_4_3_4_2,HTML_PAGE_SELECT5_4_3_4_2,select5_4_3_4_2,same_stem
2693,HACTION_SELECT5_4_3_4_3,HTML_PAGE_SELECT5_4_3_4_3,select5_4_3_4_3,same_stem
2694,HACTION_SELECT5_4_3_4_4,HTML_PAGE_SELECT5_4_3_4_4,select5_4_3_4_4,same_stem
2695,HACTION_SELECT5_4_4,HTML_PAGE_SELECT5_4_4,select5_4_4,same_stem
2696,HACTION_SELECT5_4_4_1,HTML_PAGE_SELECT5_4_4_1,select5_4_4_1,same_stem
2697,HACTION_SELECT5_4_4_1_1,HTML_PAGE_SELECT5_4_4_1_1,select5_4_4_1_1,same_stem
2698,HACTION_SELECT5_4_4_1_2,HTML_PAGE_SELECT5_4_4_1_2,select5_4_4_1_2,same_stem
2699,HACTION_SELECT5_4_4_1_3,HTML_PAGE_SELECT5_4_4_1_3,select5_4_4_1_3,same_stem
2700,HACTION_SELECT5_4_4_1_4,HTML_PAGE_SELECT5_4_4_1_4,select5_4_4_1_4,same_stem
2701,HACTION_SELECT5_4_4_2,HTML_PAGE_SELECT5_4_4_2,select5_4_4_2,same_stem
2702,HACTION_SELECT5_4_4_2_1,HTML_PAGE_SELECT5_4_4_2_1,select5_4_4_2_1,same_stem
2703,HACTION_SELECT5_4_4_2_2,HTML_PAGE_SELECT5_4_4_2_2,select5_4_4_2_2,same_stem
2704,HACTION_SELECT5_4_4_2_3,HTML_PAGE_SELECT5_4_4_2_3,select5_4_4_2_3,same_stem
2705,HACTION_SELECT5_4_4_2_4,HTML_PAGE_SELECT5_4_4_2_4,select5_4_4_2_4,same_stem
2706,HACTION_SELECT5_4_4_3,HTML_PAGE_SELECT5_4_4_3,select5_4_4_3,same_stem
2707,HACTION_SELECT5_4_4_3_1,HTML_PAGE_SELECT5_4_4_3_1,select5_4_4_3_1,same_stem
2708,HACTION_SELECT5_4_4_3_2,HTML_PAGE_SELECT5_4_4_3_2,select5_4_4_3_2,same_stem
2709,HACTION_SELECT5_4_4_3_3,HTML_PAGE_SELECT5_4_4_3_3,select5_4_4_3_3,same_stem
2710,HACTION_SELECT5_4_4_3_4,HTML_PAGE_SELECT5_4_4_3_4,select5_4_4_3_4,same_stem
2711,HACTION_SELECT5_4_4_4,HTML_PAGE_SELECT5_4_4_4,select5_4_4_4,same_stem
2712,HACTION_SELECT5_4_4_4_1,HTML_PAGE_SELECT5_4_4_4_1,select5_4_4_4_1,same_stem
2713,HACTION_SELECT5_4_4_4_2,HTML_PAGE_SELECT5_4_4_4_2,select5_4_4_4_2,same_stem
2714,HACTION_SELECT5_4_4_4_3,HTML_PAGE_SELECT5_4_4_4_3,select5_4_4_4_3,same_stem
2715,HACTION_SELECT5_4_4_4_4,HTML_PAGE_SELECT5_4_4_4_4,select5_4_4_4_4,same_stem
2716,HACTION_SELECT6,HTML_PAGE_SELECT6,select6,same_stem
2717,HACTION_SELECT6_1,HTML_PAGE_SELECT6_1,select6_1,same_stem
2718,HACTION_SELECT6_1_1,HTML_PAGE_SELECT6_1_1,select6_1_1,same_stem
2719,HACTION_SELECT6_1_1_1,HTML_PAGE_SELECT6_1_1_1,select6_1_1_1,same_stem
2720,HACTION_SELECT6_1_1_1_1,HTML_PAGE_SELECT6_1_1_1_1,select6_1_1_1_1,same_stem
2721,HACTION_SELECT6_1_1_1_2,HTML_PAGE_SELECT6_1_1_1_2,select6_1_1_1_2,same_stem
2722,HACTION_SELECT6_1_1_1_3,HTML_PAGE_SELECT6_1_1_1_3,select6_1_1_1_3,same_stem
2723,HACTION_SELECT6_1_1_1_4,HTML_PAGE_SELECT6_1_1_1_4,select6_1_1_1_4,same_stem
2724,HACTION_SELECT6_1_1_2,HTML_PAGE_SELECT6_1_1_2,select6_1_1_2,same_stem
2725,HACTION_SELECT6_1_1_2_1,HTML_PAGE_SELECT6_1_1_2_1,select6_1_1_2_1,same_stem
2726,HACTION_SELECT6_1_1_2_2,HTML_PAGE_SELECT6_1_1_2_2,select6_1_1_2_2,same_stem
2727,HACTION_SELECT6_1_1_2_3,HTML_PAGE_SELECT6_1_1_2_3,select6_1_1_2_3,same_stem
2728,HACTION_SELECT6_1_1_2_4,HTML_PAGE_SELECT6_1_1_2_4,select6_1_1_2_4,same_stem
2729,HACTION_SELECT6_1_1_3,HTML_PAGE_SELECT6_1_1_3,select6_1_1_3,same_stem
2730,HACTION_SELECT6_1_1_3_1,HTML_PAGE_SELECT6_1_1_3_1,select6_1_1_3_1,same_stem
2731,HACTION_SELECT6_1_1_3_2,HTML_PAGE_SELECT6_1_1_3_2,select6_1_1_3_2,same_stem
2732,HACTION_SELECT6_1_1_3_3,HTML_PAGE_SELECT6_1_1_3_3,select6_1_1_3_3,same_stem
2733,HACTION_SELECT6_1_1_3_4,HTML_PAGE_SELECT6_1_1_3_4,select6_1_1_3_4,same_stem
2734,HACTION_SELECT6_1_1_4,HTML_PAGE_SELECT6_1_1_4,select6_1_1_4,same_stem
2735,HACTION_SELECT6_1_1_4_1,HTML_PAGE_SELECT6_1_1_4_1,select6_1_1_4_1,same_stem
2736,HACTION_SELECT6_1_1_4_2,HTML_PAGE_SELECT6_1_1_4_2,select6_1_1_4_2,same_stem
2737,HACTION_SELECT6_1_1_4_3,HTML_PAGE_SELECT6_1_1_4_3,select6_1_1_4_3,same_stem
2738,HACTION_SELECT6_1_1_4_4,HTML_PAGE_SELECT6_1_1_4_4,select6_1_1_4_4,same_stem
2739,HACTION_SELECT6_1_2,HTML_PAGE_SELECT6_1_2,select6_1_2,same_stem
2740,HACTION_SELECT6_1_2_1,HTML_PAGE_SELECT6_1_2_1,select6_1_2_1,same_stem
2741,HACTION_SELECT6_1_2_1_1,HTML_PAGE_SELECT6_1_2_1_1,select6_1_2_1_1,same_stem
2742,HACTION_SELECT6_1_2_1_2,HTML_PAGE_SELECT6_1_2_1_2,select6_1_2_1_2,same_stem
2743,HACTION_SELECT6_1_2_1_3,HTML_PAGE_SELECT6_1_2_1_3,select6_1_2_1_3,same_stem
2744,HACTION_SELECT6_1_2_1_4,HTML_PAGE_SELECT6_1_2_1_4,select6_1_2_1_4,same_stem
2745,HACTION_SELECT6_1_2_2,HTML_PAGE_SELECT6_1_2_2,select6_1_2_2,same_stem
2746,HACTION_SELECT6_1_2_2_1,HTML_PAGE_SELECT6_1_2_2_1,select6_1_2_2_1,same_stem
2747,HACTION_SELECT6_1_2_2_2,HTML_PAGE_SELECT6_1_2_2_2,select6_1_2_2_2,same_stem
2748,HACTION_SELECT6_1_2_2_3,HTML_PAGE_SELECT6_1_2_2_3,select6_1_2_2_3,same_stem
2749,HACTION_SELECT6_1_2_2_4,HTML_PAGE_SELECT6_1_2_2_4,select6_1_2_2_4,same_stem
2750,HACTION_SELECT6_1_2_3,HTML_PAGE_SELECT6_1_2_3,select6_1_2_3,same_stem
2751,HACTION_SELECT6_1_2_3_1,HTML_PAGE_SELECT6_1_2_3_1,select6_1_2_3_1,same_stem
2752,HACTION_SELECT6_1_2_3_2,HTML_PAGE_SELECT6_1_2_3_2,select6_1_2_3_2,same_stem
2753,HACTION_SELECT6_1_2_3_3,HTML_PAGE_SELECT6_1_2_3_3,select6_1_2_3_3,same_stem
2754,HACTION_SELECT6_1_2_3_4,HTML_PAGE_SELECT6_1_2_3_4,select6_1_2_3_4,same_stem
2755,HACTION_SELECT6_1_2_4,HTML_PAGE_SELECT6_1_2_4,select6_1_2_4,same_stem
2756,HACTION_SELECT6_1_2_4_1,HTML_PAGE_SELECT6_1_2_4_1,select6_1_2_4_1,same_stem
2757,HACTION_SELECT6_1_2_4_2,HTML_PAGE_SELECT6_1_2_4_2,select6_1_2_4_2,same_stem
2758,HACTION_SELECT6_1_2_4_3,HTML_PAGE_SELECT6_1_2_4_3,select6_1_2_4_3,same_stem
2759,HACTION_SELECT6_1_2_4_4,HTML_PAGE_SELECT6_1_2_4_4,select6_1_2_4_4,same_stem
2760,HACTION_SELECT6_1_3,HTML_PAGE_SELECT6_1_3,select6_1_3,same_stem
2761,HACTION_SELECT6_1_3_1,HTML_PAGE_SELECT6_1_3_1,select6_1_3_1,same_stem
2762,HACTION_SELECT6_1_3_1_1,HTML_PAGE_SELECT6_1_3_1_1,select6_1_3_1_1,same_stem
2763,HACTION_SELECT6_1_3_1_2,HTML_PAGE_SELECT6_1_3_1_2,select6_1_3_1_2,same_stem
2764,HACTION_SELECT6_1_3_1_3,HTML_PAGE_SELECT6_1_3_1_3,select6_1_3_1_3,same_stem
2765,HACTION_SELECT6_1_3_1_4,HTML_PAGE_SELECT6_1_3_1_4,select6_1_3_1_4,same_stem
2766,HACTION_SELECT6_1_3_2,HTML_PAGE_SELECT6_1_3_2,select6_1_3_2,same_stem
2767,HACTION_SELECT6_1_3_2_1,HTML_PAGE_SELECT6_1_3_2_1,select6_1_3_2_1,same_stem
2768,HACTION_SELECT6_1_3_2_2,HTML_PAGE_SELECT6_1_3_2_2,select6_1_3_2_2,same_stem
2769,HACTION_SELECT6_1_3_2_3,HTML_PAGE_SELECT6_1_3_2_3,select6_1_3_2_3,same_stem
2770,HACTION_SELECT6_1_3_2_4,HTML_PAGE_SELECT6_1_3_2_4,select6_1_3_2_4,same_stem
2771,HACTION_SELECT6_1_3_3,HTML_PAGE_SELECT6_1_3_3,select6_1_3_3,same_stem
2772,HACTION_SELECT6_1_3_3_1,HTML_PAGE_SELECT6_1_3_3_1,select6_1_3_3_1,same_stem
2773,HACTION_SELECT6_1_3_3_2,HTML_PAGE_SELECT6_1_3_3_2,select6_1_3_3_2,same_stem
2774,HACTION_SELECT6_1_3_3_3,HTML_PAGE_SELECT6_1_3_3_3,select6_1_3_3_3,same_stem
2775,HACTION_SELECT6_1_3_3_4,HTML_PAGE_SELECT6_1_3_3_4,select6_1_3_3_4,same_stem
2776,HACTION_SELECT6_1_3_4,HTML_PAGE_SELECT6_1_3_4,select6_1_3_4,same_stem
2777,HACTION_SELECT6_1_3_4_1,HTML_PAGE_SELECT6_1_3_4_1,select6_1_3_4_1,same_stem
2778,HACTION_SELECT6_1_3_4_2,HTML_PAGE_SELECT6_1_3_4_2,select6_1_3_4_2,same_stem
2779,HACTION_SELECT6_1_3_4_3,HTML_PAGE_SELECT6_1_3_4_3,select6_1_3_4_3,same_stem
2780,HACTION_SELECT6_1_3_4_4,HTML_PAGE_SELECT6_1_3_4_4,select6_1_3_4_4,same_stem
2781,HACTION_SELECT6_1_4,HTML_PAGE_SELECT6_1_4,select6_1_4,same_stem
2782,HACTION_SELECT6_1_4_1,HTML_PAGE_SELECT6_1_4_1,select6_1_4_1,same_stem
2783,HACTION_SELECT6_1_4_1_1,HTML_PAGE_SELECT6_1_4_1_1,select6_1_4_1_1,same_stem
2784,HACTION_SELECT6_1_4_1_2,HTML_PAGE_SELECT6_1_4_1_2,select6_1_4_1_2,same_stem
2785,HACTION_SELECT6_1_4_1_3,HTML_PAGE_SELECT6_1_4_1_3,select6_1_4_1_3,same_stem
2786,HACTION_SELECT6_1_4_1_4,HTML_PAGE_SELECT6_1_4_1_4,select6_1_4_1_4,same_stem
2787,HACTION_SELECT6_1_4_2,HTML_PAGE_SELECT6_1_4_2,select6_1_4_2,same_stem
2788,HACTION_SELECT6_1_4_2_1,HTML_PAGE_SELECT6_1_4_2_1,select6_1_4_2_1,same_stem
2789,HACTION_SELECT6_1_4_2_2,HTML_PAGE_SELECT6_1_4_2_2,select6_1_4_2_2,same_stem
2790,HACTION_SELECT6_1_4_2_3,HTML_PAGE_SELECT6_1_4_2_3,select6_1_4_2_3,same_stem
2791,HACTION_SELECT6_1_4_2_4,HTML_PAGE_SELECT6_1_4_2_4,select6_1_4_2_4,same_stem
2792,HACTION_SELECT6_1_4_3,HTML_PAGE_SELECT6_1_4_3,select6_1_4_3,same_stem
2793,HACTION_SELECT6_1_4_3_1,HTML_PAGE_SELECT6_1_4_3_1,select6_1_4_3_1,same_stem
2794,HACTION_SELECT6_1_4_3_2,HTML_PAGE_SELECT6_1_4_3_2,select6_1_4_3_2,same_stem
2795,HACTION_SELECT6_1_4_3_3,HTML_PAGE_SELECT6_1_4_3_3,select6_1_4_3_3,same_stem
2796,HACTION_SELECT6_1_4_3_4,HTML_PAGE_SELECT6_1_4_3_4,select6_1_4_3_4,same_stem
2797,HACTION_SELECT6_1_4_4,HTML_PAGE_SELECT6_1_4_4,select6_1_4_4,same_stem
2798,HACTION_SELECT6_1_4_4_1,HTML_PAGE_SELECT6_1_4_4_1,select6_1_4_4_1,same_stem
2799,HACTION_SELECT6_1_4_4_2,HTML_PAGE_SELECT6_1_4_4_2,select6_1_4_4_2,same_stem
2800,HACTION_SELECT6_1_4_4_3,HTML_PAGE_SELECT6_1_4_4_3,select6_1_4_4_3,same_stem
2801,HACTION_SELECT6_1_4_4_4,HTML_PAGE_SELECT6_1_4_4_4,select6_1_4_4_4,same_stem
2802,HACTION_SELECT6_2,HTML_PAGE_SELECT6_2,select6_2,same_stem
2803,HACTION_SELECT6_2_1,HTML_PAGE_SELECT6_2_1,select6_2_1,same_stem
2804,HACTION_SELECT6_2_1_1,HTML_PAGE_SELECT6_2_1_1,select6_2_1_1,same_stem
2805,HACTION_SELECT6_2_1_1_1,HTML_PAGE_SELECT6_2_1_1_1,select6_2_1_1_1,same_stem
2806,HACTION_SELECT6_2_1_1_2,HTML_PAGE_SELECT6_2_1_1_2,select6_2_1_1_2,same_stem
2807,HACTION_SELECT6_2_1_1_3,HTML_PAGE_SELECT6_2_1_1_3,select6_2_1_1_3,same_stem
2808,HACTION_SELECT6_2_1_1_4,HTML_PAGE_SELECT6_2_1_1_4,select6_2_1_1_4,same_stem
2809,HACTION_SELECT6_2_1_2,HTML_PAGE_SELECT6_2_1_2,select6_2_1_2,same_stem
2810,HACTION_SELECT6_2_1_2_1,HTML_PAGE_SELECT6_2_1_2_1,select6_2_1_2_1,same_stem
2811,HACTION_SELECT6_2_1_2_2,HTML_PAGE_SELECT6_2_1_2_2,select6_2_1_2_2,same_stem
2812,HACTION_SELECT6_2_1_2_3,HTML_PAGE_SELECT6_2_1_2_3,select6_2_1_2_3,same_stem
2813,HACTION_SELECT6_2_1_2_4,HTML_PAGE_SELECT6_2_1_2_4,select6_2_1_2_4,same_stem
2814,HACTION_SELECT6_2_1_3,HTML_PAGE_SELECT6_2_1_3,select6_2_1_3,same_stem
2815,HACTION_SELECT6_2_1_3_1,HTML_PAGE_SELECT6_2_1_3_1,select6_2_1_3_1,same_stem
2816,HACTION_SELECT6_2_1_3_2,HTML_PAGE_SELECT6_2_1_3_2,select6_2_1_3_2,same_stem
2817,HACTION_SELECT6_2_1_3_3,HTML_PAGE_SELECT6_2_1_3_3,select6_2_1_3_3,same_stem
2818,HACTION_SELECT6_2_1_3_4,HTML_PAGE_SELECT6_2_1_3_4,select6_2_1_3_4,same_stem
2819,HACTION_SELECT6_2_1_4,HTML_PAGE_SELECT6_2_1_4,select6_2_1_4,same_stem
2820,HACTION_SELECT6_2_1_4_1,HTML_PAGE_SELECT6_2_1_4_1,select6_2_1_4_1,same_stem
2821,HACTION_SELECT6_2_1_4_2,HTML_PAGE_SELECT6_2_1_4_2,select6_2_1_4_2,same_stem
2822,HACTION_SELECT6_2_1_4_3,HTML_PAGE_SELECT6_2_1_4_3,select6_2_1_4_3,same_stem
2823,HACTION_SELECT6_2_1_4_4,HTML_PAGE_SELECT6_2_1_4_4,select6_2_1_4_4,same_stem
2824,HACTION_SELECT6_2_2,HTML_PAGE_SELECT6_2_2,select6_2_2,same_stem
2825,HACTION_SELECT6_2_2_1,HTML_PAGE_SELECT6_2_2_1,select6_2_2_1,same_stem
2826,HACTION_SELECT6_2_2_1_1,HTML_PAGE_SELECT6_2_2_1_1,select6_2_2_1_1,same_stem
2827,HACTION_SELECT6_2_2_1_2,HTML_PAGE_SELECT6_2_2_1_2,select6_2_2_1_2,same_stem
2828,HACTION_SELECT6_2_2_1_3,HTML_PAGE_SELECT6_2_2_1_3,select6_2_2_1_3,same_stem
2829,HACTION_SELECT6_2_2_1_4,HTML_PAGE_SELECT6_2_2_1_4,select6_2_2_1_4,same_stem
2830,HACTION_SELECT6_2_2_2,HTML_PAGE_SELECT6_2_2_2,select6_2_2_2,same_stem
2831,HACTION_SELECT6_2_2_2_1,HTML_PAGE_SELECT6_2_2_2_1,select6_2_2_2_1,same_stem
2832,HACTION_SELECT6_2_2_2_2,HTML_PAGE_SELECT6_2_2_2_2,select6_2_2_2_2,same_stem
2833,HACTION_SELECT6_2_2_2_3,HTML_PAGE_SELECT6_2_2_2_3,select6_2_2_2_3,same_stem
2834,HACTION_SELECT6_2_2_2_4,HTML_PAGE_SELECT6_2_2_2_4,select6_2_2_2_4,same_stem
2835,HACTION_SELECT6_2_2_3,HTML_PAGE_SELECT6_2_2_3,select6_2_2_3,same_stem
2836,HACTION_SELECT6_2_2_3_1,HTML_PAGE_SELECT6_2_2_3_1,select6_2_2_3_1,same_stem
2837,HACTION_SELECT6_2_2_3_2,HTML_PAGE_SELECT6_2_2_3_2,select6_2_2_3_2,same_stem
2838,HACTION_SELECT6_2_2_3_3,HTML_PAGE_SELECT6_2_2_3_3,select6_2_2_3_3,same_stem
2839,HACTION_SELECT6_2_2_3_4,HTML_PAGE_SELECT6_2_2_3_4,select6_2_2_3_4,same_stem
2840,HACTION_SELECT6_2_2_4,HTML_PAGE_SELECT6_2_2_4,select6_2_2_4,same_stem
2841,HACTION_SELECT6_2_2_4_1,HTML_PAGE_SELECT6_2_2_4_1,select6_2_2_4_1,same_stem
2842,HACTION_SELECT6_2_2_4_2,HTML_PAGE_SELECT6_2_2_4_2,select6_2_2_4_2,same_stem
2843,HACTION_SELECT6_2_2_4_3,HTML_PAGE_SELECT6_2_2_4_3,select6_2_2_4_3,same_stem
2844,HACTION_SELECT6_2_2_4_4,HTML_PAGE_SELECT6_2_2_4_4,select6_2_2_4_4,same_stem
2845,HACTION_SELECT6_2_3,HTML_PAGE_SELECT6_2_3,select6_2_3,same_stem
2846,HACTION_SELECT6_2_3_1,HTML_PAGE_SELECT6_2_3_1,select6_2_3_1,same_stem
2847,HACTION_SELECT6_2_3_1_1,HTML_PAGE_SELECT6_2_3_1_1,select6_2_3_1_1,same_stem
2848,HACTION_SELECT6_2_3_1_2,HTML_PAGE_SELECT6_2_3_1_2,select6_2_3_1_2,same_stem
2849,HACTION_SELECT6_2_3_1_3,HTML_PAGE_SELECT6_2_3_1_3,select6_2_3_1_3,same_stem
2850,HACTION_SELECT6_2_3_1_4,HTML_PAGE_SELECT6_2_3_1_4,select6_2_3_1_4,same_stem
2851,HACTION_SELECT6_2_3_2,HTML_PAGE_SELECT6_2_3_2,select6_2_3_2,same_stem
2852,HACTION_SELECT6_2_3_2_1,HTML_PAGE_SELECT6_2_3_2_1,select6_2_3_2_1,same_stem
2853,HACTION_SELECT6_2_3_2_2,HTML_PAGE_SELECT6_2_3_2_2,select6_2_3_2_2,same_stem
2854,HACTION_SELECT6_2_3_2_3,HTML_PAGE_SELECT6_2_3_2_3,select6_2_3_2_3,same_stem
2855,HACTION_SELECT6_2_3_2_4,HTML_PAGE_SELECT6_2_3_2_4,select6_2_3_2_4,same_stem
2856,HACTION_SELECT6_2_3_3,HTML_PAGE_SELECT6_2_3_3,select6_2_3_3,same_stem
2857,HACTION_SELECT6_2_3_3_1,HTML_PAGE_SELECT6_2_3_3_1,select6_2_3_3_1,same_stem
2858,HACTION_SELECT6_2_3_3_2,HTML_PAGE_SELECT6_2_3_3_2,select6_2_3_3_2,same_stem
2859,HACTION_SELECT6_2_3_3_3,HTML_PAGE_SELECT6_2_3_3_3,select6_2_3_3_3,same_stem
2860,HACTION_SELECT6_2_3_3_4,HTML_PAGE_SELECT6_2_3_3_4,select6_2_3_3_4,same_stem
2861,HACTION_SELECT6_2_3_4,HTML_PAGE_SELECT6_2_3_4,select6_2_3_4,same_stem
2862,HACTION_SELECT6_2_3_4_1,HTML_PAGE_SELECT6_2_3_4_1,select6_2_3_4_1,same_stem
2863,HACTION_SELECT6_2_3_4_2,HTML_PAGE_SELECT6_2_3_4_2,select6_2_3_4_2,same_stem
2864,HACTION_SELECT6_2_3_4_3,HTML_PAGE_SELECT6_2_3_4_3,select6_2_3_4_3,same_stem
2865,HACTION_SELECT6_2_3_4_4,HTML_PAGE_SELECT6_2_3_4_4,select6_2_3_4_4,same_stem
2866,HACTION_SELECT6_2_4,HTML_PAGE_SELECT6_2_4,select6_2_4,same_stem
2867,HACTION_SELECT6_2_4_1,HTML_PAGE_SELECT6_2_4_1,select6_2_4_1,same_stem
2868,HACTION_SELECT6_2_4_1_1,HTML_PAGE_SELECT6_2_4_1_1,select6_2_4_1_1,same_stem
2869,HACTION_SELECT6_2_4_1_2,HTML_PAGE_SELECT6_2_4_1_2,select6_2_4_1_2,same_stem
2870,HACTION_SELECT6_2_4_1_3,HTML_PAGE_SELECT6_2_4_1_3,select6_2_4_1_3,same_stem
2871,HACTION_SELECT6_2_4_1_4,HTML_PAGE_SELECT6_2_4_1_4,select6_2_4_1_4,same_stem
2872,HACTION_SELECT6_2_4_2,HTML_PAGE_SELECT6_2_4_2,select6_2_4_2,same_stem
2873,HACTION_SELECT6_2_4_2_1,HTML_PAGE_SELECT6_2_4_2_1,select6_2_4_2_1,same_stem
2874,HACTION_SELECT6_2_4_2_2,HTML_PAGE_SELECT6_2_4_2_2,select6_2_4_2_2,same_stem
2875,HACTION_SELECT6_2_4_2_3,HTML_PAGE_SELECT6_2_4_2_3,select6_2_4_2_3,same_stem
2876,HACTION_SELECT6_2_4_2_4,HTML_PAGE_SELECT6_2_4_2_4,select6_2_4_2_4,same_stem
2877,HACTION_SELECT6_2_4_3,HTML_PAGE_SELECT6_2_4_3,select6_2_4_3,same_stem
2878,HACTION_SELECT6_2_4_3_1,HTML_PAGE_SELECT6_2_4_3_1,select6_2_4_3_1,same_stem
2879,HACTION_SELECT6_2_4_3_2,HTML_PAGE_SELECT6_2_4_3_2,select6_2_4_3_2,same_stem
2880,HACTION_SELECT6_2_4_3_3,HTML_PAGE_SELECT6_2_4_3_3,select6_2_4_3_3,same_stem
2881,HACTION_SELECT6_2_4_3_4,HTML_PAGE_SELECT6_2_4_3_4,select6_2_4_3_4,same_stem
2882,HACTION_SELECT6_2_4_4,HTML_PAGE_SELECT6_2_4_4,select6_2_4_4,same_stem
2883,HACTION_SELECT6_2_4_4_1,HTML_PAGE_SELECT6_2_4_4_1,select6_2_4_4_1,same_stem
2884,HACTION_SELECT6_2_4_4_2,HTML_PAGE_SELECT6_2_4_4_2,select6_2_4_4_2,same_stem
2885,HACTION_SELECT6_2_4_4_3,HTML_PAGE_SELECT6_2_4_4_3,select6_2_4_4_3,same_stem
2886,HACTION_SELECT6_2_4_4_4,HTML_PAGE_SELECT6_2_4_4_4,select6_2_4_4_4,same_stem
2887,HACTION_SELECT6_3,HTML_PAGE_SELECT6_3,select6_3,same_stem
2888,HACTION_SELECT6_3_1,HTML_PAGE_SELECT6_3_1,select6_3_1,same_stem
2889,HACTION_SELECT6_3_1_1,HTML_PAGE_SELECT6_3_1_1,select6_3_1_1,same_stem
2890,HACTION_SELECT6_3_1_1_1,HTML_PAGE_SELECT6_3_1_1_1,select6_3_1_1_1,same_stem
2891,HACTION_SELECT6_3_1_1_2,HTML_PAGE_SELECT6_3_1_1_2,select6_3_1_1_2,same_stem
2892,HACTION_SELECT6_3_1_1_3,HTML_PAGE_SELECT6_3_1_1_3,select6_3_1_1_3,same_stem
2893,HACTION_SELECT6_3_1_1_4,HTML_PAGE_SELECT6_3_1_1_4,select6_3_1_1_4,same_stem
2894,HACTION_SELECT6_3_1_2,HTML_PAGE_SELECT6_3_1_2,select6_3_1_2,same_stem
2895,HACTION_SELECT6_3_1_2_1,HTML_PAGE_SELECT6_3_1_2_1,select6_3_1_2_1,same_stem
2896,HACTION_SELECT6_3_1_2_2,HTML_PAGE_SELECT6_3_1_2_2,select6_3_1_2_2,same_stem
2897,HACTION_SELECT6_3_1_2_3,HTML_PAGE_SELECT6_3_1_2_3,select6_3_1_2_3,same_stem
2898,HACTION_SELECT6_3_1_2_4,HTML_PAGE_SELECT6_3_1_2_4,select6_3_1_2_4,same_stem
2899,HACTION_SELECT6_3_1_3,HTML_PAGE_SELECT6_3_1_3,select6_3_1_3,same_stem
2900,HACTION_SELECT6_3_1_3_1,HTML_PAGE_SELECT6_3_1_3_1,select6_3_1_3_1,same_stem
2901,HACTION_SELECT6_3_1_3_2,HTML_PAGE_SELECT6_3_1_3_2,select6_3_1_3_2,same_stem
2902,HACTION_SELECT6_3_1_3_3,HTML_PAGE_SELECT6_3_1_3_3,select6_3_1_3_3,same_stem
2903,HACTION_SELECT6_3_1_3_4,HTML_PAGE_SELECT6_3_1_3_4,select6_3_1_3_4,same_stem
2904,HACTION_SELECT6_3_1_4,HTML_PAGE_SELECT6_3_1_4,select6_3_1_4,same_stem
2905,HACTION_SELECT6_3_1_4_1,HTML_PAGE_SELECT6_3_1_4_1,select6_3_1_4_1,same_stem
2906,HACTION_SELECT6_3_1_4_2,HTML_PAGE_SELECT6_3_1_4_2,select6_3_1_4_2,same_stem
2907,HACTION_SELECT6_3_1_4_3,HTML_PAGE_SELECT6_3_1_4_3,select6_3_1_4_3,same_stem
2908,HACTION_SELECT6_3_1_4_4,HTML_PAGE_SELECT6_3_1_4_4,select6_3_1_4_4,same_stem
2909,HACTION_SELECT6_3_2,HTML_PAGE_SELECT6_3_2,select6_3_2,same_stem
2910,HACTION_SELECT6_3_2_1,HTML_PAGE_SELECT6_3_2_1,select6_3_2_1,same_stem
2911,HACTION_SELECT6_3_2_1_1,HTML_PAGE_SELECT6_3_2_1_1,select6_3_2_1_1,same_stem
2912,HACTION_SELECT6_3_2_1_2,HTML_PAGE_SELECT6_3_2_1_2,select6_3_2_1_2,same_stem
2913,HACTION_SELECT6_3_2_1_3,HTML_PAGE_SELECT6_3_2_1_3,select6_3_2_1_3,same_stem
2914,HACTION_SELECT6_3_2_1_4,HTML_PAGE_SELECT6_3_2_1_4,select6_3_2_1_4,same_stem
2915,HACTION_SELECT6_3_2_2,HTML_PAGE_SELECT6_3_2_2,select6_3_2_2,same_stem
2916,HACTION_SELECT6_3_2_2_1,HTML_PAGE_SELECT6_3_2_2_1,select6_3_2_2_1,same_stem
2917,HACTION_SELECT6_3_2_2_2,HTML_PAGE_SELECT6_3_2_2_2,select6_3_2_2_2,same_stem
2918,HACTION_SELECT6_3_2_2_3,HTML_PAGE_SELECT6_3_2_2_3,select6_3_2_2_3,same_stem
2919,HACTION_SELECT6_3_2_2_4,HTML_PAGE_SELECT6_3_2_2_4,select6_3_2_2_4,same_stem
2920,HACTION_SELECT6_3_2_3,HTML_PAGE_SELECT6_3_2_3,select6_3_2_3,same_stem
2921,HACTION_SELECT6_3_2_3_1,HTML_PAGE_SELECT6_3_2_3_1,select6_3_2_3_1,same_stem
2922,HACTION_SELECT6_3_2_3_2,HTML_PAGE_SELECT6_3_2_3_2,select6_3_2_3_2,same_stem
2923,HACTION_SELECT6_3_2_3_3,HTML_PAGE_SELECT6_3_2_3_3,select6_3_2_3_3,same_stem
2924,HACTION_SELECT6_3_2_3_4,HTML_PAGE_SELECT6_3_2_3_4,select6_3_2_3_4,same_stem
2925,HACTION_SELECT6_3_2_4,HTML_PAGE_SELECT6_3_2_4,select6_3_2_4,same_stem
2926,HACTION_SELECT6_3_2_4_1,HTML_PAGE_SELECT6_3_2_4_1,select6_3_2_4_1,same_stem
2927,HACTION_SELECT6_3_2_4_2,HTML_PAGE_SELECT6_3_2_4_2,select6_3_2_4_2,same_stem
2928,HACTION_SELECT6_3_2_4_3,HTML_PAGE_SELECT6_3_2_4_3,select6_3_2_4_3,same_stem
2929,HACTION_SELECT6_3_2_4_4,HTML_PAGE_SELECT6_3_2_4_4,select6_3_2_4_4,same_stem
2930,HACTION_SELECT6_3_3,HTML_PAGE_SELECT6_3_3,select6_3_3,same_stem
2931,HACTION_SELECT6_3_3_1,HTML_PAGE_SELECT6_3_3_1,select6_3_3_1,same_stem
2932,HACTION_SELECT6_3_3_1_1,HTML_PAGE_SELECT6_3_3_1_1,select6_3_3_1_1,same_stem
2933,HACTION_SELECT6_3_3_1_2,HTML_PAGE_SELECT6_3_3_1_2,select6_3_3_1_2,same_stem
2934,HACTION_SELECT6_3_3_1_3,HTML_PAGE_SELECT6_3_3_1_3,select6_3_3_1_3,same_stem
2935,HACTION_SELECT6_3_3_1_4,HTML_PAGE_SELECT6_3_3_1_4,select6_3_3_1_4,same_stem
2936,HACTION_SELECT6_3_3_2,HTML_PAGE_SELECT6_3_3_2,select6_3_3_2,same_stem
2937,HACTION_SELECT6_3_3_2_1,HTML_PAGE_SELECT6_3_3_2_1,select6_3_3_2_1,same_stem
2938,HACTION_SELECT6_3_3_2_2,HTML_PAGE_SELECT6_3_3_2_2,select6_3_3_2_2,same_stem
2939,HACTION_SELECT6_3_3_2_3,HTML_PAGE_SELECT6_3_3_2_3,select6_3_3_2_3,same_stem
2940,HACTION_SELECT6_3_3_2_4,HTML_PAGE_SELECT6_3_3_2_4,select6_3_3_2_4,same_stem
2941,HACTION_SELECT6_3_3_3,HTML_PAGE_SELECT6_3_3_3,select6_3_3_3,same_stem
2942,HACTION_SELECT6_3_3_3_1,HTML_PAGE_SELECT6_3_3_3_1,select6_3_3_3_1,same_stem
2943,HACTION_SELECT6_3_3_3_2,HTML_PAGE_SELECT6_3_3_3_2,select6_3_3_3_2,same_stem
2944,HACTION_SELECT6_3_3_3_3,HTML_PAGE_SELECT6_3_3_3_3,select6_3_3_3_3,same_stem
2945,HACTION_SELECT6_3_3_3_4,HTML_PAGE_SELECT6_3_3_3_4,select6_3_3_3_4,same_stem
2946,HACTION_SELECT6_3_3_4,HTML_PAGE_SELECT6_3_3_4,select6_3_3_4,same_stem
2947,HACTION_SELECT6_3_3_4_1,HTML_PAGE_SELECT6_3_3_4_1,select6_3_3_4_1,same_stem
2948,HACTION_SELECT6_3_3_4_2,HTML_PAGE_SELECT6_3_3_4_2,select6_3_3_4_2,same_stem
2949,HACTION_SELECT6_3_3_4_3,HTML_PAGE_SELECT6_3_3_4_3,select6_3_3_4_3,same_stem
2950,HACTION_SELECT6_3_3_4_4,HTML_PAGE_SELECT6_3_3_4_4,select6_3_3_4_4,same_stem
2951,HACTION_SELECT6_3_4,HTML_PAGE_SELECT6_3_4,select6_3_4,same_stem
2952,HACTION_SELECT6_3_4_1,HTML_PAGE_SELECT6_3_4_1,select6_3_4_1,same_stem
2953,HACTION_SELECT6_3_4_1_1,HTML_PAGE_SELECT6_3_4_1_1,select6_3_4_1_1,same_stem
2954,HACTION_SELECT6_3_4_1_2,HTML_PAGE_SELECT6_3_4_1_2,select6_3_4_1_2,same_stem
2955,HACTION_SELECT6_3_4_1_3,HTML_PAGE_SELECT6_3_4_1_3,select6_3_4_1_3,same_stem
2956,HACTION_SELECT6_3_4_1_4,HTML_PAGE_SELECT6_3_4_1_4,select6_3_4_1_4,same_stem
2957,HACTION_SELECT6_3_4_2,HTML_PAGE_SELECT6_3_4_2,select6_3_4_2,same_stem
2958,HACTION_SELECT6_3_4_2_1,HTML_PAGE_SELECT6_3_4_2_1,select6_3_4_2_1,same_stem
2959,HACTION_SELECT6_3_4_2_2,HTML_PAGE_SELECT6_3_4_2_2,select6_3_4_2_2,same_stem
2960,HACTION_SELECT6_3_4_2_3,HTML_PAGE_SELECT6_3_4_2_3,select6_3_4_2_3,same_stem
2961,HACTION_SELECT6_3_4_2_4,HTML_PAGE_SELECT6_3_4_2_4,select6_3_4_2_4,same_stem
2962,HACTION_SELECT6_3_4_3,HTML_PAGE_SELECT6_3_4_3,select6_3_4_3,same_stem
2963,HACTION_SELECT6_3_4_3_1,HTML_PAGE_SELECT6_3_4_3_1,select6_3_4_3_1,same_stem
2964,HACTION_SELECT6_3_4_3_2,HTML_PAGE_SELECT6_3_4_3_2,select6_3_4_3_2,same_stem
2965,HACTION_SELECT6_3_4_3_3,HTML_PAGE_SELECT6_3_4_3_3,select6_3_4_3_3,same_stem
2966,HACTION_SELECT6_3_4_3_4,HTML_PAGE_SELECT6_3_4_3_4,select6_3_4_3_4,same_stem
2967,HACTION_SELECT6_3_4_4,HTML_PAGE_SELECT6_3_4_4,select6_3_4_4,same_stem
2968,HACTION_SELECT6_3_4_4_1,HTML_PAGE_SELECT6_3_4_4_1,select6_3_4_4_1,same_stem
2969,HACTION_SELECT6_3_4_4_2,HTML_PAGE_SELECT6_3_4_4_2,select6_3_4_4_2,same_stem
2970,HACTION_SELECT6_3_4_4_3,HTML_PAGE_SELECT6_3_4_4_3,select6_3_4_4_3,same_stem
2971,HACTION_SELECT6_3_4_4_4,HTML_PAGE_SELECT6_3_4_4_4,select6_3_4_4_4,same_stem
2972,HACTION_SELECT6_4,HTML_PAGE_SELECT6_4,select6_4,same_stem
2973,HACTION_SELECT6_4_1,HTML_PAGE_SELECT6_4_1,select6_4_1,same_stem
2974,HACTION_SELECT6_4_1_1,HTML_PAGE_SELECT6_4_1_1,select6_4_1_1,same_stem
2975,HACTION_SELECT6_4_1_1_1,HTML_PAGE_SELECT6_4_1_1_1,select6_4_1_1_1,same_stem
2976,HACTION_SELECT6_4_1_1_2,HTML_PAGE_SELECT6_4_1_1_2,select6_4_1_1_2,same_stem
2977,HACTION_SELECT6_4_1_1_3,HTML_PAGE_SELECT6_4_1_1_3,select6_4_1_1_3,same_stem
2978,HACTION_SELECT6_4_1_1_4,HTML_PAGE_SELECT6_4_1_1_4,select6_4_1_1_4,same_stem
2979,HACTION_SELECT6_4_1_2,HTML_PAGE_SELECT6_4_1_2,select6_4_1_2,same_stem
2980,HACTION_SELECT6_4_1_2_1,HTML_PAGE_SELECT6_4_1_2_1,select6_4_1_2_1,same_stem
2981,HACTION_SELECT6_4_1_2_2,HTML_PAGE_SELECT6_4_1_2_2,select6_4_1_2_2,same_stem
2982,HACTION_SELECT6_4_1_2_3,HTML_PAGE_SELECT6_4_1_2_3,select6_4_1_2_3,same_stem
2983,HACTION_SELECT6_4_1_2_4,HTML_PAGE_SELECT6_4_1_2_4,select6_4_1_2_4,same_stem
2984,HACTION_SELECT6_4_1_3,HTML_PAGE_SELECT6_4_1_3,select6_4_1_3,same_stem
2985,HACTION_SELECT6_4_1_3_1,HTML_PAGE_SELECT6_4_1_3_1,select6_4_1_3_1,same_stem
2986,HACTION_SELECT6_4_1_3_2,HTML_PAGE_SELECT6_4_1_3_2,select6_4_1_3_2,same_stem
2987,HACTION_SELECT6_4_1_3_3,HTML_PAGE_SELECT6_4_1_3_3,select6_4_1_3_3,same_stem
2988,HACTION_SELECT6_4_1_3_4,HTML_PAGE_SELECT6_4_1_3_4,select6_4_1_3_4,same_stem
2989,HACTION_SELECT6_4_1_4,HTML_PAGE_SELECT6_4_1_4,select6_4_1_4,same_stem
2990,HACTION_SELECT6_4_1_4_1,HTML_PAGE_SELECT6_4_1_4_1,select6_4_1_4_1,same_stem
2991,HACTION_SELECT6_4_1_4_2,HTML_PAGE_SELECT6_4_1_4_2,select6_4_1_4_2,same_stem
2992,HACTION_SELECT6_4_1_4_3,HTML_PAGE_SELECT6_4_1_4_3,select6_4_1_4_3,same_stem
2993,HACTION_SELECT6_4_1_4_4,HTML_PAGE_SELECT6_4_1_4_4,select6_4_1_4_4,same_stem
2994,HACTION_SELECT6_4_2,HTML_PAGE_SELECT6_4_2,select6_4_2,same_stem
2995,HACTION_SELECT6_4_2_1,HTML_PAGE_SELECT6_4_2_1,select6_4_2_1,same_stem
2996,HACTION_SELECT6_4_2_1_1,HTML_PAGE_SELECT6_4_2_1_1,select6_4_2_1_1,same_stem
2997,HACTION_SELECT6_4_2_1_2,HTML_PAGE_SELECT6_4_2_1_2,select6_4_2_1_2,same_stem
2998,HACTION_SELECT6_4_2_1_3,HTML_PAGE_SELECT6_4_2_1_3,select6_4_2_1_3,same_stem
2999,HACTION_SELECT6_4_2_1_4,HTML_PAGE_SELECT6_4_2_1_4,select6_4_2_1_4,same_stem
3000,HACTION_SELECT6_4_2_2,HTML_PAGE_SELECT6_4_2_2,select6_4_2_2,same_stem
3001,HACTION_SELECT6_4_2_2_1,HTML_PAGE_SELECT6_4_2_2_1,select6_4_2_2_1,same_stem
3002,HACTION_SELECT6_4_2_2_2,HTML_PAGE_SELECT6_4_2_2_2,select6_4_2_2_2,same_stem
3003,HACTION_SELECT6_4_2_2_3,HTML_PAGE_SELECT6_4_2_2_3,select6_4_2_2_3,same_stem
3004,HACTION_SELECT6_4_2_2_4,HTML_PAGE_SELECT6_4_2_2_4,select6_4_2_2_4,same_stem
3005,HACTION_SELECT6_4_2_3,HTML_PAGE_SELECT6_4_2_3,select6_4_2_3,same_stem
3006,HACTION_SELECT6_4_2_3_1,HTML_PAGE_SELECT6_4_2_3_1,select6_4_2_3_1,same_stem
3007,HACTION_SELECT6_4_2_3_2,HTML_PAGE_SELECT6_4_2_3_2,select6_4_2_3_2,same_stem
3008,HACTION_SELECT6_4_2_3_3,HTML_PAGE_SELECT6_4_2_3_3,select6_4_2_3_3,same_stem
3009,HACTION_SELECT6_4_2_3_4,HTML_PAGE_SELECT6_4_2_3_4,select6_4_2_3_4,same_stem
3010,HACTION_SELECT6_4_2_4,HTML_PAGE_SELECT6_4_2_4,select6_4_2_4,same_stem
3011,HACTION_SELECT6_4_2_4_1,HTML_PAGE_SELECT6_4_2_4_1,select6_4_2_4_1,same_stem
3012,HACTION_SELECT6_4_2_4_2,HTML_PAGE_SELECT6_4_2_4_2,select6_4_2_4_2,same_stem
3013,HACTION_SELECT6_4_2_4_3,HTML_PAGE_SELECT6_4_2_4_3,select6_4_2_4_3,same_stem
3014,HACTION_SELECT6_4_2_4_4,HTML_PAGE_SELECT6_4_2_4_4,select6_4_2_4_4,same_stem
3015,HACTION_SELECT6_4_3,HTML_PAGE_SELECT6_4_3,select6_4_3,same_stem
3016,HACTION_SELECT6_4_3_1,HTML_PAGE_SELECT6_4_3_1,select6_4_3_1,same_stem
3017,HACTION_SELECT6_4_3_1_1,HTML_PAGE_SELECT6_4_3_1_1,select6_4_3_1_1,same_stem
3018,HACTION_SELECT6_4_3_1_2,HTML_PAGE_SELECT6_4_3_1_2,select6_4_3_1_2,same_stem
3019,HACTION_SELECT6_4_3_1_3,HTML_PAGE_SELECT6_4_3_1_3,select6_4_3_1_3,same_stem
3020,HACTION_SELECT6_4_3_1_4,HTML_PAGE_SELECT6_4_3_1_4,select6_4_3_1_4,same_stem
3021,HACTION_SELECT6_4_3_2,HTML_PAGE_SELECT6_4_3_2,select6_4_3_2,same_stem
3022,HACTION_SELECT6_4_3_2_1,HTML_PAGE_SELECT6_4_3_2_1,select6_4_3_2_1,same_stem
3023,HACTION_SELECT6_4_3_2_2,HTML_PAGE_SELECT6_4_3_2_2,select6_4_3_2_2,same_stem
3024,HACTION_SELECT6_4_3_2_3,HTML_PAGE_SELECT6_4_3_2_3,select6_4_3_2_3,same_stem
3025,HACTION_SELECT6_4_3_2_4,HTML_PAGE_SELECT6_4_3_2_4,select6_4_3_2_4,same_stem
3026,HACTION_SELECT6_4_3_3,HTML_PAGE_SELECT6_4_3_3,select6_4_3_3,same_stem
3027,HACTION_SELECT6_4_3_3_1,HTML_PAGE_SELECT6_4_3_3_1,select6_4_3_3_1,same_stem
3028,HACTION_SELECT6_4_3_3_2,HTML_PAGE_SELECT6_4_3_3_2,select6_4_3_3_2,same_stem
3029,HACTION_SELECT6_4_3_3_3,HTML_PAGE_SELECT6_4_3_3_3,select6_4_3_3_3,same_stem
3030,HACTION_SELECT6_4_3_3_4,HTML_PAGE_SELECT6_4_3_3_4,select6_4_3_3_4,same_stem
3031,HACTION_SELECT6_4_3_4,HTML_PAGE_SELECT6_4_3_4,select6_4_3_4,same_stem
3032,HACTION_SELECT6_4_3_4_1,HTML_PAGE_SELECT6_4_3_4_1,select6_4_3_4_1,same_stem
3033,HACTION_SELECT6_4_3_4_2,HTML_PAGE_SELECT6_4_3_4_2,select6_4_3_4_2,same_stem
3034,HACTION_SELECT6_4_3_4_3,HTML_PAGE_SELECT6_4_3_4_3,select6_4_3_4_3,same_stem
3035,HACTION_SELECT6_4_3_4_4,HTML_PAGE_SELECT6_4_3_4_4,select6_4_3_4_4,same_stem
3036,HACTION_SELECT6_4_4,HTML_PAGE_SELECT6_4_4,select6_4_4,same_stem
3037,HACTION_SELECT6_4_4_1,HTML_PAGE_SELECT6_4_4_1,select6_4_4_1,same_stem
3038,HACTION_SELECT6_4_4_1_1,HTML_PAGE_SELECT6_4_4_1_1,select6_4_4_1_1,same_stem
3039,HACTION_SELECT6_4_4_1_2,HTML_PAGE_SELECT6_4_4_1_2,select6_4_4_1_2,same_stem
3040,HACTION_SELECT6_4_4_1_3,HTML_PAGE_SELECT6_4_4_1_3,select6_4_4_1_3,same_stem
3041,HACTION_SELECT6_4_4_1_4,HTML_PAGE_SELECT6_4_4_1_4,select6_4_4_1_4,same_stem
3042,HACTION_SELECT6_4_4_2,HTML_PAGE_SELECT6_4_4_2,select6_4_4_2,same_stem
3043,HACTION_SELECT6_4_4_2_1,HTML_PAGE_SELECT6_4_4_2_1,select6_4_4_2_1,same_stem
3044,HACTION_SELECT6_4_4_2_2,HTML_PAGE_SELECT6_4_4_2_2,select6_4_4_2_2,same_stem
3045,HACTION_SELECT6_4_4_2_3,HTML_PAGE_SELECT6_4_4_2_3,select6_4_4_2_3,same_stem
3046,HACTION_SELECT6_4_4_2_4,HTML_PAGE_SELECT6_4_4_2_4,select6_4_4_2_4,same_stem
3047,HACTION_SELECT6_4_4_3,HTML_PAGE_SELECT6_4_4_3,select6_4_4_3,same_stem
3048,HACTION_SELECT6_4_4_3_1,HTML_PAGE_SELECT6_4_4_3_1,select6_4_4_3_1,same_stem
3049,HACTION_SELECT6_4_4_3_2,HTML_PAGE_SELECT6_4_4_3_2,select6_4_4_3_2,same_stem
3050,HACTION_SELECT6_4_4_3_3,HTML_PAGE_SELECT6_4_4_3_3,select6_4_4_3_3,same_stem
3051,HACTION_SELECT6_4_4_3_4,HTML_PAGE_SELECT6_4_4_3_4,select6_4_4_3_4,same_stem
3052,HACTION_SELECT6_4_4_4,HTML_PAGE_SELECT6_4_4_4,select6_4_4_4,same_stem
3053,HACTION_SELECT6_4_4_4_1,HTML_PAGE_SELECT6_4_4_4_1,select6_4_4_4_1,same_stem
3054,HACTION_SELECT6_4_4_4_2,HTML_PAGE_SELECT6_4_4_4_2,select6_4_4_4_2,same_stem
3055,HACTION_SELECT6_4_4_4_3,HTML_PAGE_SELECT6_4_4_4_3,select6_4_4_4_3,same_stem
3056,HACTION_SELECT6_4_4_4_4,HTML_PAGE_SELECT6_4_4_4_4,select6_4_4_4_4,same_stem
3057,HACTION_SELECT7,HTML_PAGE_SELECT7,select7,same_stem
3058,HACTION_SELECT7_1,HTML_PAGE_SELECT7_1,select7_1,same_stem
3059,HACTION_SELECT7_1_1,HTML_PAGE_SELECT7_1_1,select7_1_1,same_stem
3060,HACTION_SELECT7_1_1_1,HTML_PAGE_SELECT7_1_1_1,select7_1_1_1,same_stem
3061,HACTION_SELECT7_1_1_1_1,HTML_PAGE_SELECT7_1_1_1_1,select7_1_1_1_1,same_stem
3062,HACTION_SELECT7_1_1_1_2,HTML_PAGE_SELECT7_1_1_1_2,select7_1_1_1_2,same_stem
3063,HACTION_SELECT7_1_1_1_3,HTML_PAGE_SELECT7_1_1_1_3,select7_1_1_1_3,same_stem
3064,HACTION_SELECT7_1_1_1_4,HTML_PAGE_SELECT7_1_1_1_4,select7_1_1_1_4,same_stem
3065,HACTION_SELECT7_1_1_2,HTML_PAGE_SELECT7_1_1_2,select7_1_1_2,same_stem
3066,HACTION_SELECT7_1_1_2_1,HTML_PAGE_SELECT7_1_1_2_1,select7_1_1_2_1,same_stem
3067,HACTION_SELECT7_1_1_2_2,HTML_PAGE_SELECT7_1_1_2_2,select7_1_1_2_2,same_stem
3068,HACTION_SELECT7_1_1_2_3,HTML_PAGE_SELECT7_1_1_2_3,select7_1_1_2_3,same_stem
3069,HACTION_SELECT7_1_1_2_4,HTML_PAGE_SELECT7_1_1_2_4,select7_1_1_2_4,same_stem
3070,HACTION_SELECT7_1_1_3,HTML_PAGE_SELECT7_1_1_3,select7_1_1_3,same_stem
3071,HACTION_SELECT7_1_1_3_1,HTML_PAGE_SELECT7_1_1_3_1,select7_1_1_3_1,same_stem
3072,HACTION_SELECT7_1_1_3_2,HTML_PAGE_SELECT7_1_1_3_2,select7_1_1_3_2,same_stem
3073,HACTION_SELECT7_1_1_3_3,HTML_PAGE_SELECT7_1_1_3_3,select7_1_1_3_3,same_stem
3074,HACTION_SELECT7_1_1_3_4,HTML_PAGE_SELECT7_1_1_3_4,select7_1_1_3_4,same_stem
3075,HACTION_SELECT7_1_1_4,HTML_PAGE_SELECT7_1_1_4,select7_1_1_4,same_stem
3076,HACTION_SELECT7_1_1_4_1,HTML_PAGE_SELECT7_1_1_4_1,select7_1_1_4_1,same_stem
3077,HACTION_SELECT7_1_1_4_2,HTML_PAGE_SELECT7_1_1_4_2,select7_1_1_4_2,same_stem
3078,HACTION_SELECT7_1_1_4_3,HTML_PAGE_SELECT7_1_1_4_3,select7_1_1_4_3,same_stem
3079,HACTION_SELECT7_1_1_4_4,HTML_PAGE_SELECT7_1_1_4_4,select7_1_1_4_4,same_stem
3080,HACTION_SELECT7_1_2,HTML_PAGE_SELECT7_1_2,select7_1_2,same_stem
3081,HACTION_SELECT7_1_2_1,HTML_PAGE_SELECT7_1_2_1,select7_1_2_1,same_stem
3082,HACTION_SELECT7_1_2_1_1,HTML_PAGE_SELECT7_1_2_1_1,select7_1_2_1_1,same_stem
3083,HACTION_SELECT7_1_2_1_2,HTML_PAGE_SELECT7_1_2_1_2,select7_1_2_1_2,same_stem
3084,HACTION_SELECT7_1_2_1_3,HTML_PAGE_SELECT7_1_2_1_3,select7_1_2_1_3,same_stem
3085,HACTION_SELECT7_1_2_1_4,HTML_PAGE_SELECT7_1_2_1_4,select7_1_2_1_4,same_stem
3086,HACTION_SELECT7_1_2_2,HTML_PAGE_SELECT7_1_2_2,select7_1_2_2,same_stem
3087,HACTION_SELECT7_1_2_2_1,HTML_PAGE_SELECT7_1_2_2_1,select7_1_2_2_1,same_stem
3088,HACTION_SELECT7_1_2_2_2,HTML_PAGE_SELECT7_1_2_2_2,select7_1_2_2_2,same_stem
3089,HACTION_SELECT7_1_2_2_3,HTML_PAGE_SELECT7_1_2_2_3,select7_1_2_2_3,same_stem
3090,HACTION_SELECT7_1_2_2_4,HTML_PAGE_SELECT7_1_2_2_4,select7_1_2_2_4,same_stem
3091,HACTION_SELECT7_1_2_3,HTML_PAGE_SELECT7_1_2_3,select7_1_2_3,same_stem
3092,HACTION_SELECT7_1_2_3_1,HTML_PAGE_SELECT7_1_2_3_1,select7_1_2_3_1,same_stem
3093,HACTION_SELECT7_1_2_3_2,HTML_PAGE_SELECT7_1_2_3_2,select7_1_2_3_2,same_stem
3094,HACTION_SELECT7_1_2_3_3,HTML_PAGE_SELECT7_1_2_3_3,select7_1_2_3_3,same_stem
3095,HACTION_SELECT7_1_2_3_4,HTML_PAGE_SELECT7_1_2_3_4,select7_1_2_3_4,same_stem
3096,HACTION_SELECT7_1_2_4,HTML_PAGE_SELECT7_1_2_4,select7_1_2_4,same_stem
3097,HACTION_SELECT7_1_2_4_1,HTML_PAGE_SELECT7_1_2_4_1,select7_1_2_4_1,same_stem
3098,HACTION_SELECT7_1_2_4_2,HTML_PAGE_SELECT7_1_2_4_2,select7_1_2_4_2,same_stem
3099,HACTION_SELECT7_1_2_4_3,HTML_PAGE_SELECT7_1_2_4_3,select7_1_2_4_3,same_stem
3100,HACTION_SELECT7_1_2_4_4,HTML_PAGE_SELECT7_1_2_4_4,select7_1_2_4_4,same_stem
3101,HACTION_SELECT7_1_3,HTML_PAGE_SELECT7_1_3,select7_1_3,same_stem
3102,HACTION_SELECT7_1_3_1,HTML_PAGE_SELECT7_1_3_1,select7_1_3_1,same_stem
3103,HACTION_SELECT7_1_3_1_1,HTML_PAGE_SELECT7_1_3_1_1,select7_1_3_1_1,same_stem
3104,HACTION_SELECT7_1_3_1_2,HTML_PAGE_SELECT7_1_3_1_2,select7_1_3_1_2,same_stem
3105,HACTION_SELECT7_1_3_1_3,HTML_PAGE_SELECT7_1_3_1_3,select7_1_3_1_3,same_stem
3106,HACTION_SELECT7_1_3_1_4,HTML_PAGE_SELECT7_1_3_1_4,select7_1_3_1_4,same_stem
3107,HACTION_SELECT7_1_3_2,HTML_PAGE_SELECT7_1_3_2,select7_1_3_2,same_stem
3108,HACTION_SELECT7_1_3_2_1,HTML_PAGE_SELECT7_1_3_2_1,select7_1_3_2_1,same_stem
3109,HACTION_SELECT7_1_3_2_2,HTML_PAGE_SELECT7_1_3_2_2,select7_1_3_2_2,same_stem
3110,HACTION_SELECT7_1_3_2_3,HTML_PAGE_SELECT7_1_3_2_3,select7_1_3_2_3,same_stem
3111,HACTION_SELECT7_1_3_2_4,HTML_PAGE_SELECT7_1_3_2_4,select7_1_3_2_4,same_stem
3112,HACTION_SELECT7_1_3_3,HTML_PAGE_SELECT7_1_3_3,select7_1_3_3,same_stem
3113,HACTION_SELECT7_1_3_3_1,HTML_PAGE_SELECT7_1_3_3_1,select7_1_3_3_1,same_stem
3114,HACTION_SELECT7_1_3_3_2,HTML_PAGE_SELECT7_1_3_3_2,select7_1_3_3_2,same_stem
3115,HACTION_SELECT7_1_3_3_3,HTML_PAGE_SELECT7_1_3_3_3,select7_1_3_3_3,same_stem
3116,HACTION_SELECT7_1_3_3_4,HTML_PAGE_SELECT7_1_3_3_4,select7_1_3_3_4,same_stem
3117,HACTION_SELECT7_1_3_4,HTML_PAGE_SELECT7_1_3_4,select7_1_3_4,same_stem
3118,HACTION_SELECT7_1_3_4_1,HTML_PAGE_SELECT7_1_3_4_1,select7_1_3_4_1,same_stem
3119,HACTION_SELECT7_1_3_4_2,HTML_PAGE_SELECT7_1_3_4_2,select7_1_3_4_2,same_stem
3120,HACTION_SELECT7_1_3_4_3,HTML_PAGE_SELECT7_1_3_4_3,select7_1_3_4_3,same_stem
3121,HACTION_SELECT7_1_3_4_4,HTML_PAGE_SELECT7_1_3_4_4,select7_1_3_4_4,same_stem
3122,HACTION_SELECT7_1_4,HTML_PAGE_SELECT7_1_4,select7_1_4,same_stem
3123,HACTION_SELECT7_1_4_1,HTML_PAGE_SELECT7_1_4_1,select7_1_4_1,same_stem
3124,HACTION_SELECT7_1_4_1_1,HTML_PAGE_SELECT7_1_4_1_1,select7_1_4_1_1,same_stem
3125,HACTION_SELECT7_1_4_1_2,HTML_PAGE_SELECT7_1_4_1_2,select7_1_4_1_2,same_stem
3126,HACTION_SELECT7_1_4_1_3,HTML_PAGE_SELECT7_1_4_1_3,select7_1_4_1_3,same_stem
3127,HACTION_SELECT7_1_4_1_4,HTML_PAGE_SELECT7_1_4_1_4,select7_1_4_1_4,same_stem
3128,HACTION_SELECT7_1_4_2,HTML_PAGE_SELECT7_1_4_2,select7_1_4_2,same_stem
3129,HACTION_SELECT7_1_4_2_1,HTML_PAGE_SELECT7_1_4_2_1,select7_1_4_2_1,same_stem
3130,HACTION_SELECT7_1_4_2_2,HTML_PAGE_SELECT7_1_4_2_2,select7_1_4_2_2,same_stem
3131,HACTION_SELECT7_1_4_2_3,HTML_PAGE_SELECT7_1_4_2_3,select7_1_4_2_3,same_stem
3132,HACTION_SELECT7_1_4_2_4,HTML_PAGE_SELECT7_1_4_2_4,select7_1_4_2_4,same_stem
3133,HACTION_SELECT7_1_4_3,HTML_PAGE_SELECT7_1_4_3,select7_1_4_3,same_stem
3134,HACTION_SELECT7_1_4_3_1,HTML_PAGE_SELECT7_1_4_3_1,select7_1_4_3_1,same_stem
3135,HACTION_SELECT7_1_4_3_2,HTML_PAGE_SELECT7_1_4_3_2,select7_1_4_3_2,same_stem
3136,HACTION_SELECT7_1_4_3_3,HTML_PAGE_SELECT7_1_4_3_3,select7_1_4_3_3,same_stem
3137,HACTION_SELECT7_1_4_3_4,HTML_PAGE_SELECT7_1_4_3_4,select7_1_4_3_4,same_stem
3138,HACTION_SELECT7_1_4_4,HTML_PAGE_SELECT7_1_4_4,select7_1_4_4,same_stem
3139,HACTION_SELECT7_1_4_4_1,HTML_PAGE_SELECT7_1_4_4_1,select7_1_4_4_1,same_stem
3140,HACTION_SELECT7_1_4_4_2,HTML_PAGE_SELECT7_1_4_4_2,select7_1_4_4_2,same_stem
3141,HACTION_SELECT7_1_4_4_3,HTML_PAGE_SELECT7_1_4_4_3,select7_1_4_4_3,same_stem
3142,HACTION_SELECT7_1_4_4_4,HTML_PAGE_SELECT7_1_4_4_4,select7_1_4_4_4,same_stem
3143,HACTION_SELECT7_2,HTML_PAGE_SELECT7_2,select7_2,same_stem
3144,HACTION_SELECT7_2_1,HTML_PAGE_SELECT7_2_1,select7_2_1,same_stem
3145,HACTION_SELECT7_2_1_1,HTML_PAGE_SELECT7_2_1_1,select7_2_1_1,same_stem
3146,HACTION_SELECT7_2_1_1_1,HTML_PAGE_SELECT7_2_1_1_1,select7_2_1_1_1,same_stem
3147,HACTION_SELECT7_2_1_1_2,HTML_PAGE_SELECT7_2_1_1_2,select7_2_1_1_2,same_stem
3148,HACTION_SELECT7_2_1_1_3,HTML_PAGE_SELECT7_2_1_1_3,select7_2_1_1_3,same_stem
3149,HACTION_SELECT7_2_1_1_4,HTML_PAGE_SELECT7_2_1_1_4,select7_2_1_1_4,same_stem
3150,HACTION_SELECT7_2_1_2,HTML_PAGE_SELECT7_2_1_2,select7_2_1_2,same_stem
3151,HACTION_SELECT7_2_1_2_1,HTML_PAGE_SELECT7_2_1_2_1,select7_2_1_2_1,same_stem
3152,HACTION_SELECT7_2_1_2_2,HTML_PAGE_SELECT7_2_1_2_2,select7_2_1_2_2,same_stem
3153,HACTION_SELECT7_2_1_2_3,HTML_PAGE_SELECT7_2_1_2_3,select7_2_1_2_3,same_stem
3154,HACTION_SELECT7_2_1_2_4,HTML_PAGE_SELECT7_2_1_2_4,select7_2_1_2_4,same_stem
3155,HACTION_SELECT7_2_1_3,HTML_PAGE_SELECT7_2_1_3,select7_2_1_3,same_stem
3156,HACTION_SELECT7_2_1_3_1,HTML_PAGE_SELECT7_2_1_3_1,select7_2_1_3_1,same_stem
3157,HACTION_SELECT7_2_1_3_2,HTML_PAGE_SELECT7_2_1_3_2,select7_2_1_3_2,same_stem
3158,HACTION_SELECT7_2_1_3_3,HTML_PAGE_SELECT7_2_1_3_3,select7_2_1_3_3,same_stem
3159,HACTION_SELECT7_2_1_3_4,HTML_PAGE_SELECT7_2_1_3_4,select7_2_1_3_4,same_stem
3160,HACTION_SELECT7_2_1_4,HTML_PAGE_SELECT7_2_1_4,select7_2_1_4,same_stem
3161,HACTION_SELECT7_2_1_4_1,HTML_PAGE_SELECT7_2_1_4_1,select7_2_1_4_1,same_stem
3162,HACTION_SELECT7_2_1_4_2,HTML_PAGE_SELECT7_2_1_4_2,select7_2_1_4_2,same_stem
3163,HACTION_SELECT7_2_1_4_3,HTML_PAGE_SELECT7_2_1_4_3,select7_2_1_4_3,same_stem
3164,HACTION_SELECT7_2_1_4_4,HTML_PAGE_SELECT7_2_1_4_4,select7_2_1_4_4,same_stem
3165,HACTION_SELECT7_2_2,HTML_PAGE_SELECT7_2_2,select7_2_2,same_stem
3166,HACTION_SELECT7_2_2_1,HTML_PAGE_SELECT7_2_2_1,select7_2_2_1,same_stem
3167,HACTION_SELECT7_2_2_1_1,HTML_PAGE_SELECT7_2_2_1_1,select7_2_2_1_1,same_stem
3168,HACTION_SELECT7_2_2_1_2,HTML_PAGE_SELECT7_2_2_1_2,select7_2_2_1_2,same_stem
3169,HACTION_SELECT7_2_2_1_3,HTML_PAGE_SELECT7_2_2_1_3,select7_2_2_1_3,same_stem
3170,HACTION_SELECT7_2_2_1_4,HTML_PAGE_SELECT7_2_2_1_4,select7_2_2_1_4,same_stem
3171,HACTION_SELECT7_2_2_2,HTML_PAGE_SELECT7_2_2_2,select7_2_2_2,same_stem
3172,HACTION_SELECT7_2_2_2_1,HTML_PAGE_SELECT7_2_2_2_1,select7_2_2_2_1,same_stem
3173,HACTION_SELECT7_2_2_2_2,HTML_PAGE_SELECT7_2_2_2_2,select7_2_2_2_2,same_stem
3174,HACTION_SELECT7_2_2_2_3,HTML_PAGE_SELECT7_2_2_2_3,select7_2_2_2_3,same_stem
3175,HACTION_SELECT7_2_2_2_4,HTML_PAGE_SELECT7_2_2_2_4,select7_2_2_2_4,same_stem
3176,HACTION_SELECT7_2_2_3,HTML_PAGE_SELECT7_2_2_3,select7_2_2_3,same_stem
3177,HACTION_SELECT7_2_2_3_1,HTML_PAGE_SELECT7_2_2_3_1,select7_2_2_3_1,same_stem
3178,HACTION_SELECT7_2_2_3_2,HTML_PAGE_SELECT7_2_2_3_2,select7_2_2_3_2,same_stem
3179,HACTION_SELECT7_2_2_3_3,HTML_PAGE_SELECT7_2_2_3_3,select7_2_2_3_3,same_stem
3180,HACTION_SELECT7_2_2_3_4,HTML_PAGE_SELECT7_2_2_3_4,select7_2_2_3_4,same_stem
3181,HACTION_SELECT7_2_2_4,HTML_PAGE_SELECT7_2_2_4,select7_2_2_4,same_stem
3182,HACTION_SELECT7_2_2_4_1,HTML_PAGE_SELECT7_2_2_4_1,select7_2_2_4_1,same_stem
3183,HACTION_SELECT7_2_2_4_2,HTML_PAGE_SELECT7_2_2_4_2,select7_2_2_4_2,same_stem
3184,HACTION_SELECT7_2_2_4_3,HTML_PAGE_SELECT7_2_2_4_3,select7_2_2_4_3,same_stem
3185,HACTION_SELECT7_2_2_4_4,HTML_PAGE_SELECT7_2_2_4_4,select7_2_2_4_4,same_stem
3186,HACTION_SELECT7_2_3,HTML_PAGE_SELECT7_2_3,select7_2_3,same_stem
3187,HACTION_SELECT7_2_3_1,HTML_PAGE_SELECT7_2_3_1,select7_2_3_1,same_stem
3188,HACTION_SELECT7_2_3_1_1,HTML_PAGE_SELECT7_2_3_1_1,select7_2_3_1_1,same_stem
3189,HACTION_SELECT7_2_3_1_2,HTML_PAGE_SELECT7_2_3_1_2,select7_2_3_1_2,same_stem
3190,HACTION_SELECT7_2_3_1_3,HTML_PAGE_SELECT7_2_3_1_3,select7_2_3_1_3,same_stem
3191,HACTION_SELECT7_2_3_1_4,HTML_PAGE_SELECT7_2_3_1_4,select7_2_3_1_4,same_stem
3192,HACTION_SELECT7_2_3_2,HTML_PAGE_SELECT7_2_3_2,select7_2_3_2,same_stem
3193,HACTION_SELECT7_2_3_2_1,HTML_PAGE_SELECT7_2_3_2_1,select7_2_3_2_1,same_stem
3194,HACTION_SELECT7_2_3_2_2,HTML_PAGE_SELECT7_2_3_2_2,select7_2_3_2_2,same_stem
3195,HACTION_SELECT7_2_3_2_3,HTML_PAGE_SELECT7_2_3_2_3,select7_2_3_2_3,same_stem
3196,HACTION_SELECT7_2_3_2_4,HTML_PAGE_SELECT7_2_3_2_4,select7_2_3_2_4,same_stem
3197,HACTION_SELECT7_2_3_3,HTML_PAGE_SELECT7_2_3_3,select7_2_3_3,same_stem
3198,HACTION_SELECT7_2_3_3_1,HTML_PAGE_SELECT7_2_3_3_1,select7_2_3_3_1,same_stem
3199,HACTION_SELECT7_2_3_3_2,HTML_PAGE_SELECT7_2_3_3_2,select7_2_3_3_2,same_stem
3200,HACTION_SELECT7_2_3_3_3,HTML_PAGE_SELECT7_2_3_3_3,select7_2_3_3_3,same_stem
3201,HACTION_SELECT7_2_3_3_4,HTML_PAGE_SELECT7_2_3_3_4,select7_2_3_3_4,same_stem
3202,HACTION_SELECT7_2_3_4,HTML_PAGE_SELECT7_2_3_4,select7_2_3_4,same_stem
3203,HACTION_SELECT7_2_3_4_1,HTML_PAGE_SELECT7_2_3_4_1,select7_2_3_4_1,same_stem
3204,HACTION_SELECT7_2_3_4_2,HTML_PAGE_SELECT7_2_3_4_2,select7_2_3_4_2,same_stem
3205,HACTION_SELECT7_2_3_4_3,HTML_PAGE_SELECT7_2_3_4_3,select7_2_3_4_3,same_stem
3206,HACTION_SELECT7_2_3_4_4,HTML_PAGE_SELECT7_2_3_4_4,select7_2_3_4_4,same_stem
3207,HACTION_SELECT7_2_4,HTML_PAGE_SELECT7_2_4,select7_2_4,same_stem
3208,HACTION_SELECT7_2_4_1,HTML_PAGE_SELECT7_2_4_1,select7_2_4_1,same_stem
3209,HACTION_SELECT7_2_4_1_1,HTML_PAGE_SELECT7_2_4_1_1,select7_2_4_1_1,same_stem
3210,HACTION_SELECT7_2_4_1_2,HTML_PAGE_SELECT7_2_4_1_2,select7_2_4_1_2,same_stem
3211,HACTION_SELECT7_2_4_1_3,HTML_PAGE_SELECT7_2_4_1_3,select7_2_4_1_3,same_stem
3212,HACTION_SELECT7_2_4_1_4,HTML_PAGE_SELECT7_2_4_1_4,select7_2_4_1_4,same_stem
3213,HACTION_SELECT7_2_4_2,HTML_PAGE_SELECT7_2_4_2,select7_2_4_2,same_stem
3214,HACTION_SELECT7_2_4_2_1,HTML_PAGE_SELECT7_2_4_2_1,select7_2_4_2_1,same_stem
3215,HACTION_SELECT7_2_4_2_2,HTML_PAGE_SELECT7_2_4_2_2,select7_2_4_2_2,same_stem
3216,HACTION_SELECT7_2_4_2_3,HTML_PAGE_SELECT7_2_4_2_3,select7_2_4_2_3,same_stem
3217,HACTION_SELECT7_2_4_2_4,HTML_PAGE_SELECT7_2_4_2_4,select7_2_4_2_4,same_stem
3218,HACTION_SELECT7_2_4_3,HTML_PAGE_SELECT7_2_4_3,select7_2_4_3,same_stem
3219,HACTION_SELECT7_2_4_3_1,HTML_PAGE_SELECT7_2_4_3_1,select7_2_4_3_1,same_stem
3220,HACTION_SELECT7_2_4_3_2,HTML_PAGE_SELECT7_2_4_3_2,select7_2_4_3_2,same_stem
3221,HACTION_SELECT7_2_4_3_3,HTML_PAGE_SELECT7_2_4_3_3,select7_2_4_3_3,same_stem
3222,HACTION_SELECT7_2_4_3_4,HTML_PAGE_SELECT7_2_4_3_4,select7_2_4_3_4,same_stem
3223,HACTION_SELECT7_2_4_4,HTML_PAGE_SELECT7_2_4_4,select7_2_4_4,same_stem
3224,HACTION_SELECT7_2_4_4_1,HTML_PAGE_SELECT7_2_4_4_1,select7_2_4_4_1,same_stem
3225,HACTION_SELECT7_2_4_4_2,HTML_PAGE_SELECT7_2_4_4_2,select7_2_4_4_2,same_stem
3226,HACTION_SELECT7_2_4_4_3,HTML_PAGE_SELECT7_2_4_4_3,select7_2_4_4_3,same_stem
3227,HACTION_SELECT7_2_4_4_4,HTML_PAGE_SELECT7_2_4_4_4,select7_2_4_4_4,same_stem
3228,HACTION_SELECT7_3,HTML_PAGE_SELECT7_3,select7_3,same_stem
3229,HACTION_SELECT7_3_1,HTML_PAGE_SELECT7_3_1,select7_3_1,same_stem
3230,HACTION_SELECT7_3_1_1,HTML_PAGE_SELECT7_3_1_1,select7_3_1_1,same_stem
3231,HACTION_SELECT7_3_1_1_1,HTML_PAGE_SELECT7_3_1_1_1,select7_3_1_1_1,same_stem
3232,HACTION_SELECT7_3_1_1_2,HTML_PAGE_SELECT7_3_1_1_2,select7_3_1_1_2,same_stem
3233,HACTION_SELECT7_3_1_1_3,HTML_PAGE_SELECT7_3_1_1_3,select7_3_1_1_3,same_stem
3234,HACTION_SELECT7_3_1_1_4,HTML_PAGE_SELECT7_3_1_1_4,select7_3_1_1_4,same_stem
3235,HACTION_SELECT7_3_1_2,HTML_PAGE_SELECT7_3_1_2,select7_3_1_2,same_stem
3236,HACTION_SELECT7_3_1_2_1,HTML_PAGE_SELECT7_3_1_2_1,select7_3_1_2_1,same_stem
3237,HACTION_SELECT7_3_1_2_2,HTML_PAGE_SELECT7_3_1_2_2,select7_3_1_2_2,same_stem
3238,HACTION_SELECT7_3_1_2_3,HTML_PAGE_SELECT7_3_1_2_3,select7_3_1_2_3,same_stem
3239,HACTION_SELECT7_3_1_2_4,HTML_PAGE_SELECT7_3_1_2_4,select7_3_1_2_4,same_stem
3240,HACTION_SELECT7_3_1_3,HTML_PAGE_SELECT7_3_1_3,select7_3_1_3,same_stem
3241,HACTION_SELECT7_3_1_3_1,HTML_PAGE_SELECT7_3_1_3_1,select7_3_1_3_1,same_stem
3242,HACTION_SELECT7_3_1_3_2,HTML_PAGE_SELECT7_3_1_3_2,select7_3_1_3_2,same_stem
3243,HACTION_SELECT7_3_1_3_3,HTML_PAGE_SELECT7_3_1_3_3,select7_3_1_3_3,same_stem
3244,HACTION_SELECT7_3_1_3_4,HTML_PAGE_SELECT7_3_1_3_4,select7_3_1_3_4,same_stem
3245,HACTION_SELECT7_3_1_4,HTML_PAGE_SELECT7_3_1_4,select7_3_1_4,same_stem
3246,HACTION_SELECT7_3_1_4_1,HTML_PAGE_SELECT7_3_1_4_1,select7_3_1_4_1,same_stem
3247,HACTION_SELECT7_3_1_4_2,HTML_PAGE_SELECT7_3_1_4_2,select7_3_1_4_2,same_stem
3248,HACTION_SELECT7_3_1_4_3,HTML_PAGE_SELECT7_3_1_4_3,select7_3_1_4_3,same_stem
3249,HACTION_SELECT7_3_1_4_4,HTML_PAGE_SELECT7_3_1_4_4,select7_3_1_4_4,same_stem
3250,HACTION_SELECT7_3_2,HTML_PAGE_SELECT7_3_2,select7_3_2,same_stem
3251,HACTION_SELECT7_3_2_1,HTML_PAGE_SELECT7_3_2_1,select7_3_2_1,same_stem
3252,HACTION_SELECT7_3_2_1_1,HTML_PAGE_SELECT7_3_2_1_1,select7_3_2_1_1,same_stem
3253,HACTION_SELECT7_3_2_1_2,HTML_PAGE_SELECT7_3_2_1_2,select7_3_2_1_2,same_stem
3254,HACTION_SELECT7_3_2_1_3,HTML_PAGE_SELECT7_3_2_1_3,select7_3_2_1_3,same_stem
3255,HACTION_SELECT7_3_2_1_4,HTML_PAGE_SELECT7_3_2_1_4,select7_3_2_1_4,same_stem
3256,HACTION_SELECT7_3_2_2,HTML_PAGE_SELECT7_3_2_2,select7_3_2_2,same_stem
3257,HACTION_SELECT7_3_2_2_1,HTML_PAGE_SELECT7_3_2_2_1,select7_3_2_2_1,same_stem
3258,HACTION_SELECT7_3_2_2_2,HTML_PAGE_SELECT7_3_2_2_2,select7_3_2_2_2,same_stem
3259,HACTION_SELECT7_3_2_2_3,HTML_PAGE_SELECT7_3_2_2_3,select7_3_2_2_3,same_stem
3260,HACTION_SELECT7_3_2_2_4,HTML_PAGE_SELECT7_3_2_2_4,select7_3_2_2_4,same_stem
3261,HACTION_SELECT7_3_2_3,HTML_PAGE_SELECT7_3_2_3,select7_3_2_3,same_stem
3262,HACTION_SELECT7_3_2_3_1,HTML_PAGE_SELECT7_3_2_3_1,select7_3_2_3_1,same_stem
3263,HACTION_SELECT7_3_2_3_2,HTML_PAGE_SELECT7_3_2_3_2,select7_3_2_3_2,same_stem
3264,HACTION_SELECT7_3_2_3_3,HTML_PAGE_SELECT7_3_2_3_3,select7_3_2_3_3,same_stem
3265,HACTION_SELECT7_3_2_3_4,HTML_PAGE_SELECT7_3_2_3_4,select7_3_2_3_4,same_stem
3266,HACTION_SELECT7_3_2_4,HTML_PAGE_SELECT7_3_2_4,select7_3_2_4,same_stem
3267,HACTION_SELECT7_3_2_4_1,HTML_PAGE_SELECT7_3_2_4_1,select7_3_2_4_1,same_stem
3268,HACTION_SELECT7_3_2_4_2,HTML_PAGE_SELECT7_3_2_4_2,select7_3_2_4_2,same_stem
3269,HACTION_SELECT7_3_2_4_3,HTML_PAGE_SELECT7_3_2_4_3,select7_3_2_4_3,same_stem
3270,HACTION_SELECT7_3_2_4_4,HTML_PAGE_SELECT7_3_2_4_4,select7_3_2_4_4,same_stem
3271,HACTION_SELECT7_3_3,HTML_PAGE_SELECT7_3_3,select7_3_3,same_stem
3272,HACTION_SELECT7_3_3_1,HTML_PAGE_SELECT7_3_3_1,select7_3_3_1,same_stem
3273,HACTION_SELECT7_3_3_1_1,HTML_PAGE_SELECT7_3_3_1_1,select7_3_3_1_1,same_stem
3274,HACTION_SELECT7_3_3_1_2,HTML_PAGE_SELECT7_3_3_1_2,select7_3_3_1_2,same_stem
3275,HACTION_SELECT7_3_3_1_3,HTML_PAGE_SELECT7_3_3_1_3,select7_3_3_1_3,same_stem
3276,HACTION_SELECT7_3_3_1_4,HTML_PAGE_SELECT7_3_3_1_4,select7_3_3_1_4,same_stem
3277,HACTION_SELECT7_3_3_2,HTML_PAGE_SELECT7_3_3_2,select7_3_3_2,same_stem
3278,HACTION_SELECT7_3_3_2_1,HTML_PAGE_SELECT7_3_3_2_1,select7_3_3_2_1,same_stem
3279,HACTION_SELECT7_3_3_2_2,HTML_PAGE_SELECT7_3_3_2_2,select7_3_3_2_2,same_stem
3280,HACTION_SELECT7_3_3_2_3,HTML_PAGE_SELECT7_3_3_2_3,select7_3_3_2_3,same_stem
3281,HACTION_SELECT7_3_3_2_4,HTML_PAGE_SELECT7_3_3_2_4,select7_3_3_2_4,same_stem
3282,HACTION_SELECT7_3_3_3,HTML_PAGE_SELECT7_3_3_3,select7_3_3_3,same_stem
3283,HACTION_SELECT7_3_3_3_1,HTML_PAGE_SELECT7_3_3_3_1,select7_3_3_3_1,same_stem
3284,HACTION_SELECT7_3_3_3_2,HTML_PAGE_SELECT7_3_3_3_2,select7_3_3_3_2,same_stem
3285,HACTION_SELECT7_3_3_3_3,HTML_PAGE_SELECT7_3_3_3_3,select7_3_3_3_3,same_stem
3286,HACTION_SELECT7_3_3_3_4,HTML_PAGE_SELECT7_3_3_3_4,select7_3_3_3_4,same_stem
3287,HACTION_SELECT7_3_3_4,HTML_PAGE_SELECT7_3_3_4,select7_3_3_4,same_stem
3288,HACTION_SELECT7_3_3_4_1,HTML_PAGE_SELECT7_3_3_4_1,select7_3_3_4_1,same_stem
3289,HACTION_SELECT7_3_3_4_2,HTML_PAGE_SELECT7_3_3_4_2,select7_3_3_4_2,same_stem
3290,HACTION_SELECT7_3_3_4_3,HTML_PAGE_SELECT7_3_3_4_3,select7_3_3_4_3,same_stem
3291,HACTION_SELECT7_3_3_4_4,HTML_PAGE_SELECT7_3_3_4_4,select7_3_3_4_4,same_stem
3292,HACTION_SELECT7_3_4,HTML_PAGE_SELECT7_3_4,select7_3_4,same_stem
3293,HACTION_SELECT7_3_4_1,HTML_PAGE_SELECT7_3_4_1,select7_3_4_1,same_stem
3294,HACTION_SELECT7_3_4_1_1,HTML_PAGE_SELECT7_3_4_1_1,select7_3_4_1_1,same_stem
3295,HACTION_SELECT7_3_4_1_2,HTML_PAGE_SELECT7_3_4_1_2,select7_3_4_1_2,same_stem
3296,HACTION_SELECT7_3_4_1_3,HTML_PAGE_SELECT7_3_4_1_3,select7_3_4_1_3,same_stem
3297,HACTION_SELECT7_3_4_1_4,HTML_PAGE_SELECT7_3_4_1_4,select7_3_4_1_4,same_stem
3298,HACTION_SELECT7_3_4_2,HTML_PAGE_SELECT7_3_4_2,select7_3_4_2,same_stem
3299,HACTION_SELECT7_3_4_2_1,HTML_PAGE_SELECT7_3_4_2_1,select7_3_4_2_1,same_stem
3300,HACTION_SELECT7_3_4_2_2,HTML_PAGE_SELECT7_3_4_2_2,select7_3_4_2_2,same_stem
3301,HACTION_SELECT7_3_4_2_3,HTML_PAGE_SELECT7_3_4_2_3,select7_3_4_2_3,same_stem
3302,HACTION_SELECT7_3_4_2_4,HTML_PAGE_SELECT7_3_4_2_4,select7_3_4_2_4,same_stem
3303,HACTION_SELECT7_3_4_3,HTML_PAGE_SELECT7_3_4_3,select7_3_4_3,same_stem
3304,HACTION_SELECT7_3_4_3_1,HTML_PAGE_SELECT7_3_4_3_1,select7_3_4_3_1,same_stem
3305,HACTION_SELECT7_3_4_3_2,HTML_PAGE_SELECT7_3_4_3_2,select7_3_4_3_2,same_stem
3306,HACTION_SELECT7_3_4_3_3,HTML_PAGE_SELECT7_3_4_3_3,select7_3_4_3_3,same_stem
3307,HACTION_SELECT7_3_4_3_4,HTML_PAGE_SELECT7_3_4_3_4,select7_3_4_3_4,same_stem
3308,HACTION_SELECT7_3_4_4,HTML_PAGE_SELECT7_3_4_4,select7_3_4_4,same_stem
3309,HACTION_SELECT7_3_4_4_1,HTML_PAGE_SELECT7_3_4_4_1,select7_3_4_4_1,same_stem
3310,HACTION_SELECT7_3_4_4_2,HTML_PAGE_SELECT7_3_4_4_2,select7_3_4_4_2,same_stem
3311,HACTION_SELECT7_3_4_4_3,HTML_PAGE_SELECT7_3_4_4_3,select7_3_4_4_3,same_stem
3312,HACTION_SELECT7_3_4_4_4,HTML_PAGE_SELECT7_3_4_4_4,select7_3_4_4_4,same_stem
3313,HACTION_SELECT7_4,HTML_PAGE_SELECT7_4,select7_4,same_stem
3314,HACTION_SELECT7_4_1,HTML_PAGE_SELECT7_4_1,select7_4_1,same_stem
3315,HACTION_SELECT7_4_1_1,HTML_PAGE_SELECT7_4_1_1,select7_4_1_1,same_stem
3316,HACTION_SELECT7_4_1_1_1,HTML_PAGE_SELECT7_4_1_1_1,select7_4_1_1_1,same_stem
3317,HACTION_SELECT7_4_1_1_2,HTML_PAGE_SELECT7_4_1_1_2,select7_4_1_1_2,same_stem
3318,HACTION_SELECT7_4_1_1_3,HTML_PAGE_SELECT7_4_1_1_3,select7_4_1_1_3,same_stem
3319,HACTION_SELECT7_4_1_1_4,HTML_PAGE_SELECT7_4_1_1_4,select7_4_1_1_4,same_stem
3320,HACTION_SELECT7_4_1_2,HTML_PAGE_SELECT7_4_1_2,select7_4_1_2,same_stem
3321,HACTION_SELECT7_4_1_2_1,HTML_PAGE_SELECT7_4_1_2_1,select7_4_1_2_1,same_stem
3322,HACTION_SELECT7_4_1_2_2,HTML_PAGE_SELECT7_4_1_2_2,select7_4_1_2_2,same_stem
3323,HACTION_SELECT7_4_1_2_3,HTML_PAGE_SELECT7_4_1_2_3,select7_4_1_2_3,same_stem
3324,HACTION_SELECT7_4_1_2_4,HTML_PAGE_SELECT7_4_1_2_4,select7_4_1_2_4,same_stem
3325,HACTION_SELECT7_4_1_3,HTML_PAGE_SELECT7_4_1_3,select7_4_1_3,same_stem
3326,HACTION_SELECT7_4_1_3_1,HTML_PAGE_SELECT7_4_1_3_1,select7_4_1_3_1,same_stem
3327,HACTION_SELECT7_4_1_3_2,HTML_PAGE_SELECT7_4_1_3_2,select7_4_1_3_2,same_stem
3328,HACTION_SELECT7_4_1_3_3,HTML_PAGE_SELECT7_4_1_3_3,select7_4_1_3_3,same_stem
3329,HACTION_SELECT7_4_1_3_4,HTML_PAGE_SELECT7_4_1_3_4,select7_4_1_3_4,same_stem
3330,HACTION_SELECT7_4_1_4,HTML_PAGE_SELECT7_4_1_4,select7_4_1_4,same_stem
3331,HACTION_SELECT7_4_1_4_1,HTML_PAGE_SELECT7_4_1_4_1,select7_4_1_4_1,same_stem
3332,HACTION_SELECT7_4_1_4_2,HTML_PAGE_SELECT7_4_1_4_2,select7_4_1_4_2,same_stem
3333,HACTION_SELECT7_4_1_4_3,HTML_PAGE_SELECT7_4_1_4_3,select7_4_1_4_3,same_stem
3334,HACTION_SELECT7_4_1_4_4,HTML_PAGE_SELECT7_4_1_4_4,select7_4_1_4_4,same_stem
3335,HACTION_SELECT7_4_2,HTML_PAGE_SELECT7_4_2,select7_4_2,same_stem
3336,HACTION_SELECT7_4_2_1,HTML_PAGE_SELECT7_4_2_1,select7_4_2_1,same_stem
3337,HACTION_SELECT7_4_2_1_1,HTML_PAGE_SELECT7_4_2_1_1,select7_4_2_1_1,same_stem
3338,HACTION_SELECT7_4_2_1_2,HTML_PAGE_SELECT7_4_2_1_2,select7_4_2_1_2,same_stem
3339,HACTION_SELECT7_4_2_1_3,HTML_PAGE_SELECT7_4_2_1_3,select7_4_2_1_3,same_stem
3340,HACTION_SELECT7_4_2_1_4,HTML_PAGE_SELECT7_4_2_1_4,select7_4_2_1_4,same_stem
3341,HACTION_SELECT7_4_2_2,HTML_PAGE_SELECT7_4_2_2,select7_4_2_2,same_stem
3342,HACTION_SELECT7_4_2_2_1,HTML_PAGE_SELECT7_4_2_2_1,select7_4_2_2_1,same_stem
3343,HACTION_SELECT7_4_2_2_2,HTML_PAGE_SELECT7_4_2_2_2,select7_4_2_2_2,same_stem
3344,HACTION_SELECT7_4_2_2_3,HTML_PAGE_SELECT7_4_2_2_3,select7_4_2_2_3,same_stem
3345,HACTION_SELECT7_4_2_2_4,HTML_PAGE_SELECT7_4_2_2_4,select7_4_2_2_4,same_stem
3346,HACTION_SELECT7_4_2_3,HTML_PAGE_SELECT7_4_2_3,select7_4_2_3,same_stem
3347,HACTION_SELECT7_4_2_3_1,HTML_PAGE_SELECT7_4_2_3_1,select7_4_2_3_1,same_stem
3348,HACTION_SELECT7_4_2_3_2,HTML_PAGE_SELECT7_4_2_3_2,select7_4_2_3_2,same_stem
3349,HACTION_SELECT7_4_2_3_3,HTML_PAGE_SELECT7_4_2_3_3,select7_4_2_3_3,same_stem
3350,HACTION_SELECT7_4_2_3_4,HTML_PAGE_SELECT7_4_2_3_4,select7_4_2_3_4,same_stem
3351,HACTION_SELECT7_4_2_4,HTML_PAGE_SELECT7_4_2_4,select7_4_2_4,same_stem
3352,HACTION_SELECT7_4_2_4_1,HTML_PAGE_SELECT7_4_2_4_1,select7_4_2_4_1,same_stem
3353,HACTION_SELECT7_4_2_4_2,HTML_PAGE_SELECT7_4_2_4_2,select7_4_2_4_2,same_stem
3354,HACTION_SELECT7_4_2_4_3,HTML_PAGE_SELECT7_4_2_4_3,select7_4_2_4_3,same_stem
3355,HACTION_SELECT7_4_2_4_4,HTML_PAGE_SELECT7_4_2_4_4,select7_4_2_4_4,same_stem
3356,HACTION_SELECT7_4_3,HTML_PAGE_SELECT7_4_3,select7_4_3,same_stem
3357,HACTION_SELECT7_4_3_1,HTML_PAGE_SELECT7_4_3_1,select7_4_3_1,same_stem
3358,HACTION_SELECT7_4_3_1_1,HTML_PAGE_SELECT7_4_3_1_1,select7_4_3_1_1,same_stem
3359,HACTION_SELECT7_4_3_1_2,HTML_PAGE_SELECT7_4_3_1_2,select7_4_3_1_2,same_stem
3360,HACTION_SELECT7_4_3_1_3,HTML_PAGE_SELECT7_4_3_1_3,select7_4_3_1_3,same_stem
3361,HACTION_SELECT7_4_3_1_4,HTML_PAGE_SELECT7_4_3_1_4,select7_4_3_1_4,same_stem
3362,HACTION_SELECT7_4_3_2,HTML_PAGE_SELECT7_4_3_2,select7_4_3_2,same_stem
3363,HACTION_SELECT7_4_3_2_1,HTML_PAGE_SELECT7_4_3_2_1,select7_4_3_2_1,same_stem
3364,HACTION_SELECT7_4_3_2_2,HTML_PAGE_SELECT7_4_3_2_2,select7_4_3_2_2,same_stem
3365,HACTION_SELECT7_4_3_2_3,HTML_PAGE_SELECT7_4_3_2_3,select7_4_3_2_3,same_stem
3366,HACTION_SELECT7_4_3_2_4,HTML_PAGE_SELECT7_4_3_2_4,select7_4_3_2_4,same_stem
3367,HACTION_SELECT7_4_3_3,HTML_PAGE_SELECT7_4_3_3,select7_4_3_3,same_stem
3368,HACTION_SELECT7_4_3_3_1,HTML_PAGE_SELECT7_4_3_3_1,select7_4_3_3_1,same_stem
3369,HACTION_SELECT7_4_3_3_2,HTML_PAGE_SELECT7_4_3_3_2,select7_4_3_3_2,same_stem
3370,HACTION_SELECT7_4_3_3_3,HTML_PAGE_SELECT7_4_3_3_3,select7_4_3_3_3,same_stem
3371,HACTION_SELECT7_4_3_3_4,HTML_PAGE_SELECT7_4_3_3_4,select7_4_3_3_4,same_stem
3372,HACTION_SELECT7_4_3_4,HTML_PAGE_SELECT7_4_3_4,select7_4_3_4,same_stem
3373,HACTION_SELECT7_4_3_4_1,HTML_PAGE_SELECT7_4_3_4_1,select7_4_3_4_1,same_stem
3374,HACTION_SELECT7_4_3_4_2,HTML_PAGE_SELECT7_4_3_4_2,select7_4_3_4_2,same_stem
3375,HACTION_SELECT7_4_3_4_3,HTML_PAGE_SELECT7_4_3_4_3,select7_4_3_4_3,same_stem
3376,HACTION_SELECT7_4_3_4_4,HTML_PAGE_SELECT7_4_3_4_4,select7_4_3_4_4,same_stem
3377,HACTION_SELECT7_4_4,HTML_PAGE_SELECT7_4_4,select7_4_4,same_stem
3378,HACTION_SELECT7_4_4_1,HTML_PAGE_SELECT7_4_4_1,select7_4_4_1,same_stem
3379,HACTION_SELECT7_4_4_1_1,HTML_PAGE_SELECT7_4_4_1_1,select7_4_4_1_1,same_stem
3380,HACTION_SELECT7_4_4_1_2,HTML_PAGE_SELECT7_4_4_1_2,select7_4_4_1_2,same_stem
3381,HACTION_SELECT7_4_4_1_3,HTML_PAGE_SELECT7_4_4_1_3,select7_4_4_1_3,same_stem
3382,HACTION_SELECT7_4_4_1_4,HTML_PAGE_SELECT7_4_4_1_4,select7_4_4_1_4,same_stem
3383,HACTION_SELECT7_4_4_2,HTML_PAGE_SELECT7_4_4_2,select7_4_4_2,same_stem
3384,HACTION_SELECT7_4_4_2_1,HTML_PAGE_SELECT7_4_4_2_1,select7_4_4_2_1,same_stem
3385,HACTION_SELECT7_4_4_2_2,HTML_PAGE_SELECT7_4_4_2_2,select7_4_4_2_2,same_stem
3386,HACTION_SELECT7_4_4_2_3,HTML_PAGE_SELECT7_4_4_2_3,select7_4_4_2_3,same_stem
3387,HACTION_SELECT7_4_4_2_4,HTML_PAGE_SELECT7_4_4_2_4,select7_4_4_2_4,same_stem
3388,HACTION_SELECT7_4_4_3,HTML_PAGE_SELECT7_4_4_3,select7_4_4_3,same_stem
3389,HACTION_SELECT7_4_4_3_1,HTML_PAGE_SELECT7_4_4_3_1,select7_4_4_3_1,same_stem
3390,HACTION_SELECT7_4_4_3_2,HTML_PAGE_SELECT7_4_4_3_2,select7_4_4_3_2,same_stem
3391,HACTION_SELECT7_4_4_3_3,HTML_PAGE_SELECT7_4_4_3_3,select7_4_4_3_3,same_stem
3392,HACTION_SELECT7_4_4_3_4,HTML_PAGE_SELECT7_4_4_3_4,select7_4_4_3_4,same_stem
3393,HACTION_SELECT7_4_4_4,HTML_PAGE_SELECT7_4_4_4,select7_4_4_4,same_stem
3394,HACTION_SELECT7_4_4_4_1,HTML_PAGE_SELECT7_4_4_4_1,select7_4_4_4_1,same_stem
3395,HACTION_SELECT7_4_4_4_2,HTML_PAGE_SELECT7_4_4_4_2,select7_4_4_4_2,same_stem
3396,HACTION_SELECT7_4_4_4_3,HTML_PAGE_SELECT7_4_4_4_3,select7_4_4_4_3,same_stem
3397,HACTION_SELECT7_4_4_4_4,HTML_PAGE_SELECT7_4_4_4_4,select7_4_4_4_4,same_stem
3398,HACTION_SELECT8,HTML_PAGE_SELECT8,select8,same_stem
3399,HACTION_SELECT8_1,HTML_PAGE_SELECT8_1,select8_1,same_stem
3400,HACTION_SELECT8_1_1,HTML_PAGE_SELECT8_1_1,select8_1_1,same_stem
3401,HACTION_SELECT8_1_1_1,HTML_PAGE_SELECT8_1_1_1,select8_1_1_1,same_stem
3402,HACTION_SELECT8_1_1_1_1,HTML_PAGE_SELECT8_1_1_1_1,select8_1_1_1_1,same_stem
3403,HACTION_SELECT8_1_1_1_2,HTML_PAGE_SELECT8_1_1_1_2,select8_1_1_1_2,same_stem
3404,HACTION_SELECT8_1_1_1_3,HTML_PAGE_SELECT8_1_1_1_3,select8_1_1_1_3,same_stem
3405,HACTION_SELECT8_1_1_1_4,HTML_PAGE_SELECT8_1_1_1_4,select8_1_1_1_4,same_stem
3406,HACTION_SELECT8_1_1_2,HTML_PAGE_SELECT8_1_1_2,select8_1_1_2,same_stem
3407,HACTION_SELECT8_1_1_2_1,HTML_PAGE_SELECT8_1_1_2_1,select8_1_1_2_1,same_stem
3408,HACTION_SELECT8_1_1_2_2,HTML_PAGE_SELECT8_1_1_2_2,select8_1_1_2_2,same_stem
3409,HACTION_SELECT8_1_1_2_3,HTML_PAGE_SELECT8_1_1_2_3,select8_1_1_2_3,same_stem
3410,HACTION_SELECT8_1_1_2_4,HTML_PAGE_SELECT8_1_1_2_4,select8_1_1_2_4,same_stem
3411,HACTION_SELECT8_1_1_3,HTML_PAGE_SELECT8_1_1_3,select8_1_1_3,same_stem
3412,HACTION_SELECT8_1_1_3_1,HTML_PAGE_SELECT8_1_1_3_1,select8_1_1_3_1,same_stem
3413,HACTION_SELECT8_1_1_3_2,HTML_PAGE_SELECT8_1_1_3_2,select8_1_1_3_2,same_stem
3414,HACTION_SELECT8_1_1_3_3,HTML_PAGE_SELECT8_1_1_3_3,select8_1_1_3_3,same_stem
3415,HACTION_SELECT8_1_1_3_4,HTML_PAGE_SELECT8_1_1_3_4,select8_1_1_3_4,same_stem
3416,HACTION_SELECT8_1_1_4,HTML_PAGE_SELECT8_1_1_4,select8_1_1_4,same_stem
3417,HACTION_SELECT8_1_1_4_1,HTML_PAGE_SELECT8_1_1_4_1,select8_1_1_4_1,same_stem
3418,HACTION_SELECT8_1_1_4_2,HTML_PAGE_SELECT8_1_1_4_2,select8_1_1_4_2,same_stem
3419,HACTION_SELECT8_1_1_4_3,HTML_PAGE_SELECT8_1_1_4_3,select8_1_1_4_3,same_stem
3420,HACTION_SELECT8_1_1_4_4,HTML_PAGE_SELECT8_1_1_4_4,select8_1_1_4_4,same_stem
3421,HACTION_SELECT8_1_2,HTML_PAGE_SELECT8_1_2,select8_1_2,same_stem
3422,HACTION_SELECT8_1_2_1,HTML_PAGE_SELECT8_1_2_1,select8_1_2_1,same_stem
3423,HACTION_SELECT8_1_2_1_1,HTML_PAGE_SELECT8_1_2_1_1,select8_1_2_1_1,same_stem
3424,HACTION_SELECT8_1_2_1_2,HTML_PAGE_SELECT8_1_2_1_2,select8_1_2_1_2,same_stem
3425,HACTION_SELECT8_1_2_1_3,HTML_PAGE_SELECT8_1_2_1_3,select8_1_2_1_3,same_stem
3426,HACTION_SELECT8_1_2_1_4,HTML_PAGE_SELECT8_1_2_1_4,select8_1_2_1_4,same_stem
3427,HACTION_SELECT8_1_2_2,HTML_PAGE_SELECT8_1_2_2,select8_1_2_2,same_stem
3428,HACTION_SELECT8_1_2_2_1,HTML_PAGE_SELECT8_1_2_2_1,select8_1_2_2_1,same_stem
3429,HACTION_SELECT8_1_2_2_2,HTML_PAGE_SELECT8_1_2_2_2,select8_1_2_2_2,same_stem
3430,HACTION_SELECT8_1_2_2_3,HTML_PAGE_SELECT8_1_2_2_3,select8_1_2_2_3,same_stem
3431,HACTION_SELECT8_1_2_2_4,HTML_PAGE_SELECT8_1_2_2_4,select8_1_2_2_4,same_stem
3432,HACTION_SELECT8_1_2_3,HTML_PAGE_SELECT8_1_2_3,select8_1_2_3,same_stem
3433,HACTION_SELECT8_1_2_3_1,HTML_PAGE_SELECT8_1_2_3_1,select8_1_2_3_1,same_stem
3434,HACTION_SELECT8_1_2_3_2,HTML_PAGE_SELECT8_1_2_3_2,select8_1_2_3_2,same_stem
3435,HACTION_SELECT8_1_2_3_3,HTML_PAGE_SELECT8_1_2_3_3,select8_1_2_3_3,same_stem
3436,HACTION_SELECT8_1_2_3_4,HTML_PAGE_SELECT8_1_2_3_4,select8_1_2_3_4,same_stem
3437,HACTION_SELECT8_1_2_4,HTML_PAGE_SELECT8_1_2_4,select8_1_2_4,same_stem
3438,HACTION_SELECT8_1_2_4_1,HTML_PAGE_SELECT8_1_2_4_1,select8_1_2_4_1,same_stem
3439,HACTION_SELECT8_1_2_4_2,HTML_PAGE_SELECT8_1_2_4_2,select8_1_2_4_2,same_stem
3440,HACTION_SELECT8_1_2_4_3,HTML_PAGE_SELECT8_1_2_4_3,select8_1_2_4_3,same_stem
3441,HACTION_SELECT8_1_2_4_4,HTML_PAGE_SELECT8_1_2_4_4,select8_1_2_4_4,same_stem
3442,HACTION_SELECT8_1_3,HTML_PAGE_SELECT8_1_3,select8_1_3,same_stem
3443,HACTION_SELECT8_1_3_1,HTML_PAGE_SELECT8_1_3_1,select8_1_3_1,same_stem
3444,HACTION_SELECT8_1_3_1_1,HTML_PAGE_SELECT8_1_3_1_1,select8_1_3_1_1,same_stem
3445,HACTION_SELECT8_1_3_1_2,HTML_PAGE_SELECT8_1_3_1_2,select8_1_3_1_2,same_stem
3446,HACTION_SELECT8_1_3_1_3,HTML_PAGE_SELECT8_1_3_1_3,select8_1_3_1_3,same_stem
3447,HACTION_SELECT8_1_3_1_4,HTML_PAGE_SELECT8_1_3_1_4,select8_1_3_1_4,same_stem
3448,HACTION_SELECT8_1_3_2,HTML_PAGE_SELECT8_1_3_2,select8_1_3_2,same_stem
3449,HACTION_SELECT8_1_3_2_1,HTML_PAGE_SELECT8_1_3_2_1,select8_1_3_2_1,same_stem
3450,HACTION_SELECT8_1_3_2_2,HTML_PAGE_SELECT8_1_3_2_2,select8_1_3_2_2,same_stem
3451,HACTION_SELECT8_1_3_2_3,HTML_PAGE_SELECT8_1_3_2_3,select8_1_3_2_3,same_stem
3452,HACTION_SELECT8_1_3_2_4,HTML_PAGE_SELECT8_1_3_2_4,select8_1_3_2_4,same_stem
3453,HACTION_SELECT8_1_3_3,HTML_PAGE_SELECT8_1_3_3,select8_1_3_3,same_stem
3454,HACTION_SELECT8_1_3_3_1,HTML_PAGE_SELECT8_1_3_3_1,select8_1_3_3_1,same_stem
3455,HACTION_SELECT8_1_3_3_2,HTML_PAGE_SELECT8_1_3_3_2,select8_1_3_3_2,same_stem
3456,HACTION_SELECT8_1_3_3_3,HTML_PAGE_SELECT8_1_3_3_3,select8_1_3_3_3,same_stem
3457,HACTION_SELECT8_1_3_3_4,HTML_PAGE_SELECT8_1_3_3_4,select8_1_3_3_4,same_stem
3458,HACTION_SELECT8_1_3_4,HTML_PAGE_SELECT8_1_3_4,select8_1_3_4,same_stem
3459,HACTION_SELECT8_1_3_4_1,HTML_PAGE_SELECT8_1_3_4_1,select8_1_3_4_1,same_stem
3460,HACTION_SELECT8_1_3_4_2,HTML_PAGE_SELECT8_1_3_4_2,select8_1_3_4_2,same_stem
3461,HACTION_SELECT8_1_3_4_3,HTML_PAGE_SELECT8_1_3_4_3,select8_1_3_4_3,same_stem
3462,HACTION_SELECT8_1_3_4_4,HTML_PAGE_SELECT8_1_3_4_4,select8_1_3_4_4,same_stem
3463,HACTION_SELECT8_1_4,HTML_PAGE_SELECT8_1_4,select8_1_4,same_stem
3464,HACTION_SELECT8_1_4_1,HTML_PAGE_SELECT8_1_4_1,select8_1_4_1,same_stem
3465,HACTION_SELECT8_1_4_1_1,HTML_PAGE_SELECT8_1_4_1_1,select8_1_4_1_1,same_stem
3466,HACTION_SELECT8_1_4_1_2,HTML_PAGE_SELECT8_1_4_1_2,select8_1_4_1_2,same_stem
3467,HACTION_SELECT8_1_4_1_3,HTML_PAGE_SELECT8_1_4_1_3,select8_1_4_1_3,same_stem
3468,HACTION_SELECT8_1_4_1_4,HTML_PAGE_SELECT8_1_4_1_4,select8_1_4_1_4,same_stem
3469,HACTION_SELECT8_1_4_2,HTML_PAGE_SELECT8_1_4_2,select8_1_4_2,same_stem
3470,HACTION_SELECT8_1_4_2_1,HTML_PAGE_SELECT8_1_4_2_1,select8_1_4_2_1,same_stem
3471,HACTION_SELECT8_1_4_2_2,HTML_PAGE_SELECT8_1_4_2_2,select8_1_4_2_2,same_stem
3472,HACTION_SELECT8_1_4_2_3,HTML_PAGE_SELECT8_1_4_2_3,select8_1_4_2_3,same_stem
3473,HACTION_SELECT8_1_4_2_4,HTML_PAGE_SELECT8_1_4_2_4,select8_1_4_2_4,same_stem
3474,HACTION_SELECT8_1_4_3,HTML_PAGE_SELECT8_1_4_3,select8_1_4_3,same_stem
3475,HACTION_SELECT8_1_4_3_1,HTML_PAGE_SELECT8_1_4_3_1,select8_1_4_3_1,same_stem
3476,HACTION_SELECT8_1_4_3_2,HTML_PAGE_SELECT8_1_4_3_2,select8_1_4_3_2,same_stem
3477,HACTION_SELECT8_1_4_3_3,HTML_PAGE_SELECT8_1_4_3_3,select8_1_4_3_3,same_stem
3478,HACTION_SELECT8_1_4_3_4,HTML_PAGE_SELECT8_1_4_3_4,select8_1_4_3_4,same_stem
3479,HACTION_SELECT8_1_4_4,HTML_PAGE_SELECT8_1_4_4,select8_1_4_4,same_stem
3480,HACTION_SELECT8_1_4_4_1,HTML_PAGE_SELECT8_1_4_4_1,select8_1_4_4_1,same_stem
3481,HACTION_SELECT8_1_4_4_2,HTML_PAGE_SELECT8_1_4_4_2,select8_1_4_4_2,same_stem
3482,HACTION_SELECT8_1_4_4_3,HTML_PAGE_SELECT8_1_4_4_3,select8_1_4_4_3,same_stem
3483,HACTION_SELECT8_1_4_4_4,HTML_PAGE_SELECT8_1_4_4_4,select8_1_4_4_4,same_stem
3484,HACTION_SELECT8_2,HTML_PAGE_SELECT8_2,select8_2,same_stem
3485,HACTION_SELECT8_2_1,HTML_PAGE_SELECT8_2_1,select8_2_1,same_stem
3486,HACTION_SELECT8_2_1_1,HTML_PAGE_SELECT8_2_1_1,select8_2_1_1,same_stem
3487,HACTION_SELECT8_2_1_1_1,HTML_PAGE_SELECT8_2_1_1_1,select8_2_1_1_1,same_stem
3488,HACTION_SELECT8_2_1_1_2,HTML_PAGE_SELECT8_2_1_1_2,select8_2_1_1_2,same_stem
3489,HACTION_SELECT8_2_1_1_3,HTML_PAGE_SELECT8_2_1_1_3,select8_2_1_1_3,same_stem
3490,HACTION_SELECT8_2_1_1_4,HTML_PAGE_SELECT8_2_1_1_4,select8_2_1_1_4,same_stem
3491,HACTION_SELECT8_2_1_2,HTML_PAGE_SELECT8_2_1_2,select8_2_1_2,same_stem
3492,HACTION_SELECT8_2_1_2_1,HTML_PAGE_SELECT8_2_1_2_1,select8_2_1_2_1,same_stem
3493,HACTION_SELECT8_2_1_2_2,HTML_PAGE_SELECT8_2_1_2_2,select8_2_1_2_2,same_stem
3494,HACTION_SELECT8_2_1_2_3,HTML_PAGE_SELECT8_2_1_2_3,select8_2_1_2_3,same_stem
3495,HACTION_SELECT8_2_1_2_4,HTML_PAGE_SELECT8_2_1_2_4,select8_2_1_2_4,same_stem
3496,HACTION_SELECT8_2_1_3,HTML_PAGE_SELECT8_2_1_3,select8_2_1_3,same_stem
3497,HACTION_SELECT8_2_1_3_1,HTML_PAGE_SELECT8_2_1_3_1,select8_2_1_3_1,same_stem
3498,HACTION_SELECT8_2_1_3_2,HTML_PAGE_SELECT8_2_1_3_2,select8_2_1_3_2,same_stem
3499,HACTION_SELECT8_2_1_3_3,HTML_PAGE_SELECT8_2_1_3_3,select8_2_1_3_3,same_stem
3500,HACTION_SELECT8_2_1_3_4,HTML_PAGE_SELECT8_2_1_3_4,select8_2_1_3_4,same_stem
3501,HACTION_SELECT8_2_1_4,HTML_PAGE_SELECT8_2_1_4,select8_2_1_4,same_stem
3502,HACTION_SELECT8_2_1_4_1,HTML_PAGE_SELECT8_2_1_4_1,select8_2_1_4_1,same_stem
3503,HACTION_SELECT8_2_1_4_2,HTML_PAGE_SELECT8_2_1_4_2,select8_2_1_4_2,same_stem
3504,HACTION_SELECT8_2_1_4_3,HTML_PAGE_SELECT8_2_1_4_3,select8_2_1_4_3,same_stem
3505,HACTION_SELECT8_2_1_4_4,HTML_PAGE_SELECT8_2_1_4_4,select8_2_1_4_4,same_stem
3506,HACTION_SELECT8_2_2,HTML_PAGE_SELECT8_2_2,select8_2_2,same_stem
3507,HACTION_SELECT8_2_2_1,HTML_PAGE_SELECT8_2_2_1,select8_2_2_1,same_stem
3508,HACTION_SELECT8_2_2_1_1,HTML_PAGE_SELECT8_2_2_1_1,select8_2_2_1_1,same_stem
3509,HACTION_SELECT8_2_2_1_2,HTML_PAGE_SELECT8_2_2_1_2,select8_2_2_1_2,same_stem
3510,HACTION_SELECT8_2_2_1_3,HTML_PAGE_SELECT8_2_2_1_3,select8_2_2_1_3,same_stem
3511,HACTION_SELECT8_2_2_1_4,HTML_PAGE_SELECT8_2_2_1_4,select8_2_2_1_4,same_stem
3512,HACTION_SELECT8_2_2_2,HTML_PAGE_SELECT8_2_2_2,select8_2_2_2,same_stem
3513,HACTION_SELECT8_2_2_2_1,HTML_PAGE_SELECT8_2_2_2_1,select8_2_2_2_1,same_stem
3514,HACTION_SELECT8_2_2_2_2,HTML_PAGE_SELECT8_2_2_2_2,select8_2_2_2_2,same_stem
3515,HACTION_SELECT8_2_2_2_3,HTML_PAGE_SELECT8_2_2_2_3,select8_2_2_2_3,same_stem
3516,HACTION_SELECT8_2_2_2_4,HTML_PAGE_SELECT8_2_2_2_4,select8_2_2_2_4,same_stem
3517,HACTION_SELECT8_2_2_3,HTML_PAGE_SELECT8_2_2_3,select8_2_2_3,same_stem
3518,HACTION_SELECT8_2_2_3_1,HTML_PAGE_SELECT8_2_2_3_1,select8_2_2_3_1,same_stem
3519,HACTION_SELECT8_2_2_3_2,HTML_PAGE_SELECT8_2_2_3_2,select8_2_2_3_2,same_stem
3520,HACTION_SELECT8_2_2_3_3,HTML_PAGE_SELECT8_2_2_3_3,select8_2_2_3_3,same_stem
3521,HACTION_SELECT8_2_2_3_4,HTML_PAGE_SELECT8_2_2_3_4,select8_2_2_3_4,same_stem
3522,HACTION_SELECT8_2_2_4,HTML_PAGE_SELECT8_2_2_4,select8_2_2_4,same_stem
3523,HACTION_SELECT8_2_2_4_1,HTML_PAGE_SELECT8_2_2_4_1,select8_2_2_4_1,same_stem
3524,HACTION_SELECT8_2_2_4_2,HTML_PAGE_SELECT8_2_2_4_2,select8_2_2_4_2,same_stem
3525,HACTION_SELECT8_2_2_4_3,HTML_PAGE_SELECT8_2_2_4_3,select8_2_2_4_3,same_stem
3526,HACTION_SELECT8_2_2_4_4,HTML_PAGE_SELECT8_2_2_4_4,select8_2_2_4_4,same_stem
3527,HACTION_SELECT8_2_3,HTML_PAGE_SELECT8_2_3,select8_2_3,same_stem
3528,HACTION_SELECT8_2_3_1,HTML_PAGE_SELECT8_2_3_1,select8_2_3_1,same_stem
3529,HACTION_SELECT8_2_3_1_1,HTML_PAGE_SELECT8_2_3_1_1,select8_2_3_1_1,same_stem
3530,HACTION_SELECT8_2_3_1_2,HTML_PAGE_SELECT8_2_3_1_2,select8_2_3_1_2,same_stem
3531,HACTION_SELECT8_2_3_1_3,HTML_PAGE_SELECT8_2_3_1_3,select8_2_3_1_3,same_stem
3532,HACTION_SELECT8_2_3_1_4,HTML_PAGE_SELECT8_2_3_1_4,select8_2_3_1_4,same_stem
3533,HACTION_SELECT8_2_3_2,HTML_PAGE_SELECT8_2_3_2,select8_2_3_2,same_stem
3534,HACTION_SELECT8_2_3_2_1,HTML_PAGE_SELECT8_2_3_2_1,select8_2_3_2_1,same_stem
3535,HACTION_SELECT8_2_3_2_2,HTML_PAGE_SELECT8_2_3_2_2,select8_2_3_2_2,same_stem
3536,HACTION_SELECT8_2_3_2_3,HTML_PAGE_SELECT8_2_3_2_3,select8_2_3_2_3,same_stem
3537,HACTION_SELECT8_2_3_2_4,HTML_PAGE_SELECT8_2_3_2_4,select8_2_3_2_4,same_stem
3538,HACTION_SELECT8_2_3_3,HTML_PAGE_SELECT8_2_3_3,select8_2_3_3,same_stem
3539,HACTION_SELECT8_2_3_3_1,HTML_PAGE_SELECT8_2_3_3_1,select8_2_3_3_1,same_stem
3540,HACTION_SELECT8_2_3_3_2,HTML_PAGE_SELECT8_2_3_3_2,select8_2_3_3_2,same_stem
3541,HACTION_SELECT8_2_3_3_3,HTML_PAGE_SELECT8_2_3_3_3,select8_2_3_3_3,same_stem
3542,HACTION_SELECT8_2_3_3_4,HTML_PAGE_SELECT8_2_3_3_4,select8_2_3_3_4,same_stem
3543,HACTION_SELECT8_2_3_4,HTML_PAGE_SELECT8_2_3_4,select8_2_3_4,same_stem
3544,HACTION_SELECT8_2_3_4_1,HTML_PAGE_SELECT8_2_3_4_1,select8_2_3_4_1,same_stem
3545,HACTION_SELECT8_2_3_4_2,HTML_PAGE_SELECT8_2_3_4_2,select8_2_3_4_2,same_stem
3546,HACTION_SELECT8_2_3_4_3,HTML_PAGE_SELECT8_2_3_4_3,select8_2_3_4_3,same_stem
3547,HACTION_SELECT8_2_3_4_4,HTML_PAGE_SELECT8_2_3_4_4,select8_2_3_4_4,same_stem
3548,HACTION_SELECT8_2_4,HTML_PAGE_SELECT8_2_4,select8_2_4,same_stem
3549,HACTION_SELECT8_2_4_1,HTML_PAGE_SELECT8_2_4_1,select8_2_4_1,same_stem
3550,HACTION_SELECT8_2_4_1_1,HTML_PAGE_SELECT8_2_4_1_1,select8_2_4_1_1,same_stem
3551,HACTION_SELECT8_2_4_1_2,HTML_PAGE_SELECT8_2_4_1_2,select8_2_4_1_2,same_stem
3552,HACTION_SELECT8_2_4_1_3,HTML_PAGE_SELECT8_2_4_1_3,select8_2_4_1_3,same_stem
3553,HACTION_SELECT8_2_4_1_4,HTML_PAGE_SELECT8_2_4_1_4,select8_2_4_1_4,same_stem
3554,HACTION_SELECT8_2_4_2,HTML_PAGE_SELECT8_2_4_2,select8_2_4_2,same_stem
3555,HACTION_SELECT8_2_4_2_1,HTML_PAGE_SELECT8_2_4_2_1,select8_2_4_2_1,same_stem
3556,HACTION_SELECT8_2_4_2_2,HTML_PAGE_SELECT8_2_4_2_2,select8_2_4_2_2,same_stem
3557,HACTION_SELECT8_2_4_2_3,HTML_PAGE_SELECT8_2_4_2_3,select8_2_4_2_3,same_stem
3558,HACTION_SELECT8_2_4_2_4,HTML_PAGE_SELECT8_2_4_2_4,select8_2_4_2_4,same_stem
3559,HACTION_SELECT8_2_4_3,HTML_PAGE_SELECT8_2_4_3,select8_2_4_3,same_stem
3560,HACTION_SELECT8_2_4_3_1,HTML_PAGE_SELECT8_2_4_3_1,select8_2_4_3_1,same_stem
3561,HACTION_SELECT8_2_4_3_2,HTML_PAGE_SELECT8_2_4_3_2,select8_2_4_3_2,same_stem
3562,HACTION_SELECT8_2_4_3_3,HTML_PAGE_SELECT8_2_4_3_3,select8_2_4_3_3,same_stem
3563,HACTION_SELECT8_2_4_3_4,HTML_PAGE_SELECT8_2_4_3_4,select8_2_4_3_4,same_stem
3564,HACTION_SELECT8_2_4_4,HTML_PAGE_SELECT8_2_4_4,select8_2_4_4,same_stem
3565,HACTION_SELECT8_2_4_4_1,HTML_PAGE_SELECT8_2_4_4_1,select8_2_4_4_1,same_stem
3566,HACTION_SELECT8_2_4_4_2,HTML_PAGE_SELECT8_2_4_4_2,select8_2_4_4_2,same_stem
3567,HACTION_SELECT8_2_4_4_3,HTML_PAGE_SELECT8_2_4_4_3,select8_2_4_4_3,same_stem
3568,HACTION_SELECT8_2_4_4_4,HTML_PAGE_SELECT8_2_4_4_4,select8_2_4_4_4,same_stem
3569,HACTION_SELECT8_3,HTML_PAGE_SELECT8_3,select8_3,same_stem
3570,HACTION_SELECT8_3_1,HTML_PAGE_SELECT8_3_1,select8_3_1,same_stem
3571,HACTION_SELECT8_3_1_1,HTML_PAGE_SELECT8_3_1_1,select8_3_1_1,same_stem
3572,HACTION_SELECT8_3_1_1_1,HTML_PAGE_SELECT8_3_1_1_1,select8_3_1_1_1,same_stem
3573,HACTION_SELECT8_3_1_1_2,HTML_PAGE_SELECT8_3_1_1_2,select8_3_1_1_2,same_stem
3574,HACTION_SELECT8_3_1_1_3,HTML_PAGE_SELECT8_3_1_1_3,select8_3_1_1_3,same_stem
3575,HACTION_SELECT8_3_1_1_4,HTML_PAGE_SELECT8_3_1_1_4,select8_3_1_1_4,same_stem
3576,HACTION_SELECT8_3_1_2,HTML_PAGE_SELECT8_3_1_2,select8_3_1_2,same_stem
3577,HACTION_SELECT8_3_1_2_1,HTML_PAGE_SELECT8_3_1_2_1,select8_3_1_2_1,same_stem
3578,HACTION_SELECT8_3_1_2_2,HTML_PAGE_SELECT8_3_1_2_2,select8_3_1_2_2,same_stem
3579,HACTION_SELECT8_3_1_2_3,HTML_PAGE_SELECT8_3_1_2_3,select8_3_1_2_3,same_stem
3580,HACTION_SELECT8_3_1_2_4,HTML_PAGE_SELECT8_3_1_2_4,select8_3_1_2_4,same_stem
3581,HACTION_SELECT8_3_1_3,HTML_PAGE_SELECT8_3_1_3,select8_3_1_3,same_stem
3582,HACTION_SELECT8_3_1_3_1,HTML_PAGE_SELECT8_3_1_3_1,select8_3_1_3_1,same_stem
3583,HACTION_SELECT8_3_1_3_2,HTML_PAGE_SELECT8_3_1_3_2,select8_3_1_3_2,same_stem
3584,HACTION_SELECT8_3_1_3_3,HTML_PAGE_SELECT8_3_1_3_3,select8_3_1_3_3,same_stem
3585,HACTION_SELECT8_3_1_3_4,HTML_PAGE_SELECT8_3_1_3_4,select8_3_1_3_4,same_stem
3586,HACTION_SELECT8_3_1_4,HTML_PAGE_SELECT8_3_1_4,select8_3_1_4,same_stem
3587,HACTION_SELECT8_3_1_4_1,HTML_PAGE_SELECT8_3_1_4_1,select8_3_1_4_1,same_stem
3588,HACTION_SELECT8_3_1_4_2,HTML_PAGE_SELECT8_3_1_4_2,select8_3_1_4_2,same_stem
3589,HACTION_SELECT8_3_1_4_3,HTML_PAGE_SELECT8_3_1_4_3,select8_3_1_4_3,same_stem
3590,HACTION_SELECT8_3_1_4_4,HTML_PAGE_SELECT8_3_1_4_4,select8_3_1_4_4,same_stem
3591,HACTION_SELECT8_3_2,HTML_PAGE_SELECT8_3_2,select8_3_2,same_stem
3592,HACTION_SELECT8_3_2_1,HTML_PAGE_SELECT8_3_2_1,select8_3_2_1,same_stem
3593,HACTION_SELECT8_3_2_1_1,HTML_PAGE_SELECT8_3_2_1_1,select8_3_2_1_1,same_stem
3594,HACTION_SELECT8_3_2_1_2,HTML_PAGE_SELECT8_3_2_1_2,select8_3_2_1_2,same_stem
3595,HACTION_SELECT8_3_2_1_3,HTML_PAGE_SELECT8_3_2_1_3,select8_3_2_1_3,same_stem
3596,HACTION_SELECT8_3_2_1_4,HTML_PAGE_SELECT8_3_2_1_4,select8_3_2_1_4,same_stem
3597,HACTION_SELECT8_3_2_2,HTML_PAGE_SELECT8_3_2_2,select8_3_2_2,same_stem
3598,HACTION_SELECT8_3_2_2_1,HTML_PAGE_SELECT8_3_2_2_1,select8_3_2_2_1,same_stem
3599,HACTION_SELECT8_3_2_2_2,HTML_PAGE_SELECT8_3_2_2_2,select8_3_2_2_2,same_stem
3600,HACTION_SELECT8_3_2_2_3,HTML_PAGE_SELECT8_3_2_2_3,select8_3_2_2_3,same_stem
3601,HACTION_SELECT8_3_2_2_4,HTML_PAGE_SELECT8_3_2_2_4,select8_3_2_2_4,same_stem
3602,HACTION_SELECT8_3_2_3,HTML_PAGE_SELECT8_3_2_3,select8_3_2_3,same_stem
3603,HACTION_SELECT8_3_2_3_1,HTML_PAGE_SELECT8_3_2_3_1,select8_3_2_3_1,same_stem
3604,HACTION_SELECT8_3_2_3_2,HTML_PAGE_SELECT8_3_2_3_2,select8_3_2_3_2,same_stem
3605,HACTION_SELECT8_3_2_3_3,HTML_PAGE_SELECT8_3_2_3_3,select8_3_2_3_3,same_stem
3606,HACTION_SELECT8_3_2_3_4,HTML_PAGE_SELECT8_3_2_3_4,select8_3_2_3_4,same_stem
3607,HACTION_SELECT8_3_2_4,HTML_PAGE_SELECT8_3_2_4,select8_3_2_4,same_stem
3608,HACTION_SELECT8_3_2_4_1,HTML_PAGE_SELECT8_3_2_4_1,select8_3_2_4_1,same_stem
3609,HACTION_SELECT8_3_2_4_2,HTML_PAGE_SELECT8_3_2_4_2,select8_3_2_4_2,same_stem
3610,HACTION_SELECT8_3_2_4_3,HTML_PAGE_SELECT8_3_2_4_3,select8_3_2_4_3,same_stem
3611,HACTION_SELECT8_3_2_4_4,HTML_PAGE_SELECT8_3_2_4_4,select8_3_2_4_4,same_stem
3612,HACTION_SELECT8_3_3,HTML_PAGE_SELECT8_3_3,select8_3_3,same_stem
3613,HACTION_SELECT8_3_3_1,HTML_PAGE_SELECT8_3_3_1,select8_3_3_1,same_stem
3614,HACTION_SELECT8_3_3_1_1,HTML_PAGE_SELECT8_3_3_1_1,select8_3_3_1_1,same_stem
3615,HACTION_SELECT8_3_3_1_2,HTML_PAGE_SELECT8_3_3_1_2,select8_3_3_1_2,same_stem
3616,HACTION_SELECT8_3_3_1_3,HTML_PAGE_SELECT8_3_3_1_3,select8_3_3_1_3,same_stem
3617,HACTION_SELECT8_3_3_1_4,HTML_PAGE_SELECT8_3_3_1_4,select8_3_3_1_4,same_stem
3618,HACTION_SELECT8_3_3_2,HTML_PAGE_SELECT8_3_3_2,select8_3_3_2,same_stem
3619,HACTION_SELECT8_3_3_2_1,HTML_PAGE_SELECT8_3_3_2_1,select8_3_3_2_1,same_stem
3620,HACTION_SELECT8_3_3_2_2,HTML_PAGE_SELECT8_3_3_2_2,select8_3_3_2_2,same_stem
3621,HACTION_SELECT8_3_3_2_3,HTML_PAGE_SELECT8_3_3_2_3,select8_3_3_2_3,same_stem
3622,HACTION_SELECT8_3_3_2_4,HTML_PAGE_SELECT8_3_3_2_4,select8_3_3_2_4,same_stem
3623,HACTION_SELECT8_3_3_3,HTML_PAGE_SELECT8_3_3_3,select8_3_3_3,same_stem
3624,HACTION_SELECT8_3_3_3_1,HTML_PAGE_SELECT8_3_3_3_1,select8_3_3_3_1,same_stem
3625,HACTION_SELECT8_3_3_3_2,HTML_PAGE_SELECT8_3_3_3_2,select8_3_3_3_2,same_stem
3626,HACTION_SELECT8_3_3_3_3,HTML_PAGE_SELECT8_3_3_3_3,select8_3_3_3_3,same_stem
3627,HACTION_SELECT8_3_3_3_4,HTML_PAGE_SELECT8_3_3_3_4,select8_3_3_3_4,same_stem
3628,HACTION_SELECT8_3_3_4,HTML_PAGE_SELECT8_3_3_4,select8_3_3_4,same_stem
3629,HACTION_SELECT8_3_3_4_1,HTML_PAGE_SELECT8_3_3_4_1,select8_3_3_4_1,same_stem
3630,HACTION_SELECT8_3_3_4_2,HTML_PAGE_SELECT8_3_3_4_2,select8_3_3_4_2,same_stem
3631,HACTION_SELECT8_3_3_4_3,HTML_PAGE_SELECT8_3_3_4_3,select8_3_3_4_3,same_stem
3632,HACTION_SELECT8_3_3_4_4,HTML_PAGE_SELECT8_3_3_4_4,select8_3_3_4_4,same_stem
3633,HACTION_SELECT8_3_4,HTML_PAGE_SELECT8_3_4,select8_3_4,same_stem
3634,HACTION_SELECT8_3_4_1,HTML_PAGE_SELECT8_3_4_1,select8_3_4_1,same_stem
3635,HACTION_SELECT8_3_4_1_1,HTML_PAGE_SELECT8_3_4_1_1,select8_3_4_1_1,same_stem
3636,HACTION_SELECT8_3_4_1_2,HTML_PAGE_SELECT8_3_4_1_2,select8_3_4_1_2,same_stem
3637,HACTION_SELECT8_3_4_1_3,HTML_PAGE_SELECT8_3_4_1_3,select8_3_4_1_3,same_stem
3638,HACTION_SELECT8_3_4_1_4,HTML_PAGE_SELECT8_3_4_1_4,select8_3_4_1_4,same_stem
3639,HACTION_SELECT8_3_4_2,HTML_PAGE_SELECT8_3_4_2,select8_3_4_2,same_stem
3640,HACTION_SELECT8_3_4_2_1,HTML_PAGE_SELECT8_3_4_2_1,select8_3_4_2_1,same_stem
3641,HACTION_SELECT8_3_4_2_2,HTML_PAGE_SELECT8_3_4_2_2,select8_3_4_2_2,same_stem
3642,HACTION_SELECT8_3_4_2_3,HTML_PAGE_SELECT8_3_4_2_3,select8_3_4_2_3,same_stem
3643,HACTION_SELECT8_3_4_2_4,HTML_PAGE_SELECT8_3_4_2_4,select8_3_4_2_4,same_stem
3644,HACTION_SELECT8_3_4_3,HTML_PAGE_SELECT8_3_4_3,select8_3_4_3,same_stem
3645,HACTION_SELECT8_3_4_3_1,HTML_PAGE_SELECT8_3_4_3_1,select8_3_4_3_1,same_stem
3646,HACTION_SELECT8_3_4_3_2,HTML_PAGE_SELECT8_3_4_3_2,select8_3_4_3_2,same_stem
3647,HACTION_SELECT8_3_4_3_3,HTML_PAGE_SELECT8_3_4_3_3,select8_3_4_3_3,same_stem
3648,HACTION_SELECT8_3_4_3_4,HTML_PAGE_SELECT8_3_4_3_4,select8_3_4_3_4,same_stem
3649,HACTION_SELECT8_3_4_4,HTML_PAGE_SELECT8_3_4_4,select8_3_4_4,same_stem
3650,HACTION_SELECT8_3_4_4_1,HTML_PAGE_SELECT8_3_4_4_1,select8_3_4_4_1,same_stem
3651,HACTION_SELECT8_3_4_4_2,HTML_PAGE_SELECT8_3_4_4_2,select8_3_4_4_2,same_stem
3652,HACTION_SELECT8_3_4_4_3,HTML_PAGE_SELECT8_3_4_4_3,select8_3_4_4_3,same_stem
3653,HACTION_SELECT8_3_4_4_4,HTML_PAGE_SELECT8_3_4_4_4,select8_3_4_4_4,same_stem
3654,HACTION_SELECT8_4,HTML_PAGE_SELECT8_4,select8_4,same_stem
3655,HACTION_SELECT8_4_1,HTML_PAGE_SELECT8_4_1,select8_4_1,same_stem
3656,HACTION_SELECT8_4_1_1,HTML_PAGE_SELECT8_4_1_1,select8_4_1_1,same_stem
3657,HACTION_SELECT8_4_1_1_1,HTML_PAGE_SELECT8_4_1_1_1,select8_4_1_1_1,same_stem
3658,HACTION_SELECT8_4_1_1_2,HTML_PAGE_SELECT8_4_1_1_2,select8_4_1_1_2,same_stem
3659,HACTION_SELECT8_4_1_1_3,HTML_PAGE_SELECT8_4_1_1_3,select8_4_1_1_3,same_stem
3660,HACTION_SELECT8_4_1_1_4,HTML_PAGE_SELECT8_4_1_1_4,select8_4_1_1_4,same_stem
3661,HACTION_SELECT8_4_1_2,HTML_PAGE_SELECT8_4_1_2,select8_4_1_2,same_stem
3662,HACTION_SELECT8_4_1_2_1,HTML_PAGE_SELECT8_4_1_2_1,select8_4_1_2_1,same_stem
3663,HACTION_SELECT8_4_1_2_2,HTML_PAGE_SELECT8_4_1_2_2,select8_4_1_2_2,same_stem
3664,HACTION_SELECT8_4_1_2_3,HTML_PAGE_SELECT8_4_1_2_3,select8_4_1_2_3,same_stem
3665,HACTION_SELECT8_4_1_2_4,HTML_PAGE_SELECT8_4_1_2_4,select8_4_1_2_4,same_stem
3666,HACTION_SELECT8_4_1_3,HTML_PAGE_SELECT8_4_1_3,select8_4_1_3,same_stem
3667,HACTION_SELECT8_4_1_3_1,HTML_PAGE_SELECT8_4_1_3_1,select8_4_1_3_1,same_stem
3668,HACTION_SELECT8_4_1_3_2,HTML_PAGE_SELECT8_4_1_3_2,select8_4_1_3_2,same_stem
3669,HACTION_SELECT8_4_1_3_3,HTML_PAGE_SELECT8_4_1_3_3,select8_4_1_3_3,same_stem
3670,HACTION_SELECT8_4_1_3_4,HTML_PAGE_SELECT8_4_1_3_4,select8_4_1_3_4,same_stem
3671,HACTION_SELECT8_4_1_4,HTML_PAGE_SELECT8_4_1_4,select8_4_1_4,same_stem
3672,HACTION_SELECT8_4_1_4_1,HTML_PAGE_SELECT8_4_1_4_1,select8_4_1_4_1,same_stem
3673,HACTION_SELECT8_4_1_4_2,HTML_PAGE_SELECT8_4_1_4_2,select8_4_1_4_2,same_stem
3674,HACTION_SELECT8_4_1_4_3,HTML_PAGE_SELECT8_4_1_4_3,select8_4_1_4_3,same_stem
3675,HACTION_SELECT8_4_1_4_4,HTML_PAGE_SELECT8_4_1_4_4,select8_4_1_4_4,same_stem
3676,HACTION_SELECT8_4_2,HTML_PAGE_SELECT8_4_2,select8_4_2,same_stem
3677,HACTION_SELECT8_4_2_1,HTML_PAGE_SELECT8_4_2_1,select8_4_2_1,same_stem
3678,HACTION_SELECT8_4_2_1_1,HTML_PAGE_SELECT8_4_2_1_1,select8_4_2_1_1,same_stem
3679,HACTION_SELECT8_4_2_1_2,HTML_PAGE_SELECT8_4_2_1_2,select8_4_2_1_2,same_stem
3680,HACTION_SELECT8_4_2_1_3,HTML_PAGE_SELECT8_4_2_1_3,select8_4_2_1_3,same_stem
3681,HACTION_SELECT8_4_2_1_4,HTML_PAGE_SELECT8_4_2_1_4,select8_4_2_1_4,same_stem
3682,HACTION_SELECT8_4_2_2,HTML_PAGE_SELECT8_4_2_2,select8_4_2_2,same_stem
3683,HACTION_SELECT8_4_2_2_1,HTML_PAGE_SELECT8_4_2_2_1,select8_4_2_2_1,same_stem
3684,HACTION_SELECT8_4_2_2_2,HTML_PAGE_SELECT8_4_2_2_2,select8_4_2_2_2,same_stem
3685,HACTION_SELECT8_4_2_2_3,HTML_PAGE_SELECT8_4_2_2_3,select8_4_2_2_3,same_stem
3686,HACTION_SELECT8_4_2_2_4,HTML_PAGE_SELECT8_4_2_2_4,select8_4_2_2_4,same_stem
3687,HACTION_SELECT8_4_2_3,HTML_PAGE_SELECT8_4_2_3,select8_4_2_3,same_stem
3688,HACTION_SELECT8_4_2_3_1,HTML_PAGE_SELECT8_4_2_3_1,select8_4_2_3_1,same_stem
3689,HACTION_SELECT8_4_2_3_2,HTML_PAGE_SELECT8_4_2_3_2,select8_4_2_3_2,same_stem
3690,HACTION_SELECT8_4_2_3_3,HTML_PAGE_SELECT8_4_2_3_3,select8_4_2_3_3,same_stem
3691,HACTION_SELECT8_4_2_3_4,HTML_PAGE_SELECT8_4_2_3_4,select8_4_2_3_4,same_stem
3692,HACTION_SELECT8_4_2_4,HTML_PAGE_SELECT8_4_2_4,select8_4_2_4,same_stem
3693,HACTION_SELECT8_4_2_4_1,HTML_PAGE_SELECT8_4_2_4_1,select8_4_2_4_1,same_stem
3694,HACTION_SELECT8_4_2_4_2,HTML_PAGE_SELECT8_4_2_4_2,select8_4_2_4_2,same_stem
3695,HACTION_SELECT8_4_2_4_3,HTML_PAGE_SELECT8_4_2_4_3,select8_4_2_4_3,same_stem
3696,HACTION_SELECT8_4_2_4_4,HTML_PAGE_SELECT8_4_2_4_4,select8_4_2_4_4,same_stem
3697,HACTION_SELECT8_4_3,HTML_PAGE_SELECT8_4_3,select8_4_3,same_stem
3698,HACTION_SELECT8_4_3_1,HTML_PAGE_SELECT8_4_3_1,select8_4_3_1,same_stem
3699,HACTION_SELECT8_4_3_1_1,HTML_PAGE_SELECT8_4_3_1_1,select8_4_3_1_1,same_stem
3700,HACTION_SELECT8_4_3_1_2,HTML_PAGE_SELECT8_4_3_1_2,select8_4_3_1_2,same_stem
3701,HACTION_SELECT8_4_3_1_3,HTML_PAGE_SELECT8_4_3_1_3,select8_4_3_1_3,same_stem
3702,HACTION_SELECT8_4_3_1_4,HTML_PAGE_SELECT8_4_3_1_4,select8_4_3_1_4,same_stem
3703,HACTION_SELECT8_4_3_2,HTML_PAGE_SELECT8_4_3_2,select8_4_3_2,same_stem
3704,HACTION_SELECT8_4_3_2_1,HTML_PAGE_SELECT8_4_3_2_1,select8_4_3_2_1,same_stem
3705,HACTION_SELECT8_4_3_2_2,HTML_PAGE_SELECT8_4_3_2_2,select8_4_3_2_2,same_stem
3706,HACTION_SELECT8_4_3_2_3,HTML_PAGE_SELECT8_4_3_2_3,select8_4_3_2_3,same_stem
3707,HACTION_SELECT8_4_3_2_4,HTML_PAGE_SELECT8_4_3_2_4,select8_4_3_2_4,same_stem
3708,HACTION_SELECT8_4_3_3,HTML_PAGE_SELECT8_4_3_3,select8_4_3_3,same_stem
3709,HACTION_SELECT8_4_3_3_1,HTML_PAGE_SELECT8_4_3_3_1,select8_4_3_3_1,same_stem
3710,HACTION_SELECT8_4_3_3_2,HTML_PAGE_SELECT8_4_3_3_2,select8_4_3_3_2,same_stem
3711,HACTION_SELECT8_4_3_3_3,HTML_PAGE_SELECT8_4_3_3_3,select8_4_3_3_3,same_stem
3712,HACTION_SELECT8_4_3_3_4,HTML_PAGE_SELECT8_4_3_3_4,select8_4_3_3_4,same_stem
3713,HACTION_SELECT8_4_3_4,HTML_PAGE_SELECT8_4_3_4,select8_4_3_4,same_stem
3714,HACTION_SELECT8_4_3_4_1,HTML_PAGE_SELECT8_4_3_4_1,select8_4_3_4_1,same_stem
3715,HACTION_SELECT8_4_3_4_2,HTML_PAGE_SELECT8_4_3_4_2,select8_4_3_4_2,same_stem
3716,HACTION_SELECT8_4_3_4_3,HTML_PAGE_SELECT8_4_3_4_3,select8_4_3_4_3,same_stem
3717,HACTION_SELECT8_4_3_4_4,HTML_PAGE_SELECT8_4_3_4_4,select8_4_3_4_4,same_stem
3718,HACTION_SELECT8_4_4,HTML_PAGE_SELECT8_4_4,select8_4_4,same_stem
3719,HACTION_SELECT8_4_4_1,HTML_PAGE_SELECT8_4_4_1,select8_4_4_1,same_stem
3720,HACTION_SELECT8_4_4_1_1,HTML_PAGE_SELECT8_4_4_1_1,select8_4_4_1_1,same_stem
3721,HACTION_SELECT8_4_4_1_2,HTML_PAGE_SELECT8_4_4_1_2,select8_4_4_1_2,same_stem
3722,HACTION_SELECT8_4_4_1_3,HTML_PAGE_SELECT8_4_4_1_3,select8_4_4_1_3,same_stem
3723,HACTION_SELECT8_4_4_1_4,HTML_PAGE_SELECT8_4_4_1_4,select8_4_4_1_4,same_stem
3724,HACTION_SELECT8_4_4_2,HTML_PAGE_SELECT8_4_4_2,select8_4_4_2,same_stem
3725,HACTION_SELECT8_4_4_2_1,HTML_PAGE_SELECT8_4_4_2_1,select8_4_4_2_1,same_stem
3726,HACTION_SELECT8_4_4_2_2,HTML_PAGE_SELECT8_4_4_2_2,select8_4_4_2_2,same_stem
3727,HACTION_SELECT8_4_4_2_3,HTML_PAGE_SELECT8_4_4_2_3,select8_4_4_2_3,same_stem
3728,HACTION_SELECT8_4_4_2_4,HTML_PAGE_SELECT8_4_4_2_4,select8_4_4_2_4,same_stem
3729,HACTION_SELECT8_4_4_3,HTML_PAGE_SELECT8_4_4_3,select8_4_4_3,same_stem
3730,HACTION_SELECT8_4_4_3_1,HTML_PAGE_SELECT8_4_4_3_1,select8_4_4_3_1,same_stem
3731,HACTION_SELECT8_4_4_3_2,HTML_PAGE_SELECT8_4_4_3_2,select8_4_4_3_2,same_stem
3732,HACTION_SELECT8_4_4_3_3,HTML_PAGE_SELECT8_4_4_3_3,select8_4_4_3_3,same_stem
3733,HACTION_SELECT8_4_4_3_4,HTML_PAGE_SELECT8_4_4_3_4,select8_4_4_3_4,same_stem
3734,HACTION_SELECT8_4_4_4,HTML_PAGE_SELECT8_4_4_4,select8_4_4_4,same_stem
3735,HACTION_SELECT8_4_4_4_1,HTML_PAGE_SELECT8_4_4_4_1,select8_4_4_4_1,same_stem
3736,HACTION_SELECT8_4_4_4_2,HTML_PAGE_SELECT8_4_4_4_2,select8_4_4_4_2,same_stem
3737,HACTION_SELECT8_4_4_4_3,HTML_PAGE_SELECT8_4_4_4_3,select8_4_4_4_3,same_stem
3738,HACTION_SELECT8_4_4_4_4,HTML_PAGE_SELECT8_4_4_4_4,select8_4_4_4_4,same_stem
3739,HACTION_SELECT9,HTML_PAGE_SELECT9,select9,same_stem
3740,HACTION_SELECT9_1,HTML_PAGE_SELECT9_1,select9_1,same_stem
3741,HACTION_SELECT9_1_1,HTML_PAGE_SELECT9_1_1,select9_1_1,same_stem
3742,HACTION_SELECT9_1_1_1,HTML_PAGE_SELECT9_1_1_1,select9_1_1_1,same_stem
3743,HACTION_SELECT9_1_1_1_1,HTML_PAGE_SELECT9_1_1_1_1,select9_1_1_1_1,same_stem
3744,HACTION_SELECT9_1_1_1_2,HTML_PAGE_SELECT9_1_1_1_2,select9_1_1_1_2,same_stem
3745,HACTION_SELECT9_1_1_1_3,HTML_PAGE_SELECT9_1_1_1_3,select9_1_1_1_3,same_stem
3746,HACTION_SELECT9_1_1_1_4,HTML_PAGE_SELECT9_1_1_1_4,select9_1_1_1_4,same_stem
3747,HACTION_SELECT9_1_1_2,HTML_PAGE_SELECT9_1_1_2,select9_1_1_2,same_stem
3748,HACTION_SELECT9_1_1_2_1,HTML_PAGE_SELECT9_1_1_2_1,select9_1_1_2_1,same_stem
3749,HACTION_SELECT9_1_1_2_2,HTML_PAGE_SELECT9_1_1_2_2,select9_1_1_2_2,same_stem
3750,HACTION_SELECT9_1_1_2_3,HTML_PAGE_SELECT9_1_1_2_3,select9_1_1_2_3,same_stem
3751,HACTION_SELECT9_1_1_2_4,HTML_PAGE_SELECT9_1_1_2_4,select9_1_1_2_4,same_stem
3752,HACTION_SELECT9_1_1_3,HTML_PAGE_SELECT9_1_1_3,select9_1_1_3,same_stem
3753,HACTION_SELECT9_1_1_3_1,HTML_PAGE_SELECT9_1_1_3_1,select9_1_1_3_1,same_stem
3754,HACTION_SELECT9_1_1_3_2,HTML_PAGE_SELECT9_1_1_3_2,select9_1_1_3_2,same_stem
3755,HACTION_SELECT9_1_1_3_3,HTML_PAGE_SELECT9_1_1_3_3,select9_1_1_3_3,same_stem
3756,HACTION_SELECT9_1_1_3_4,HTML_PAGE_SELECT9_1_1_3_4,select9_1_1_3_4,same_stem
3757,HACTION_SELECT9_1_1_4,HTML_PAGE_SELECT9_1_1_4,select9_1_1_4,same_stem
3758,HACTION_SELECT9_1_1_4_1,HTML_PAGE_SELECT9_1_1_4_1,select9_1_1_4_1,same_stem
3759,HACTION_SELECT9_1_1_4_2,HTML_PAGE_SELECT9_1_1_4_2,select9_1_1_4_2,same_stem
3760,HACTION_SELECT9_1_1_4_3,HTML_PAGE_SELECT9_1_1_4_3,select9_1_1_4_3,same_stem
3761,HACTION_SELECT9_1_1_4_4,HTML_PAGE_SELECT9_1_1_4_4,select9_1_1_4_4,same_stem
3762,HACTION_SELECT9_1_2,HTML_PAGE_SELECT9_1_2,select9_1_2,same_stem
3763,HACTION_SELECT9_1_2_1,HTML_PAGE_SELECT9_1_2_1,select9_1_2_1,same_stem
3764,HACTION_SELECT9_1_2_1_1,HTML_PAGE_SELECT9_1_2_1_1,select9_1_2_1_1,same_stem
3765,HACTION_SELECT9_1_2_1_2,HTML_PAGE_SELECT9_1_2_1_2,select9_1_2_1_2,same_stem
3766,HACTION_SELECT9_1_2_1_3,HTML_PAGE_SELECT9_1_2_1_3,select9_1_2_1_3,same_stem
3767,HACTION_SELECT9_1_2_1_4,HTML_PAGE_SELECT9_1_2_1_4,select9_1_2_1_4,same_stem
3768,HACTION_SELECT9_1_2_2,HTML_PAGE_SELECT9_1_2_2,select9_1_2_2,same_stem
3769,HACTION_SELECT9_1_2_2_1,HTML_PAGE_SELECT9_1_2_2_1,select9_1_2_2_1,same_stem
3770,HACTION_SELECT9_1_2_2_2,HTML_PAGE_SELECT9_1_2_2_2,select9_1_2_2_2,same_stem
3771,HACTION_SELECT9_1_2_2_3,HTML_PAGE_SELECT9_1_2_2_3,select9_1_2_2_3,same_stem
3772,HACTION_SELECT9_1_2_2_4,HTML_PAGE_SELECT9_1_2_2_4,select9_1_2_2_4,same_stem
3773,HACTION_SELECT9_1_2_3,HTML_PAGE_SELECT9_1_2_3,select9_1_2_3,same_stem
3774,HACTION_SELECT9_1_2_3_1,HTML_PAGE_SELECT9_1_2_3_1,select9_1_2_3_1,same_stem
3775,HACTION_SELECT9_1_2_3_2,HTML_PAGE_SELECT9_1_2_3_2,select9_1_2_3_2,same_stem
3776,HACTION_SELECT9_1_2_3_3,HTML_PAGE_SELECT9_1_2_3_3,select9_1_2_3_3,same_stem
3777,HACTION_SELECT9_1_2_3_4,HTML_PAGE_SELECT9_1_2_3_4,select9_1_2_3_4,same_stem
3778,HACTION_SELECT9_1_2_4,HTML_PAGE_SELECT9_1_2_4,select9_1_2_4,same_stem
3779,HACTION_SELECT9_1_2_4_1,HTML_PAGE_SELECT9_1_2_4_1,select9_1_2_4_1,same_stem
3780,HACTION_SELECT9_1_2_4_2,HTML_PAGE_SELECT9_1_2_4_2,select9_1_2_4_2,same_stem
3781,HACTION_SELECT9_1_2_4_3,HTML_PAGE_SELECT9_1_2_4_3,select9_1_2_4_3,same_stem
3782,HACTION_SELECT9_1_2_4_4,HTML_PAGE_SELECT9_1_2_4_4,select9_1_2_4_4,same_stem
3783,HACTION_SELECT9_1_3,HTML_PAGE_SELECT9_1_3,select9_1_3,same_stem
3784,HACTION_SELECT9_1_3_1,HTML_PAGE_SELECT9_1_3_1,select9_1_3_1,same_stem
3785,HACTION_SELECT9_1_3_1_1,HTML_PAGE_SELECT9_1_3_1_1,select9_1_3_1_1,same_stem
3786,HACTION_SELECT9_1_3_1_2,HTML_PAGE_SELECT9_1_3_1_2,select9_1_3_1_2,same_stem
3787,HACTION_SELECT9_1_3_1_3,HTML_PAGE_SELECT9_1_3_1_3,select9_1_3_1_3,same_stem
3788,HACTION_SELECT9_1_3_1_4,HTML_PAGE_SELECT9_1_3_1_4,select9_1_3_1_4,same_stem
3789,HACTION_SELECT9_1_3_2,HTML_PAGE_SELECT9_1_3_2,select9_1_3_2,same_stem
3790,HACTION_SELECT9_1_3_2_1,HTML_PAGE_SELECT9_1_3_2_1,select9_1_3_2_1,same_stem
3791,HACTION_SELECT9_1_3_2_2,HTML_PAGE_SELECT9_1_3_2_2,select9_1_3_2_2,same_stem
3792,HACTION_SELECT9_1_3_2_3,HTML_PAGE_SELECT9_1_3_2_3,select9_1_3_2_3,same_stem
3793,HACTION_SELECT9_1_3_2_4,HTML_PAGE_SELECT9_1_3_2_4,select9_1_3_2_4,same_stem
3794,HACTION_SELECT9_1_3_3,HTML_PAGE_SELECT9_1_3_3,select9_1_3_3,same_stem
3795,HACTION_SELECT9_1_3_3_1,HTML_PAGE_SELECT9_1_3_3_1,select9_1_3_3_1,same_stem
3796,HACTION_SELECT9_1_3_3_2,HTML_PAGE_SELECT9_1_3_3_2,select9_1_3_3_2,same_stem
3797,HACTION_SELECT9_1_3_3_3,HTML_PAGE_SELECT9_1_3_3_3,select9_1_3_3_3,same_stem
3798,HACTION_SELECT9_1_3_3_4,HTML_PAGE_SELECT9_1_3_3_4,select9_1_3_3_4,same_stem
3799,HACTION_SELECT9_1_3_4,HTML_PAGE_SELECT9_1_3_4,select9_1_3_4,same_stem
3800,HACTION_SELECT9_1_3_4_1,HTML_PAGE_SELECT9_1_3_4_1,select9_1_3_4_1,same_stem
3801,HACTION_SELECT9_1_3_4_2,HTML_PAGE_SELECT9_1_3_4_2,select9_1_3_4_2,same_stem
3802,HACTION_SELECT9_1_3_4_3,HTML_PAGE_SELECT9_1_3_4_3,select9_1_3_4_3,same_stem
3803,HACTION_SELECT9_1_3_4_4,HTML_PAGE_SELECT9_1_3_4_4,select9_1_3_4_4,same_stem
3804,HACTION_SELECT9_1_4,HTML_PAGE_SELECT9_1_4,select9_1_4,same_stem
3805,HACTION_SELECT9_1_4_1,HTML_PAGE_SELECT9_1_4_1,select9_1_4_1,same_stem
3806,HACTION_SELECT9_1_4_1_1,HTML_PAGE_SELECT9_1_4_1_1,select9_1_4_1_1,same_stem
3807,HACTION_SELECT9_1_4_1_2,HTML_PAGE_SELECT9_1_4_1_2,select9_1_4_1_2,same_stem
3808,HACTION_SELECT9_1_4_1_3,HTML_PAGE_SELECT9_1_4_1_3,select9_1_4_1_3,same_stem
3809,HACTION_SELECT9_1_4_1_4,HTML_PAGE_SELECT9_1_4_1_4,select9_1_4_1_4,same_stem
3810,HACTION_SELECT9_1_4_2,HTML_PAGE_SELECT9_1_4_2,select9_1_4_2,same_stem
3811,HACTION_SELECT9_1_4_2_1,HTML_PAGE_SELECT9_1_4_2_1,select9_1_4_2_1,same_stem
3812,HACTION_SELECT9_1_4_2_2,HTML_PAGE_SELECT9_1_4_2_2,select9_1_4_2_2,same_stem
3813,HACTION_SELECT9_1_4_2_3,HTML_PAGE_SELECT9_1_4_2_3,select9_1_4_2_3,same_stem
3814,HACTION_SELECT9_1_4_2_4,HTML_PAGE_SELECT9_1_4_2_4,select9_1_4_2_4,same_stem
3815,HACTION_SELECT9_1_4_3,HTML_PAGE_SELECT9_1_4_3,select9_1_4_3,same_stem
3816,HACTION_SELECT9_1_4_3_1,HTML_PAGE_SELECT9_1_4_3_1,select9_1_4_3_1,same_stem
3817,HACTION_SELECT9_1_4_3_2,HTML_PAGE_SELECT9_1_4_3_2,select9_1_4_3_2,same_stem
3818,HACTION_SELECT9_1_4_3_3,HTML_PAGE_SELECT9_1_4_3_3,select9_1_4_3_3,same_stem
3819,HACTION_SELECT9_1_4_3_4,HTML_PAGE_SELECT9_1_4_3_4,select9_1_4_3_4,same_stem
3820,HACTION_SELECT9_1_4_4,HTML_PAGE_SELECT9_1_4_4,select9_1_4_4,same_stem
3821,HACTION_SELECT9_1_4_4_1,HTML_PAGE_SELECT9_1_4_4_1,select9_1_4_4_1,same_stem
3822,HACTION_SELECT9_1_4_4_2,HTML_PAGE_SELECT9_1_4_4_2,select9_1_4_4_2,same_stem
3823,HACTION_SELECT9_1_4_4_3,HTML_PAGE_SELECT9_1_4_4_3,select9_1_4_4_3,same_stem
3824,HACTION_SELECT9_1_4_4_4,HTML_PAGE_SELECT9_1_4_4_4,select9_1_4_4_4,same_stem
3825,HACTION_SELECT9_2,HTML_PAGE_SELECT9_2,select9_2,same_stem
3826,HACTION_SELECT9_2_1,HTML_PAGE_SELECT9_2_1,select9_2_1,same_stem
3827,HACTION_SELECT9_2_1_1,HTML_PAGE_SELECT9_2_1_1,select9_2_1_1,same_stem
3828,HACTION_SELECT9_2_1_1_1,HTML_PAGE_SELECT9_2_1_1_1,select9_2_1_1_1,same_stem
3829,HACTION_SELECT9_2_1_1_2,HTML_PAGE_SELECT9_2_1_1_2,select9_2_1_1_2,same_stem
3830,HACTION_SELECT9_2_1_1_3,HTML_PAGE_SELECT9_2_1_1_3,select9_2_1_1_3,same_stem
3831,HACTION_SELECT9_2_1_1_4,HTML_PAGE_SELECT9_2_1_1_4,select9_2_1_1_4,same_stem
3832,HACTION_SELECT9_2_1_2,HTML_PAGE_SELECT9_2_1_2,select9_2_1_2,same_stem
3833,HACTION_SELECT9_2_1_2_1,HTML_PAGE_SELECT9_2_1_2_1,select9_2_1_2_1,same_stem
3834,HACTION_SELECT9_2_1_2_2,HTML_PAGE_SELECT9_2_1_2_2,select9_2_1_2_2,same_stem
3835,HACTION_SELECT9_2_1_2_3,HTML_PAGE_SELECT9_2_1_2_3,select9_2_1_2_3,same_stem
3836,HACTION_SELECT9_2_1_2_4,HTML_PAGE_SELECT9_2_1_2_4,select9_2_1_2_4,same_stem
3837,HACTION_SELECT9_2_1_3,HTML_PAGE_SELECT9_2_1_3,select9_2_1_3,same_stem
3838,HACTION_SELECT9_2_1_3_1,HTML_PAGE_SELECT9_2_1_3_1,select9_2_1_3_1,same_stem
3839,HACTION_SELECT9_2_1_3_2,HTML_PAGE_SELECT9_2_1_3_2,select9_2_1_3_2,same_stem
3840,HACTION_SELECT9_2_1_3_3,HTML_PAGE_SELECT9_2_1_3_3,select9_2_1_3_3,same_stem
3841,HACTION_SELECT9_2_1_3_4,HTML_PAGE_SELECT9_2_1_3_4,select9_2_1_3_4,same_stem
3842,HACTION_SELECT9_2_1_4,HTML_PAGE_SELECT9_2_1_4,select9_2_1_4,same_stem
3843,HACTION_SELECT9_2_1_4_1,HTML_PAGE_SELECT9_2_1_4_1,select9_2_1_4_1,same_stem
3844,HACTION_SELECT9_2_1_4_2,HTML_PAGE_SELECT9_2_1_4_2,select9_2_1_4_2,same_stem
3845,HACTION_SELECT9_2_1_4_3,HTML_PAGE_SELECT9_2_1_4_3,select9_2_1_4_3,same_stem
3846,HACTION_SELECT9_2_1_4_4,HTML_PAGE_SELECT9_2_1_4_4,select9_2_1_4_4,same_stem
3847,HACTION_SELECT9_2_2,HTML_PAGE_SELECT9_2_2,select9_2_2,same_stem
3848,HACTION_SELECT9_2_2_1,HTML_PAGE_SELECT9_2_2_1,select9_2_2_1,same_stem
3849,HACTION_SELECT9_2_2_1_1,HTML_PAGE_SELECT9_2_2_1_1,select9_2_2_1_1,same_stem
3850,HACTION_SELECT9_2_2_1_2,HTML_PAGE_SELECT9_2_2_1_2,select9_2_2_1_2,same_stem
3851,HACTION_SELECT9_2_2_1_3,HTML_PAGE_SELECT9_2_2_1_3,select9_2_2_1_3,same_stem
3852,HACTION_SELECT9_2_2_1_4,HTML_PAGE_SELECT9_2_2_1_4,select9_2_2_1_4,same_stem
3853,HACTION_SELECT9_2_2_2,HTML_PAGE_SELECT9_2_2_2,select9_2_2_2,same_stem
3854,HACTION_SELECT9_2_2_2_1,HTML_PAGE_SELECT9_2_2_2_1,select9_2_2_2_1,same_stem
3855,HACTION_SELECT9_2_2_2_2,HTML_PAGE_SELECT9_2_2_2_2,select9_2_2_2_2,same_stem
3856,HACTION_SELECT9_2_2_2_3,HTML_PAGE_SELECT9_2_2_2_3,select9_2_2_2_3,same_stem
3857,HACTION_SELECT9_2_2_2_4,HTML_PAGE_SELECT9_2_2_2_4,select9_2_2_2_4,same_stem
3858,HACTION_SELECT9_2_2_3,HTML_PAGE_SELECT9_2_2_3,select9_2_2_3,same_stem
3859,HACTION_SELECT9_2_2_3_1,HTML_PAGE_SELECT9_2_2_3_1,select9_2_2_3_1,same_stem
3860,HACTION_SELECT9_2_2_3_2,HTML_PAGE_SELECT9_2_2_3_2,select9_2_2_3_2,same_stem
3861,HACTION_SELECT9_2_2_3_3,HTML_PAGE_SELECT9_2_2_3_3,select9_2_2_3_3,same_stem
3862,HACTION_SELECT9_2_2_3_4,HTML_PAGE_SELECT9_2_2_3_4,select9_2_2_3_4,same_stem
3863,HACTION_SELECT9_2_2_4,HTML_PAGE_SELECT9_2_2_4,select9_2_2_4,same_stem
3864,HACTION_SELECT9_2_2_4_1,HTML_PAGE_SELECT9_2_2_4_1,select9_2_2_4_1,same_stem
3865,HACTION_SELECT9_2_2_4_2,HTML_PAGE_SELECT9_2_2_4_2,select9_2_2_4_2,same_stem
3866,HACTION_SELECT9_2_2_4_3,HTML_PAGE_SELECT9_2_2_4_3,select9_2_2_4_3,same_stem
3867,HACTION_SELECT9_2_2_4_4,HTML_PAGE_SELECT9_2_2_4_4,select9_2_2_4_4,same_stem
3868,HACTION_SELECT9_2_3,HTML_PAGE_SELECT9_2_3,select9_2_3,same_stem
3869,HACTION_SELECT9_2_3_1,HTML_PAGE_SELECT9_2_3_1,select9_2_3_1,same_stem
3870,HACTION_SELECT9_2_3_1_1,HTML_PAGE_SELECT9_2_3_1_1,select9_2_3_1_1,same_stem
3871,HACTION_SELECT9_2_3_1_2,HTML_PAGE_SELECT9_2_3_1_2,select9_2_3_1_2,same_stem
3872,HACTION_SELECT9_2_3_1_3,HTML_PAGE_SELECT9_2_3_1_3,select9_2_3_1_3,same_stem
3873,HACTION_SELECT9_2_3_1_4,HTML_PAGE_SELECT9_2_3_1_4,select9_2_3_1_4,same_stem
3874,HACTION_SELECT9_2_3_2,HTML_PAGE_SELECT9_2_3_2,select9_2_3_2,same_stem
3875,HACTION_SELECT9_2_3_2_1,HTML_PAGE_SELECT9_2_3_2_1,select9_2_3_2_1,same_stem
3876,HACTION_SELECT9_2_3_2_2,HTML_PAGE_SELECT9_2_3_2_2,select9_2_3_2_2,same_stem
3877,HACTION_SELECT9_2_3_2_3,HTML_PAGE_SELECT9_2_3_2_3,select9_2_3_2_3,same_stem
3878,HACTION_SELECT9_2_3_2_4,HTML_PAGE_SELECT9_2_3_2_4,select9_2_3_2_4,same_stem
3879,HACTION_SELECT9_2_3_3,HTML_PAGE_SELECT9_2_3_3,select9_2_3_3,same_stem
3880,HACTION_SELECT9_2_3_3_1,HTML_PAGE_SELECT9_2_3_3_1,select9_2_3_3_1,same_stem
3881,HACTION_SELECT9_2_3_3_2,HTML_PAGE_SELECT9_2_3_3_2,select9_2_3_3_2,same_stem
3882,HACTION_SELECT9_2_3_3_3,HTML_PAGE_SELECT9_2_3_3_3,select9_2_3_3_3,same_stem
3883,HACTION_SELECT9_2_3_3_4,HTML_PAGE_SELECT9_2_3_3_4,select9_2_3_3_4,same_stem
3884,HACTION_SELECT9_2_3_4,HTML_PAGE_SELECT9_2_3_4,select9_2_3_4,same_stem
3885,HACTION_SELECT9_2_3_4_1,HTML_PAGE_SELECT9_2_3_4_1,select9_2_3_4_1,same_stem
3886,HACTION_SELECT9_2_3_4_2,HTML_PAGE_SELECT9_2_3_4_2,select9_2_3_4_2,same_stem
3887,HACTION_SELECT9_2_3_4_3,HTML_PAGE_SELECT9_2_3_4_3,select9_2_3_4_3,same_stem
3888,HACTION_SELECT9_2_3_4_4,HTML_PAGE_SELECT9_2_3_4_4,select9_2_3_4_4,same_stem
3889,HACTION_SELECT9_2_4,HTML_PAGE_SELECT9_2_4,select9_2_4,same_stem
3890,HACTION_SELECT9_2_4_1,HTML_PAGE_SELECT9_2_4_1,select9_2_4_1,same_stem
3891,HACTION_SELECT9_2_4_1_1,HTML_PAGE_SELECT9_2_4_1_1,select9_2_4_1_1,same_stem
3892,HACTION_SELECT9_2_4_1_2,HTML_PAGE_SELECT9_2_4_1_2,select9_2_4_1_2,same_stem
3893,HACTION_SELECT9_2_4_1_3,HTML_PAGE_SELECT9_2_4_1_3,select9_2_4_1_3,same_stem
3894,HACTION_SELECT9_2_4_1_4,HTML_PAGE_SELECT9_2_4_1_4,select9_2_4_1_4,same_stem
3895,HACTION_SELECT9_2_4_2,HTML_PAGE_SELECT9_2_4_2,select9_2_4_2,same_stem
3896,HACTION_SELECT9_2_4_2_1,HTML_PAGE_SELECT9_2_4_2_1,select9_2_4_2_1,same_stem
3897,HACTION_SELECT9_2_4_2_2,HTML_PAGE_SELECT9_2_4_2_2,select9_2_4_2_2,same_stem
3898,HACTION_SELECT9_2_4_2_3,HTML_PAGE_SELECT9_2_4_2_3,select9_2_4_2_3,same_stem
3899,HACTION_SELECT9_2_4_2_4,HTML_PAGE_SELECT9_2_4_2_4,select9_2_4_2_4,same_stem
3900,HACTION_SELECT9_2_4_3,HTML_PAGE_SELECT9_2_4_3,select9_2_4_3,same_stem
3901,HACTION_SELECT9_2_4_3_1,HTML_PAGE_SELECT9_2_4_3_1,select9_2_4_3_1,same_stem
3902,HACTION_SELECT9_2_4_3_2,HTML_PAGE_SELECT9_2_4_3_2,select9_2_4_3_2,same_stem
3903,HACTION_SELECT9_2_4_3_3,HTML_PAGE_SELECT9_2_4_3_3,select9_2_4_3_3,same_stem
3904,HACTION_SELECT9_2_4_3_4,HTML_PAGE_SELECT9_2_4_3_4,select9_2_4_3_4,same_stem
3905,HACTION_SELECT9_2_4_4,HTML_PAGE_SELECT9_2_4_4,select9_2_4_4,same_stem
3906,HACTION_SELECT9_2_4_4_1,HTML_PAGE_SELECT9_2_4_4_1,select9_2_4_4_1,same_stem
3907,HACTION_SELECT9_2_4_4_2,HTML_PAGE_SELECT9_2_4_4_2,select9_2_4_4_2,same_stem
3908,HACTION_SELECT9_2_4_4_3,HTML_PAGE_SELECT9_2_4_4_3,select9_2_4_4_3,same_stem
3909,HACTION_SELECT9_2_4_4_4,HTML_PAGE_SELECT9_2_4_4_4,select9_2_4_4_4,same_stem
3910,HACTION_SELECT9_3,HTML_PAGE_SELECT9_3,select9_3,same_stem
3911,HACTION_SELECT9_3_1,HTML_PAGE_SELECT9_3_1,select9_3_1,same_stem
3912,HACTION_SELECT9_3_1_1,HTML_PAGE_SELECT9_3_1_1,select9_3_1_1,same_stem
3913,HACTION_SELECT9_3_1_1_1,HTML_PAGE_SELECT9_3_1_1_1,select9_3_1_1_1,same_stem
3914,HACTION_SELECT9_3_1_1_2,HTML_PAGE_SELECT9_3_1_1_2,select9_3_1_1_2,same_stem
3915,HACTION_SELECT9_3_1_1_3,HTML_PAGE_SELECT9_3_1_1_3,select9_3_1_1_3,same_stem
3916,HACTION_SELECT9_3_1_1_4,HTML_PAGE_SELECT9_3_1_1_4,select9_3_1_1_4,same_stem
3917,HACTION_SELECT9_3_1_2,HTML_PAGE_SELECT9_3_1_2,select9_3_1_2,same_stem
3918,HACTION_SELECT9_3_1_2_1,HTML_PAGE_SELECT9_3_1_2_1,select9_3_1_2_1,same_stem
3919,HACTION_SELECT9_3_1_2_2,HTML_PAGE_SELECT9_3_1_2_2,select9_3_1_2_2,same_stem
3920,HACTION_SELECT9_3_1_2_3,HTML_PAGE_SELECT9_3_1_2_3,select9_3_1_2_3,same_stem
3921,HACTION_SELECT9_3_1_2_4,HTML_PAGE_SELECT9_3_1_2_4,select9_3_1_2_4,same_stem
3922,HACTION_SELECT9_3_1_3,HTML_PAGE_SELECT9_3_1_3,select9_3_1_3,same_stem
3923,HACTION_SELECT9_3_1_3_1,HTML_PAGE_SELECT9_3_1_3_1,select9_3_1_3_1,same_stem
3924,HACTION_SELECT9_3_1_3_2,HTML_PAGE_SELECT9_3_1_3_2,select9_3_1_3_2,same_stem
3925,HACTION_SELECT9_3_1_3_3,HTML_PAGE_SELECT9_3_1_3_3,select9_3_1_3_3,same_stem
3926,HACTION_SELECT9_3_1_3_4,HTML_PAGE_SELECT9_3_1_3_4,select9_3_1_3_4,same_stem
3927,HACTION_SELECT9_3_1_4,HTML_PAGE_SELECT9_3_1_4,select9_3_1_4,same_stem
3928,HACTION_SELECT9_3_1_4_1,HTML_PAGE_SELECT9_3_1_4_1,select9_3_1_4_1,same_stem
3929,HACTION_SELECT9_3_1_4_2,HTML_PAGE_SELECT9_3_1_4_2,select9_3_1_4_2,same_stem
3930,HACTION_SELECT9_3_1_4_3,HTML_PAGE_SELECT9_3_1_4_3,select9_3_1_4_3,same_stem
3931,HACTION_SELECT9_3_1_4_4,HTML_PAGE_SELECT9_3_1_4_4,select9_3_1_4_4,same_stem
3932,HACTION_SELECT9_3_2,HTML_PAGE_SELECT9_3_2,select9_3_2,same_stem
3933,HACTION_SELECT9_3_2_1,HTML_PAGE_SELECT9_3_2_1,select9_3_2_1,same_stem
3934,HACTION_SELECT9_3_2_1_1,HTML_PAGE_SELECT9_3_2_1_1,select9_3_2_1_1,same_stem
3935,HACTION_SELECT9_3_2_1_2,HTML_PAGE_SELECT9_3_2_1_2,select9_3_2_1_2,same_stem
3936,HACTION_SELECT9_3_2_1_3,HTML_PAGE_SELECT9_3_2_1_3,select9_3_2_1_3,same_stem
3937,HACTION_SELECT9_3_2_1_4,HTML_PAGE_SELECT9_3_2_1_4,select9_3_2_1_4,same_stem
3938,HACTION_SELECT9_3_2_2,HTML_PAGE_SELECT9_3_2_2,select9_3_2_2,same_stem
3939,HACTION_SELECT9_3_2_2_1,HTML_PAGE_SELECT9_3_2_2_1,select9_3_2_2_1,same_stem
3940,HACTION_SELECT9_3_2_2_2,HTML_PAGE_SELECT9_3_2_2_2,select9_3_2_2_2,same_stem
3941,HACTION_SELECT9_3_2_2_3,HTML_PAGE_SELECT9_3_2_2_3,select9_3_2_2_3,same_stem
3942,HACTION_SELECT9_3_2_2_4,HTML_PAGE_SELECT9_3_2_2_4,select9_3_2_2_4,same_stem
3943,HACTION_SELECT9_3_2_3,HTML_PAGE_SELECT9_3_2_3,select9_3_2_3,same_stem
3944,HACTION_SELECT9_3_2_3_1,HTML_PAGE_SELECT9_3_2_3_1,select9_3_2_3_1,same_stem
3945,HACTION_SELECT9_3_2_3_2,HTML_PAGE_SELECT9_3_2_3_2,select9_3_2_3_2,same_stem
3946,HACTION_SELECT9_3_2_3_3,HTML_PAGE_SELECT9_3_2_3_3,select9_3_2_3_3,same_stem
3947,HACTION_SELECT9_3_2_3_4,HTML_PAGE_SELECT9_3_2_3_4,select9_3_2_3_4,same_stem
3948,HACTION_SELECT9_3_2_4,HTML_PAGE_SELECT9_3_2_4,select9_3_2_4,same_stem
3949,HACTION_SELECT9_3_2_4_1,HTML_PAGE_SELECT9_3_2_4_1,select9_3_2_4_1,same_stem
3950,HACTION_SELECT9_3_2_4_2,HTML_PAGE_SELECT9_3_2_4_2,select9_3_2_4_2,same_stem
3951,HACTION_SELECT9_3_2_4_3,HTML_PAGE_SELECT9_3_2_4_3,select9_3_2_4_3,same_stem
3952,HACTION_SELECT9_3_2_4_4,HTML_PAGE_SELECT9_3_2_4_4,select9_3_2_4_4,same_stem
3953,HACTION_SELECT9_3_3,HTML_PAGE_SELECT9_3_3,select9_3_3,same_stem
3954,HACTION_SELECT9_3_3_1,HTML_PAGE_SELECT9_3_3_1,select9_3_3_1,same_stem
3955,HACTION_SELECT9_3_3_1_1,HTML_PAGE_SELECT9_3_3_1_1,select9_3_3_1_1,same_stem
3956,HACTION_SELECT9_3_3_1_2,HTML_PAGE_SELECT9_3_3_1_2,select9_3_3_1_2,same_stem
3957,HACTION_SELECT9_3_3_1_3,HTML_PAGE_SELECT9_3_3_1_3,select9_3_3_1_3,same_stem
3958,HACTION_SELECT9_3_3_1_4,HTML_PAGE_SELECT9_3_3_1_4,select9_3_3_1_4,same_stem
3959,HACTION_SELECT9_3_3_2,HTML_PAGE_SELECT9_3_3_2,select9_3_3_2,same_stem
3960,HACTION_SELECT9_3_3_2_1,HTML_PAGE_SELECT9_3_3_2_1,select9_3_3_2_1,same_stem
3961,HACTION_SELECT9_3_3_2_2,HTML_PAGE_SELECT9_3_3_2_2,select9_3_3_2_2,same_stem
3962,HACTION_SELECT9_3_3_2_3,HTML_PAGE_SELECT9_3_3_2_3,select9_3_3_2_3,same_stem
3963,HACTION_SELECT9_3_3_2_4,HTML_PAGE_SELECT9_3_3_2_4,select9_3_3_2_4,same_stem
3964,HACTION_SELECT9_3_3_3,HTML_PAGE_SELECT9_3_3_3,select9_3_3_3,same_stem
3965,HACTION_SELECT9_3_3_3_1,HTML_PAGE_SELECT9_3_3_3_1,select9_3_3_3_1,same_stem
3966,HACTION_SELECT9_3_3_3_2,HTML_PAGE_SELECT9_3_3_3_2,select9_3_3_3_2,same_stem
3967,HACTION_SELECT9_3_3_3_3,HTML_PAGE_SELECT9_3_3_3_3,select9_3_3_3_3,same_stem
3968,HACTION_SELECT9_3_3_3_4,HTML_PAGE_SELECT9_3_3_3_4,select9_3_3_3_4,same_stem
3969,HACTION_SELECT9_3_3_4,HTML_PAGE_SELECT9_3_3_4,select9_3_3_4,same_stem
3970,HACTION_SELECT9_3_3_4_1,HTML_PAGE_SELECT9_3_3_4_1,select9_3_3_4_1,same_stem
3971,HACTION_SELECT9_3_3_4_2,HTML_PAGE_SELECT9_3_3_4_2,select9_3_3_4_2,same_stem
3972,HACTION_SELECT9_3_3_4_3,HTML_PAGE_SELECT9_3_3_4_3,select9_3_3_4_3,same_stem
3973,HACTION_SELECT9_3_3_4_4,HTML_PAGE_SELECT9_3_3_4_4,select9_3_3_4_4,same_stem
3974,HACTION_SELECT9_3_4,HTML_PAGE_SELECT9_3_4,select9_3_4,same_stem
3975,HACTION_SELECT9_3_4_1,HTML_PAGE_SELECT9_3_4_1,select9_3_4_1,same_stem
3976,HACTION_SELECT9_3_4_1_1,HTML_PAGE_SELECT9_3_4_1_1,select9_3_4_1_1,same_stem
3977,HACTION_SELECT9_3_4_1_2,HTML_PAGE_SELECT9_3_4_1_2,select9_3_4_1_2,same_stem
3978,HACTION_SELECT9_3_4_1_3,HTML_PAGE_SELECT9_3_4_1_3,select9_3_4_1_3,same_stem
3979,HACTION_SELECT9_3_4_1_4,HTML_PAGE_SELECT9_3_4_1_4,select9_3_4_1_4,same_stem
3980,HACTION_SELECT9_3_4_2,HTML_PAGE_SELECT9_3_4_2,select9_3_4_2,same_stem
3981,HACTION_SELECT9_3_4_2_1,HTML_PAGE_SELECT9_3_4_2_1,select9_3_4_2_1,same_stem
3982,HACTION_SELECT9_3_4_2_2,HTML_PAGE_SELECT9_3_4_2_2,select9_3_4_2_2,same_stem
3983,HACTION_SELECT9_3_4_2_3,HTML_PAGE_SELECT9_3_4_2_3,select9_3_4_2_3,same_stem
3984,HACTION_SELECT9_3_4_2_4,HTML_PAGE_SELECT9_3_4_2_4,select9_3_4_2_4,same_stem
3985,HACTION_SELECT9_3_4_3,HTML_PAGE_SELECT9_3_4_3,select9_3_4_3,same_stem
3986,HACTION_SELECT9_3_4_3_1,HTML_PAGE_SELECT9_3_4_3_1,select9_3_4_3_1,same_stem
3987,HACTION_SELECT9_3_4_3_2,HTML_PAGE_SELECT9_3_4_3_2,select9_3_4_3_2,same_stem
3988,HACTION_SELECT9_3_4_3_3,HTML_PAGE_SELECT9_3_4_3_3,select9_3_4_3_3,same_stem
3989,HACTION_SELECT9_3_4_3_4,HTML_PAGE_SELECT9_3_4_3_4,select9_3_4_3_4,same_stem
3990,HACTION_SELECT9_3_4_4,HTML_PAGE_SELECT9_3_4_4,select9_3_4_4,same_stem
3991,HACTION_SELECT9_3_4_4_1,HTML_PAGE_SELECT9_3_4_4_1,select9_3_4_4_1,same_stem
3992,HACTION_SELECT9_3_4_4_2,HTML_PAGE_SELECT9_3_4_4_2,select9_3_4_4_2,same_stem
3993,HACTION_SELECT9_3_4_4_3,HTML_PAGE_SELECT9_3_4_4_3,select9_3_4_4_3,same_stem
3994,HACTION_SELECT9_3_4_4_4,HTML_PAGE_SELECT9_3_4_4_4,select9_3_4_4_4,same_stem
3995,HACTION_SELECT9_4,HTML_PAGE_SELECT9_4,select9_4,same_stem
3996,HACTION_SELECT9_4_1,HTML_PAGE_SELECT9_4_1,select9_4_1,same_stem
3997,HACTION_SELECT9_4_1_1,HTML_PAGE_SELECT9_4_1_1,select9_4_1_1,same_stem
3998,HACTION_SELECT9_4_1_1_1,HTML_PAGE_SELECT9_4_1_1_1,select9_4_1_1_1,same_stem
3999,HACTION_SELECT9_4_1_1_2,HTML_PAGE_SELECT9_4_1_1_2,select9_4_1_1_2,same_stem
4000,HACTION_SELECT9_4_1_1_3,HTML_PAGE_SELECT9_4_1_1_3,select9_4_1_1_3,same_stem
4001,HACTION_SELECT9_4_1_1_4,HTML_PAGE_SELECT9_4_1_1_4,select9_4_1_1_4,same_stem
4002,HACTION_SELECT9_4_1_2,HTML_PAGE_SELECT9_4_1_2,select9_4_1_2,same_stem
4003,HACTION_SELECT9_4_1_2_1,HTML_PAGE_SELECT9_4_1_2_1,select9_4_1_2_1,same_stem
4004,HACTION_SELECT9_4_1_2_2,HTML_PAGE_SELECT9_4_1_2_2,select9_4_1_2_2,same_stem
4005,HACTION_SELECT9_4_1_2_3,HTML_PAGE_SELECT9_4_1_2_3,select9_4_1_2_3,same_stem
4006,HACTION_SELECT9_4_1_2_4,HTML_PAGE_SELECT9_4_1_2_4,select9_4_1_2_4,same_stem
4007,HACTION_SELECT9_4_1_3,HTML_PAGE_SELECT9_4_1_3,select9_4_1_3,same_stem
4008,HACTION_SELECT9_4_1_3_1,HTML_PAGE_SELECT9_4_1_3_1,select9_4_1_3_1,same_stem
4009,HACTION_SELECT9_4_1_3_2,HTML_PAGE_SELECT9_4_1_3_2,select9_4_1_3_2,same_stem
4010,HACTION_SELECT9_4_1_3_3,HTML_PAGE_SELECT9_4_1_3_3,select9_4_1_3_3,same_stem
4011,HACTION_SELECT9_4_1_3_4,HTML_PAGE_SELECT9_4_1_3_4,select9_4_1_3_4,same_stem
4012,HACTION_SELECT9_4_1_4,HTML_PAGE_SELECT9_4_1_4,select9_4_1_4,same_stem
4013,HACTION_SELECT9_4_1_4_1,HTML_PAGE_SELECT9_4_1_4_1,select9_4_1_4_1,same_stem
4014,HACTION_SELECT9_4_1_4_2,HTML_PAGE_SELECT9_4_1_4_2,select9_4_1_4_2,same_stem
4015,HACTION_SELECT9_4_1_4_3,HTML_PAGE_SELECT9_4_1_4_3,select9_4_1_4_3,same_stem
4016,HACTION_SELECT9_4_1_4_4,HTML_PAGE_SELECT9_4_1_4_4,select9_4_1_4_4,same_stem
4017,HACTION_SELECT9_4_2,HTML_PAGE_SELECT9_4_2,select9_4_2,same_stem
4018,HACTION_SELECT9_4_2_1,HTML_PAGE_SELECT9_4_2_1,select9_4_2_1,same_stem
4019,HACTION_SELECT9_4_2_1_1,HTML_PAGE_SELECT9_4_2_1_1,select9_4_2_1_1,same_stem
4020,HACTION_SELECT9_4_2_1_2,HTML_PAGE_SELECT9_4_2_1_2,select9_4_2_1_2,same_stem
4021,HACTION_SELECT9_4_2_1_3,HTML_PAGE_SELECT9_4_2_1_3,select9_4_2_1_3,same_stem
4022,HACTION_SELECT9_4_2_1_4,HTML_PAGE_SELECT9_4_2_1_4,select9_4_2_1_4,same_stem
4023,HACTION_SELECT9_4_2_2,HTML_PAGE_SELECT9_4_2_2,select9_4_2_2,same_stem
4024,HACTION_SELECT9_4_2_2_1,HTML_PAGE_SELECT9_4_2_2_1,select9_4_2_2_1,same_stem
4025,HACTION_SELECT9_4_2_2_2,HTML_PAGE_SELECT9_4_2_2_2,select9_4_2_2_2,same_stem
4026,HACTION_SELECT9_4_2_2_3,HTML_PAGE_SELECT9_4_2_2_3,select9_4_2_2_3,same_stem
4027,HACTION_SELECT9_4_2_2_4,HTML_PAGE_SELECT9_4_2_2_4,select9_4_2_2_4,same_stem
4028,HACTION_SELECT9_4_2_3,HTML_PAGE_SELECT9_4_2_3,select9_4_2_3,same_stem
4029,HACTION_SELECT9_4_2_3_1,HTML_PAGE_SELECT9_4_2_3_1,select9_4_2_3_1,same_stem
4030,HACTION_SELECT9_4_2_3_2,HTML_PAGE_SELECT9_4_2_3_2,select9_4_2_3_2,same_stem
4031,HACTION_SELECT9_4_2_3_3,HTML_PAGE_SELECT9_4_2_3_3,select9_4_2_3_3,same_stem
4032,HACTION_SELECT9_4_2_3_4,HTML_PAGE_SELECT9_4_2_3_4,select9_4_2_3_4,same_stem
4033,HACTION_SELECT9_4_2_4,HTML_PAGE_SELECT9_4_2_4,select9_4_2_4,same_stem
4034,HACTION_SELECT9_4_2_4_1,HTML_PAGE_SELECT9_4_2_4_1,select9_4_2_4_1,same_stem
4035,HACTION_SELECT9_4_2_4_2,HTML_PAGE_SELECT9_4_2_4_2,select9_4_2_4_2,same_stem
4036,HACTION_SELECT9_4_2_4_3,HTML_PAGE_SELECT9_4_2_4_3,select9_4_2_4_3,same_stem
4037,HACTION_SELECT9_4_2_4_4,HTML_PAGE_SELECT9_4_2_4_4,select9_4_2_4_4,same_stem
4038,HACTION_SELECT9_4_3,HTML_PAGE_SELECT9_4_3,select9_4_3,same_stem
4039,HACTION_SELECT9_4_3_1,HTML_PAGE_SELECT9_4_3_1,select9_4_3_1,same_stem
4040,HACTION_SELECT9_4_3_1_1,HTML_PAGE_SELECT9_4_3_1_1,select9_4_3_1_1,same_stem
4041,HACTION_SELECT9_4_3_1_2,HTML_PAGE_SELECT9_4_3_1_2,select9_4_3_1_2,same_stem
4042,HACTION_SELECT9_4_3_1_3,HTML_PAGE_SELECT9_4_3_1_3,select9_4_3_1_3,same_stem
4043,HACTION_SELECT9_4_3_1_4,HTML_PAGE_SELECT9_4_3_1_4,select9_4_3_1_4,same_stem
4044,HACTION_SELECT9_4_3_2,HTML_PAGE_SELECT9_4_3_2,select9_4_3_2,same_stem
4045,HACTION_SELECT9_4_3_2_1,HTML_PAGE_SELECT9_4_3_2_1,select9_4_3_2_1,same_stem
4046,HACTION_SELECT9_4_3_2_2,HTML_PAGE_SELECT9_4_3_2_2,select9_4_3_2_2,same_stem
4047,HACTION_SELECT9_4_3_2_3,HTML_PAGE_SELECT9_4_3_2_3,select9_4_3_2_3,same_stem
4048,HACTION_SELECT9_4_3_2_4,HTML_PAGE_SELECT9_4_3_2_4,select9_4_3_2_4,same_stem
4049,HACTION_SELECT9_4_3_3,HTML_PAGE_SELECT9_4_3_3,select9_4_3_3,same_stem
4050,HACTION_SELECT9_4_3_3_1,HTML_PAGE_SELECT9_4_3_3_1,select9_4_3_3_1,same_stem
4051,HACTION_SELECT9_4_3_3_2,HTML_PAGE_SELECT9_4_3_3_2,select9_4_3_3_2,same_stem
4052,HACTION_SELECT9_4_3_3_3,HTML_PAGE_SELECT9_4_3_3_3,select9_4_3_3_3,same_stem
4053,HACTION_SELECT9_4_3_3_4,HTML_PAGE_SELECT9_4_3_3_4,select9_4_3_3_4,same_stem
4054,HACTION_SELECT9_4_3_4,HTML_PAGE_SELECT9_4_3_4,select9_4_3_4,same_stem
4055,HACTION_SELECT9_4_3_4_1,HTML_PAGE_SELECT9_4_3_4_1,select9_4_3_4_1,same_stem
4056,HACTION_SELECT9_4_3_4_2,HTML_PAGE_SELECT9_4_3_4_2,select9_4_3_4_2,same_stem
4057,HACTION_SELECT9_4_3_4_3,HTML_PAGE_SELECT9_4_3_4_3,select9_4_3_4_3,same_stem
4058,HACTION_SELECT9_4_3_4_4,HTML_PAGE_SELECT9_4_3_4_4,select9_4_3_4_4,same_stem
4059,HACTION_SELECT9_4_4,HTML_PAGE_SELECT9_4_4,select9_4_4,same_stem
4060,HACTION_SELECT9_4_4_1,HTML_PAGE_SELECT9_4_4_1,select9_4_4_1,same_stem
4061,HACTION_SELECT9_4_4_1_1,HTML_PAGE_SELECT9_4_4_1_1,select9_4_4_1_1,same_stem
4062,HACTION_SELECT9_4_4_1_2,HTML_PAGE_SELECT9_4_4_1_2,select9_4_4_1_2,same_stem
4063,HACTION_SELECT9_4_4_1_3,HTML_PAGE_SELECT9_4_4_1_3,select9_4_4_1_3,same_stem
4064,HACTION_SELECT9_4_4_1_4,HTML_PAGE_SELECT9_4_4_1_4,select9_4_4_1_4,same_stem
4065,HACTION_SELECT9_4_4_2,HTML_PAGE_SELECT9_4_4_2,select9_4_4_2,same_stem
4066,HACTION_SELECT9_4_4_2_1,HTML_PAGE_SELECT9_4_4_2_1,select9_4_4_2_1,same_stem
4067,HACTION_SELECT9_4_4_2_2,HTML_PAGE_SELECT9_4_4_2_2,select9_4_4_2_2,same_stem
4068,HACTION_SELECT9_4_4_2_3,HTML_PAGE_SELECT9_4_4_2_3,select9_4_4_2_3,same_stem
4069,HACTION_SELECT9_4_4_2_4,HTML_PAGE_SELECT9_4_4_2_4,select9_4_4_2_4,same_stem
4070,HACTION_SELECT9_4_4_3,HTML_PAGE_SELECT9_4_4_3,select9_4_4_3,same_stem
4071,HACTION_SELECT9_4_4_3_1,HTML_PAGE_SELECT9_4_4_3_1,select9_4_4_3_1,same_stem
4072,HACTION_SELECT9_4_4_3_2,HTML_PAGE_SELECT9_4_4_3_2,select9_4_4_3_2,same_stem
4073,HACTION_SELECT9_4_4_3_3,HTML_PAGE_SELECT9_4_4_3_3,select9_4_4_3_3,same_stem
4074,HACTION_SELECT9_4_4_3_4,HTML_PAGE_SELECT9_4_4_3_4,select9_4_4_3_4,same_stem
4075,HACTION_SELECT9_4_4_4,HTML_PAGE_SELECT9_4_4_4,select9_4_4_4,same_stem
4076,HACTION_SELECT9_4_4_4_1,HTML_PAGE_SELECT9_4_4_4_1,select9_4_4_4_1,same_stem
4077,HACTION_SELECT9_4_4_4_2,HTML_PAGE_SELECT9_4_4_4_2,select9_4_4_4_2,same_stem
4078,HACTION_SELECT9_4_4_4_3,HTML_PAGE_SELECT9_4_4_4_3,select9_4_4_4_3,same_stem
4079,HACTION_SELECT9_4_4_4_4,HTML_PAGE_SELECT9_4_4_4_4,select9_4_4_4_4,same_stem
4080,HACTION_SELECT10,HTML_PAGE_SELECT10,select10,same_stem
4081,HACTION_SELECT10_1,HTML_PAGE_SELECT10_1,select10_1,same_stem
4082,HACTION_SELECT10_1_1,HTML_PAGE_SELECT10_1_1,select10_1_1,same_stem
4083,HACTION_SELECT10_1_1_1,HTML_PAGE_SELECT10_1_1_1,select10_1_1_1,same_stem
4084,HACTION_SELECT10_1_1_1_1,HTML_PAGE_SELECT10_1_1_1_1,select10_1_1_1_1,same_stem
4085,HACTION_SELECT10_1_1_1_2,HTML_PAGE_SELECT10_1_1_1_2,select10_1_1_1_2,same_stem
4086,HACTION_SELECT10_1_1_1_3,HTML_PAGE_SELECT10_1_1_1_3,select10_1_1_1_3,same_stem
4087,HACTION_SELECT10_1_1_1_4,HTML_PAGE_SELECT10_1_1_1_4,select10_1_1_1_4,same_stem
4088,HACTION_SELECT10_1_1_2,HTML_PAGE_SELECT10_1_1_2,select10_1_1_2,same_stem
4089,HACTION_SELECT10_1_1_2_1,HTML_PAGE_SELECT10_1_1_2_1,select10_1_1_2_1,same_stem
4090,HACTION_SELECT10_1_1_2_2,HTML_PAGE_SELECT10_1_1_2_2,select10_1_1_2_2,same_stem
4091,HACTION_SELECT10_1_1_2_3,HTML_PAGE_SELECT10_1_1_2_3,select10_1_1_2_3,same_stem
4092,HACTION_SELECT10_1_1_2_4,HTML_PAGE_SELECT10_1_1_2_4,select10_1_1_2_4,same_stem
4093,HACTION_SELECT10_1_1_3,HTML_PAGE_SELECT10_1_1_3,select10_1_1_3,same_stem
4094,HACTION_SELECT10_1_1_3_1,HTML_PAGE_SELECT10_1_1_3_1,select10_1_1_3_1,same_stem
4095,HACTION_SELECT10_1_1_3_2,HTML_PAGE_SELECT10_1_1_3_2,select10_1_1_3_2,same_stem
4096,HACTION_SELECT10_1_1_3_3,HTML_PAGE_SELECT10_1_1_3_3,select10_1_1_3_3,same_stem
4097,HACTION_SELECT10_1_1_3_4,HTML_PAGE_SELECT10_1_1_3_4,select10_1_1_3_4,same_stem
4098,HACTION_SELECT10_1_1_4,HTML_PAGE_SELECT10_1_1_4,select10_1_1_4,same_stem
4099,HACTION_SELECT10_1_1_4_1,HTML_PAGE_SELECT10_1_1_4_1,select10_1_1_4_1,same_stem
4100,HACTION_SELECT10_1_1_4_2,HTML_PAGE_SELECT10_1_1_4_2,select10_1_1_4_2,same_stem
4101,HACTION_SELECT10_1_1_4_3,HTML_PAGE_SELECT10_1_1_4_3,select10_1_1_4_3,same_stem
4102,HACTION_SELECT10_1_1_4_4,HTML_PAGE_SELECT10_1_1_4_4,select10_1_1_4_4,same_stem
4103,HACTION_SELECT10_1_2,HTML_PAGE_SELECT10_1_2,select10_1_2,same_stem
4104,HACTION_SELECT10_1_2_1,HTML_PAGE_SELECT10_1_2_1,select10_1_2_1,same_stem
4105,HACTION_SELECT10_1_2_1_1,HTML_PAGE_SELECT10_1_2_1_1,select10_1_2_1_1,same_stem
4106,HACTION_SELECT10_1_2_1_2,HTML_PAGE_SELECT10_1_2_1_2,select10_1_2_1_2,same_stem
4107,HACTION_SELECT10_1_2_1_3,HTML_PAGE_SELECT10_1_2_1_3,select10_1_2_1_3,same_stem
4108,HACTION_SELECT10_1_2_1_4,HTML_PAGE_SELECT10_1_2_1_4,select10_1_2_1_4,same_stem
4109,HACTION_SELECT10_1_2_2,HTML_PAGE_SELECT10_1_2_2,select10_1_2_2,same_stem
4110,HACTION_SELECT10_1_2_2_1,HTML_PAGE_SELECT10_1_2_2_1,select10_1_2_2_1,same_stem
4111,HACTION_SELECT10_1_2_2_2,HTML_PAGE_SELECT10_1_2_2_2,select10_1_2_2_2,same_stem
4112,HACTION_SELECT10_1_2_2_3,HTML_PAGE_SELECT10_1_2_2_3,select10_1_2_2_3,same_stem
4113,HACTION_SELECT10_1_2_2_4,HTML_PAGE_SELECT10_1_2_2_4,select10_1_2_2_4,same_stem
4114,HACTION_SELECT10_1_2_3,HTML_PAGE_SELECT10_1_2_3,select10_1_2_3,same_stem
4115,HACTION_SELECT10_1_2_3_1,HTML_PAGE_SELECT10_1_2_3_1,select10_1_2_3_1,same_stem
4116,HACTION_SELECT10_1_2_3_2,HTML_PAGE_SELECT10_1_2_3_2,select10_1_2_3_2,same_stem
4117,HACTION_SELECT10_1_2_3_3,HTML_PAGE_SELECT10_1_2_3_3,select10_1_2_3_3,same_stem
4118,HACTION_SELECT10_1_2_3_4,HTML_PAGE_SELECT10_1_2_3_4,select10_1_2_3_4,same_stem
4119,HACTION_SELECT10_1_2_4,HTML_PAGE_SELECT10_1_2_4,select10_1_2_4,same_stem
4120,HACTION_SELECT10_1_2_4_1,HTML_PAGE_SELECT10_1_2_4_1,select10_1_2_4_1,same_stem
4121,HACTION_SELECT10_1_2_4_2,HTML_PAGE_SELECT10_1_2_4_2,select10_1_2_4_2,same_stem
4122,HACTION_SELECT10_1_2_4_3,HTML_PAGE_SELECT10_1_2_4_3,select10_1_2_4_3,same_stem
4123,HACTION_SELECT10_1_2_4_4,HTML_PAGE_SELECT10_1_2_4_4,select10_1_2_4_4,same_stem
4124,HACTION_SELECT10_1_3,HTML_PAGE_SELECT10_1_3,select10_1_3,same_stem
4125,HACTION_SELECT10_1_3_1,HTML_PAGE_SELECT10_1_3_1,select10_1_3_1,same_stem
4126,HACTION_SELECT10_1_3_1_1,HTML_PAGE_SELECT10_1_3_1_1,select10_1_3_1_1,same_stem
4127,HACTION_SELECT10_1_3_1_2,HTML_PAGE_SELECT10_1_3_1_2,select10_1_3_1_2,same_stem
4128,HACTION_SELECT10_1_3_1_3,HTML_PAGE_SELECT10_1_3_1_3,select10_1_3_1_3,same_stem
4129,HACTION_SELECT10_1_3_1_4,HTML_PAGE_SELECT10_1_3_1_4,select10_1_3_1_4,same_stem
4130,HACTION_SELECT10_1_3_2,HTML_PAGE_SELECT10_1_3_2,select10_1_3_2,same_stem
4131,HACTION_SELECT10_1_3_2_1,HTML_PAGE_SELECT10_1_3_2_1,select10_1_3_2_1,same_stem
4132,HACTION_SELECT10_1_3_2_2,HTML_PAGE_SELECT10_1_3_2_2,select10_1_3_2_2,same_stem
4133,HACTION_SELECT10_1_3_2_3,HTML_PAGE_SELECT10_1_3_2_3,select10_1_3_2_3,same_stem
4134,HACTION_SELECT10_1_3_2_4,HTML_PAGE_SELECT10_1_3_2_4,select10_1_3_2_4,same_stem
4135,HACTION_SELECT10_1_3_3,HTML_PAGE_SELECT10_1_3_3,select10_1_3_3,same_stem
4136,HACTION_SELECT10_1_3_3_1,HTML_PAGE_SELECT10_1_3_3_1,select10_1_3_3_1,same_stem
4137,HACTION_SELECT10_1_3_3_2,HTML_PAGE_SELECT10_1_3_3_2,select10_1_3_3_2,same_stem
4138,HACTION_SELECT10_1_3_3_3,HTML_PAGE_SELECT10_1_3_3_3,select10_1_3_3_3,same_stem
4139,HACTION_SELECT10_1_3_3_4,HTML_PAGE_SELECT10_1_3_3_4,select10_1_3_3_4,same_stem
4140,HACTION_SELECT10_1_3_4,HTML_PAGE_SELECT10_1_3_4,select10_1_3_4,same_stem
4141,HACTION_SELECT10_1_3_4_1,HTML_PAGE_SELECT10_1_3_4_1,select10_1_3_4_1,same_stem
4142,HACTION_SELECT10_1_3_4_2,HTML_PAGE_SELECT10_1_3_4_2,select10_1_3_4_2,same_stem
4143,HACTION_SELECT10_1_3_4_3,HTML_PAGE_SELECT10_1_3_4_3,select10_1_3_4_3,same_stem
4144,HACTION_SELECT10_1_3_4_4,HTML_PAGE_SELECT10_1_3_4_4,select10_1_3_4_4,same_stem
4145,HACTION_SELECT10_1_4,HTML_PAGE_SELECT10_1_4,select10_1_4,same_stem
4146,HACTION_SELECT10_1_4_1,HTML_PAGE_SELECT10_1_4_1,select10_1_4_1,same_stem
4147,HACTION_SELECT10_1_4_1_1,HTML_PAGE_SELECT10_1_4_1_1,select10_1_4_1_1,same_stem
4148,HACTION_SELECT10_1_4_1_2,HTML_PAGE_SELECT10_1_4_1_2,select10_1_4_1_2,same_stem
4149,HACTION_SELECT10_1_4_1_3,HTML_PAGE_SELECT10_1_4_1_3,select10_1_4_1_3,same_stem
4150,HACTION_SELECT10_1_4_1_4,HTML_PAGE_SELECT10_1_4_1_4,select10_1_4_1_4,same_stem
4151,HACTION_SELECT10_1_4_2,HTML_PAGE_SELECT10_1_4_2,select10_1_4_2,same_stem
4152,HACTION_SELECT10_1_4_2_1,HTML_PAGE_SELECT10_1_4_2_1,select10_1_4_2_1,same_stem
4153,HACTION_SELECT10_1_4_2_2,HTML_PAGE_SELECT10_1_4_2_2,select10_1_4_2_2,same_stem
4154,HACTION_SELECT10_1_4_2_3,HTML_PAGE_SELECT10_1_4_2_3,select10_1_4_2_3,same_stem
4155,HACTION_SELECT10_1_4_2_4,HTML_PAGE_SELECT10_1_4_2_4,select10_1_4_2_4,same_stem
4156,HACTION_SELECT10_1_4_3,HTML_PAGE_SELECT10_1_4_3,select10_1_4_3,same_stem
4157,HACTION_SELECT10_1_4_3_1,HTML_PAGE_SELECT10_1_4_3_1,select10_1_4_3_1,same_stem
4158,HACTION_SELECT10_1_4_3_2,HTML_PAGE_SELECT10_1_4_3_2,select10_1_4_3_2,same_stem
4159,HACTION_SELECT10_1_4_3_3,HTML_PAGE_SELECT10_1_4_3_3,select10_1_4_3_3,same_stem
4160,HACTION_SELECT10_1_4_3_4,HTML_PAGE_SELECT10_1_4_3_4,select10_1_4_3_4,same_stem
4161,HACTION_SELECT10_1_4_4,HTML_PAGE_SELECT10_1_4_4,select10_1_4_4,same_stem
4162,HACTION_SELECT10_1_4_4_1,HTML_PAGE_SELECT10_1_4_4_1,select10_1_4_4_1,same_stem
4163,HACTION_SELECT10_1_4_4_2,HTML_PAGE_SELECT10_1_4_4_2,select10_1_4_4_2,same_stem
4164,HACTION_SELECT10_1_4_4_3,HTML_PAGE_SELECT10_1_4_4_3,select10_1_4_4_3,same_stem
4165,HACTION_SELECT10_1_4_4_4,HTML_PAGE_SELECT10_1_4_4_4,select10_1_4_4_4,same_stem
4166,HACTION_SELECT10_2,HTML_PAGE_SELECT10_2,select10_2,same_stem
4167,HACTION_SELECT10_2_1,HTML_PAGE_SELECT10_2_1,select10_2_1,same_stem
4168,HACTION_SELECT10_2_1_1,HTML_PAGE_SELECT10_2_1_1,select10_2_1_1,same_stem
4169,HACTION_SELECT10_2_1_1_1,HTML_PAGE_SELECT10_2_1_1_1,select10_2_1_1_1,same_stem
4170,HACTION_SELECT10_2_1_1_2,HTML_PAGE_SELECT10_2_1_1_2,select10_2_1_1_2,same_stem
4171,HACTION_SELECT10_2_1_1_3,HTML_PAGE_SELECT10_2_1_1_3,select10_2_1_1_3,same_stem
4172,HACTION_SELECT10_2_1_1_4,HTML_PAGE_SELECT10_2_1_1_4,select10_2_1_1_4,same_stem
4173,HACTION_SELECT10_2_1_2,HTML_PAGE_SELECT10_2_1_2,select10_2_1_2,same_stem
4174,HACTION_SELECT10_2_1_2_1,HTML_PAGE_SELECT10_2_1_2_1,select10_2_1_2_1,same_stem
4175,HACTION_SELECT10_2_1_2_2,HTML_PAGE_SELECT10_2_1_2_2,select10_2_1_2_2,same_stem
4176,HACTION_SELECT10_2_1_2_3,HTML_PAGE_SELECT10_2_1_2_3,select10_2_1_2_3,same_stem
4177,HACTION_SELECT10_2_1_2_4,HTML_PAGE_SELECT10_2_1_2_4,select10_2_1_2_4,same_stem
4178,HACTION_SELECT10_2_1_3,HTML_PAGE_SELECT10_2_1_3,select10_2_1_3,same_stem
4179,HACTION_SELECT10_2_1_3_1,HTML_PAGE_SELECT10_2_1_3_1,select10_2_1_3_1,same_stem
4180,HACTION_SELECT10_2_1_3_2,HTML_PAGE_SELECT10_2_1_3_2,select10_2_1_3_2,same_stem
4181,HACTION_SELECT10_2_1_3_3,HTML_PAGE_SELECT10_2_1_3_3,select10_2_1_3_3,same_stem
4182,HACTION_SELECT10_2_1_3_4,HTML_PAGE_SELECT10_2_1_3_4,select10_2_1_3_4,same_stem
4183,HACTION_SELECT10_2_1_4,HTML_PAGE_SELECT10_2_1_4,select10_2_1_4,same_stem
4184,HACTION_SELECT10_2_1_4_1,HTML_PAGE_SELECT10_2_1_4_1,select10_2_1_4_1,same_stem
4185,HACTION_SELECT10_2_1_4_2,HTML_PAGE_SELECT10_2_1_4_2,select10_2_1_4_2,same_stem
4186,HACTION_SELECT10_2_1_4_3,HTML_PAGE_SELECT10_2_1_4_3,select10_2_1_4_3,same_stem
4187,HACTION_SELECT10_2_1_4_4,HTML_PAGE_SELECT10_2_1_4_4,select10_2_1_4_4,same_stem
4188,HACTION_SELECT10_2_2,HTML_PAGE_SELECT10_2_2,select10_2_2,same_stem
4189,HACTION_SELECT10_2_2_1,HTML_PAGE_SELECT10_2_2_1,select10_2_2_1,same_stem
4190,HACTION_SELECT10_2_2_1_1,HTML_PAGE_SELECT10_2_2_1_1,select10_2_2_1_1,same_stem
4191,HACTION_SELECT10_2_2_1_2,HTML_PAGE_SELECT10_2_2_1_2,select10_2_2_1_2,same_stem
4192,HACTION_SELECT10_2_2_1_3,HTML_PAGE_SELECT10_2_2_1_3,select10_2_2_1_3,same_stem
4193,HACTION_SELECT10_2_2_1_4,HTML_PAGE_SELECT10_2_2_1_4,select10_2_2_1_4,same_stem
4194,HACTION_SELECT10_2_2_2,HTML_PAGE_SELECT10_2_2_2,select10_2_2_2,same_stem
4195,HACTION_SELECT10_2_2_2_1,HTML_PAGE_SELECT10_2_2_2_1,select10_2_2_2_1,same_stem
4196,HACTION_SELECT10_2_2_2_2,HTML_PAGE_SELECT10_2_2_2_2,select10_2_2_2_2,same_stem
4197,HACTION_SELECT10_2_2_2_3,HTML_PAGE_SELECT10_2_2_2_3,select10_2_2_2_3,same_stem
4198,HACTION_SELECT10_2_2_2_4,HTML_PAGE_SELECT10_2_2_2_4,select10_2_2_2_4,same_stem
4199,HACTION_SELECT10_2_2_3,HTML_PAGE_SELECT10_2_2_3,select10_2_2_3,same_stem
4200,HACTION_SELECT10_2_2_3_1,HTML_PAGE_SELECT10_2_2_3_1,select10_2_2_3_1,same_stem
4201,HACTION_SELECT10_2_2_3_2,HTML_PAGE_SELECT10_2_2_3_2,select10_2_2_3_2,same_stem
4202,HACTION_SELECT10_2_2_3_3,HTML_PAGE_SELECT10_2_2_3_3,select10_2_2_3_3,same_stem
4203,HACTION_SELECT10_2_2_3_4,HTML_PAGE_SELECT10_2_2_3_4,select10_2_2_3_4,same_stem
4204,HACTION_SELECT10_2_2_4,HTML_PAGE_SELECT10_2_2_4,select10_2_2_4,same_stem
4205,HACTION_SELECT10_2_2_4_1,HTML_PAGE_SELECT10_2_2_4_1,select10_2_2_4_1,same_stem
4206,HACTION_SELECT10_2_2_4_2,HTML_PAGE_SELECT10_2_2_4_2,select10_2_2_4_2,same_stem
4207,HACTION_SELECT10_2_2_4_3,HTML_PAGE_SELECT10_2_2_4_3,select10_2_2_4_3,same_stem
4208,HACTION_SELECT10_2_2_4_4,HTML_PAGE_SELECT10_2_2_4_4,select10_2_2_4_4,same_stem
4209,HACTION_SELECT10_2_3,HTML_PAGE_SELECT10_2_3,select10_2_3,same_stem
4210,HACTION_SELECT10_2_3_1,HTML_PAGE_SELECT10_2_3_1,select10_2_3_1,same_stem
4211,HACTION_SELECT10_2_3_1_1,HTML_PAGE_SELECT10_2_3_1_1,select10_2_3_1_1,same_stem
4212,HACTION_SELECT10_2_3_1_2,HTML_PAGE_SELECT10_2_3_1_2,select10_2_3_1_2,same_stem
4213,HACTION_SELECT10_2_3_1_3,HTML_PAGE_SELECT10_2_3_1_3,select10_2_3_1_3,same_stem
4214,HACTION_SELECT10_2_3_1_4,HTML_PAGE_SELECT10_2_3_1_4,select10_2_3_1_4,same_stem
4215,HACTION_SELECT10_2_3_2,HTML_PAGE_SELECT10_2_3_2,select10_2_3_2,same_stem
4216,HACTION_SELECT10_2_3_2_1,HTML_PAGE_SELECT10_2_3_2_1,select10_2_3_2_1,same_stem
4217,HACTION_SELECT10_2_3_2_2,HTML_PAGE_SELECT10_2_3_2_2,select10_2_3_2_2,same_stem
4218,HACTION_SELECT10_2_3_2_3,HTML_PAGE_SELECT10_2_3_2_3,select10_2_3_2_3,same_stem
4219,HACTION_SELECT10_2_3_2_4,HTML_PAGE_SELECT10_2_3_2_4,select10_2_3_2_4,same_stem
4220,HACTION_SELECT10_2_3_3,HTML_PAGE_SELECT10_2_3_3,select10_2_3_3,same_stem
4221,HACTION_SELECT10_2_3_3_1,HTML_PAGE_SELECT10_2_3_3_1,select10_2_3_3_1,same_stem
4222,HACTION_SELECT10_2_3_3_2,HTML_PAGE_SELECT10_2_3_3_2,select10_2_3_3_2,same_stem
4223,HACTION_SELECT10_2_3_3_3,HTML_PAGE_SELECT10_2_3_3_3,select10_2_3_3_3,same_stem
4224,HACTION_SELECT10_2_3_3_4,HTML_PAGE_SELECT10_2_3_3_4,select10_2_3_3_4,same_stem
4225,HACTION_SELECT10_2_3_4,HTML_PAGE_SELECT10_2_3_4,select10_2_3_4,same_stem
4226,HACTION_SELECT10_2_3_4_1,HTML_PAGE_SELECT10_2_3_4_1,select10_2_3_4_1,same_stem
4227,HACTION_SELECT10_2_3_4_2,HTML_PAGE_SELECT10_2_3_4_2,select10_2_3_4_2,same_stem
4228,HACTION_SELECT10_2_3_4_3,HTML_PAGE_SELECT10_2_3_4_3,select10_2_3_4_3,same_stem
4229,HACTION_SELECT10_2_3_4_4,HTML_PAGE_SELECT10_2_3_4_4,select10_2_3_4_4,same_stem
4230,HACTION_SELECT10_2_4,HTML_PAGE_SELECT10_2_4,select10_2_4,same_stem
4231,HACTION_SELECT10_2_4_1,HTML_PAGE_SELECT10_2_4_1,select10_2_4_1,same_stem
4232,HACTION_SELECT10_2_4_1_1,HTML_PAGE_SELECT10_2_4_1_1,select10_2_4_1_1,same_stem
4233,HACTION_SELECT10_2_4_1_2,HTML_PAGE_SELECT10_2_4_1_2,select10_2_4_1_2,same_stem
4234,HACTION_SELECT10_2_4_1_3,HTML_PAGE_SELECT10_2_4_1_3,select10_2_4_1_3,same_stem
4235,HACTION_SELECT10_2_4_1_4,HTML_PAGE_SELECT10_2_4_1_4,select10_2_4_1_4,same_stem
4236,HACTION_SELECT10_2_4_2,HTML_PAGE_SELECT10_2_4_2,select10_2_4_2,same_stem
4237,HACTION_SELECT10_2_4_2_1,HTML_PAGE_SELECT10_2_4_2_1,select10_2_4_2_1,same_stem
4238,HACTION_SELECT10_2_4_2_2,HTML_PAGE_SELECT10_2_4_2_2,select10_2_4_2_2,same_stem
4239,HACTION_SELECT10_2_4_2_3,HTML_PAGE_SELECT10_2_4_2_3,select10_2_4_2_3,same_stem
4240,HACTION_SELECT10_2_4_2_4,HTML_PAGE_SELECT10_2_4_2_4,select10_2_4_2_4,same_stem
4241,HACTION_SELECT10_2_4_3,HTML_PAGE_SELECT10_2_4_3,select10_2_4_3,same_stem
4242,HACTION_SELECT10_2_4_3_1,HTML_PAGE_SELECT10_2_4_3_1,select10_2_4_3_1,same_stem
4243,HACTION_SELECT10_2_4_3_2,HTML_PAGE_SELECT10_2_4_3_2,select10_2_4_3_2,same_stem
4244,HACTION_SELECT10_2_4_3_3,HTML_PAGE_SELECT10_2_4_3_3,select10_2_4_3_3,same_stem
4245,HACTION_SELECT10_2_4_3_4,HTML_PAGE_SELECT10_2_4_3_4,select10_2_4_3_4,same_stem
4246,HACTION_SELECT10_2_4_4,HTML_PAGE_SELECT10_2_4_4,select10_2_4_4,same_stem
4247,HACTION_SELECT10_2_4_4_1,HTML_PAGE_SELECT10_2_4_4_1,select10_2_4_4_1,same_stem
4248,HACTION_SELECT10_2_4_4_2,HTML_PAGE_SELECT10_2_4_4_2,select10_2_4_4_2,same_stem
4249,HACTION_SELECT10_2_4_4_3,HTML_PAGE_SELECT10_2_4_4_3,select10_2_4_4_3,same_stem
4250,HACTION_SELECT10_2_4_4_4,HTML_PAGE_SELECT10_2_4_4_4,select10_2_4_4_4,same_stem
4251,HACTION_SELECT10_3,HTML_PAGE_SELECT10_3,select10_3,same_stem
4252,HACTION_SELECT10_3_1,HTML_PAGE_SELECT10_3_1,select10_3_1,same_stem
4253,HACTION_SELECT10_3_1_1,HTML_PAGE_SELECT10_3_1_1,select10_3_1_1,same_stem
4254,HACTION_SELECT10_3_1_1_1,HTML_PAGE_SELECT10_3_1_1_1,select10_3_1_1_1,same_stem
4255,HACTION_SELECT10_3_1_1_2,HTML_PAGE_SELECT10_3_1_1_2,select10_3_1_1_2,same_stem
4256,HACTION_SELECT10_3_1_1_3,HTML_PAGE_SELECT10_3_1_1_3,select10_3_1_1_3,same_stem
4257,HACTION_SELECT10_3_1_1_4,HTML_PAGE_SELECT10_3_1_1_4,select10_3_1_1_4,same_stem
4258,HACTION_SELECT10_3_1_2,HTML_PAGE_SELECT10_3_1_2,select10_3_1_2,same_stem
4259,HACTION_SELECT10_3_1_2_1,HTML_PAGE_SELECT10_3_1_2_1,select10_3_1_2_1,same_stem
4260,HACTION_SELECT10_3_1_2_2,HTML_PAGE_SELECT10_3_1_2_2,select10_3_1_2_2,same_stem
4261,HACTION_SELECT10_3_1_2_3,HTML_PAGE_SELECT10_3_1_2_3,select10_3_1_2_3,same_stem
4262,HACTION_SELECT10_3_1_2_4,HTML_PAGE_SELECT10_3_1_2_4,select10_3_1_2_4,same_stem
4263,HACTION_SELECT10_3_1_3,HTML_PAGE_SELECT10_3_1_3,select10_3_1_3,same_stem
4264,HACTION_SELECT10_3_1_3_1,HTML_PAGE_SELECT10_3_1_3_1,select10_3_1_3_1,same_stem
4265,HACTION_SELECT10_3_1_3_2,HTML_PAGE_SELECT10_3_1_3_2,select10_3_1_3_2,same_stem
4266,HACTION_SELECT10_3_1_3_3,HTML_PAGE_SELECT10_3_1_3_3,select10_3_1_3_3,same_stem
4267,HACTION_SELECT10_3_1_3_4,HTML_PAGE_SELECT10_3_1_3_4,select10_3_1_3_4,same_stem
4268,HACTION_SELECT10_3_1_4,HTML_PAGE_SELECT10_3_1_4,select10_3_1_4,same_stem
4269,HACTION_SELECT10_3_1_4_1,HTML_PAGE_SELECT10_3_1_4_1,select10_3_1_4_1,same_stem
4270,HACTION_SELECT10_3_1_4_2,HTML_PAGE_SELECT10_3_1_4_2,select10_3_1_4_2,same_stem
4271,HACTION_SELECT10_3_1_4_3,HTML_PAGE_SELECT10_3_1_4_3,select10_3_1_4_3,same_stem
4272,HACTION_SELECT10_3_1_4_4,HTML_PAGE_SELECT10_3_1_4_4,select10_3_1_4_4,same_stem
4273,HACTION_SELECT10_3_2,HTML_PAGE_SELECT10_3_2,select10_3_2,same_stem
4274,HACTION_SELECT10_3_2_1,HTML_PAGE_SELECT10_3_2_1,select10_3_2_1,same_stem
4275,HACTION_SELECT10_3_2_1_1,HTML_PAGE_SELECT10_3_2_1_1,select10_3_2_1_1,same_stem
4276,HACTION_SELECT10_3_2_1_2,HTML_PAGE_SELECT10_3_2_1_2,select10_3_2_1_2,same_stem
4277,HACTION_SELECT10_3_2_1_3,HTML_PAGE_SELECT10_3_2_1_3,select10_3_2_1_3,same_stem
4278,HACTION_SELECT10_3_2_1_4,HTML_PAGE_SELECT10_3_2_1_4,select10_3_2_1_4,same_stem
4279,HACTION_SELECT10_3_2_2,HTML_PAGE_SELECT10_3_2_2,select10_3_2_2,same_stem
4280,HACTION_SELECT10_3_2_2_1,HTML_PAGE_SELECT10_3_2_2_1,select10_3_2_2_1,same_stem
4281,HACTION_SELECT10_3_2_2_2,HTML_PAGE_SELECT10_3_2_2_2,select10_3_2_2_2,same_stem
4282,HACTION_SELECT10_3_2_2_3,HTML_PAGE_SELECT10_3_2_2_3,select10_3_2_2_3,same_stem
4283,HACTION_SELECT10_3_2_2_4,HTML_PAGE_SELECT10_3_2_2_4,select10_3_2_2_4,same_stem
4284,HACTION_SELECT10_3_2_3,HTML_PAGE_SELECT10_3_2_3,select10_3_2_3,same_stem
4285,HACTION_SELECT10_3_2_3_1,HTML_PAGE_SELECT10_3_2_3_1,select10_3_2_3_1,same_stem
4286,HACTION_SELECT10_3_2_3_2,HTML_PAGE_SELECT10_3_2_3_2,select10_3_2_3_2,same_stem
4287,HACTION_SELECT10_3_2_3_3,HTML_PAGE_SELECT10_3_2_3_3,select10_3_2_3_3,same_stem
4288,HACTION_SELECT10_3_2_3_4,HTML_PAGE_SELECT10_3_2_3_4,select10_3_2_3_4,same_stem
4289,HACTION_SELECT10_3_2_4,HTML_PAGE_SELECT10_3_2_4,select10_3_2_4,same_stem
4290,HACTION_SELECT10_3_2_4_1,HTML_PAGE_SELECT10_3_2_4_1,select10_3_2_4_1,same_stem
4291,HACTION_SELECT10_3_2_4_2,HTML_PAGE_SELECT10_3_2_4_2,select10_3_2_4_2,same_stem
4292,HACTION_SELECT10_3_2_4_3,HTML_PAGE_SELECT10_3_2_4_3,select10_3_2_4_3,same_stem
4293,HACTION_SELECT10_3_2_4_4,HTML_PAGE_SELECT10_3_2_4_4,select10_3_2_4_4,same_stem
4294,HACTION_SELECT10_3_3,HTML_PAGE_SELECT10_3_3,select10_3_3,same_stem
4295,HACTION_SELECT10_3_3_1,HTML_PAGE_SELECT10_3_3_1,select10_3_3_1,same_stem
4296,HACTION_SELECT10_3_3_1_1,HTML_PAGE_SELECT10_3_3_1_1,select10_3_3_1_1,same_stem
4297,HACTION_SELECT10_3_3_1_2,HTML_PAGE_SELECT10_3_3_1_2,select10_3_3_1_2,same_stem
4298,HACTION_SELECT10_3_3_1_3,HTML_PAGE_SELECT10_3_3_1_3,select10_3_3_1_3,same_stem
4299,HACTION_SELECT10_3_3_1_4,HTML_PAGE_SELECT10_3_3_1_4,select10_3_3_1_4,same_stem
4300,HACTION_SELECT10_3_3_2,HTML_PAGE_SELECT10_3_3_2,select10_3_3_2,same_stem
4301,HACTION_SELECT10_3_3_2_1,HTML_PAGE_SELECT10_3_3_2_1,select10_3_3_2_1,same_stem
4302,HACTION_SELECT10_3_3_2_2,HTML_PAGE_SELECT10_3_3_2_2,select10_3_3_2_2,same_stem
4303,HACTION_SELECT10_3_3_2_3,HTML_PAGE_SELECT10_3_3_2_3,select10_3_3_2_3,same_stem
4304,HACTION_SELECT10_3_3_2_4,HTML_PAGE_SELECT10_3_3_2_4,select10_3_3_2_4,same_stem
4305,HACTION_SELECT10_3_3_3,HTML_PAGE_SELECT10_3_3_3,select10_3_3_3,same_stem
4306,HACTION_SELECT10_3_3_3_1,HTML_PAGE_SELECT10_3_3_3_1,select10_3_3_3_1,same_stem
4307,HACTION_SELECT10_3_3_3_2,HTML_PAGE_SELECT10_3_3_3_2,select10_3_3_3_2,same_stem
4308,HACTION_SELECT10_3_3_3_3,HTML_PAGE_SELECT10_3_3_3_3,select10_3_3_3_3,same_stem
4309,HACTION_SELECT10_3_3_3_4,HTML_PAGE_SELECT10_3_3_3_4,select10_3_3_3_4,same_stem
4310,HACTION_SELECT10_3_3_4,HTML_PAGE_SELECT10_3_3_4,select10_3_3_4,same_stem
4311,HACTION_SELECT10_3_3_4_1,HTML_PAGE_SELECT10_3_3_4_1,select10_3_3_4_1,same_stem
4312,HACTION_SELECT10_3_3_4_2,HTML_PAGE_SELECT10_3_3_4_2,select10_3_3_4_2,same_stem
4313,HACTION_SELECT10_3_3_4_3,HTML_PAGE_SELECT10_3_3_4_3,select10_3_3_4_3,same_stem
4314,HACTION_SELECT10_3_3_4_4,HTML_PAGE_SELECT10_3_3_4_4,select10_3_3_4_4,same_stem
4315,HACTION_SELECT10_3_4,HTML_PAGE_SELECT10_3_4,select10_3_4,same_stem
4316,HACTION_SELECT10_3_4_1,HTML_PAGE_SELECT10_3_4_1,select10_3_4_1,same_stem
4317,HACTION_SELECT10_3_4_1_1,HTML_PAGE_SELECT10_3_4_1_1,select10_3_4_1_1,same_stem
4318,HACTION_SELECT10_3_4_1_2,HTML_PAGE_SELECT10_3_4_1_2,select10_3_4_1_2,same_stem
4319,HACTION_SELECT10_3_4_1_3,HTML_PAGE_SELECT10_3_4_1_3,select10_3_4_1_3,same_stem
4320,HACTION_SELECT10_3_4_1_4,HTML_PAGE_SELECT10_3_4_1_4,select10_3_4_1_4,same_stem
4321,HACTION_SELECT10_3_4_2,HTML_PAGE_SELECT10_3_4_2,select10_3_4_2,same_stem
4322,HACTION_SELECT10_3_4_2_1,HTML_PAGE_SELECT10_3_4_2_1,select10_3_4_2_1,same_stem
4323,HACTION_SELECT10_3_4_2_2,HTML_PAGE_SELECT10_3_4_2_2,select10_3_4_2_2,same_stem
4324,HACTION_SELECT10_3_4_2_3,HTML_PAGE_SELECT10_3_4_2_3,select10_3_4_2_3,same_stem
4325,HACTION_SELECT10_3_4_2_4,HTML_PAGE_SELECT10_3_4_2_4,select10_3_4_2_4,same_stem
4326,HACTION_SELECT10_3_4_3,HTML_PAGE_SELECT10_3_4_3,select10_3_4_3,same_stem
4327,HACTION_SELECT10_3_4_3_1,HTML_PAGE_SELECT10_3_4_3_1,select10_3_4_3_1,same_stem
4328,HACTION_SELECT10_3_4_3_2,HTML_PAGE_SELECT10_3_4_3_2,select10_3_4_3_2,same_stem
4329,HACTION_SELECT10_3_4_3_3,HTML_PAGE_SELECT10_3_4_3_3,select10_3_4_3_3,same_stem
4330,HACTION_SELECT10_3_4_3_4,HTML_PAGE_SELECT10_3_4_3_4,select10_3_4_3_4,same_stem
4331,HACTION_SELECT10_3_4_4,HTML_PAGE_SELECT10_3_4_4,select10_3_4_4,same_stem
4332,HACTION_SELECT10_3_4_4_1,HTML_PAGE_SELECT10_3_4_4_1,select10_3_4_4_1,same_stem
4333,HACTION_SELECT10_3_4_4_2,HTML_PAGE_SELECT10_3_4_4_2,select10_3_4_4_2,same_stem
4334,HACTION_SELECT10_3_4_4_3,HTML_PAGE_SELECT10_3_4_4_3,select10_3_4_4_3,same_stem
4335,HACTION_SELECT10_3_4_4_4,HTML_PAGE_SELECT10_3_4_4_4,select10_3_4_4_4,same_stem
4336,HACTION_SELECT10_4,HTML_PAGE_SELECT10_4,select10_4,same_stem
4337,HACTION_SELECT10_4_1,HTML_PAGE_SELECT10_4_1,select10_4_1,same_stem
4338,HACTION_SELECT10_4_1_1,HTML_PAGE_SELECT10_4_1_1,select10_4_1_1,same_stem
4339,HACTION_SELECT10_4_1_1_1,HTML_PAGE_SELECT10_4_1_1_1,select10_4_1_1_1,same_stem
4340,HACTION_SELECT10_4_1_1_2,HTML_PAGE_SELECT10_4_1_1_2,select10_4_1_1_2,same_stem
4341,HACTION_SELECT10_4_1_1_3,HTML_PAGE_SELECT10_4_1_1_3,select10_4_1_1_3,same_stem
4342,HACTION_SELECT10_4_1_1_4,HTML_PAGE_SELECT10_4_1_1_4,select10_4_1_1_4,same_stem
4343,HACTION_SELECT10_4_1_2,HTML_PAGE_SELECT10_4_1_2,select10_4_1_2,same_stem
4344,HACTION_SELECT10_4_1_2_1,HTML_PAGE_SELECT10_4_1_2_1,select10_4_1_2_1,same_stem
4345,HACTION_SELECT10_4_1_2_2,HTML_PAGE_SELECT10_4_1_2_2,select10_4_1_2_2,same_stem
4346,HACTION_SELECT10_4_1_2_3,HTML_PAGE_SELECT10_4_1_2_3,select10_4_1_2_3,same_stem
4347,HACTION_SELECT10_4_1_2_4,HTML_PAGE_SELECT10_4_1_2_4,select10_4_1_2_4,same_stem
4348,HACTION_SELECT10_4_1_3,HTML_PAGE_SELECT10_4_1_3,select10_4_1_3,same_stem
4349,HACTION_SELECT10_4_1_3_1,HTML_PAGE_SELECT10_4_1_3_1,select10_4_1_3_1,same_stem
4350,HACTION_SELECT10_4_1_3_2,HTML_PAGE_SELECT10_4_1_3_2,select10_4_1_3_2,same_stem
4351,HACTION_SELECT10_4_1_3_3,HTML_PAGE_SELECT10_4_1_3_3,select10_4_1_3_3,same_stem
4352,HACTION_SELECT10_4_1_3_4,HTML_PAGE_SELECT10_4_1_3_4,select10_4_1_3_4,same_stem
4353,HACTION_SELECT10_4_1_4,HTML_PAGE_SELECT10_4_1_4,select10_4_1_4,same_stem
4354,HACTION_SELECT10_4_1_4_1,HTML_PAGE_SELECT10_4_1_4_1,select10_4_1_4_1,same_stem
4355,HACTION_SELECT10_4_1_4_2,HTML_PAGE_SELECT10_4_1_4_2,select10_4_1_4_2,same_stem
4356,HACTION_SELECT10_4_1_4_3,HTML_PAGE_SELECT10_4_1_4_3,select10_4_1_4_3,same_stem
4357,HACTION_SELECT10_4_1_4_4,HTML_PAGE_SELECT10_4_1_4_4,select10_4_1_4_4,same_stem
4358,HACTION_SELECT10_4_2,HTML_PAGE_SELECT10_4_2,select10_4_2,same_stem
4359,HACTION_SELECT10_4_2_1,HTML_PAGE_SELECT10_4_2_1,select10_4_2_1,same_stem
4360,HACTION_SELECT10_4_2_1_1,HTML_PAGE_SELECT10_4_2_1_1,select10_4_2_1_1,same_stem
4361,HACTION_SELECT10_4_2_1_2,HTML_PAGE_SELECT10_4_2_1_2,select10_4_2_1_2,same_stem
4362,HACTION_SELECT10_4_2_1_3,HTML_PAGE_SELECT10_4_2_1_3,select10_4_2_1_3,same_stem
4363,HACTION_SELECT10_4_2_1_4,HTML_PAGE_SELECT10_4_2_1_4,select10_4_2_1_4,same_stem
4364,HACTION_SELECT10_4_2_2,HTML_PAGE_SELECT10_4_2_2,select10_4_2_2,same_stem
4365,HACTION_SELECT10_4_2_2_1,HTML_PAGE_SELECT10_4_2_2_1,select10_4_2_2_1,same_stem
4366,HACTION_SELECT10_4_2_2_2,HTML_PAGE_SELECT10_4_2_2_2,select10_4_2_2_2,same_stem
4367,HACTION_SELECT10_4_2_2_3,HTML_PAGE_SELECT10_4_2_2_3,select10_4_2_2_3,same_stem
4368,HACTION_SELECT10_4_2_2_4,HTML_PAGE_SELECT10_4_2_2_4,select10_4_2_2_4,same_stem
4369,HACTION_SELECT10_4_2_3,HTML_PAGE_SELECT10_4_2_3,select10_4_2_3,same_stem
4370,HACTION_SELECT10_4_2_3_1,HTML_PAGE_SELECT10_4_2_3_1,select10_4_2_3_1,same_stem
4371,HACTION_SELECT10_4_2_3_2,HTML_PAGE_SELECT10_4_2_3_2,select10_4_2_3_2,same_stem
4372,HACTION_SELECT10_4_2_3_3,HTML_PAGE_SELECT10_4_2_3_3,select10_4_2_3_3,same_stem
4373,HACTION_SELECT10_4_2_3_4,HTML_PAGE_SELECT10_4_2_3_4,select10_4_2_3_4,same_stem
4374,HACTION_SELECT10_4_2_4,HTML_PAGE_SELECT10_4_2_4,select10_4_2_4,same_stem
4375,HACTION_SELECT10_4_2_4_1,HTML_PAGE_SELECT10_4_2_4_1,select10_4_2_4_1,same_stem
4376,HACTION_SELECT10_4_2_4_2,HTML_PAGE_SELECT10_4_2_4_2,select10_4_2_4_2,same_stem
4377,HACTION_SELECT10_4_2_4_3,HTML_PAGE_SELECT10_4_2_4_3,select10_4_2_4_3,same_stem
4378,HACTION_SELECT10_4_2_4_4,HTML_PAGE_SELECT10_4_2_4_4,select10_4_2_4_4,same_stem
4379,HACTION_SELECT10_4_3,HTML_PAGE_SELECT10_4_3,select10_4_3,same_stem
4380,HACTION_SELECT10_4_3_1,HTML_PAGE_SELECT10_4_3_1,select10_4_3_1,same_stem
4381,HACTION_SELECT10_4_3_1_1,HTML_PAGE_SELECT10_4_3_1_1,select10_4_3_1_1,same_stem
4382,HACTION_SELECT10_4_3_1_2,HTML_PAGE_SELECT10_4_3_1_2,select10_4_3_1_2,same_stem
4383,HACTION_SELECT10_4_3_1_3,HTML_PAGE_SELECT10_4_3_1_3,select10_4_3_1_3,same_stem
4384,HACTION_SELECT10_4_3_1_4,HTML_PAGE_SELECT10_4_3_1_4,select10_4_3_1_4,same_stem
4385,HACTION_SELECT10_4_3_2,HTML_PAGE_SELECT10_4_3_2,select10_4_3_2,same_stem
4386,HACTION_SELECT10_4_3_2_1,HTML_PAGE_SELECT10_4_3_2_1,select10_4_3_2_1,same_stem
4387,HACTION_SELECT10_4_3_2_2,HTML_PAGE_SELECT10_4_3_2_2,select10_4_3_2_2,same_stem
4388,HACTION_SELECT10_4_3_2_3,HTML_PAGE_SELECT10_4_3_2_3,select10_4_3_2_3,same_stem
4389,HACTION_SELECT10_4_3_2_4,HTML_PAGE_SELECT10_4_3_2_4,select10_4_3_2_4,same_stem
4390,HACTION_SELECT10_4_3_3,HTML_PAGE_SELECT10_4_3_3,select10_4_3_3,same_stem
4391,HACTION_SELECT10_4_3_3_1,HTML_PAGE_SELECT10_4_3_3_1,select10_4_3_3_1,same_stem
4392,HACTION_SELECT10_4_3_3_2,HTML_PAGE_SELECT10_4_3_3_2,select10_4_3_3_2,same_stem
4393,HACTION_SELECT10_4_3_3_3,HTML_PAGE_SELECT10_4_3_3_3,select10_4_3_3_3,same_stem
4394,HACTION_SELECT10_4_3_3_4,HTML_PAGE_SELECT10_4_3_3_4,select10_4_3_3_4,same_stem
4395,HACTION_SELECT10_4_3_4,HTML_PAGE_SELECT10_4_3_4,select10_4_3_4,same_stem
4396,HACTION_SELECT10_4_3_4_1,HTML_PAGE_SELECT10_4_3_4_1,select10_4_3_4_1,same_stem
4397,HACTION_SELECT10_4_3_4_2,HTML_PAGE_SELECT10_4_3_4_2,select10_4_3_4_2,same_stem
4398,HACTION_SELECT10_4_3_4_3,HTML_PAGE_SELECT10_4_3_4_3,select10_4_3_4_3,same_stem
4399,HACTION_SELECT10_4_3_4_4,HTML_PAGE_SELECT10_4_3_4_4,select10_4_3_4_4,same_stem
4400,HACTION_SELECT10_4_4,HTML_PAGE_SELECT10_4_4,select10_4_4,same_stem
4401,HACTION_SELECT10_4_4_1,HTML_PAGE_SELECT10_4_4_1,select10_4_4_1,same_stem
4402,HACTION_SELECT10_4_4_1_1,HTML_PAGE_SELECT10_4_4_1_1,select10_4_4_1_1,same_stem
4403,HACTION_SELECT10_4_4_1_2,HTML_PAGE_SELECT10_4_4_1_2,select10_4_4_1_2,same_stem
4404,HACTION_SELECT10_4_4_1_3,HTML_PAGE_SELECT10_4_4_1_3,select10_4_4_1_3,same_stem
4405,HACTION_SELECT10_4_4_1_4,HTML_PAGE_SELECT10_4_4_1_4,select10_4_4_1_4,same_stem
4406,HACTION_SELECT10_4_4_2,HTML_PAGE_SELECT10_4_4_2,select10_4_4_2,same_stem
4407,HACTION_SELECT10_4_4_2_1,HTML_PAGE_SELECT10_4_4_2_1,select10_4_4_2_1,same_stem
4408,HACTION_SELECT10_4_4_2_2,HTML_PAGE_SELECT10_4_4_2_2,select10_4_4_2_2,same_stem
4409,HACTION_SELECT10_4_4_2_3,HTML_PAGE_SELECT10_4_4_2_3,select10_4_4_2_3,same_stem
4410,HACTION_SELECT10_4_4_2_4,HTML_PAGE_SELECT10_4_4_2_4,select10_4_4_2_4,same_stem
4411,HACTION_SELECT10_4_4_3,HTML_PAGE_SELECT10_4_4_3,select10_4_4_3,same_stem
4412,HACTION_SELECT10_4_4_3_1,HTML_PAGE_SELECT10_4_4_3_1,select10_4_4_3_1,same_stem
4413,HACTION_SELECT10_4_4_3_2,HTML_PAGE_SELECT10_4_4_3_2,select10_4_4_3_2,same_stem
4414,HACTION_SELECT10_4_4_3_3,HTML_PAGE_SELECT10_4_4_3_3,select10_4_4_3_3,same_stem
4415,HACTION_SELECT10_4_4_3_4,HTML_PAGE_SELECT10_4_4_3_4,select10_4_4_3_4,same_stem
4416,HACTION_SELECT10_4_4_4,HTML_PAGE_SELECT10_4_4_4,select10_4_4_4,same_stem
4417,HACTION_SELECT10_4_4_4_1,HTML_PAGE_SELECT10_4_4_4_1,select10_4_4_4_1,same_stem
4418,HACTION_SELECT10_4_4_4_2,HTML_PAGE_SELECT10_4_4_4_2,select10_4_4_4_2,same_stem
4419,HACTION_SELECT10_4_4_4_3,HTML_PAGE_SELECT10_4_4_4_3,select10_4_4_4_3,same_stem
4420,HACTION_SELECT10_4_4_4_4,HTML_PAGE_SELECT10_4_4_4_4,select10_4_4_4_4,same_stem
4421,HACTION_SELECT0,HTML_PAGE_SELECT0,select0,same_stem
4422,HACTION_SELECT0_1,HTML_PAGE_SELECT0_1,select0_1,same_stem
4423,HACTION_SELECT0_1_1,HTML_PAGE_SELECT0_1_1,select0_1_1,same_stem
4424,HACTION_SELECT0_1_1_1,HTML_PAGE_SELECT0_1_1_1,select0_1_1_1,same_stem
4425,HACTION_SELECT0_1_1_1_1,HTML_PAGE_SELECT0_1_1_1_1,select0_1_1_1_1,same_stem
4426,HACTION_SELECT0_1_1_1_2,HTML_PAGE_SELECT0_1_1_1_2,select0_1_1_1_2,same_stem
4427,HACTION_SELECT0_1_1_1_3,HTML_PAGE_SELECT0_1_1_1_3,select0_1_1_1_3,same_stem
4428,HACTION_SELECT0_1_1_1_4,HTML_PAGE_SELECT0_1_1_1_4,select0_1_1_1_4,same_stem
4429,HACTION_SELECT0_1_1_2,HTML_PAGE_SELECT0_1_1_2,select0_1_1_2,same_stem
4430,HACTION_SELECT0_1_1_2_1,HTML_PAGE_SELECT0_1_1_2_1,select0_1_1_2_1,same_stem
4431,HACTION_SELECT0_1_1_2_2,HTML_PAGE_SELECT0_1_1_2_2,select0_1_1_2_2,same_stem
4432,HACTION_SELECT0_1_1_2_3,HTML_PAGE_SELECT0_1_1_2_3,select0_1_1_2_3,same_stem
4433,HACTION_SELECT0_1_1_2_4,HTML_PAGE_SELECT0_1_1_2_4,select0_1_1_2_4,same_stem
4434,HACTION_SELECT0_1_1_3,HTML_PAGE_SELECT0_1_1_3,select0_1_1_3,same_stem
4435,HACTION_SELECT0_1_1_3_1,HTML_PAGE_SELECT0_1_1_3_1,select0_1_1_3_1,same_stem
4436,HACTION_SELECT0_1_1_3_2,HTML_PAGE_SELECT0_1_1_3_2,select0_1_1_3_2,same_stem
4437,HACTION_SELECT0_1_1_3_3,HTML_PAGE_SELECT0_1_1_3_3,select0_1_1_3_3,same_stem
4438,HACTION_SELECT0_1_1_3_4,HTML_PAGE_SELECT0_1_1_3_4,select0_1_1_3_4,same_stem
4439,HACTION_SELECT0_1_1_4,HTML_PAGE_SELECT0_1_1_4,select0_1_1_4,same_stem
4440,HACTION_SELECT0_1_1_4_1,HTML_PAGE_SELECT0_1_1_4_1,select0_1_1_4_1,same_stem
4441,HACTION_SELECT0_1_1_4_2,HTML_PAGE_SELECT0_1_1_4_2,select0_1_1_4_2,same_stem
4442,HACTION_SELECT0_1_1_4_3,HTML_PAGE_SELECT0_1_1_4_3,select0_1_1_4_3,same_stem
4443,HACTION_SELECT0_1_1_4_4,HTML_PAGE_SELECT0_1_1_4_4,select0_1_1_4_4,same_stem
4444,HACTION_SELECT0_1_2,HTML_PAGE_SELECT0_1_2,select0_1_2,same_stem
4445,HACTION_SELECT0_1_2_1,HTML_PAGE_SELECT0_1_2_1,select0_1_2_1,same_stem
4446,HACTION_SELECT0_1_2_1_1,HTML_PAGE_SELECT0_1_2_1_1,select0_1_2_1_1,same_stem
4447,HACTION_SELECT0_1_2_1_2,HTML_PAGE_SELECT0_1_2_1_2,select0_1_2_1_2,same_stem
4448,HACTION_SELECT0_1_2_1_3,HTML_PAGE_SELECT0_1_2_1_3,select0_1_2_1_3,same_stem
4449,HACTION_SELECT0_1_2_1_4,HTML_PAGE_SELECT0_1_2_1_4,select0_1_2_1_4,same_stem
4450,HACTION_SELECT0_1_2_2,HTML_PAGE_SELECT0_1_2_2,select0_1_2_2,same_stem
4451,HACTION_SELECT0_1_2_2_1,HTML_PAGE_SELECT0_1_2_2_1,select0_1_2_2_1,same_stem
4452,HACTION_SELECT0_1_2_2_2,HTML_PAGE_SELECT0_1_2_2_2,select0_1_2_2_2,same_stem
4453,HACTION_SELECT0_1_2_2_3,HTML_PAGE_SELECT0_1_2_2_3,select0_1_2_2_3,same_stem
4454,HACTION_SELECT0_1_2_2_4,HTML_PAGE_SELECT0_1_2_2_4,select0_1_2_2_4,same_stem
4455,HACTION_SELECT0_1_2_3,HTML_PAGE_SELECT0_1_2_3,select0_1_2_3,same_stem
4456,HACTION_SELECT0_1_2_3_1,HTML_PAGE_SELECT0_1_2_3_1,select0_1_2_3_1,same_stem
4457,HACTION_SELECT0_1_2_3_2,HTML_PAGE_SELECT0_1_2_3_2,select0_1_2_3_2,same_stem
4458,HACTION_SELECT0_1_2_3_3,HTML_PAGE_SELECT0_1_2_3_3,select0_1_2_3_3,same_stem
4459,HACTION_SELECT0_1_2_3_4,HTML_PAGE_SELECT0_1_2_3_4,select0_1_2_3_4,same_stem
4460,HACTION_SELECT0_1_2_4,HTML_PAGE_SELECT0_1_2_4,select0_1_2_4,same_stem
4461,HACTION_SELECT0_1_2_4_1,HTML_PAGE_SELECT0_1_2_4_1,select0_1_2_4_1,same_stem
4462,HACTION_SELECT0_1_2_4_2,HTML_PAGE_SELECT0_1_2_4_2,select0_1_2_4_2,same_stem
4463,HACTION_SELECT0_1_2_4_3,HTML_PAGE_SELECT0_1_2_4_3,select0_1_2_4_3,same_stem
4464,HACTION_SELECT0_1_2_4_4,HTML_PAGE_SELECT0_1_2_4_4,select0_1_2_4_4,same_stem
4465,HACTION_SELECT0_1_3,HTML_PAGE_SELECT0_1_3,select0_1_3,same_stem
4466,HACTION_SELECT0_1_3_1,HTML_PAGE_SELECT0_1_3_1,select0_1_3_1,same_stem
4467,HACTION_SELECT0_1_3_1_1,HTML_PAGE_SELECT0_1_3_1_1,select0_1_3_1_1,same_stem
4468,HACTION_SELECT0_1_3_1_2,HTML_PAGE_SELECT0_1_3_1_2,select0_1_3_1_2,same_stem
4469,HACTION_SELECT0_1_3_1_3,HTML_PAGE_SELECT0_1_3_1_3,select0_1_3_1_3,same_stem
4470,HACTION_SELECT0_1_3_1_4,HTML_PAGE_SELECT0_1_3_1_4,select0_1_3_1_4,same_stem
4471,HACTION_SELECT0_1_3_2,HTML_PAGE_SELECT0_1_3_2,select0_1_3_2,same_stem
4472,HACTION_SELECT0_1_3_2_1,HTML_PAGE_SELECT0_1_3_2_1,select0_1_3_2_1,same_stem
4473,HACTION_SELECT0_1_3_2_2,HTML_PAGE_SELECT0_1_3_2_2,select0_1_3_2_2,same_stem
4474,HACTION_SELECT0_1_3_2_3,HTML_PAGE_SELECT0_1_3_2_3,select0_1_3_2_3,same_stem
4475,HACTION_SELECT0_1_3_2_4,HTML_PAGE_SELECT0_1_3_2_4,select0_1_3_2_4,same_stem
4476,HACTION_SELECT0_1_3_3,HTML_PAGE_SELECT0_1_3_3,select0_1_3_3,same_stem
4477,HACTION_SELECT0_1_3_3_1,HTML_PAGE_SELECT0_1_3_3_1,select0_1_3_3_1,same_stem
4478,HACTION_SELECT0_1_3_3_2,HTML_PAGE_SELECT0_1_3_3_2,select0_1_3_3_2,same_stem
4479,HACTION_SELECT0_1_3_3_3,HTML_PAGE_SELECT0_1_3_3_3,select0_1_3_3_3,same_stem
4480,HACTION_SELECT0_1_3_3_4,HTML_PAGE_SELECT0_1_3_3_4,select0_1_3_3_4,same_stem
4481,HACTION_SELECT0_1_3_4,HTML_PAGE_SELECT0_1_3_4,select0_1_3_4,same_stem
4482,HACTION_SELECT0_1_3_4_1,HTML_PAGE_SELECT0_1_3_4_1,select0_1_3_4_1,same_stem
4483,HACTION_SELECT0_1_3_4_2,HTML_PAGE_SELECT0_1_3_4_2,select0_1_3_4_2,same_stem
4484,HACTION_SELECT0_1_3_4_3,HTML_PAGE_SELECT0_1_3_4_3,select0_1_3_4_3,same_stem
4485,HACTION_SELECT0_1_3_4_4,HTML_PAGE_SELECT0_1_3_4_4,select0_1_3_4_4,same_stem
4486,HACTION_SELECT0_1_4,HTML_PAGE_SELECT0_1_4,select0_1_4,same_stem
4487,HACTION_SELECT0_1_4_1,HTML_PAGE_SELECT0_1_4_1,select0_1_4_1,same_stem
4488,HACTION_SELECT0_1_4_1_1,HTML_PAGE_SELECT0_1_4_1_1,select0_1_4_1_1,same_stem
4489,HACTION_SELECT0_1_4_1_2,HTML_PAGE_SELECT0_1_4_1_2,select0_1_4_1_2,same_stem
4490,HACTION_SELECT0_1_4_1_3,HTML_PAGE_SELECT0_1_4_1_3,select0_1_4_1_3,same_stem
4491,HACTION_SELECT0_1_4_1_4,HTML_PAGE_SELECT0_1_4_1_4,select0_1_4_1_4,same_stem
4492,HACTION_SELECT0_1_4_2,HTML_PAGE_SELECT0_1_4_2,select0_1_4_2,same_stem
4493,HACTION_SELECT0_1_4_2_1,HTML_PAGE_SELECT0_1_4_2_1,select0_1_4_2_1,same_stem
4494,HACTION_SELECT0_1_4_2_2,HTML_PAGE_SELECT0_1_4_2_2,select0_1_4_2_2,same_stem
4495,HACTION_SELECT0_1_4_2_3,HTML_PAGE_SELECT0_1_4_2_3,select0_1_4_2_3,same_stem
4496,HACTION_SELECT0_1_4_2_4,HTML_PAGE_SELECT0_1_4_2_4,select0_1_4_2_4,same_stem
4497,HACTION_SELECT0_1_4_3,HTML_PAGE_SELECT0_1_4_3,select0_1_4_3,same_stem
4498,HACTION_SELECT0_1_4_3_1,HTML_PAGE_SELECT0_1_4_3_1,select0_1_4_3_1,same_stem
4499,HACTION_SELECT0_1_4_3_2,HTML_PAGE_SELECT0_1_4_3_2,select0_1_4_3_2,same_stem
4500,HACTION_SELECT0_1_4_3_3,HTML_PAGE_SELECT0_1_4_3_3,select0_1_4_3_3,same_stem
4501,HACTION_SELECT0_1_4_3_4,HTML_PAGE_SELECT0_1_4_3_4,select0_1_4_3_4,same_stem
4502,HACTION_SELECT0_1_4_4,HTML_PAGE_SELECT0_1_4_4,select0_1_4_4,same_stem
4503,HACTION_SELECT0_1_4_4_1,HTML_PAGE_SELECT0_1_4_4_1,select0_1_4_4_1,same_stem
4504,HACTION_SELECT0_1_4_4_2,HTML_PAGE_SELECT0_1_4_4_2,select0_1_4_4_2,same_stem
4505,HACTION_SELECT0_1_4_4_3,HTML_PAGE_SELECT0_1_4_4_3,select0_1_4_4_3,same_stem
4506,HACTION_SELECT0_1_4_4_4,HTML_PAGE_SELECT0_1_4_4_4,select0_1_4_4_4,same_stem
4507,HACTION_SELECT0_2,HTML_PAGE_SELECT0_2,select0_2,same_stem
4508,HACTION_SELECT0_2_1,HTML_PAGE_SELECT0_2_1,select0_2_1,same_stem
4509,HACTION_SELECT0_2_1_1,HTML_PAGE_SELECT0_2_1_1,select0_2_1_1,same_stem
4510,HACTION_SELECT0_2_1_1_1,HTML_PAGE_SELECT0_2_1_1_1,select0_2_1_1_1,same_stem
4511,HACTION_SELECT0_2_1_1_2,HTML_PAGE_SELECT0_2_1_1_2,select0_2_1_1_2,same_stem
4512,HACTION_SELECT0_2_1_1_3,HTML_PAGE_SELECT0_2_1_1_3,select0_2_1_1_3,same_stem
4513,HACTION_SELECT0_2_1_1_4,HTML_PAGE_SELECT0_2_1_1_4,select0_2_1_1_4,same_stem
4514,HACTION_SELECT0_2_1_2,HTML_PAGE_SELECT0_2_1_2,select0_2_1_2,same_stem
4515,HACTION_SELECT0_2_1_2_1,HTML_PAGE_SELECT0_2_1_2_1,select0_2_1_2_1,same_stem
4516,HACTION_SELECT0_2_1_2_2,HTML_PAGE_SELECT0_2_1_2_2,select0_2_1_2_2,same_stem
4517,HACTION_SELECT0_2_1_2_3,HTML_PAGE_SELECT0_2_1_2_3,select0_2_1_2_3,same_stem
4518,HACTION_SELECT0_2_1_2_4,HTML_PAGE_SELECT0_2_1_2_4,select0_2_1_2_4,same_stem
4519,HACTION_SELECT0_2_1_3,HTML_PAGE_SELECT0_2_1_3,select0_2_1_3,same_stem
4520,HACTION_SELECT0_2_1_3_1,HTML_PAGE_SELECT0_2_1_3_1,select0_2_1_3_1,same_stem
4521,HACTION_SELECT0_2_1_3_2,HTML_PAGE_SELECT0_2_1_3_2,select0_2_1_3_2,same_stem
4522,HACTION_SELECT0_2_1_3_3,HTML_PAGE_SELECT0_2_1_3_3,select0_2_1_3_3,same_stem
4523,HACTION_SELECT0_2_1_3_4,HTML_PAGE_SELECT0_2_1_3_4,select0_2_1_3_4,same_stem
4524,HACTION_SELECT0_2_1_4,HTML_PAGE_SELECT0_2_1_4,select0_2_1_4,same_stem
4525,HACTION_SELECT0_2_1_4_1,HTML_PAGE_SELECT0_2_1_4_1,select0_2_1_4_1,same_stem
4526,HACTION_SELECT0_2_1_4_2,HTML_PAGE_SELECT0_2_1_4_2,select0_2_1_4_2,same_stem
4527,HACTION_SELECT0_2_1_4_3,HTML_PAGE_SELECT0_2_1_4_3,select0_2_1_4_3,same_stem
4528,HACTION_SELECT0_2_1_4_4,HTML_PAGE_SELECT0_2_1_4_4,select0_2_1_4_4,same_stem
4529,HACTION_SELECT0_2_2,HTML_PAGE_SELECT0_2_2,select0_2_2,same_stem
4530,HACTION_SELECT0_2_2_1,HTML_PAGE_SELECT0_2_2_1,select0_2_2_1,same_stem
4531,HACTION_SELECT0_2_2_1_1,HTML_PAGE_SELECT0_2_2_1_1,select0_2_2_1_1,same_stem
4532,HACTION_SELECT0_2_2_1_2,HTML_PAGE_SELECT0_2_2_1_2,select0_2_2_1_2,same_stem
4533,HACTION_SELECT0_2_2_1_3,HTML_PAGE_SELECT0_2_2_1_3,select0_2_2_1_3,same_stem
4534,HACTION_SELECT0_2_2_1_4,HTML_PAGE_SELECT0_2_2_1_4,select0_2_2_1_4,same_stem
4535,HACTION_SELECT0_2_2_2,HTML_PAGE_SELECT0_2_2_2,select0_2_2_2,same_stem
4536,HACTION_SELECT0_2_2_2_1,HTML_PAGE_SELECT0_2_2_2_1,select0_2_2_2_1,same_stem
4537,HACTION_SELECT0_2_2_2_2,HTML_PAGE_SELECT0_2_2_2_2,select0_2_2_2_2,same_stem
4538,HACTION_SELECT0_2_2_2_3,HTML_PAGE_SELECT0_2_2_2_3,select0_2_2_2_3,same_stem
4539,HACTION_SELECT0_2_2_2_4,HTML_PAGE_SELECT0_2_2_2_4,select0_2_2_2_4,same_stem
4540,HACTION_SELECT0_2_2_3,HTML_PAGE_SELECT0_2_2_3,select0_2_2_3,same_stem
4541,HACTION_SELECT0_2_2_3_1,HTML_PAGE_SELECT0_2_2_3_1,select0_2_2_3_1,same_stem
4542,HACTION_SELECT0_2_2_3_2,HTML_PAGE_SELECT0_2_2_3_2,select0_2_2_3_2,same_stem
4543,HACTION_SELECT0_2_2_3_3,HTML_PAGE_SELECT0_2_2_3_3,select0_2_2_3_3,same_stem
4544,HACTION_SELECT0_2_2_3_4,HTML_PAGE_SELECT0_2_2_3_4,select0_2_2_3_4,same_stem
4545,HACTION_SELECT0_2_2_4,HTML_PAGE_SELECT0_2_2_4,select0_2_2_4,same_stem
4546,HACTION_SELECT0_2_2_4_1,HTML_PAGE_SELECT0_2_2_4_1,select0_2_2_4_1,same_stem
4547,HACTION_SELECT0_2_2_4_2,HTML_PAGE_SELECT0_2_2_4_2,select0_2_2_4_2,same_stem
4548,HACTION_SELECT0_2_2_4_3,HTML_PAGE_SELECT0_2_2_4_3,select0_2_2_4_3,same_stem
4549,HACTION_SELECT0_2_2_4_4,HTML_PAGE_SELECT0_2_2_4_4,select0_2_2_4_4,same_stem
4550,HACTION_SELECT0_2_3,HTML_PAGE_SELECT0_2_3,select0_2_3,same_stem
4551,HACTION_SELECT0_2_3_1,HTML_PAGE_SELECT0_2_3_1,select0_2_3_1,same_stem
4552,HACTION_SELECT0_2_3_1_1,HTML_PAGE_SELECT0_2_3_1_1,select0_2_3_1_1,same_stem
4553,HACTION_SELECT0_2_3_1_2,HTML_PAGE_SELECT0_2_3_1_2,select0_2_3_1_2,same_stem
4554,HACTION_SELECT0_2_3_1_3,HTML_PAGE_SELECT0_2_3_1_3,select0_2_3_1_3,same_stem
4555,HACTION_SELECT0_2_3_1_4,HTML_PAGE_SELECT0_2_3_1_4,select0_2_3_1_4,same_stem
4556,HACTION_SELECT0_2_3_2,HTML_PAGE_SELECT0_2_3_2,select0_2_3_2,same_stem
4557,HACTION_SELECT0_2_3_2_1,HTML_PAGE_SELECT0_2_3_2_1,select0_2_3_2_1,same_stem
4558,HACTION_SELECT0_2_3_2_2,HTML_PAGE_SELECT0_2_3_2_2,select0_2_3_2_2,same_stem
4559,HACTION_SELECT0_2_3_2_3,HTML_PAGE_SELECT0_2_3_2_3,select0_2_3_2_3,same_stem
4560,HACTION_SELECT0_2_3_2_4,HTML_PAGE_SELECT0_2_3_2_4,select0_2_3_2_4,same_stem
4561,HACTION_SELECT0_2_3_3,HTML_PAGE_SELECT0_2_3_3,select0_2_3_3,same_stem
4562,HACTION_SELECT0_2_3_3_1,HTML_PAGE_SELECT0_2_3_3_1,select0_2_3_3_1,same_stem
4563,HACTION_SELECT0_2_3_3_2,HTML_PAGE_SELECT0_2_3_3_2,select0_2_3_3_2,same_stem
4564,HACTION_SELECT0_2_3_3_3,HTML_PAGE_SELECT0_2_3_3_3,select0_2_3_3_3,same_stem
4565,HACTION_SELECT0_2_3_3_4,HTML_PAGE_SELECT0_2_3_3_4,select0_2_3_3_4,same_stem
4566,HACTION_SELECT0_2_3_4,HTML_PAGE_SELECT0_2_3_4,select0_2_3_4,same_stem
4567,HACTION_SELECT0_2_3_4_1,HTML_PAGE_SELECT0_2_3_4_1,select0_2_3_4_1,same_stem
4568,HACTION_SELECT0_2_3_4_2,HTML_PAGE_SELECT0_2_3_4_2,select0_2_3_4_2,same_stem
4569,HACTION_SELECT0_2_3_4_3,HTML_PAGE_SELECT0_2_3_4_3,select0_2_3_4_3,same_stem
4570,HACTION_SELECT0_2_3_4_4,HTML_PAGE_SELECT0_2_3_4_4,select0_2_3_4_4,same_stem
4571,HACTION_SELECT0_2_4,HTML_PAGE_SELECT0_2_4,select0_2_4,same_stem
4572,HACTION_SELECT0_2_4_1,HTML_PAGE_SELECT0_2_4_1,select0_2_4_1,same_stem
4573,HACTION_SELECT0_2_4_1_1,HTML_PAGE_SELECT0_2_4_1_1,select0_2_4_1_1,same_stem
4574,HACTION_SELECT0_2_4_1_2,HTML_PAGE_SELECT0_2_4_1_2,select0_2_4_1_2,same_stem
4575,HACTION_SELECT0_2_4_1_3,HTML_PAGE_SELECT0_2_4_1_3,select0_2_4_1_3,same_stem
4576,HACTION_SELECT0_2_4_1_4,HTML_PAGE_SELECT0_2_4_1_4,select0_2_4_1_4,same_stem
4577,HACTION_SELECT0_2_4_2,HTML_PAGE_SELECT0_2_4_2,select0_2_4_2,same_stem
4578,HACTION_SELECT0_2_4_2_1,HTML_PAGE_SELECT0_2_4_2_1,select0_2_4_2_1,same_stem
4579,HACTION_SELECT0_2_4_2_2,HTML_PAGE_SELECT0_2_4_2_2,select0_2_4_2_2,same_stem
4580,HACTION_SELECT0_2_4_2_3,HTML_PAGE_SELECT0_2_4_2_3,select0_2_4_2_3,same_stem
4581,HACTION_SELECT0_2_4_2_4,HTML_PAGE_SELECT0_2_4_2_4,select0_2_4_2_4,same_stem
4582,HACTION_SELECT0_2_4_3,HTML_PAGE_SELECT0_2_4_3,select0_2_4_3,same_stem
4583,HACTION_SELECT0_2_4_3_1,HTML_PAGE_SELECT0_2_4_3_1,select0_2_4_3_1,same_stem
4584,HACTION_SELECT0_2_4_3_2,HTML_PAGE_SELECT0_2_4_3_2,select0_2_4_3_2,same_stem
4585,HACTION_SELECT0_2_4_3_3,HTML_PAGE_SELECT0_2_4_3_3,select0_2_4_3_3,same_stem
4586,HACTION_SELECT0_2_4_3_4,HTML_PAGE_SELECT0_2_4_3_4,select0_2_4_3_4,same_stem
4587,HACTION_SELECT0_2_4_4,HTML_PAGE_SELECT0_2_4_4,select0_2_4_4,same_stem
4588,HACTION_SELECT0_2_4_4_1,HTML_PAGE_SELECT0_2_4_4_1,select0_2_4_4_1,same_stem
4589,HACTION_SELECT0_2_4_4_2,HTML_PAGE_SELECT0_2_4_4_2,select0_2_4_4_2,same_stem
4590,HACTION_SELECT0_2_4_4_3,HTML_PAGE_SELECT0_2_4_4_3,select0_2_4_4_3,same_stem
4591,HACTION_SELECT0_2_4_4_4,HTML_PAGE_SELECT0_2_4_4_4,select0_2_4_4_4,same_stem
4592,HACTION_SELECT0_3,HTML_PAGE_SELECT0_3,select0_3,same_stem
4593,HACTION_SELECT0_3_1,HTML_PAGE_SELECT0_3_1,select0_3_1,same_stem
4594,HACTION_SELECT0_3_1_1,HTML_PAGE_SELECT0_3_1_1,select0_3_1_1,same_stem
4595,HACTION_SELECT0_3_1_1_1,HTML_PAGE_SELECT0_3_1_1_1,select0_3_1_1_1,same_stem
4596,HACTION_SELECT0_3_1_1_2,HTML_PAGE_SELECT0_3_1_1_2,select0_3_1_1_2,same_stem
4597,HACTION_SELECT0_3_1_1_3,HTML_PAGE_SELECT0_3_1_1_3,select0_3_1_1_3,same_stem
4598,HACTION_SELECT0_3_1_1_4,HTML_PAGE_SELECT0_3_1_1_4,select0_3_1_1_4,same_stem
4599,HACTION_SELECT0_3_1_2,HTML_PAGE_SELECT0_3_1_2,select0_3_1_2,same_stem
4600,HACTION_SELECT0_3_1_2_1,HTML_PAGE_SELECT0_3_1_2_1,select0_3_1_2_1,same_stem
4601,HACTION_SELECT0_3_1_2_2,HTML_PAGE_SELECT0_3_1_2_2,select0_3_1_2_2,same_stem
4602,HACTION_SELECT0_3_1_2_3,HTML_PAGE_SELECT0_3_1_2_3,select0_3_1_2_3,same_stem
4603,HACTION_SELECT0_3_1_2_4,HTML_PAGE_SELECT0_3_1_2_4,select0_3_1_2_4,same_stem
4604,HACTION_SELECT0_3_1_3,HTML_PAGE_SELECT0_3_1_3,select0_3_1_3,same_stem
4605,HACTION_SELECT0_3_1_3_1,HTML_PAGE_SELECT0_3_1_3_1,select0_3_1_3_1,same_stem
4606,HACTION_SELECT0_3_1_3_2,HTML_PAGE_SELECT0_3_1_3_2,select0_3_1_3_2,same_stem
4607,HACTION_SELECT0_3_1_3_3,HTML_PAGE_SELECT0_3_1_3_3,select0_3_1_3_3,same_stem
4608,HACTION_SELECT0_3_1_3_4,HTML_PAGE_SELECT0_3_1_3_4,select0_3_1_3_4,same_stem
4609,HACTION_SELECT0_3_1_4,HTML_PAGE_SELECT0_3_1_4,select0_3_1_4,same_stem
4610,HACTION_SELECT0_3_1_4_1,HTML_PAGE_SELECT0_3_1_4_1,select0_3_1_4_1,same_stem
4611,HACTION_SELECT0_3_1_4_2,HTML_PAGE_SELECT0_3_1_4_2,select0_3_1_4_2,same_stem
4612,HACTION_SELECT0_3_1_4_3,HTML_PAGE_SELECT0_3_1_4_3,select0_3_1_4_3,same_stem
4613,HACTION_SELECT0_3_1_4_4,HTML_PAGE_SELECT0_3_1_4_4,select0_3_1_4_4,same_stem
4614,HACTION_SELECT0_3_2,HTML_PAGE_SELECT0_3_2,select0_3_2,same_stem
4615,HACTION_SELECT0_3_2_1,HTML_PAGE_SELECT0_3_2_1,select0_3_2_1,same_stem
4616,HACTION_SELECT0_3_2_1_1,HTML_PAGE_SELECT0_3_2_1_1,select0_3_2_1_1,same_stem
4617,HACTION_SELECT0_3_2_1_2,HTML_PAGE_SELECT0_3_2_1_2,select0_3_2_1_2,same_stem
4618,HACTION_SELECT0_3_2_1_3,HTML_PAGE_SELECT0_3_2_1_3,select0_3_2_1_3,same_stem
4619,HACTION_SELECT0_3_2_1_4,HTML_PAGE_SELECT0_3_2_1_4,select0_3_2_1_4,same_stem
4620,HACTION_SELECT0_3_2_2,HTML_PAGE_SELECT0_3_2_2,select0_3_2_2,same_stem
4621,HACTION_SELECT0_3_2_2_1,HTML_PAGE_SELECT0_3_2_2_1,select0_3_2_2_1,same_stem
4622,HACTION_SELECT0_3_2_2_2,HTML_PAGE_SELECT0_3_2_2_2,select0_3_2_2_2,same_stem
4623,HACTION_SELECT0_3_2_2_3,HTML_PAGE_SELECT0_3_2_2_3,select0_3_2_2_3,same_stem
4624,HACTION_SELECT0_3_2_2_4,HTML_PAGE_SELECT0_3_2_2_4,select0_3_2_2_4,same_stem
4625,HACTION_SELECT0_3_2_3,HTML_PAGE_SELECT0_3_2_3,select0_3_2_3,same_stem
4626,HACTION_SELECT0_3_2_3_1,HTML_PAGE_SELECT0_3_2_3_1,select0_3_2_3_1,same_stem
4627,HACTION_SELECT0_3_2_3_2,HTML_PAGE_SELECT0_3_2_3_2,select0_3_2_3_2,same_stem
4628,HACTION_SELECT0_3_2_3_3,HTML_PAGE_SELECT0_3_2_3_3,select0_3_2_3_3,same_stem
4629,HACTION_SELECT0_3_2_3_4,HTML_PAGE_SELECT0_3_2_3_4,select0_3_2_3_4,same_stem
4630,HACTION_SELECT0_3_2_4,HTML_PAGE_SELECT0_3_2_4,select0_3_2_4,same_stem
4631,HACTION_SELECT0_3_2_4_1,HTML_PAGE_SELECT0_3_2_4_1,select0_3_2_4_1,same_stem
4632,HACTION_SELECT0_3_2_4_2,HTML_PAGE_SELECT0_3_2_4_2,select0_3_2_4_2,same_stem
4633,HACTION_SELECT0_3_2_4_3,HTML_PAGE_SELECT0_3_2_4_3,select0_3_2_4_3,same_stem
4634,HACTION_SELECT0_3_2_4_4,HTML_PAGE_SELECT0_3_2_4_4,select0_3_2_4_4,same_stem
4635,HACTION_SELECT0_3_3,HTML_PAGE_SELECT0_3_3,select0_3_3,same_stem
4636,HACTION_SELECT0_3_3_1,HTML_PAGE_SELECT0_3_3_1,select0_3_3_1,same_stem
4637,HACTION_SELECT0_3_3_1_1,HTML_PAGE_SELECT0_3_3_1_1,select0_3_3_1_1,same_stem
4638,HACTION_SELECT0_3_3_1_2,HTML_PAGE_SELECT0_3_3_1_2,select0_3_3_1_2,same_stem
4639,HACTION_SELECT0_3_3_1_3,HTML_PAGE_SELECT0_3_3_1_3,select0_3_3_1_3,same_stem
4640,HACTION_SELECT0_3_3_1_4,HTML_PAGE_SELECT0_3_3_1_4,select0_3_3_1_4,same_stem
4641,HACTION_SELECT0_3_3_2,HTML_PAGE_SELECT0_3_3_2,select0_3_3_2,same_stem
4642,HACTION_SELECT0_3_3_2_1,HTML_PAGE_SELECT0_3_3_2_1,select0_3_3_2_1,same_stem
4643,HACTION_SELECT0_3_3_2_2,HTML_PAGE_SELECT0_3_3_2_2,select0_3_3_2_2,same_stem
4644,HACTION_SELECT0_3_3_2_3,HTML_PAGE_SELECT0_3_3_2_3,select0_3_3_2_3,same_stem
4645,HACTION_SELECT0_3_3_2_4,HTML_PAGE_SELECT0_3_3_2_4,select0_3_3_2_4,same_stem
4646,HACTION_SELECT0_3_3_3,HTML_PAGE_SELECT0_3_3_3,select0_3_3_3,same_stem
4647,HACTION_SELECT0_3_3_3_1,HTML_PAGE_SELECT0_3_3_3_1,select0_3_3_3_1,same_stem
4648,HACTION_SELECT0_3_3_3_2,HTML_PAGE_SELECT0_3_3_3_2,select0_3_3_3_2,same_stem
4649,HACTION_SELECT0_3_3_3_3,HTML_PAGE_SELECT0_3_3_3_3,select0_3_3_3_3,same_stem
4650,HACTION_SELECT0_3_3_3_4,HTML_PAGE_SELECT0_3_3_3_4,select0_3_3_3_4,same_stem
4651,HACTION_SELECT0_3_3_4,HTML_PAGE_SELECT0_3_3_4,select0_3_3_4,same_stem
4652,HACTION_SELECT0_3_3_4_1,HTML_PAGE_SELECT0_3_3_4_1,select0_3_3_4_1,same_stem
4653,HACTION_SELECT0_3_3_4_2,HTML_PAGE_SELECT0_3_3_4_2,select0_3_3_4_2,same_stem
4654,HACTION_SELECT0_3_3_4_3,HTML_PAGE_SELECT0_3_3_4_3,select0_3_3_4_3,same_stem
4655,HACTION_SELECT0_3_3_4_4,HTML_PAGE_SELECT0_3_3_4_4,select0_3_3_4_4,same_stem
4656,HACTION_SELECT0_3_4,HTML_PAGE_SELECT0_3_4,select0_3_4,same_stem
4657,HACTION_SELECT0_3_4_1,HTML_PAGE_SELECT0_3_4_1,select0_3_4_1,same_stem
4658,HACTION_SELECT0_3_4_1_1,HTML_PAGE_SELECT0_3_4_1_1,select0_3_4_1_1,same_stem
4659,HACTION_SELECT0_3_4_1_2,HTML_PAGE_SELECT0_3_4_1_2,select0_3_4_1_2,same_stem
4660,HACTION_SELECT0_3_4_1_3,HTML_PAGE_SELECT0_3_4_1_3,select0_3_4_1_3,same_stem
4661,HACTION_SELECT0_3_4_1_4,HTML_PAGE_SELECT0_3_4_1_4,select0_3_4_1_4,same_stem
4662,HACTION_SELECT0_3_4_2,HTML_PAGE_SELECT0_3_4_2,select0_3_4_2,same_stem
4663,HACTION_SELECT0_3_4_2_1,HTML_PAGE_SELECT0_3_4_2_1,select0_3_4_2_1,same_stem
4664,HACTION_SELECT0_3_4_2_2,HTML_PAGE_SELECT0_3_4_2_2,select0_3_4_2_2,same_stem
4665,HACTION_SELECT0_3_4_2_3,HTML_PAGE_SELECT0_3_4_2_3,select0_3_4_2_3,same_stem
4666,HACTION_SELECT0_3_4_2_4,HTML_PAGE_SELECT0_3_4_2_4,select0_3_4_2_4,same_stem
4667,HACTION_SELECT0_3_4_3,HTML_PAGE_SELECT0_3_4_3,select0_3_4_3,same_stem
4668,HACTION_SELECT0_3_4_3_1,HTML_PAGE_SELECT0_3_4_3_1,select0_3_4_3_1,same_stem
4669,HACTION_SELECT0_3_4_3_2,HTML_PAGE_SELECT0_3_4_3_2,select0_3_4_3_2,same_stem
4670,HACTION_SELECT0_3_4_3_3,HTML_PAGE_SELECT0_3_4_3_3,select0_3_4_3_3,same_stem
4671,HACTION_SELECT0_3_4_3_4,HTML_PAGE_SELECT0_3_4_3_4,select0_3_4_3_4,same_stem
4672,HACTION_SELECT0_3_4_4,HTML_PAGE_SELECT0_3_4_4,select0_3_4_4,same_stem
4673,HACTION_SELECT0_3_4_4_1,HTML_PAGE_SELECT0_3_4_4_1,select0_3_4_4_1,same_stem
4674,HACTION_SELECT0_3_4_4_2,HTML_PAGE_SELECT0_3_4_4_2,select0_3_4_4_2,same_stem
4675,HACTION_SELECT0_3_4_4_3,HTML_PAGE_SELECT0_3_4_4_3,select0_3_4_4_3,same_stem
4676,HACTION_SELECT0_3_4_4_4,HTML_PAGE_SELECT0_3_4_4_4,select0_3_4_4_4,same_stem
4677,HACTION_SELECT0_4,HTML_PAGE_SELECT0_4,select0_4,same_stem
4678,HACTION_SELECT0_4_1,HTML_PAGE_SELECT0_4_1,select0_4_1,same_stem
4679,HACTION_SELECT0_4_1_1,HTML_PAGE_SELECT0_4_1_1,select0_4_1_1,same_stem
4680,HACTION_SELECT0_4_1_1_1,HTML_PAGE_SELECT0_4_1_1_1,select0_4_1_1_1,same_stem
4681,HACTION_SELECT0_4_1_1_2,HTML_PAGE_SELECT0_4_1_1_2,select0_4_1_1_2,same_stem
4682,HACTION_SELECT0_4_1_1_3,HTML_PAGE_SELECT0_4_1_1_3,select0_4_1_1_3,same_stem
4683,HACTION_SELECT0_4_1_1_4,HTML_PAGE_SELECT0_4_1_1_4,select0_4_1_1_4,same_stem
4684,HACTION_SELECT0_4_1_2,HTML_PAGE_SELECT0_4_1_2,select0_4_1_2,same_stem
4685,HACTION_SELECT0_4_1_2_1,HTML_PAGE_SELECT0_4_1_2_1,select0_4_1_2_1,same_stem
4686,HACTION_SELECT0_4_1_2_2,HTML_PAGE_SELECT0_4_1_2_2,select0_4_1_2_2,same_stem
4687,HACTION_SELECT0_4_1_2_3,HTML_PAGE_SELECT0_4_1_2_3,select0_4_1_2_3,same_stem
4688,HACTION_SELECT0_4_1_2_4,HTML_PAGE_SELECT0_4_1_2_4,select0_4_1_2_4,same_stem
4689,HACTION_SELECT0_4_1_3,HTML_PAGE_SELECT0_4_1_3,select0_4_1_3,same_stem
4690,HACTION_SELECT0_4_1_3_1,HTML_PAGE_SELECT0_4_1_3_1,select0_4_1_3_1,same_stem
4691,HACTION_SELECT0_4_1_3_2,HTML_PAGE_SELECT0_4_1_3_2,select0_4_1_3_2,same_stem
4692,HACTION_SELECT0_4_1_3_3,HTML_PAGE_SELECT0_4_1_3_3,select0_4_1_3_3,same_stem
4693,HACTION_SELECT0_4_1_3_4,HTML_PAGE_SELECT0_4_1_3_4,select0_4_1_3_4,same_stem
4694,HACTION_SELECT0_4_1_4,HTML_PAGE_SELECT0_4_1_4,select0_4_1_4,same_stem
4695,HACTION_SELECT0_4_1_4_1,HTML_PAGE_SELECT0_4_1_4_1,select0_4_1_4_1,same_stem
4696,HACTION_SELECT0_4_1_4_2,HTML_PAGE_SELECT0_4_1_4_2,select0_4_1_4_2,same_stem
4697,HACTION_SELECT0_4_1_4_3,HTML_PAGE_SELECT0_4_1_4_3,select0_4_1_4_3,same_stem
4698,HACTION_SELECT0_4_1_4_4,HTML_PAGE_SELECT0_4_1_4_4,select0_4_1_4_4,same_stem
4699,HACTION_SELECT0_4_2,HTML_PAGE_SELECT0_4_2,select0_4_2,same_stem
4700,HACTION_SELECT0_4_2_1,HTML_PAGE_SELECT0_4_2_1,select0_4_2_1,same_stem
4701,HACTION_SELECT0_4_2_1_1,HTML_PAGE_SELECT0_4_2_1_1,select0_4_2_1_1,same_stem
4702,HACTION_SELECT0_4_2_1_2,HTML_PAGE_SELECT0_4_2_1_2,select0_4_2_1_2,same_stem
4703,HACTION_SELECT0_4_2_1_3,HTML_PAGE_SELECT0_4_2_1_3,select0_4_2_1_3,same_stem
4704,HACTION_SELECT0_4_2_1_4,HTML_PAGE_SELECT0_4_2_1_4,select0_4_2_1_4,same_stem
4705,HACTION_SELECT0_4_2_2,HTML_PAGE_SELECT0_4_2_2,select0_4_2_2,same_stem
4706,HACTION_SELECT0_4_2_2_1,HTML_PAGE_SELECT0_4_2_2_1,select0_4_2_2_1,same_stem
4707,HACTION_SELECT0_4_2_2_2,HTML_PAGE_SELECT0_4_2_2_2,select0_4_2_2_2,same_stem
4708,HACTION_SELECT0_4_2_2_3,HTML_PAGE_SELECT0_4_2_2_3,select0_4_2_2_3,same_stem
4709,HACTION_SELECT0_4_2_2_4,HTML_PAGE_SELECT0_4_2_2_4,select0_4_2_2_4,same_stem
4710,HACTION_SELECT0_4_2_3,HTML_PAGE_SELECT0_4_2_3,select0_4_2_3,same_stem
4711,HACTION_SELECT0_4_2_3_1,HTML_PAGE_SELECT0_4_2_3_1,select0_4_2_3_1,same_stem
4712,HACTION_SELECT0_4_2_3_2,HTML_PAGE_SELECT0_4_2_3_2,select0_4_2_3_2,same_stem
4713,HACTION_SELECT0_4_2_3_3,HTML_PAGE_SELECT0_4_2_3_3,select0_4_2_3_3,same_stem
4714,HACTION_SELECT0_4_2_3_4,HTML_PAGE_SELECT0_4_2_3_4,select0_4_2_3_4,same_stem
4715,HACTION_SELECT0_4_2_4,HTML_PAGE_SELECT0_4_2_4,select0_4_2_4,same_stem
4716,HACTION_SELECT0_4_2_4_1,HTML_PAGE_SELECT0_4_2_4_1,select0_4_2_4_1,same_stem
4717,HACTION_SELECT0_4_2_4_2,HTML_PAGE_SELECT0_4_2_4_2,select0_4_2_4_2,same_stem
4718,HACTION_SELECT0_4_2_4_3,HTML_PAGE_SELECT0_4_2_4_3,select0_4_2_4_3,same_stem
4719,HACTION_SELECT0_4_2_4_4,HTML_PAGE_SELECT0_4_2_4_4,select0_4_2_4_4,same_stem
4720,HACTION_SELECT0_4_3,HTML_PAGE_SELECT0_4_3,select0_4_3,same_stem
4721,HACTION_SELECT0_4_3_1,HTML_PAGE_SELECT0_4_3_1,select0_4_3_1,same_stem
4722,HACTION_SELECT0_4_3_1_1,HTML_PAGE_SELECT0_4_3_1_1,select0_4_3_1_1,same_stem
4723,HACTION_SELECT0_4_3_1_2,HTML_PAGE_SELECT0_4_3_1_2,select0_4_3_1_2,same_stem
4724,HACTION_SELECT0_4_3_1_3,HTML_PAGE_SELECT0_4_3_1_3,select0_4_3_1_3,same_stem
4725,HACTION_SELECT0_4_3_1_4,HTML_PAGE_SELECT0_4_3_1_4,select0_4_3_1_4,same_stem
4726,HACTION_SELECT0_4_3_2,HTML_PAGE_SELECT0_4_3_2,select0_4_3_2,same_stem
4727,HACTION_SELECT0_4_3_2_1,HTML_PAGE_SELECT0_4_3_2_1,select0_4_3_2_1,same_stem
4728,HACTION_SELECT0_4_3_2_2,HTML_PAGE_SELECT0_4_3_2_2,select0_4_3_2_2,same_stem
4729,HACTION_SELECT0_4_3_2_3,HTML_PAGE_SELECT0_4_3_2_3,select0_4_3_2_3,same_stem
4730,HACTION_SELECT0_4_3_2_4,HTML_PAGE_SELECT0_4_3_2_4,select0_4_3_2_4,same_stem
4731,HACTION_SELECT0_4_3_3,HTML_PAGE_SELECT0_4_3_3,select0_4_3_3,same_stem
4732,HACTION_SELECT0_4_3_3_1,HTML_PAGE_SELECT0_4_3_3_1,select0_4_3_3_1,same_stem
4733,HACTION_SELECT0_4_3_3_2,HTML_PAGE_SELECT0_4_3_3_2,select0_4_3_3_2,same_stem
4734,HACTION_SELECT0_4_3_3_3,HTML_PAGE_SELECT0_4_3_3_3,select0_4_3_3_3,same_stem
4735,HACTION_SELECT0_4_3_3_4,HTML_PAGE_SELECT0_4_3_3_4,select0_4_3_3_4,same_stem
4736,HACTION_SELECT0_4_3_4,HTML_PAGE_SELECT0_4_3_4,select0_4_3_4,same_stem
4737,HACTION_SELECT0_4_3_4_1,HTML_PAGE_SELECT0_4_3_4_1,select0_4_3_4_1,same_stem
4738,HACTION_SELECT0_4_3_4_2,HTML_PAGE_SELECT0_4_3_4_2,select0_4_3_4_2,same_stem
4739,HACTION_SELECT0_4_3_4_3,HTML_PAGE_SELECT0_4_3_4_3,select0_4_3_4_3,same_stem
4740,HACTION_SELECT0_4_3_4_4,HTML_PAGE_SELECT0_4_3_4_4,select0_4_3_4_4,same_stem
4741,HACTION_SELECT0_4_4,HTML_PAGE_SELECT0_4_4,select0_4_4,same_stem
4742,HACTION_SELECT0_4_4_1,HTML_PAGE_SELECT0_4_4_1,select0_4_4_1,same_stem
4743,HACTION_SELECT0_4_4_1_1,HTML_PAGE_SELECT0_4_4_1_1,select0_4_4_1_1,same_stem
4744,HACTION_SELECT0_4_4_1_2,HTML_PAGE_SELECT0_4_4_1_2,select0_4_4_1_2,same_stem
4745,HACTION_SELECT0_4_4_1_3,HTML_PAGE_SELECT0_4_4_1_3,select0_4_4_1_3,same_stem
4746,HACTION_SELECT0_4_4_1_4,HTML_PAGE_SELECT0_4_4_1_4,select0_4_4_1_4,same_stem
4747,HACTION_SELECT0_4_4_2,HTML_PAGE_SELECT0_4_4_2,select0_4_4_2,same_stem
4748,HACTION_SELECT0_4_4_2_1,HTML_PAGE_SELECT0_4_4_2_1,select0_4_4_2_1,same_stem
4749,HACTION_SELECT0_4_4_2_2,HTML_PAGE_SELECT0_4_4_2_2,select0_4_4_2_2,same_stem
4750,HACTION_SELECT0_4_4_2_3,HTML_PAGE_SELECT0_4_4_2_3,select0_4_4_2_3,same_stem
4751,HACTION_SELECT0_4_4_2_4,HTML_PAGE_SELECT0_4_4_2_4,select0_4_4_2_4,same_stem
4752,HACTION_SELECT0_4_4_3,HTML_PAGE_SELECT0_4_4_3,select0_4_4_3,same_stem
4753,HACTION_SELECT0_4_4_3_1,HTML_PAGE_SELECT0_4_4_3_1,select0_4_4_3_1,same_stem
4754,HACTION_SELECT0_4_4_3_2,HTML_PAGE_SELECT0_4_4_3_2,select0_4_4_3_2,same_stem
4755,HACTION_SELECT0_4_4_3_3,HTML_PAGE_SELECT0_4_4_3_3,select0_4_4_3_3,same_stem
4756,HACTION_SELECT0_4_4_3_4,HTML_PAGE_SELECT0_4_4_3_4,select0_4_4_3_4,same_stem
4757,HACTION_SELECT0_4_4_4,HTML_PAGE_SELECT0_4_4_4,select0_4_4_4,same_stem
4758,HACTION_SELECT0_4_4_4_1,HTML_PAGE_SELECT0_4_4_4_1,select0_4_4_4_1,same_stem
4759,HACTION_SELECT0_4_4_4_2,HTML_PAGE_SELECT0_4_4_4_2,select0_4_4_4_2,same_stem
4760,HACTION_SELECT0_4_4_4_3,HTML_PAGE_SELECT0_4_4_4_3,select0_4_4_4_3,same_stem
4761,HACTION_SELECT0_4_4_4_4,HTML_PAGE_SELECT0_4_4_4_4,select0_4_4_4_4,same_stem
4762,HACTION_SELECT_NONE,HTML_PAGE_SELECT_NONE,select_none,same_stem
4763,HACTION_SELECT_NONE_1,HTML_PAGE_SELECT_NONE_1,select_none_1,same_stem
4764,HACTION_SELECT_NONE_1_1,HTML_PAGE_SELECT_NONE_1_1,select_none_1_1,same_stem
4765,HACTION_SELECT_NONE_1_1_1,HTML_PAGE_SELECT_NONE_1_1_1,select_none_1_1_1,same_stem
4766,HACTION_SELECT_NONE_1_1_1_1,HTML_PAGE_SELECT_NONE_1_1_1_1,select_none_1_1_1_1,same_stem
4767,HACTION_SELECT_NONE_1_1_1_2,HTML_PAGE_SELECT_NONE_1_1_1_2,select_none_1_1_1_2,same_stem
4768,HACTION_SELECT_NONE_1_1_1_3,HTML_PAGE_SELECT_NONE_1_1_1_3,select_none_1_1_1_3,same_stem
4769,HACTION_SELECT_NONE_1_1_1_4,HTML_PAGE_SELECT_NONE_1_1_1_4,select_none_1_1_1_4,same_stem
4770,HACTION_SELECT_NONE_1_1_2,HTML_PAGE_SELECT_NONE_1_1_2,select_none_1_1_2,same_stem
4771,HACTION_SELECT_NONE_1_1_2_1,HTML_PAGE_SELECT_NONE_1_1_2_1,select_none_1_1_2_1,same_stem
4772,HACTION_SELECT_NONE_1_1_2_2,HTML_PAGE_SELECT_NONE_1_1_2_2,select_none_1_1_2_2,same_stem
4773,HACTION_SELECT_NONE_1_1_2_3,HTML_PAGE_SELECT_NONE_1_1_2_3,select_none_1_1_2_3,same_stem
4774,HACTION_SELECT_NONE_1_1_2_4,HTML_PAGE_SELECT_NONE_1_1_2_4,select_none_1_1_2_4,same_stem
4775,HACTION_SELECT_NONE_1_1_3,HTML_PAGE_SELECT_NONE_1_1_3,select_none_1_1_3,same_stem
4776,HACTION_SELECT_NONE_1_1_3_1,HTML_PAGE_SELECT_NONE_1_1_3_1,select_none_1_1_3_1,same_stem
4777,HACTION_SELECT_NONE_1_1_3_2,HTML_PAGE_SELECT_NONE_1_1_3_2,select_none_1_1_3_2,same_stem
4778,HACTION_SELECT_NONE_1_1_3_3,HTML_PAGE_SELECT_NONE_1_1_3_3,select_none_1_1_3_3,same_stem
4779,HACTION_SELECT_NONE_1_1_3_4,HTML_PAGE_SELECT_NONE_1_1_3_4,select_none_1_1_3_4,same_stem
4780,HACTION_SELECT_NONE_1_1_4,HTML_PAGE_SELECT_NONE_1_1_4,select_none_1_1_4,same_stem
4781,HACTION_SELECT_NONE_1_1_4_1,HTML_PAGE_SELECT_NONE_1_1_4_1,select_none_1_1_4_1,same_stem
4782,HACTION_SELECT_NONE_1_1_4_2,HTML_PAGE_SELECT_NONE_1_1_4_2,select_none_1_1_4_2,same_stem
4783,HACTION_SELECT_NONE_1_1_4_3,HTML_PAGE_SELECT_NONE_1_1_4_3,select_none_1_1_4_3,same_stem
4784,HACTION_SELECT_NONE_1_1_4_4,HTML_PAGE_SELECT_NONE_1_1_4_4,select_none_1_1_4_4,same_stem
4785,HACTION_SELECT_NONE_1_2,HTML_PAGE_SELECT_NONE_1_2,select_none_1_2,same_stem
4786,HACTION_SELECT_NONE_1_2_1,HTML_PAGE_SELECT_NONE_1_2_1,select_none_1_2_1,same_stem
4787,HACTION_SELECT_NONE_1_2_1_1,HTML_PAGE_SELECT_NONE_1_2_1_1,select_none_1_2_1_1,same_stem
4788,HACTION_SELECT_NONE_1_2_1_2,HTML_PAGE_SELECT_NONE_1_2_1_2,select_none_1_2_1_2,same_stem
4789,HACTION_SELECT_NONE_1_2_1_3,HTML_PAGE_SELECT_NONE_1_2_1_3,select_none_1_2_1_3,same_stem
4790,HACTION_SELECT_NONE_1_2_1_4,HTML_PAGE_SELECT_NONE_1_2_1_4,select_none_1_2_1_4,same_stem
4791,HACTION_SELECT_NONE_1_2_2,HTML_PAGE_SELECT_NONE_1_2_2,select_none_1_2_2,same_stem
4792,HACTION_SELECT_NONE_1_2_2_1,HTML_PAGE_SELECT_NONE_1_2_2_1,select_none_1_2_2_1,same_stem
4793,HACTION_SELECT_NONE_1_2_2_2,HTML_PAGE_SELECT_NONE_1_2_2_2,select_none_1_2_2_2,same_stem
4794,HACTION_SELECT_NONE_1_2_2_3,HTML_PAGE_SELECT_NONE_1_2_2_3,select_none_1_2_2_3,same_stem
4795,HACTION_SELECT_NONE_1_2_2_4,HTML_PAGE_SELECT_NONE_1_2_2_4,select_none_1_2_2_4,same_stem
4796,HACTION_SELECT_NONE_1_2_3,HTML_PAGE_SELECT_NONE_1_2_3,select_none_1_2_3,same_stem
4797,HACTION_SELECT_NONE_1_2_3_1,HTML_PAGE_SELECT_NONE_1_2_3_1,select_none_1_2_3_1,same_stem
4798,HACTION_SELECT_NONE_1_2_3_2,HTML_PAGE_SELECT_NONE_1_2_3_2,select_none_1_2_3_2,same_stem
4799,HACTION_SELECT_NONE_1_2_3_3,HTML_PAGE_SELECT_NONE_1_2_3_3,select_none_1_2_3_3,same_stem
4800,HACTION_SELECT_NONE_1_2_3_4,HTML_PAGE_SELECT_NONE_1_2_3_4,select_none_1_2_3_4,same_stem
4801,HACTION_SELECT_NONE_1_2_4,HTML_PAGE_SELECT_NONE_1_2_4,select_none_1_2_4,same_stem
4802,HACTION_SELECT_NONE_1_2_4_1,HTML_PAGE_SELECT_NONE_1_2_4_1,select_none_1_2_4_1,same_stem
4803,HACTION_SELECT_NONE_1_2_4_2,HTML_PAGE_SELECT_NONE_1_2_4_2,select_none_1_2_4_2,same_stem
4804,HACTION_SELECT_NONE_1_2_4_3,HTML_PAGE_SELECT_NONE_1_2_4_3,select_none_1_2_4_3,same_stem
4805,HACTION_SELECT_NONE_1_2_4_4,HTML_PAGE_SELECT_NONE_1_2_4_4,select_none_1_2_4_4,same_stem
4806,HACTION_SELECT_NONE_1_3,HTML_PAGE_SELECT_NONE_1_3,select_none_1_3,same_stem
4807,HACTION_SELECT_NONE_1_3_1,HTML_PAGE_SELECT_NONE_1_3_1,select_none_1_3_1,same_stem
4808,HACTION_SELECT_NONE_1_3_1_1,HTML_PAGE_SELECT_NONE_1_3_1_1,select_none_1_3_1_1,same_stem
4809,HACTION_SELECT_NONE_1_3_1_2,HTML_PAGE_SELECT_NONE_1_3_1_2,select_none_1_3_1_2,same_stem
4810,HACTION_SELECT_NONE_1_3_1_3,HTML_PAGE_SELECT_NONE_1_3_1_3,select_none_1_3_1_3,same_stem
4811,HACTION_SELECT_NONE_1_3_1_4,HTML_PAGE_SELECT_NONE_1_3_1_4,select_none_1_3_1_4,same_stem
4812,HACTION_SELECT_NONE_1_3_2,HTML_PAGE_SELECT_NONE_1_3_2,select_none_1_3_2,same_stem
4813,HACTION_SELECT_NONE_1_3_2_1,HTML_PAGE_SELECT_NONE_1_3_2_1,select_none_1_3_2_1,same_stem
4814,HACTION_SELECT_NONE_1_3_2_2,HTML_PAGE_SELECT_NONE_1_3_2_2,select_none_1_3_2_2,same_stem
4815,HACTION_SELECT_NONE_1_3_2_3,HTML_PAGE_SELECT_NONE_1_3_2_3,select_none_1_3_2_3,same_stem
4816,HACTION_SELECT_NONE_1_3_2_4,HTML_PAGE_SELECT_NONE_1_3_2_4,select_none_1_3_2_4,same_stem
4817,HACTION_SELECT_NONE_1_3_3,HTML_PAGE_SELECT_NONE_1_3_3,select_none_1_3_3,same_stem
4818,HACTION_SELECT_NONE_1_3_3_1,HTML_PAGE_SELECT_NONE_1_3_3_1,select_none_1_3_3_1,same_stem
4819,HACTION_SELECT_NONE_1_3_3_2,HTML_PAGE_SELECT_NONE_1_3_3_2,select_none_1_3_3_2,same_stem
4820,HACTION_SELECT_NONE_1_3_3_3,HTML_PAGE_SELECT_NONE_1_3_3_3,select_none_1_3_3_3,same_stem
4821,HACTION_SELECT_NONE_1_3_3_4,HTML_PAGE_SELECT_NONE_1_3_3_4,select_none_1_3_3_4,same_stem
4822,HACTION_SELECT_NONE_1_3_4,HTML_PAGE_SELECT_NONE_1_3_4,select_none_1_3_4,same_stem
4823,HACTION_SELECT_NONE_1_3_4_1,HTML_PAGE_SELECT_NONE_1_3_4_1,select_none_1_3_4_1,same_stem
4824,HACTION_SELECT_NONE_1_3_4_2,HTML_PAGE_SELECT_NONE_1_3_4_2,select_none_1_3_4_2,same_stem
4825,HACTION_SELECT_NONE_1_3_4_3,HTML_PAGE_SELECT_NONE_1_3_4_3,select_none_1_3_4_3,same_stem
4826,HACTION_SELECT_NONE_1_3_4_4,HTML_PAGE_SELECT_NONE_1_3_4_4,select_none_1_3_4_4,same_stem
4827,HACTION_SELECT_NONE_1_4,HTML_PAGE_SELECT_NONE_1_4,select_none_1_4,same_stem
4828,HACTION_SELECT_NONE_1_4_1,HTML_PAGE_SELECT_NONE_1_4_1,select_none_1_4_1,same_stem
4829,HACTION_SELECT_NONE_1_4_1_1,HTML_PAGE_SELECT_NONE_1_4_1_1,select_none_1_4_1_1,same_stem
4830,HACTION_SELECT_NONE_1_4_1_2,HTML_PAGE_SELECT_NONE_1_4_1_2,select_none_1_4_1_2,same_stem
4831,HACTION_SELECT_NONE_1_4_1_3,HTML_PAGE_SELECT_NONE_1_4_1_3,select_none_1_4_1_3,same_stem
4832,HACTION_SELECT_NONE_1_4_1_4,HTML_PAGE_SELECT_NONE_1_4_1_4,select_none_1_4_1_4,same_stem
4833,HACTION_SELECT_NONE_1_4_2,HTML_PAGE_SELECT_NONE_1_4_2,select_none_1_4_2,same_stem
4834,HACTION_SELECT_NONE_1_4_2_1,HTML_PAGE_SELECT_NONE_1_4_2_1,select_none_1_4_2_1,same_stem
4835,HACTION_SELECT_NONE_1_4_2_2,HTML_PAGE_SELECT_NONE_1_4_2_2,select_none_1_4_2_2,same_stem
4836,HACTION_SELECT_NONE_1_4_2_3,HTML_PAGE_SELECT_NONE_1_4_2_3,select_none_1_4_2_3,same_stem
4837,HACTION_SELECT_NONE_1_4_2_4,HTML_PAGE_SELECT_NONE_1_4_2_4,select_none_1_4_2_4,same_stem
4838,HACTION_SELECT_NONE_1_4_3,HTML_PAGE_SELECT_NONE_1_4_3,select_none_1_4_3,same_stem
4839,HACTION_SELECT_NONE_1_4_3_1,HTML_PAGE_SELECT_NONE_1_4_3_1,select_none_1_4_3_1,same_stem
4840,HACTION_SELECT_NONE_1_4_3_2,HTML_PAGE_SELECT_NONE_1_4_3_2,select_none_1_4_3_2,same_stem
4841,HACTION_SELECT_NONE_1_4_3_3,HTML_PAGE_SELECT_NONE_1_4_3_3,select_none_1_4_3_3,same_stem
4842,HACTION_SELECT_NONE_1_4_3_4,HTML_PAGE_SELECT_NONE_1_4_3_4,select_none_1_4_3_4,same_stem
4843,HACTION_SELECT_NONE_1_4_4,HTML_PAGE_SELECT_NONE_1_4_4,select_none_1_4_4,same_stem
4844,HACTION_SELECT_NONE_1_4_4_1,HTML_PAGE_SELECT_NONE_1_4_4_1,select_none_1_4_4_1,same_stem
4845,HACTION_SELECT_NONE_1_4_4_2,HTML_PAGE_SELECT_NONE_1_4_4_2,select_none_1_4_4_2,same_stem
4846,HACTION_SELECT_NONE_1_4_4_3,HTML_PAGE_SELECT_NONE_1_4_4_3,select_none_1_4_4_3,same_stem
4847,HACTION_SELECT_NONE_1_4_4_4,HTML_PAGE_SELECT_NONE_1_4_4_4,select_none_1_4_4_4,same_stem
4848,HACTION_SELECT_NONE_2,HTML_PAGE_SELECT_NONE_2,select_none_2,same_stem
4849,HACTION_SELECT_NONE_2_1,HTML_PAGE_SELECT_NONE_2_1,select_none_2_1,same_stem
4850,HACTION_SELECT_NONE_2_1_1,HTML_PAGE_SELECT_NONE_2_1_1,select_none_2_1_1,same_stem
4851,HACTION_SELECT_NONE_2_1_1_1,HTML_PAGE_SELECT_NONE_2_1_1_1,select_none_2_1_1_1,same_stem
4852,HACTION_SELECT_NONE_2_1_1_2,HTML_PAGE_SELECT_NONE_2_1_1_2,select_none_2_1_1_2,same_stem
4853,HACTION_SELECT_NONE_2_1_1_3,HTML_PAGE_SELECT_NONE_2_1_1_3,select_none_2_1_1_3,same_stem
4854,HACTION_SELECT_NONE_2_1_1_4,HTML_PAGE_SELECT_NONE_2_1_1_4,select_none_2_1_1_4,same_stem
4855,HACTION_SELECT_NONE_2_1_2,HTML_PAGE_SELECT_NONE_2_1_2,select_none_2_1_2,same_stem
4856,HACTION_SELECT_NONE_2_1_2_1,HTML_PAGE_SELECT_NONE_2_1_2_1,select_none_2_1_2_1,same_stem
4857,HACTION_SELECT_NONE_2_1_2_2,HTML_PAGE_SELECT_NONE_2_1_2_2,select_none_2_1_2_2,same_stem
4858,HACTION_SELECT_NONE_2_1_2_3,HTML_PAGE_SELECT_NONE_2_1_2_3,select_none_2_1_2_3,same_stem
4859,HACTION_SELECT_NONE_2_1_2_4,HTML_PAGE_SELECT_NONE_2_1_2_4,select_none_2_1_2_4,same_stem
4860,HACTION_SELECT_NONE_2_1_3,HTML_PAGE_SELECT_NONE_2_1_3,select_none_2_1_3,same_stem
4861,HACTION_SELECT_NONE_2_1_3_1,HTML_PAGE_SELECT_NONE_2_1_3_1,select_none_2_1_3_1,same_stem
4862,HACTION_SELECT_NONE_2_1_3_2,HTML_PAGE_SELECT_NONE_2_1_3_2,select_none_2_1_3_2,same_stem
4863,HACTION_SELECT_NONE_2_1_3_3,HTML_PAGE_SELECT_NONE_2_1_3_3,select_none_2_1_3_3,same_stem
4864,HACTION_SELECT_NONE_2_1_3_4,HTML_PAGE_SELECT_NONE_2_1_3_4,select_none_2_1_3_4,same_stem
4865,HACTION_SELECT_NONE_2_1_4,HTML_PAGE_SELECT_NONE_2_1_4,select_none_2_1_4,same_stem
4866,HACTION_SELECT_NONE_2_1_4_1,HTML_PAGE_SELECT_NONE_2_1_4_1,select_none_2_1_4_1,same_stem
4867,HACTION_SELECT_NONE_2_1_4_2,HTML_PAGE_SELECT_NONE_2_1_4_2,select_none_2_1_4_2,same_stem
4868,HACTION_SELECT_NONE_2_1_4_3,HTML_PAGE_SELECT_NONE_2_1_4_3,select_none_2_1_4_3,same_stem
4869,HACTION_SELECT_NONE_2_1_4_4,HTML_PAGE_SELECT_NONE_2_1_4_4,select_none_2_1_4_4,same_stem
4870,HACTION_SELECT_NONE_2_2,HTML_PAGE_SELECT_NONE_2_2,select_none_2_2,same_stem
4871,HACTION_SELECT_NONE_2_2_1,HTML_PAGE_SELECT_NONE_2_2_1,select_none_2_2_1,same_stem
4872,HACTION_SELECT_NONE_2_2_1_1,HTML_PAGE_SELECT_NONE_2_2_1_1,select_none_2_2_1_1,same_stem
4873,HACTION_SELECT_NONE_2_2_1_2,HTML_PAGE_SELECT_NONE_2_2_1_2,select_none_2_2_1_2,same_stem
4874,HACTION_SELECT_NONE_2_2_1_3,HTML_PAGE_SELECT_NONE_2_2_1_3,select_none_2_2_1_3,same_stem
4875,HACTION_SELECT_NONE_2_2_1_4,HTML_PAGE_SELECT_NONE_2_2_1_4,select_none_2_2_1_4,same_stem
4876,HACTION_SELECT_NONE_2_2_2,HTML_PAGE_SELECT_NONE_2_2_2,select_none_2_2_2,same_stem
4877,HACTION_SELECT_NONE_2_2_2_1,HTML_PAGE_SELECT_NONE_2_2_2_1,select_none_2_2_2_1,same_stem
4878,HACTION_SELECT_NONE_2_2_2_2,HTML_PAGE_SELECT_NONE_2_2_2_2,select_none_2_2_2_2,same_stem
4879,HACTION_SELECT_NONE_2_2_2_3,HTML_PAGE_SELECT_NONE_2_2_2_3,select_none_2_2_2_3,same_stem
4880,HACTION_SELECT_NONE_2_2_2_4,HTML_PAGE_SELECT_NONE_2_2_2_4,select_none_2_2_2_4,same_stem
4881,HACTION_SELECT_NONE_2_2_3,HTML_PAGE_SELECT_NONE_2_2_3,select_none_2_2_3,same_stem
4882,HACTION_SELECT_NONE_2_2_3_1,HTML_PAGE_SELECT_NONE_2_2_3_1,select_none_2_2_3_1,same_stem
4883,HACTION_SELECT_NONE_2_2_3_2,HTML_PAGE_SELECT_NONE_2_2_3_2,select_none_2_2_3_2,same_stem
4884,HACTION_SELECT_NONE_2_2_3_3,HTML_PAGE_SELECT_NONE_2_2_3_3,select_none_2_2_3_3,same_stem
4885,HACTION_SELECT_NONE_2_2_3_4,HTML_PAGE_SELECT_NONE_2_2_3_4,select_none_2_2_3_4,same_stem
4886,HACTION_SELECT_NONE_2_2_4,HTML_PAGE_SELECT_NONE_2_2_4,select_none_2_2_4,same_stem
4887,HACTION_SELECT_NONE_2_2_4_1,HTML_PAGE_SELECT_NONE_2_2_4_1,select_none_2_2_4_1,same_stem
4888,HACTION_SELECT_NONE_2_2_4_2,HTML_PAGE_SELECT_NONE_2_2_4_2,select_none_2_2_4_2,same_stem
4889,HACTION_SELECT_NONE_2_2_4_3,HTML_PAGE_SELECT_NONE_2_2_4_3,select_none_2_2_4_3,same_stem
4890,HACTION_SELECT_NONE_2_2_4_4,HTML_PAGE_SELECT_NONE_2_2_4_4,select_none_2_2_4_4,same_stem
4891,HACTION_SELECT_NONE_2_3,HTML_PAGE_SELECT_NONE_2_3,select_none_2_3,same_stem
4892,HACTION_SELECT_NONE_2_3_1,HTML_PAGE_SELECT_NONE_2_3_1,select_none_2_3_1,same_stem
4893,HACTION_SELECT_NONE_2_3_1_1,HTML_PAGE_SELECT_NONE_2_3_1_1,select_none_2_3_1_1,same_stem
4894,HACTION_SELECT_NONE_2_3_1_2,HTML_PAGE_SELECT_NONE_2_3_1_2,select_none_2_3_1_2,same_stem
4895,HACTION_SELECT_NONE_2_3_1_3,HTML_PAGE_SELECT_NONE_2_3_1_3,select_none_2_3_1_3,same_stem
4896,HACTION_SELECT_NONE_2_3_1_4,HTML_PAGE_SELECT_NONE_2_3_1_4,select_none_2_3_1_4,same_stem
4897,HACTION_SELECT_NONE_2_3_2,HTML_PAGE_SELECT_NONE_2_3_2,select_none_2_3_2,same_stem
4898,HACTION_SELECT_NONE_2_3_2_1,HTML_PAGE_SELECT_NONE_2_3_2_1,select_none_2_3_2_1,same_stem
4899,HACTION_SELECT_NONE_2_3_2_2,HTML_PAGE_SELECT_NONE_2_3_2_2,select_none_2_3_2_2,same_stem
4900,HACTION_SELECT_NONE_2_3_2_3,HTML_PAGE_SELECT_NONE_2_3_2_3,select_none_2_3_2_3,same_stem
4901,HACTION_SELECT_NONE_2_3_2_4,HTML_PAGE_SELECT_NONE_2_3_2_4,select_none_2_3_2_4,same_stem
4902,HACTION_SELECT_NONE_2_3_3,HTML_PAGE_SELECT_NONE_2_3_3,select_none_2_3_3,same_stem
4903,HACTION_SELECT_NONE_2_3_3_1,HTML_PAGE_SELECT_NONE_2_3_3_1,select_none_2_3_3_1,same_stem
4904,HACTION_SELECT_NONE_2_3_3_2,HTML_PAGE_SELECT_NONE_2_3_3_2,select_none_2_3_3_2,same_stem
4905,HACTION_SELECT_NONE_2_3_3_3,HTML_PAGE_SELECT_NONE_2_3_3_3,select_none_2_3_3_3,same_stem
4906,HACTION_SELECT_NONE_2_3_3_4,HTML_PAGE_SELECT_NONE_2_3_3_4,select_none_2_3_3_4,same_stem
4907,HACTION_SELECT_NONE_2_3_4,HTML_PAGE_SELECT_NONE_2_3_4,select_none_2_3_4,same_stem
4908,HACTION_SELECT_NONE_2_3_4_1,HTML_PAGE_SELECT_NONE_2_3_4_1,select_none_2_3_4_1,same_stem
4909,HACTION_SELECT_NONE_2_3_4_2,HTML_PAGE_SELECT_NONE_2_3_4_2,select_none_2_3_4_2,same_stem
4910,HACTION_SELECT_NONE_2_3_4_3,HTML_PAGE_SELECT_NONE_2_3_4_3,select_none_2_3_4_3,same_stem
4911,HACTION_SELECT_NONE_2_3_4_4,HTML_PAGE_SELECT_NONE_2_3_4_4,select_none_2_3_4_4,same_stem
4912,HACTION_SELECT_NONE_2_4,HTML_PAGE_SELECT_NONE_2_4,select_none_2_4,same_stem
4913,HACTION_SELECT_NONE_2_4_1,HTML_PAGE_SELECT_NONE_2_4_1,select_none_2_4_1,same_stem
4914,HACTION_SELECT_NONE_2_4_1_1,HTML_PAGE_SELECT_NONE_2_4_1_1,select_none_2_4_1_1,same_stem
4915,HACTION_SELECT_NONE_2_4_1_2,HTML_PAGE_SELECT_NONE_2_4_1_2,select_none_2_4_1_2,same_stem
4916,HACTION_SELECT_NONE_2_4_1_3,HTML_PAGE_SELECT_NONE_2_4_1_3,select_none_2_4_1_3,same_stem
4917,HACTION_SELECT_NONE_2_4_1_4,HTML_PAGE_SELECT_NONE_2_4_1_4,select_none_2_4_1_4,same_stem
4918,HACTION_SELECT_NONE_2_4_2,HTML_PAGE_SELECT_NONE_2_4_2,select_none_2_4_2,same_stem
4919,HACTION_SELECT_NONE_2_4_2_1,HTML_PAGE_SELECT_NONE_2_4_2_1,select_none_2_4_2_1,same_stem
4920,HACTION_SELECT_NONE_2_4_2_2,HTML_PAGE_SELECT_NONE_2_4_2_2,select_none_2_4_2_2,same_stem
4921,HACTION_SELECT_NONE_2_4_2_3,HTML_PAGE_SELECT_NONE_2_4_2_3,select_none_2_4_2_3,same_stem
4922,HACTION_SELECT_NONE_2_4_2_4,HTML_PAGE_SELECT_NONE_2_4_2_4,select_none_2_4_2_4,same_stem
4923,HACTION_SELECT_NONE_2_4_3,HTML_PAGE_SELECT_NONE_2_4_3,select_none_2_4_3,same_stem
4924,HACTION_SELECT_NONE_2_4_3_1,HTML_PAGE_SELECT_NONE_2_4_3_1,select_none_2_4_3_1,same_stem
4925,HACTION_SELECT_NONE_2_4_3_2,HTML_PAGE_SELECT_NONE_2_4_3_2,select_none_2_4_3_2,same_stem
4926,HACTION_SELECT_NONE_2_4_3_3,HTML_PAGE_SELECT_NONE_2_4_3_3,select_none_2_4_3_3,same_stem
4927,HACTION_SELECT_NONE_2_4_3_4,HTML_PAGE_SELECT_NONE_2_4_3_4,select_none_2_4_3_4,same_stem
4928,HACTION_SELECT_NONE_2_4_4,HTML_PAGE_SELECT_NONE_2_4_4,select_none_2_4_4,same_stem
4929,HACTION_SELECT_NONE_2_4_4_1,HTML_PAGE_SELECT_NONE_2_4_4_1,select_none_2_4_4_1,same_stem
4930,HACTION_SELECT_NONE_2_4_4_2,HTML_PAGE_SELECT_NONE_2_4_4_2,select_none_2_4_4_2,same_stem
4931,HACTION_SELECT_NONE_2_4_4_3,HTML_PAGE_SELECT_NONE_2_4_4_3,select_none_2_4_4_3,same_stem
4932,HACTION_SELECT_NONE_2_4_4_4,HTML_PAGE_SELECT_NONE_2_4_4_4,select_none_2_4_4_4,same_stem
4933,HACTION_SELECT_NONE_3,HTML_PAGE_SELECT_NONE_3,select_none_3,same_stem
4934,HACTION_SELECT_NONE_3_1,HTML_PAGE_SELECT_NONE_3_1,select_none_3_1,same_stem
4935,HACTION_SELECT_NONE_3_1_1,HTML_PAGE_SELECT_NONE_3_1_1,select_none_3_1_1,same_stem
4936,HACTION_SELECT_NONE_3_1_1_1,HTML_PAGE_SELECT_NONE_3_1_1_1,select_none_3_1_1_1,same_stem
4937,HACTION_SELECT_NONE_3_1_1_2,HTML_PAGE_SELECT_NONE_3_1_1_2,select_none_3_1_1_2,same_stem
4938,HACTION_SELECT_NONE_3_1_1_3,HTML_PAGE_SELECT_NONE_3_1_1_3,select_none_3_1_1_3,same_stem
4939,HACTION_SELECT_NONE_3_1_1_4,HTML_PAGE_SELECT_NONE_3_1_1_4,select_none_3_1_1_4,same_stem
4940,HACTION_SELECT_NONE_3_1_2,HTML_PAGE_SELECT_NONE_3_1_2,select_none_3_1_2,same_stem
4941,HACTION_SELECT_NONE_3_1_2_1,HTML_PAGE_SELECT_NONE_3_1_2_1,select_none_3_1_2_1,same_stem
4942,HACTION_SELECT_NONE_3_1_2_2,HTML_PAGE_SELECT_NONE_3_1_2_2,select_none_3_1_2_2,same_stem
4943,HACTION_SELECT_NONE_3_1_2_3,HTML_PAGE_SELECT_NONE_3_1_2_3,select_none_3_1_2_3,same_stem
4944,HACTION_SELECT_NONE_3_1_2_4,HTML_PAGE_SELECT_NONE_3_1_2_4,select_none_3_1_2_4,same_stem
4945,HACTION_SELECT_NONE_3_1_3,HTML_PAGE_SELECT_NONE_3_1_3,select_none_3_1_3,same_stem
4946,HACTION_SELECT_NONE_3_1_3_1,HTML_PAGE_SELECT_NONE_3_1_3_1,select_none_3_1_3_1,same_stem
4947,HACTION_SELECT_NONE_3_1_3_2,HTML_PAGE_SELECT_NONE_3_1_3_2,select_none_3_1_3_2,same_stem
4948,HACTION_SELECT_NONE_3_1_3_3,HTML_PAGE_SELECT_NONE_3_1_3_3,select_none_3_1_3_3,same_stem
4949,HACTION_SELECT_NONE_3_1_3_4,HTML_PAGE_SELECT_NONE_3_1_3_4,select_none_3_1_3_4,same_stem
4950,HACTION_SELECT_NONE_3_1_4,HTML_PAGE_SELECT_NONE_3_1_4,select_none_3_1_4,same_stem
4951,HACTION_SELECT_NONE_3_1_4_1,HTML_PAGE_SELECT_NONE_3_1_4_1,select_none_3_1_4_1,same_stem
4952,HACTION_SELECT_NONE_3_1_4_2,HTML_PAGE_SELECT_NONE_3_1_4_2,select_none_3_1_4_2,same_stem
4953,HACTION_SELECT_NONE_3_1_4_3,HTML_PAGE_SELECT_NONE_3_1_4_3,select_none_3_1_4_3,same_stem
4954,HACTION_SELECT_NONE_3_1_4_4,HTML_PAGE_SELECT_NONE_3_1_4_4,select_none_3_1_4_4,same_stem
4955,HACTION_SELECT_NONE_3_2,HTML_PAGE_SELECT_NONE_3_2,select_none_3_2,same_stem
4956,HACTION_SELECT_NONE_3_2_1,HTML_PAGE_SELECT_NONE_3_2_1,select_none_3_2_1,same_stem
4957,HACTION_SELECT_NONE_3_2_1_1,HTML_PAGE_SELECT_NONE_3_2_1_1,select_none_3_2_1_1,same_stem
4958,HACTION_SELECT_NONE_3_2_1_2,HTML_PAGE_SELECT_NONE_3_2_1_2,select_none_3_2_1_2,same_stem
4959,HACTION_SELECT_NONE_3_2_1_3,HTML_PAGE_SELECT_NONE_3_2_1_3,select_none_3_2_1_3,same_stem
4960,HACTION_SELECT_NONE_3_2_1_4,HTML_PAGE_SELECT_NONE_3_2_1_4,select_none_3_2_1_4,same_stem
4961,HACTION_SELECT_NONE_3_2_2,HTML_PAGE_SELECT_NONE_3_2_2,select_none_3_2_2,same_stem
4962,HACTION_SELECT_NONE_3_2_2_1,HTML_PAGE_SELECT_NONE_3_2_2_1,select_none_3_2_2_1,same_stem
4963,HACTION_SELECT_NONE_3_2_2_2,HTML_PAGE_SELECT_NONE_3_2_2_2,select_none_3_2_2_2,same_stem
4964,HACTION_SELECT_NONE_3_2_2_3,HTML_PAGE_SELECT_NONE_3_2_2_3,select_none_3_2_2_3,same_stem
4965,HACTION_SELECT_NONE_3_2_2_4,HTML_PAGE_SELECT_NONE_3_2_2_4,select_none_3_2_2_4,same_stem
4966,HACTION_SELECT_NONE_3_2_3,HTML_PAGE_SELECT_NONE_3_2_3,select_none_3_2_3,same_stem
4967,HACTION_SELECT_NONE_3_2_3_1,HTML_PAGE_SELECT_NONE_3_2_3_1,select_none_3_2_3_1,same_stem
4968,HACTION_SELECT_NONE_3_2_3_2,HTML_PAGE_SELECT_NONE_3_2_3_2,select_none_3_2_3_2,same_stem
4969,HACTION_SELECT_NONE_3_2_3_3,HTML_PAGE_SELECT_NONE_3_2_3_3,select_none_3_2_3_3,same_stem
4970,HACTION_SELECT_NONE_3_2_3_4,HTML_PAGE_SELECT_NONE_3_2_3_4,select_none_3_2_3_4,same_stem
4971,HACTION_SELECT_NONE_3_2_4,HTML_PAGE_SELECT_NONE_3_2_4,select_none_3_2_4,same_stem
4972,HACTION_SELECT_NONE_3_2_4_1,HTML_PAGE_SELECT_NONE_3_2_4_1,select_none_3_2_4_1,same_stem
4973,HACTION_SELECT_NONE_3_2_4_2,HTML_PAGE_SELECT_NONE_3_2_4_2,select_none_3_2_4_2,same_stem
4974,HACTION_SELECT_NONE_3_2_4_3,HTML_PAGE_SELECT_NONE_3_2_4_3,select_none_3_2_4_3,same_stem
4975,HACTION_SELECT_NONE_3_2_4_4,HTML_PAGE_SELECT_NONE_3_2_4_4,select_none_3_2_4_4,same_stem
4976,HACTION_SELECT_NONE_3_3,HTML_PAGE_SELECT_NONE_3_3,select_none_3_3,same_stem
4977,HACTION_SELECT_NONE_3_3_1,HTML_PAGE_SELECT_NONE_3_3_1,select_none_3_3_1,same_stem
4978,HACTION_SELECT_NONE_3_3_1_1,HTML_PAGE_SELECT_NONE_3_3_1_1,select_none_3_3_1_1,same_stem
4979,HACTION_SELECT_NONE_3_3_1_2,HTML_PAGE_SELECT_NONE_3_3_1_2,select_none_3_3_1_2,same_stem
4980,HACTION_SELECT_NONE_3_3_1_3,HTML_PAGE_SELECT_NONE_3_3_1_3,select_none_3_3_1_3,same_stem
4981,HACTION_SELECT_NONE_3_3_1_4,HTML_PAGE_SELECT_NONE_3_3_1_4,select_none_3_3_1_4,same_stem
4982,HACTION_SELECT_NONE_3_3_2,HTML_PAGE_SELECT_NONE_3_3_2,select_none_3_3_2,same_stem
4983,HACTION_SELECT_NONE_3_3_2_1,HTML_PAGE_SELECT_NONE_3_3_2_1,select_none_3_3_2_1,same_stem
4984,HACTION_SELECT_NONE_3_3_2_2,HTML_PAGE_SELECT_NONE_3_3_2_2,select_none_3_3_2_2,same_stem
4985,HACTION_SELECT_NONE_3_3_2_3,HTML_PAGE_SELECT_NONE_3_3_2_3,select_none_3_3_2_3,same_stem
4986,HACTION_SELECT_NONE_3_3_2_4,HTML_PAGE_SELECT_NONE_3_3_2_4,select_none_3_3_2_4,same_stem
4987,HACTION_SELECT_NONE_3_3_3,HTML_PAGE_SELECT_NONE_3_3_3,select_none_3_3_3,same_stem
4988,HACTION_SELECT_NONE_3_3_3_1,HTML_PAGE_SELECT_NONE_3_3_3_1,select_none_3_3_3_1,same_stem
4989,HACTION_SELECT_NONE_3_3_3_2,HTML_PAGE_SELECT_NONE_3_3_3_2,select_none_3_3_3_2,same_stem
4990,HACTION_SELECT_NONE_3_3_3_3,HTML_PAGE_SELECT_NONE_3_3_3_3,select_none_3_3_3_3,same_stem
4991,HACTION_SELECT_NONE_3_3_3_4,HTML_PAGE_SELECT_NONE_3_3_3_4,select_none_3_3_3_4,same_stem
4992,HACTION_SELECT_NONE_3_3_4,HTML_PAGE_SELECT_NONE_3_3_4,select_none_3_3_4,same_stem
4993,HACTION_SELECT_NONE_3_3_4_1,HTML_PAGE_SELECT_NONE_3_3_4_1,select_none_3_3_4_1,same_stem
4994,HACTION_SELECT_NONE_3_3_4_2,HTML_PAGE_SELECT_NONE_3_3_4_2,select_none_3_3_4_2,same_stem
4995,HACTION_SELECT_NONE_3_3_4_3,HTML_PAGE_SELECT_NONE_3_3_4_3,select_none_3_3_4_3,same_stem
4996,HACTION_SELECT_NONE_3_3_4_4,HTML_PAGE_SELECT_NONE_3_3_4_4,select_none_3_3_4_4,same_stem
4997,HACTION_SELECT_NONE_3_4,HTML_PAGE_SELECT_NONE_3_4,select_none_3_4,same_stem
4998,HACTION_SELECT_NONE_3_4_1,HTML_PAGE_SELECT_NONE_3_4_1,select_none_3_4_1,same_stem
4999,HACTION_SELECT_NONE_3_4_1_1,HTML_PAGE_SELECT_NONE_3_4_1_1,select_none_3_4_1_1,same_stem
5000,HACTION_SELECT_NONE_3_4_1_2,HTML_PAGE_SELECT_NONE_3_4_1_2,select_none_3_4_1_2,same_stem
5001,HACTION_SELECT_NONE_3_4_1_3,HTML_PAGE_SELECT_NONE_3_4_1_3,select_none_3_4_1_3,same_stem
5002,HACTION_SELECT_NONE_3_4_1_4,HTML_PAGE_SELECT_NONE_3_4_1_4,select_none_3_4_1_4,same_stem
5003,HACTION_SELECT_NONE_3_4_2,HTML_PAGE_SELECT_NONE_3_4_2,select_none_3_4_2,same_stem
5004,HACTION_SELECT_NONE_3_4_2_1,HTML_PAGE_SELECT_NONE_3_4_2_1,select_none_3_4_2_1,same_stem
5005,HACTION_SELECT_NONE_3_4_2_2,HTML_PAGE_SELECT_NONE_3_4_2_2,select_none_3_4_2_2,same_stem
5006,HACTION_SELECT_NONE_3_4_2_3,HTML_PAGE_SELECT_NONE_3_4_2_3,select_none_3_4_2_3,same_stem
5007,HACTION_SELECT_NONE_3_4_2_4,HTML_PAGE_SELECT_NONE_3_4_2_4,select_none_3_4_2_4,same_stem
5008,HACTION_SELECT_NONE_3_4_3,HTML_PAGE_SELECT_NONE_3_4_3,select_none_3_4_3,same_stem
5009,HACTION_SELECT_NONE_3_4_3_1,HTML_PAGE_SELECT_NONE_3_4_3_1,select_none_3_4_3_1,same_stem
5010,HACTION_SELECT_NONE_3_4_3_2,HTML_PAGE_SELECT_NONE_3_4_3_2,select_none_3_4_3_2,same_stem
5011,HACTION_SELECT_NONE_3_4_3_3,HTML_PAGE_SELECT_NONE_3_4_3_3,select_none_3_4_3_3,same_stem
5012,HACTION_SELECT_NONE_3_4_3_4,HTML_PAGE_SELECT_NONE_3_4_3_4,select_none_3_4_3_4,same_stem
5013,HACTION_SELECT_NONE_3_4_4,HTML_PAGE_SELECT_NONE_3_4_4,select_none_3_4_4,same_stem
5014,HACTION_SELECT_NONE_3_4_4_1,HTML_PAGE_SELECT_NONE_3_4_4_1,select_none_3_4_4_1,same_stem
5015,HACTION_SELECT_NONE_3_4_4_2,HTML_PAGE_SELECT_NONE_3_4_4_2,select_none_3_4_4_2,same_stem
5016,HACTION_SELECT_NONE_3_4_4_3,HTML_PAGE_SELECT_NONE_3_4_4_3,select_none_3_4_4_3,same_stem
5017,HACTION_SELECT_NONE_3_4_4_4,HTML_PAGE_SELECT_NONE_3_4_4_4,select_none_3_4_4_4,same_stem
5018,HACTION_SELECT_NONE_4,HTML_PAGE_SELECT_NONE_4,select_none_4,same_stem
5019,HACTION_SELECT_NONE_4_1,HTML_PAGE_SELECT_NONE_4_1,select_none_4_1,same_stem
5020,HACTION_SELECT_NONE_4_1_1,HTML_PAGE_SELECT_NONE_4_1_1,select_none_4_1_1,same_stem
5021,HACTION_SELECT_NONE_4_1_1_1,HTML_PAGE_SELECT_NONE_4_1_1_1,select_none_4_1_1_1,same_stem
5022,HACTION_SELECT_NONE_4_1_1_2,HTML_PAGE_SELECT_NONE_4_1_1_2,select_none_4_1_1_2,same_stem
5023,HACTION_SELECT_NONE_4_1_1_3,HTML_PAGE_SELECT_NONE_4_1_1_3,select_none_4_1_1_3,same_stem
5024,HACTION_SELECT_NONE_4_1_1_4,HTML_PAGE_SELECT_NONE_4_1_1_4,select_none_4_1_1_4,same_stem
5025,HACTION_SELECT_NONE_4_1_2,HTML_PAGE_SELECT_NONE_4_1_2,select_none_4_1_2,same_stem
5026,HACTION_SELECT_NONE_4_1_2_1,HTML_PAGE_SELECT_NONE_4_1_2_1,select_none_4_1_2_1,same_stem
5027,HACTION_SELECT_NONE_4_1_2_2,HTML_PAGE_SELECT_NONE_4_1_2_2,select_none_4_1_2_2,same_stem
5028,HACTION_SELECT_NONE_4_1_2_3,HTML_PAGE_SELECT_NONE_4_1_2_3,select_none_4_1_2_3,same_stem
5029,HACTION_SELECT_NONE_4_1_2_4,HTML_PAGE_SELECT_NONE_4_1_2_4,select_none_4_1_2_4,same_stem
5030,HACTION_SELECT_NONE_4_1_3,HTML_PAGE_SELECT_NONE_4_1_3,select_none_4_1_3,same_stem
5031,HACTION_SELECT_NONE_4_1_3_1,HTML_PAGE_SELECT_NONE_4_1_3_1,select_none_4_1_3_1,same_stem
5032,HACTION_SELECT_NONE_4_1_3_2,HTML_PAGE_SELECT_NONE_4_1_3_2,select_none_4_1_3_2,same_stem
5033,HACTION_SELECT_NONE_4_1_3_3,HTML_PAGE_SELECT_NONE_4_1_3_3,select_none_4_1_3_3,same_stem
5034,HACTION_SELECT_NONE_4_1_3_4,HTML_PAGE_SELECT_NONE_4_1_3_4,select_none_4_1_3_4,same_stem
5035,HACTION_SELECT_NONE_4_1_4,HTML_PAGE_SELECT_NONE_4_1_4,select_none_4_1_4,same_stem
5036,HACTION_SELECT_NONE_4_1_4_1,HTML_PAGE_SELECT_NONE_4_1_4_1,select_none_4_1_4_1,same_stem
5037,HACTION_SELECT_NONE_4_1_4_2,HTML_PAGE_SELECT_NONE_4_1_4_2,select_none_4_1_4_2,same_stem
5038,HACTION_SELECT_NONE_4_1_4_3,HTML_PAGE_SELECT_NONE_4_1_4_3,select_none_4_1_4_3,same_stem
5039,HACTION_SELECT_NONE_4_1_4_4,HTML_PAGE_SELECT_NONE_4_1_4_4,select_none_4_1_4_4,same_stem
5040,HACTION_SELECT_NONE_4_2,HTML_PAGE_SELECT_NONE_4_2,select_none_4_2,same_stem
5041,HACTION_SELECT_NONE_4_2_1,HTML_PAGE_SELECT_NONE_4_2_1,select_none_4_2_1,same_stem
5042,HACTION_SELECT_NONE_4_2_1_1,HTML_PAGE_SELECT_NONE_4_2_1_1,select_none_4_2_1_1,same_stem
5043,HACTION_SELECT_NONE_4_2_1_2,HTML_PAGE_SELECT_NONE_4_2_1_2,select_none_4_2_1_2,same_stem
5044,HACTION_SELECT_NONE_4_2_1_3,HTML_PAGE_SELECT_NONE_4_2_1_3,select_none_4_2_1_3,same_stem
5045,HACTION_SELECT_NONE_4_2_1_4,HTML_PAGE_SELECT_NONE_4_2_1_4,select_none_4_2_1_4,same_stem
5046,HACTION_SELECT_NONE_4_2_2,HTML_PAGE_SELECT_NONE_4_2_2,select_none_4_2_2,same_stem
5047,HACTION_SELECT_NONE_4_2_2_1,HTML_PAGE_SELECT_NONE_4_2_2_1,select_none_4_2_2_1,same_stem
5048,HACTION_SELECT_NONE_4_2_2_2,HTML_PAGE_SELECT_NONE_4_2_2_2,select_none_4_2_2_2,same_stem
5049,HACTION_SELECT_NONE_4_2_2_3,HTML_PAGE_SELECT_NONE_4_2_2_3,select_none_4_2_2_3,same_stem
5050,HACTION_SELECT_NONE_4_2_2_4,HTML_PAGE_SELECT_NONE_4_2_2_4,select_none_4_2_2_4,same_stem
5051,HACTION_SELECT_NONE_4_2_3,HTML_PAGE_SELECT_NONE_4_2_3,select_none_4_2_3,same_stem
5052,HACTION_SELECT_NONE_4_2_3_1,HTML_PAGE_SELECT_NONE_4_2_3_1,select_none_4_2_3_1,same_stem
5053,HACTION_SELECT_NONE_4_2_3_2,HTML_PAGE_SELECT_NONE_4_2_3_2,select_none_4_2_3_2,same_stem
5054,HACTION_SELECT_NONE_4_2_3_3,HTML_PAGE_SELECT_NONE_4_2_3_3,select_none_4_2_3_3,same_stem
5055,HACTION_SELECT_NONE_4_2_3_4,HTML_PAGE_SELECT_NONE_4_2_3_4,select_none_4_2_3_4,same_stem
5056,HACTION_SELECT_NONE_4_2_4,HTML_PAGE_SELECT_NONE_4_2_4,select_none_4_2_4,same_stem
5057,HACTION_SELECT_NONE_4_2_4_1,HTML_PAGE_SELECT_NONE_4_2_4_1,select_none_4_2_4_1,same_stem
5058,HACTION_SELECT_NONE_4_2_4_2,HTML_PAGE_SELECT_NONE_4_2_4_2,select_none_4_2_4_2,same_stem
5059,HACTION_SELECT_NONE_4_2_4_3,HTML_PAGE_SELECT_NONE_4_2_4_3,select_none_4_2_4_3,same_stem
5060,HACTION_SELECT_NONE_4_2_4_4,HTML_PAGE_SELECT_NONE_4_2_4_4,select_none_4_2_4_4,same_stem
5061,HACTION_SELECT_NONE_4_3,HTML_PAGE_SELECT_NONE_4_3,select_none_4_3,same_stem
5062,HACTION_SELECT_NONE_4_3_1,HTML_PAGE_SELECT_NONE_4_3_1,select_none_4_3_1,same_stem
5063,HACTION_SELECT_NONE_4_3_1_1,HTML_PAGE_SELECT_NONE_4_3_1_1,select_none_4_3_1_1,same_stem
5064,HACTION_SELECT_NONE_4_3_1_2,HTML_PAGE_SELECT_NONE_4_3_1_2,select_none_4_3_1_2,same_stem
5065,HACTION_SELECT_NONE_4_3_1_3,HTML_PAGE_SELECT_NONE_4_3_1_3,select_none_4_3_1_3,same_stem
5066,HACTION_SELECT_NONE_4_3_1_4,HTML_PAGE_SELECT_NONE_4_3_1_4,select_none_4_3_1_4,same_stem
5067,HACTION_SELECT_NONE_4_3_2,HTML_PAGE_SELECT_NONE_4_3_2,select_none_4_3_2,same_stem
5068,HACTION_SELECT_NONE_4_3_2_1,HTML_PAGE_SELECT_NONE_4_3_2_1,select_none_4_3_2_1,same_stem
5069,HACTION_SELECT_NONE_4_3_2_2,HTML_PAGE_SELECT_NONE_4_3_2_2,select_none_4_3_2_2,same_stem
5070,HACTION_SELECT_NONE_4_3_2_3,HTML_PAGE_SELECT_NONE_4_3_2_3,select_none_4_3_2_3,same_stem
5071,HACTION_SELECT_NONE_4_3_2_4,HTML_PAGE_SELECT_NONE_4_3_2_4,select_none_4_3_2_4,same_stem
5072,HACTION_SELECT_NONE_4_3_3,HTML_PAGE_SELECT_NONE_4_3_3,select_none_4_3_3,same_stem
5073,HACTION_SELECT_NONE_4_3_3_1,HTML_PAGE_SELECT_NONE_4_3_3_1,select_none_4_3_3_1,same_stem
5074,HACTION_SELECT_NONE_4_3_3_2,HTML_PAGE_SELECT_NONE_4_3_3_2,select_none_4_3_3_2,same_stem
5075,HACTION_SELECT_NONE_4_3_3_3,HTML_PAGE_SELECT_NONE_4_3_3_3,select_none_4_3_3_3,same_stem
5076,HACTION_SELECT_NONE_4_3_3_4,HTML_PAGE_SELECT_NONE_4_3_3_4,select_none_4_3_3_4,same_stem
5077,HACTION_SELECT_NONE_4_3_4,HTML_PAGE_SELECT_NONE_4_3_4,select_none_4_3_4,same_stem
5078,HACTION_SELECT_NONE_4_3_4_1,HTML_PAGE_SELECT_NONE_4_3_4_1,select_none_4_3_4_1,same_stem
5079,HACTION_SELECT_NONE_4_3_4_2,HTML_PAGE_SELECT_NONE_4_3_4_2,select_none_4_3_4_2,same_stem
5080,HACTION_SELECT_NONE_4_3_4_3,HTML_PAGE_SELECT_NONE_4_3_4_3,select_none_4_3_4_3,same_stem
5081,HACTION_SELECT_NONE_4_3_4_4,HTML_PAGE_SELECT_NONE_4_3_4_4,select_none_4_3_4_4,same_stem
5082,HACTION_SELECT_NONE_4_4,HTML_PAGE_SELECT_NONE_4_4,select_none_4_4,same_stem
5083,HACTION_SELECT_NONE_4_4_1,HTML_PAGE_SELECT_NONE_4_4_1,select_none_4_4_1,same_stem
5084,HACTION_SELECT_NONE_4_4_1_1,HTML_PAGE_SELECT_NONE_4_4_1_1,select_none_4_4_1_1,same_stem
5085,HACTION_SELECT_NONE_4_4_1_2,HTML_PAGE_SELECT_NONE_4_4_1_2,select_none_4_4_1_2,same_stem
5086,HACTION_SELECT_NONE_4_4_1_3,HTML_PAGE_SELECT_NONE_4_4_1_3,select_none_4_4_1_3,same_stem
5087,HACTION_SELECT_NONE_4_4_1_4,HTML_PAGE_SELECT_NONE_4_4_1_4,select_none_4_4_1_4,same_stem
5088,HACTION_SELECT_NONE_4_4_2,HTML_PAGE_SELECT_NONE_4_4_2,select_none_4_4_2,same_stem
5089,HACTION_SELECT_NONE_4_4_2_1,HTML_PAGE_SELECT_NONE_4_4_2_1,select_none_4_4_2_1,same_stem
5090,HACTION_SELECT_NONE_4_4_2_2,HTML_PAGE_SELECT_NONE_4_4_2_2,select_none_4_4_2_2,same_stem
5091,HACTION_SELECT_NONE_4_4_2_3,HTML_PAGE_SELECT_NONE_4_4_2_3,select_none_4_4_2_3,same_stem
5092,HACTION_SELECT_NONE_4_4_2_4,HTML_PAGE_SELECT_NONE_4_4_2_4,select_none_4_4_2_4,same_stem
5093,HACTION_SELECT_NONE_4_4_3,HTML_PAGE_SELECT_NONE_4_4_3,select_none_4_4_3,same_stem
5094,HACTION_SELECT_NONE_4_4_3_1,HTML_PAGE_SELECT_NONE_4_4_3_1,select_none_4_4_3_1,same_stem
5095,HACTION_SELECT_NONE_4_4_3_2,HTML_PAGE_SELECT_NONE_4_4_3_2,select_none_4_4_3_2,same_stem
5096,HACTION_SELECT_NONE_4_4_3_3,HTML_PAGE_SELECT_NONE_4_4_3_3,select_none_4_4_3_3,same_stem
5097,HACTION_SELECT_NONE_4_4_3_4,HTML_PAGE_SELECT_NONE_4_4_3_4,select_none_4_4_3_4,same_stem
5098,HACTION_SELECT_NONE_4_4_4,HTML_PAGE_SELECT_NONE_4_4_4,select_none_4_4_4,same_stem
5099,HACTION_SELECT_NONE_4_4_4_1,HTML_PAGE_SELECT_NONE_4_4_4_1,select_none_4_4_4_1,same_stem
5100,HACTION_SELECT_NONE_4_4_4_2,HTML_PAGE_SELECT_NONE_4_4_4_2,select_none_4_4_4_2,same_stem
5101,HACTION_SELECT_NONE_4_4_4_3,HTML_PAGE_SELECT_NONE_4_4_4_3,select_none_4_4_4_3,same_stem
5102,HACTION_SELECT_NONE_4_4_4_4,HTML_PAGE_SELECT_NONE_4_4_4_4,select_none_4_4_4_4,same_stem
5103,HACTION_SELECT1_1_5,HTML_PAGE_SELECT_TALKNPC01,select_talknpc01,same_id_only
5104,HACTION_SELECT1_2_5,HTML_PAGE_SELECT_TALKNPC02,select_talknpc02,same_id_only
5105,HACTION_SELECT1_3_5,HTML_PAGE_SELECT_TALKNPC03,select_talknpc03,same_id_only
5106,HACTION_SELECT1_4_5,HTML_PAGE_SELECT_TALKNPC04,select_talknpc04,same_id_only
5107,,HTML_PAGE_SELECT_TALKNPC05,select_talknpc05,page_only
5108,,HTML_PAGE_SELECT_TALKNPC06,select_talknpc06,page_only
5109,,HTML_PAGE_SELECT_TALKNPC07,select_talknpc07,page_only
5110,,HTML_PAGE_SELECT_TALKNPC08,select_talknpc08,page_only
5111,,HTML_PAGE_SELECT_TALKNPC09,select_talknpc09,page_only
5112,,HTML_PAGE_SELECT_TALKNPC10,select_talknpc10,page_only
5113,,HTML_PAGE_SELECT_TALKNPC11,select_talknpc11,page_only
5114,,HTML_PAGE_SELECT_TALKNPC12,select_talknpc12,page_only
5115,,HTML_PAGE_SELECT_TALKNPC13,select_talknpc13,page_only
5116,,HTML_PAGE_SELECT_TALKNPC14,select_talknpc14,page_only
5117,,HTML_PAGE_SELECT_TALKNPC15,select_talknpc15,page_only
5118,,HTML_PAGE_SELECT_TALKNPC16,select_talknpc16,page_only
5119,,HTML_PAGE_SELECT_TALKNPC17,select_talknpc17,page_only
5120,,HTML_PAGE_SELECT_TALKNPC18,select_talknpc18,page_only
5121,,HTML_PAGE_SELECT_TALKNPC19,select_talknpc19,page_only
5122,,HTML_PAGE_SELECT_TALKNPC20,select_talknpc20,page_only
5123,,HTML_PAGE_SELECT_TALKNPC21,select_talknpc21,page_only
5124,,HTML_PAGE_SELECT_TALKNPC22,select_talknpc22,page_only
5125,,HTML_PAGE_SELECT_TALKNPC23,select_talknpc23,page_only
5126,,HTML_PAGE_SELECT_TALKNPC24,select_talknpc24,page_only
5127,,HTML_PAGE_SELECT_TALKNPC25,select_talknpc25,page_only
5128,,HTML_PAGE_SELECT_TALKNPC26,select_talknpc26,page_only
5129,,HTML_PAGE_SELECT_TALKNPC27,select_talknpc27,page_only
5130,,HTML_PAGE_SELECT_TALKNPC28,select_talknpc28,page_only
5131,,HTML_PAGE_SELECT_TALKNPC29,select_talknpc29,page_only
5132,,HTML_PAGE_SELECT_TALKNPC30,select_talknpc30,page_only
6011,,HTML_PAGE_MINXFURCOMFORTER_SELECT1,minxfurcomforter_select1,page_only
6012,,HTML_PAGE_MINXFURCOMFORTER_SELECT1_1,minxfurcomforter_select1_1,page_only
6013,,HTML_PAGE_MINXFURCOMFORTER_SELECT1_2,minxfurcomforter_select1_2,page_only
6014,,HTML_PAGE_MINXFURCOMFORTER_DIALOG1,minxfurcomforter_dialog1,page_only
6021,,HTML_PAGE_SADSOULMINX1_SELECT1,sadsoulminx1_select1,page_only
6022,,HTML_PAGE_SADSOULMINX1_SELECT1_1,sadsoulminx1_select1_1,page_only
6023,,HTML_PAGE_SADSOULMINX1_TIG_DIALOG1,sadsoulminx1_tig_dialog1,page_only
6024,,HTML_PAGE_SADSOULMINX1_TIG_DIALOG2,sadsoulminx1_tig_dialog2,page_only
6500,HACTION_SELECT11,HTML_PAGE_SELECT11,select11,same_stem
6501,HACTION_SELECT11_1,HTML_PAGE_SELECT11_1,select11_1,same_stem
6502,HACTION_SELECT11_1_1,HTML_PAGE_SELECT11_1_1,select11_1_1,same_stem
6503,HACTION_SELECT11_1_1_1,HTML_PAGE_SELECT11_1_1_1,select11_1_1_1,same_stem
6504,HACTION_SELECT11_1_1_1_1,HTML_PAGE_SELECT11_1_1_1_1,select11_1_1_1_1,same_stem
6505,HACTION_SELECT11_1_1_1_2,HTML_PAGE_SELECT11_1_1_1_2,select11_1_1_1_2,same_stem
6506,HACTION_SELECT11_1_1_1_3,HTML_PAGE_SELECT11_1_1_1_3,select11_1_1_1_3,same_stem
6507,HACTION_SELECT11_1_1_1_4,HTML_PAGE_SELECT11_1_1_1_4,select11_1_1_1_4,same_stem
6508,HACTION_SELECT11_1_1_2,HTML_PAGE_SELECT11_1_1_2,select11_1_1_2,same_stem
6509,HACTION_SELECT11_1_1_2_1,HTML_PAGE_SELECT11_1_1_2_1,select11_1_1_2_1,same_stem
6510,HACTION_SELECT11_1_1_2_2,HTML_PAGE_SELECT11_1_1_2_2,select11_1_1_2_2,same_stem
6511,HACTION_SELECT11_1_1_2_3,HTML_PAGE_SELECT11_1_1_2_3,select11_1_1_2_3,same_stem
6512,HACTION_SELECT11_1_1_2_4,HTML_PAGE_SELECT11_1_1_2_4,select11_1_1_2_4,same_stem
6513,HACTION_SELECT11_1_1_3,HTML_PAGE_SELECT11_1_1_3,select11_1_1_3,same_stem
6514,HACTION_SELECT11_1_1_3_1,HTML_PAGE_SELECT11_1_1_3_1,select11_1_1_3_1,same_stem
6515,HACTION_SELECT11_1_1_3_2,HTML_PAGE_SELECT11_1_1_3_2,select11_1_1_3_2,same_stem
6516,HACTION_SELECT11_1_1_3_3,HTML_PAGE_SELECT11_1_1_3_3,select11_1_1_3_3,same_stem
6517,HACTION_SELECT11_1_1_3_4,HTML_PAGE_SELECT11_1_1_3_4,select11_1_1_3_4,same_stem
6518,HACTION_SELECT11_1_1_4,HTML_PAGE_SELECT11_1_1_4,select11_1_1_4,same_stem
6519,HACTION_SELECT11_1_1_4_1,HTML_PAGE_SELECT11_1_1_4_1,select11_1_1_4_1,same_stem
6520,HACTION_SELECT11_1_1_4_2,HTML_PAGE_SELECT11_1_1_4_2,select11_1_1_4_2,same_stem
6521,HACTION_SELECT11_1_1_4_3,HTML_PAGE_SELECT11_1_1_4_3,select11_1_1_4_3,same_stem
6522,HACTION_SELECT11_1_1_4_4,HTML_PAGE_SELECT11_1_1_4_4,select11_1_1_4_4,same_stem
6523,HACTION_SELECT11_1_2,HTML_PAGE_SELECT11_1_2,select11_1_2,same_stem
6524,HACTION_SELECT11_1_2_1,HTML_PAGE_SELECT11_1_2_1,select11_1_2_1,same_stem
6525,HACTION_SELECT11_1_2_1_1,HTML_PAGE_SELECT11_1_2_1_1,select11_1_2_1_1,same_stem
6526,HACTION_SELECT11_1_2_1_2,HTML_PAGE_SELECT11_1_2_1_2,select11_1_2_1_2,same_stem
6527,HACTION_SELECT11_1_2_1_3,HTML_PAGE_SELECT11_1_2_1_3,select11_1_2_1_3,same_stem
6528,HACTION_SELECT11_1_2_1_4,HTML_PAGE_SELECT11_1_2_1_4,select11_1_2_1_4,same_stem
6529,HACTION_SELECT11_1_2_2,HTML_PAGE_SELECT11_1_2_2,select11_1_2_2,same_stem
6530,HACTION_SELECT11_1_2_2_1,HTML_PAGE_SELECT11_1_2_2_1,select11_1_2_2_1,same_stem
6531,HACTION_SELECT11_1_2_2_2,HTML_PAGE_SELECT11_1_2_2_2,select11_1_2_2_2,same_stem
6532,HACTION_SELECT11_1_2_2_3,HTML_PAGE_SELECT11_1_2_2_3,select11_1_2_2_3,same_stem
6533,HACTION_SELECT11_1_2_2_4,HTML_PAGE_SELECT11_1_2_2_4,select11_1_2_2_4,same_stem
6534,HACTION_SELECT11_1_2_3,HTML_PAGE_SELECT11_1_2_3,select11_1_2_3,same_stem
6535,HACTION_SELECT11_1_2_3_1,HTML_PAGE_SELECT11_1_2_3_1,select11_1_2_3_1,same_stem
6536,HACTION_SELECT11_1_2_3_2,HTML_PAGE_SELECT11_1_2_3_2,select11_1_2_3_2,same_stem
6537,HACTION_SELECT11_1_2_3_3,HTML_PAGE_SELECT11_1_2_3_3,select11_1_2_3_3,same_stem
6538,HACTION_SELECT11_1_2_3_4,HTML_PAGE_SELECT11_1_2_3_4,select11_1_2_3_4,same_stem
6539,HACTION_SELECT11_1_2_4,HTML_PAGE_SELECT11_1_2_4,select11_1_2_4,same_stem
6540,HACTION_SELECT11_1_2_4_1,HTML_PAGE_SELECT11_1_2_4_1,select11_1_2_4_1,same_stem
6541,HACTION_SELECT11_1_2_4_2,HTML_PAGE_SELECT11_1_2_4_2,select11_1_2_4_2,same_stem
6542,HACTION_SELECT11_1_2_4_3,HTML_PAGE_SELECT11_1_2_4_3,select11_1_2_4_3,same_stem
6543,HACTION_SELECT11_1_2_4_4,HTML_PAGE_SELECT11_1_2_4_4,select11_1_2_4_4,same_stem
6544,HACTION_SELECT11_1_3,HTML_PAGE_SELECT11_1_3,select11_1_3,same_stem
6545,HACTION_SELECT11_1_3_1,HTML_PAGE_SELECT11_1_3_1,select11_1_3_1,same_stem
6546,HACTION_SELECT11_1_3_1_1,HTML_PAGE_SELECT11_1_3_1_1,select11_1_3_1_1,same_stem
6547,HACTION_SELECT11_1_3_1_2,HTML_PAGE_SELECT11_1_3_1_2,select11_1_3_1_2,same_stem
6548,HACTION_SELECT11_1_3_1_3,HTML_PAGE_SELECT11_1_3_1_3,select11_1_3_1_3,same_stem
6549,HACTION_SELECT11_1_3_1_4,HTML_PAGE_SELECT11_1_3_1_4,select11_1_3_1_4,same_stem
6550,HACTION_SELECT11_1_3_2,HTML_PAGE_SELECT11_1_3_2,select11_1_3_2,same_stem
6551,HACTION_SELECT11_1_3_2_1,HTML_PAGE_SELECT11_1_3_2_1,select11_1_3_2_1,same_stem
6552,HACTION_SELECT11_1_3_2_2,HTML_PAGE_SELECT11_1_3_2_2,select11_1_3_2_2,same_stem
6553,HACTION_SELECT11_1_3_2_3,HTML_PAGE_SELECT11_1_3_2_3,select11_1_3_2_3,same_stem
6554,HACTION_SELECT11_1_3_2_4,HTML_PAGE_SELECT11_1_3_2_4,select11_1_3_2_4,same_stem
6555,HACTION_SELECT11_1_3_3,HTML_PAGE_SELECT11_1_3_3,select11_1_3_3,same_stem
6556,HACTION_SELECT11_1_3_3_1,HTML_PAGE_SELECT11_1_3_3_1,select11_1_3_3_1,same_stem
6557,HACTION_SELECT11_1_3_3_2,HTML_PAGE_SELECT11_1_3_3_2,select11_1_3_3_2,same_stem
6558,HACTION_SELECT11_1_3_3_3,HTML_PAGE_SELECT11_1_3_3_3,select11_1_3_3_3,same_stem
6559,HACTION_SELECT11_1_3_3_4,HTML_PAGE_SELECT11_1_3_3_4,select11_1_3_3_4,same_stem
6560,HACTION_SELECT11_1_3_4,HTML_PAGE_SELECT11_1_3_4,select11_1_3_4,same_stem
6561,HACTION_SELECT11_1_3_4_1,HTML_PAGE_SELECT11_1_3_4_1,select11_1_3_4_1,same_stem
6562,HACTION_SELECT11_1_3_4_2,HTML_PAGE_SELECT11_1_3_4_2,select11_1_3_4_2,same_stem
6563,HACTION_SELECT11_1_3_4_3,HTML_PAGE_SELECT11_1_3_4_3,select11_1_3_4_3,same_stem
6564,HACTION_SELECT11_1_3_4_4,HTML_PAGE_SELECT11_1_3_4_4,select11_1_3_4_4,same_stem
6565,HACTION_SELECT11_1_4,HTML_PAGE_SELECT11_1_4,select11_1_4,same_stem
6566,HACTION_SELECT11_1_4_1,HTML_PAGE_SELECT11_1_4_1,select11_1_4_1,same_stem
6567,HACTION_SELECT11_1_4_1_1,HTML_PAGE_SELECT11_1_4_1_1,select11_1_4_1_1,same_stem
6568,HACTION_SELECT11_1_4_1_2,HTML_PAGE_SELECT11_1_4_1_2,select11_1_4_1_2,same_stem
6569,HACTION_SELECT11_1_4_1_3,HTML_PAGE_SELECT11_1_4_1_3,select11_1_4_1_3,same_stem
6570,HACTION_SELECT11_1_4_1_4,HTML_PAGE_SELECT11_1_4_1_4,select11_1_4_1_4,same_stem
6571,HACTION_SELECT11_1_4_2,HTML_PAGE_SELECT11_1_4_2,select11_1_4_2,same_stem
6572,HACTION_SELECT11_1_4_2_1,HTML_PAGE_SELECT11_1_4_2_1,select11_1_4_2_1,same_stem
6573,HACTION_SELECT11_1_4_2_2,HTML_PAGE_SELECT11_1_4_2_2,select11_1_4_2_2,same_stem
6574,HACTION_SELECT11_1_4_2_3,HTML_PAGE_SELECT11_1_4_2_3,select11_1_4_2_3,same_stem
6575,HACTION_SELECT11_1_4_2_4,HTML_PAGE_SELECT11_1_4_2_4,select11_1_4_2_4,same_stem
6576,HACTION_SELECT11_1_4_3,HTML_PAGE_SELECT11_1_4_3,select11_1_4_3,same_stem
6577,HACTION_SELECT11_1_4_3_1,HTML_PAGE_SELECT11_1_4_3_1,select11_1_4_3_1,same_stem
6578,HACTION_SELECT11_1_4_3_2,HTML_PAGE_SELECT11_1_4_3_2,select11_1_4_3_2,same_stem
6579,HACTION_SELECT11_1_4_3_3,HTML_PAGE_SELECT11_1_4_3_3,select11_1_4_3_3,same_stem
6580,HACTION_SELECT11_1_4_3_4,HTML_PAGE_SELECT11_1_4_3_4,select11_1_4_3_4,same_stem
6581,HACTION_SELECT11_1_4_4,HTML_PAGE_SELECT11_1_4_4,select11_1_4_4,same_stem
6582,HACTION_SELECT11_1_4_4_1,HTML_PAGE_SELECT11_1_4_4_1,select11_1_4_4_1,same_stem
6583,HACTION_SELECT11_1_4_4_2,HTML_PAGE_SELECT11_1_4_4_2,select11_1_4_4_2,same_stem
6584,HACTION_SELECT11_1_4_4_3,HTML_PAGE_SELECT11_1_4_4_3,select11_1_4_4_3,same_stem
6585,HACTION_SELECT11_1_4_4_4,HTML_PAGE_SELECT11_1_4_4_4,select11_1_4_4_4,same_stem
6586,HACTION_SELECT11_2,HTML_PAGE_SELECT11_2,select11_2,same_stem
6587,HACTION_SELECT11_2_1,HTML_PAGE_SELECT11_2_1,select11_2_1,same_stem
6588,HACTION_SELECT11_2_1_1,HTML_PAGE_SELECT11_2_1_1,select11_2_1_1,same_stem
6589,HACTION_SELECT11_2_1_1_1,HTML_PAGE_SELECT11_2_1_1_1,select11_2_1_1_1,same_stem
6590,HACTION_SELECT11_2_1_1_2,HTML_PAGE_SELECT11_2_1_1_2,select11_2_1_1_2,same_stem
6591,HACTION_SELECT11_2_1_1_3,HTML_PAGE_SELECT11_2_1_1_3,select11_2_1_1_3,same_stem
6592,HACTION_SELECT11_2_1_1_4,HTML_PAGE_SELECT11_2_1_1_4,select11_2_1_1_4,same_stem
6593,HACTION_SELECT11_2_1_2,HTML_PAGE_SELECT11_2_1_2,select11_2_1_2,same_stem
6594,HACTION_SELECT11_2_1_2_1,HTML_PAGE_SELECT11_2_1_2_1,select11_2_1_2_1,same_stem
6595,HACTION_SELECT11_2_1_2_2,HTML_PAGE_SELECT11_2_1_2_2,select11_2_1_2_2,same_stem
6596,HACTION_SELECT11_2_1_2_3,HTML_PAGE_SELECT11_2_1_2_3,select11_2_1_2_3,same_stem
6597,HACTION_SELECT11_2_1_2_4,HTML_PAGE_SELECT11_2_1_2_4,select11_2_1_2_4,same_stem
6598,HACTION_SELECT11_2_1_3,HTML_PAGE_SELECT11_2_1_3,select11_2_1_3,same_stem
6599,HACTION_SELECT11_2_1_3_1,HTML_PAGE_SELECT11_2_1_3_1,select11_2_1_3_1,same_stem
6600,HACTION_SELECT11_2_1_3_2,HTML_PAGE_SELECT11_2_1_3_2,select11_2_1_3_2,same_stem
6601,HACTION_SELECT11_2_1_3_3,HTML_PAGE_SELECT11_2_1_3_3,select11_2_1_3_3,same_stem
6602,HACTION_SELECT11_2_1_3_4,HTML_PAGE_SELECT11_2_1_3_4,select11_2_1_3_4,same_stem
6603,HACTION_SELECT11_2_1_4,HTML_PAGE_SELECT11_2_1_4,select11_2_1_4,same_stem
6604,HACTION_SELECT11_2_1_4_1,HTML_PAGE_SELECT11_2_1_4_1,select11_2_1_4_1,same_stem
6605,HACTION_SELECT11_2_1_4_2,HTML_PAGE_SELECT11_2_1_4_2,select11_2_1_4_2,same_stem
6606,HACTION_SELECT11_2_1_4_3,HTML_PAGE_SELECT11_2_1_4_3,select11_2_1_4_3,same_stem
6607,HACTION_SELECT11_2_1_4_4,HTML_PAGE_SELECT11_2_1_4_4,select11_2_1_4_4,same_stem
6608,HACTION_SELECT11_2_2,HTML_PAGE_SELECT11_2_2,select11_2_2,same_stem
6609,HACTION_SELECT11_2_2_1,HTML_PAGE_SELECT11_2_2_1,select11_2_2_1,same_stem
6610,HACTION_SELECT11_2_2_1_1,HTML_PAGE_SELECT11_2_2_1_1,select11_2_2_1_1,same_stem
6611,HACTION_SELECT11_2_2_1_2,HTML_PAGE_SELECT11_2_2_1_2,select11_2_2_1_2,same_stem
6612,HACTION_SELECT11_2_2_1_3,HTML_PAGE_SELECT11_2_2_1_3,select11_2_2_1_3,same_stem
6613,HACTION_SELECT11_2_2_1_4,HTML_PAGE_SELECT11_2_2_1_4,select11_2_2_1_4,same_stem
6614,HACTION_SELECT11_2_2_2,HTML_PAGE_SELECT11_2_2_2,select11_2_2_2,same_stem
6615,HACTION_SELECT11_2_2_2_1,HTML_PAGE_SELECT11_2_2_2_1,select11_2_2_2_1,same_stem
6616,HACTION_SELECT11_2_2_2_2,HTML_PAGE_SELECT11_2_2_2_2,select11_2_2_2_2,same_stem
6617,HACTION_SELECT11_2_2_2_3,HTML_PAGE_SELECT11_2_2_2_3,select11_2_2_2_3,same_stem
6618,HACTION_SELECT11_2_2_2_4,HTML_PAGE_SELECT11_2_2_2_4,select11_2_2_2_4,same_stem
6619,HACTION_SELECT11_2_2_3,HTML_PAGE_SELECT11_2_2_3,select11_2_2_3,same_stem
6620,HACTION_SELECT11_2_2_3_1,HTML_PAGE_SELECT11_2_2_3_1,select11_2_2_3_1,same_stem
6621,HACTION_SELECT11_2_2_3_2,HTML_PAGE_SELECT11_2_2_3_2,select11_2_2_3_2,same_stem
6622,HACTION_SELECT11_2_2_3_3,HTML_PAGE_SELECT11_2_2_3_3,select11_2_2_3_3,same_stem
6623,HACTION_SELECT11_2_2_3_4,HTML_PAGE_SELECT11_2_2_3_4,select11_2_2_3_4,same_stem
6624,HACTION_SELECT11_2_2_4,HTML_PAGE_SELECT11_2_2_4,select11_2_2_4,same_stem
6625,HACTION_SELECT11_2_2_4_1,HTML_PAGE_SELECT11_2_2_4_1,select11_2_2_4_1,same_stem
6626,HACTION_SELECT11_2_2_4_2,HTML_PAGE_SELECT11_2_2_4_2,select11_2_2_4_2,same_stem
6627,HACTION_SELECT11_2_2_4_3,HTML_PAGE_SELECT11_2_2_4_3,select11_2_2_4_3,same_stem
6628,HACTION_SELECT11_2_2_4_4,HTML_PAGE_SELECT11_2_2_4_4,select11_2_2_4_4,same_stem
6629,HACTION_SELECT11_2_3,HTML_PAGE_SELECT11_2_3,select11_2_3,same_stem
6630,HACTION_SELECT11_2_3_1,HTML_PAGE_SELECT11_2_3_1,select11_2_3_1,same_stem
6631,HACTION_SELECT11_2_3_1_1,HTML_PAGE_SELECT11_2_3_1_1,select11_2_3_1_1,same_stem
6632,HACTION_SELECT11_2_3_1_2,HTML_PAGE_SELECT11_2_3_1_2,select11_2_3_1_2,same_stem
6633,HACTION_SELECT11_2_3_1_3,HTML_PAGE_SELECT11_2_3_1_3,select11_2_3_1_3,same_stem
6634,HACTION_SELECT11_2_3_1_4,HTML_PAGE_SELECT11_2_3_1_4,select11_2_3_1_4,same_stem
6635,HACTION_SELECT11_2_3_2,HTML_PAGE_SELECT11_2_3_2,select11_2_3_2,same_stem
6636,HACTION_SELECT11_2_3_2_1,HTML_PAGE_SELECT11_2_3_2_1,select11_2_3_2_1,same_stem
6637,HACTION_SELECT11_2_3_2_2,HTML_PAGE_SELECT11_2_3_2_2,select11_2_3_2_2,same_stem
6638,HACTION_SELECT11_2_3_2_3,HTML_PAGE_SELECT11_2_3_2_3,select11_2_3_2_3,same_stem
6639,HACTION_SELECT11_2_3_2_4,HTML_PAGE_SELECT11_2_3_2_4,select11_2_3_2_4,same_stem
6640,HACTION_SELECT11_2_3_3,HTML_PAGE_SELECT11_2_3_3,select11_2_3_3,same_stem
6641,HACTION_SELECT11_2_3_3_1,HTML_PAGE_SELECT11_2_3_3_1,select11_2_3_3_1,same_stem
6642,HACTION_SELECT11_2_3_3_2,HTML_PAGE_SELECT11_2_3_3_2,select11_2_3_3_2,same_stem
6643,HACTION_SELECT11_2_3_3_3,HTML_PAGE_SELECT11_2_3_3_3,select11_2_3_3_3,same_stem
6644,HACTION_SELECT11_2_3_3_4,HTML_PAGE_SELECT11_2_3_3_4,select11_2_3_3_4,same_stem
6645,HACTION_SELECT11_2_3_4,HTML_PAGE_SELECT11_2_3_4,select11_2_3_4,same_stem
6646,HACTION_SELECT11_2_3_4_1,HTML_PAGE_SELECT11_2_3_4_1,select11_2_3_4_1,same_stem
6647,HACTION_SELECT11_2_3_4_2,HTML_PAGE_SELECT11_2_3_4_2,select11_2_3_4_2,same_stem
6648,HACTION_SELECT11_2_3_4_3,HTML_PAGE_SELECT11_2_3_4_3,select11_2_3_4_3,same_stem
6649,HACTION_SELECT11_2_3_4_4,HTML_PAGE_SELECT11_2_3_4_4,select11_2_3_4_4,same_stem
6650,HACTION_SELECT11_2_4,HTML_PAGE_SELECT11_2_4,select11_2_4,same_stem
6651,HACTION_SELECT11_2_4_1,HTML_PAGE_SELECT11_2_4_1,select11_2_4_1,same_stem
6652,HACTION_SELECT11_2_4_1_1,HTML_PAGE_SELECT11_2_4_1_1,select11_2_4_1_1,same_stem
6653,HACTION_SELECT11_2_4_1_2,HTML_PAGE_SELECT11_2_4_1_2,select11_2_4_1_2,same_stem
6654,HACTION_SELECT11_2_4_1_3,HTML_PAGE_SELECT11_2_4_1_3,select11_2_4_1_3,same_stem
6655,HACTION_SELECT11_2_4_1_4,HTML_PAGE_SELECT11_2_4_1_4,select11_2_4_1_4,same_stem
6656,HACTION_SELECT11_2_4_2,HTML_PAGE_SELECT11_2_4_2,select11_2_4_2,same_stem
6657,HACTION_SELECT11_2_4_2_1,HTML_PAGE_SELECT11_2_4_2_1,select11_2_4_2_1,same_stem
6658,HACTION_SELECT11_2_4_2_2,HTML_PAGE_SELECT11_2_4_2_2,select11_2_4_2_2,same_stem
6659,HACTION_SELECT11_2_4_2_3,HTML_PAGE_SELECT11_2_4_2_3,select11_2_4_2_3,same_stem
6660,HACTION_SELECT11_2_4_2_4,HTML_PAGE_SELECT11_2_4_2_4,select11_2_4_2_4,same_stem
6661,HACTION_SELECT11_2_4_3,HTML_PAGE_SELECT11_2_4_3,select11_2_4_3,same_stem
6662,HACTION_SELECT11_2_4_3_1,HTML_PAGE_SELECT11_2_4_3_1,select11_2_4_3_1,same_stem
6663,HACTION_SELECT11_2_4_3_2,HTML_PAGE_SELECT11_2_4_3_2,select11_2_4_3_2,same_stem
6664,HACTION_SELECT11_2_4_3_3,HTML_PAGE_SELECT11_2_4_3_3,select11_2_4_3_3,same_stem
6665,HACTION_SELECT11_2_4_3_4,HTML_PAGE_SELECT11_2_4_3_4,select11_2_4_3_4,same_stem
6666,HACTION_SELECT11_2_4_4,HTML_PAGE_SELECT11_2_4_4,select11_2_4_4,same_stem
6667,HACTION_SELECT11_2_4_4_1,HTML_PAGE_SELECT11_2_4_4_1,select11_2_4_4_1,same_stem
6668,HACTION_SELECT11_2_4_4_2,HTML_PAGE_SELECT11_2_4_4_2,select11_2_4_4_2,same_stem
6669,HACTION_SELECT11_2_4_4_3,HTML_PAGE_SELECT11_2_4_4_3,select11_2_4_4_3,same_stem
6670,HACTION_SELECT11_2_4_4_4,HTML_PAGE_SELECT11_2_4_4_4,select11_2_4_4_4,same_stem
6671,HACTION_SELECT11_3,HTML_PAGE_SELECT11_3,select11_3,same_stem
6672,HACTION_SELECT11_3_1,HTML_PAGE_SELECT11_3_1,select11_3_1,same_stem
6673,HACTION_SELECT11_3_1_1,HTML_PAGE_SELECT11_3_1_1,select11_3_1_1,same_stem
6674,HACTION_SELECT11_3_1_1_1,HTML_PAGE_SELECT11_3_1_1_1,select11_3_1_1_1,same_stem
6675,HACTION_SELECT11_3_1_1_2,HTML_PAGE_SELECT11_3_1_1_2,select11_3_1_1_2,same_stem
6676,HACTION_SELECT11_3_1_1_3,HTML_PAGE_SELECT11_3_1_1_3,select11_3_1_1_3,same_stem
6677,HACTION_SELECT11_3_1_1_4,HTML_PAGE_SELECT11_3_1_1_4,select11_3_1_1_4,same_stem
6678,HACTION_SELECT11_3_1_2,HTML_PAGE_SELECT11_3_1_2,select11_3_1_2,same_stem
6679,HACTION_SELECT11_3_1_2_1,HTML_PAGE_SELECT11_3_1_2_1,select11_3_1_2_1,same_stem
6680,HACTION_SELECT11_3_1_2_2,HTML_PAGE_SELECT11_3_1_2_2,select11_3_1_2_2,same_stem
6681,HACTION_SELECT11_3_1_2_3,HTML_PAGE_SELECT11_3_1_2_3,select11_3_1_2_3,same_stem
6682,HACTION_SELECT11_3_1_2_4,HTML_PAGE_SELECT11_3_1_2_4,select11_3_1_2_4,same_stem
6683,HACTION_SELECT11_3_1_3,HTML_PAGE_SELECT11_3_1_3,select11_3_1_3,same_stem
6684,HACTION_SELECT11_3_1_3_1,HTML_PAGE_SELECT11_3_1_3_1,select11_3_1_3_1,same_stem
6685,HACTION_SELECT11_3_1_3_2,HTML_PAGE_SELECT11_3_1_3_2,select11_3_1_3_2,same_stem
6686,HACTION_SELECT11_3_1_3_3,HTML_PAGE_SELECT11_3_1_3_3,select11_3_1_3_3,same_stem
6687,HACTION_SELECT11_3_1_3_4,HTML_PAGE_SELECT11_3_1_3_4,select11_3_1_3_4,same_stem
6688,HACTION_SELECT11_3_1_4,HTML_PAGE_SELECT11_3_1_4,select11_3_1_4,same_stem
6689,HACTION_SELECT11_3_1_4_1,HTML_PAGE_SELECT11_3_1_4_1,select11_3_1_4_1,same_stem
6690,HACTION_SELECT11_3_1_4_2,HTML_PAGE_SELECT11_3_1_4_2,select11_3_1_4_2,same_stem
6691,HACTION_SELECT11_3_1_4_3,HTML_PAGE_SELECT11_3_1_4_3,select11_3_1_4_3,same_stem
6692,HACTION_SELECT11_3_1_4_4,HTML_PAGE_SELECT11_3_1_4_4,select11_3_1_4_4,same_stem
6693,HACTION_SELECT11_3_2,HTML_PAGE_SELECT11_3_2,select11_3_2,same_stem
6694,HACTION_SELECT11_3_2_1,HTML_PAGE_SELECT11_3_2_1,select11_3_2_1,same_stem
6695,HACTION_SELECT11_3_2_1_1,HTML_PAGE_SELECT11_3_2_1_1,select11_3_2_1_1,same_stem
6696,HACTION_SELECT11_3_2_1_2,HTML_PAGE_SELECT11_3_2_1_2,select11_3_2_1_2,same_stem
6697,HACTION_SELECT11_3_2_1_3,HTML_PAGE_SELECT11_3_2_1_3,select11_3_2_1_3,same_stem
6698,HACTION_SELECT11_3_2_1_4,HTML_PAGE_SELECT11_3_2_1_4,select11_3_2_1_4,same_stem
6699,HACTION_SELECT11_3_2_2,HTML_PAGE_SELECT11_3_2_2,select11_3_2_2,same_stem
6700,HACTION_SELECT11_3_2_2_1,HTML_PAGE_SELECT11_3_2_2_1,select11_3_2_2_1,same_stem
6701,HACTION_SELECT11_3_2_2_2,HTML_PAGE_SELECT11_3_2_2_2,select11_3_2_2_2,same_stem
6702,HACTION_SELECT11_3_2_2_3,HTML_PAGE_SELECT11_3_2_2_3,select11_3_2_2_3,same_stem
6703,HACTION_SELECT11_3_2_2_4,HTML_PAGE_SELECT11_3_2_2_4,select11_3_2_2_4,same_stem
6704,HACTION_SELECT11_3_2_3,HTML_PAGE_SELECT11_3_2_3,select11_3_2_3,same_stem
6705,HACTION_SELECT11_3_2_3_1,HTML_PAGE_SELECT11_3_2_3_1,select11_3_2_3_1,same_stem
6706,HACTION_SELECT11_3_2_3_2,HTML_PAGE_SELECT11_3_2_3_2,select11_3_2_3_2,same_stem
6707,HACTION_SELECT11_3_2_3_3,HTML_PAGE_SELECT11_3_2_3_3,select11_3_2_3_3,same_stem
6708,HACTION_SELECT11_3_2_3_4,HTML_PAGE_SELECT11_3_2_3_4,select11_3_2_3_4,same_stem
6709,HACTION_SELECT11_3_2_4,HTML_PAGE_SELECT11_3_2_4,select11_3_2_4,same_stem
6710,HACTION_SELECT11_3_2_4_1,HTML_PAGE_SELECT11_3_2_4_1,select11_3_2_4_1,same_stem
6711,HACTION_SELECT11_3_2_4_2,HTML_PAGE_SELECT11_3_2_4_2,select11_3_2_4_2,same_stem
6712,HACTION_SELECT11_3_2_4_3,HTML_PAGE_SELECT11_3_2_4_3,select11_3_2_4_3,same_stem
6713,HACTION_SELECT11_3_2_4_4,HTML_PAGE_SELECT11_3_2_4_4,select11_3_2_4_4,same_stem
6714,HACTION_SELECT11_3_3,HTML_PAGE_SELECT11_3_3,select11_3_3,same_stem
6715,HACTION_SELECT11_3_3_1,HTML_PAGE_SELECT11_3_3_1,select11_3_3_1,same_stem
6716,HACTION_SELECT11_3_3_1_1,HTML_PAGE_SELECT11_3_3_1_1,select11_3_3_1_1,same_stem
6717,HACTION_SELECT11_3_3_1_2,HTML_PAGE_SELECT11_3_3_1_2,select11_3_3_1_2,same_stem
6718,HACTION_SELECT11_3_3_1_3,HTML_PAGE_SELECT11_3_3_1_3,select11_3_3_1_3,same_stem
6719,HACTION_SELECT11_3_3_1_4,HTML_PAGE_SELECT11_3_3_1_4,select11_3_3_1_4,same_stem
6720,HACTION_SELECT11_3_3_2,HTML_PAGE_SELECT11_3_3_2,select11_3_3_2,same_stem
6721,HACTION_SELECT11_3_3_2_1,HTML_PAGE_SELECT11_3_3_2_1,select11_3_3_2_1,same_stem
6722,HACTION_SELECT11_3_3_2_2,HTML_PAGE_SELECT11_3_3_2_2,select11_3_3_2_2,same_stem
6723,HACTION_SELECT11_3_3_2_3,HTML_PAGE_SELECT11_3_3_2_3,select11_3_3_2_3,same_stem
6724,HACTION_SELECT11_3_3_2_4,HTML_PAGE_SELECT11_3_3_2_4,select11_3_3_2_4,same_stem
6725,HACTION_SELECT11_3_3_3,HTML_PAGE_SELECT11_3_3_3,select11_3_3_3,same_stem
6726,HACTION_SELECT11_3_3_3_1,HTML_PAGE_SELECT11_3_3_3_1,select11_3_3_3_1,same_stem
6727,HACTION_SELECT11_3_3_3_2,HTML_PAGE_SELECT11_3_3_3_2,select11_3_3_3_2,same_stem
6728,HACTION_SELECT11_3_3_3_3,HTML_PAGE_SELECT11_3_3_3_3,select11_3_3_3_3,same_stem
6729,HACTION_SELECT11_3_3_3_4,HTML_PAGE_SELECT11_3_3_3_4,select11_3_3_3_4,same_stem
6730,HACTION_SELECT11_3_3_4,HTML_PAGE_SELECT11_3_3_4,select11_3_3_4,same_stem
6731,HACTION_SELECT11_3_3_4_1,HTML_PAGE_SELECT11_3_3_4_1,select11_3_3_4_1,same_stem
6732,HACTION_SELECT11_3_3_4_2,HTML_PAGE_SELECT11_3_3_4_2,select11_3_3_4_2,same_stem
6733,HACTION_SELECT11_3_3_4_3,HTML_PAGE_SELECT11_3_3_4_3,select11_3_3_4_3,same_stem
6734,HACTION_SELECT11_3_3_4_4,HTML_PAGE_SELECT11_3_3_4_4,select11_3_3_4_4,same_stem
6735,HACTION_SELECT11_3_4,HTML_PAGE_SELECT11_3_4,select11_3_4,same_stem
6736,HACTION_SELECT11_3_4_1,HTML_PAGE_SELECT11_3_4_1,select11_3_4_1,same_stem
6737,HACTION_SELECT11_3_4_1_1,HTML_PAGE_SELECT11_3_4_1_1,select11_3_4_1_1,same_stem
6738,HACTION_SELECT11_3_4_1_2,HTML_PAGE_SELECT11_3_4_1_2,select11_3_4_1_2,same_stem
6739,HACTION_SELECT11_3_4_1_3,HTML_PAGE_SELECT11_3_4_1_3,select11_3_4_1_3,same_stem
6740,HACTION_SELECT11_3_4_1_4,HTML_PAGE_SELECT11_3_4_1_4,select11_3_4_1_4,same_stem
6741,HACTION_SELECT11_3_4_2,HTML_PAGE_SELECT11_3_4_2,select11_3_4_2,same_stem
6742,HACTION_SELECT11_3_4_2_1,HTML_PAGE_SELECT11_3_4_2_1,select11_3_4_2_1,same_stem
6743,HACTION_SELECT11_3_4_2_2,HTML_PAGE_SELECT11_3_4_2_2,select11_3_4_2_2,same_stem
6744,HACTION_SELECT11_3_4_2_3,HTML_PAGE_SELECT11_3_4_2_3,select11_3_4_2_3,same_stem
6745,HACTION_SELECT11_3_4_2_4,HTML_PAGE_SELECT11_3_4_2_4,select11_3_4_2_4,same_stem
6746,HACTION_SELECT11_3_4_3,HTML_PAGE_SELECT11_3_4_3,select11_3_4_3,same_stem
6747,HACTION_SELECT11_3_4_3_1,HTML_PAGE_SELECT11_3_4_3_1,select11_3_4_3_1,same_stem
6748,HACTION_SELECT11_3_4_3_2,HTML_PAGE_SELECT11_3_4_3_2,select11_3_4_3_2,same_stem
6749,HACTION_SELECT11_3_4_3_3,HTML_PAGE_SELECT11_3_4_3_3,select11_3_4_3_3,same_stem
6750,HACTION_SELECT11_3_4_3_4,HTML_PAGE_SELECT11_3_4_3_4,select11_3_4_3_4,same_stem
6751,HACTION_SELECT11_3_4_4,HTML_PAGE_SELECT11_3_4_4,select11_3_4_4,same_stem
6752,HACTION_SELECT11_3_4_4_1,HTML_PAGE_SELECT11_3_4_4_1,select11_3_4_4_1,same_stem
6753,HACTION_SELECT11_3_4_4_2,HTML_PAGE_SELECT11_3_4_4_2,select11_3_4_4_2,same_stem
6754,HACTION_SELECT11_3_4_4_3,HTML_PAGE_SELECT11_3_4_4_3,select11_3_4_4_3,same_stem
6755,HACTION_SELECT11_3_4_4_4,HTML_PAGE_SELECT11_3_4_4_4,select11_3_4_4_4,same_stem
6756,HACTION_SELECT11_4,HTML_PAGE_SELECT11_4,select11_4,same_stem
6757,HACTION_SELECT11_4_1,HTML_PAGE_SELECT11_4_1,select11_4_1,same_stem
6758,HACTION_SELECT11_4_1_1,HTML_PAGE_SELECT11_4_1_1,select11_4_1_1,same_stem
6759,HACTION_SELECT11_4_1_1_1,HTML_PAGE_SELECT11_4_1_1_1,select11_4_1_1_1,same_stem
6760,HACTION_SELECT11_4_1_1_2,HTML_PAGE_SELECT11_4_1_1_2,select11_4_1_1_2,same_stem
6761,HACTION_SELECT11_4_1_1_3,HTML_PAGE_SELECT11_4_1_1_3,select11_4_1_1_3,same_stem
6762,HACTION_SELECT11_4_1_1_4,HTML_PAGE_SELECT11_4_1_1_4,select11_4_1_1_4,same_stem
6763,HACTION_SELECT11_4_1_2,HTML_PAGE_SELECT11_4_1_2,select11_4_1_2,same_stem
6764,HACTION_SELECT11_4_1_2_1,HTML_PAGE_SELECT11_4_1_2_1,select11_4_1_2_1,same_stem
6765,HACTION_SELECT11_4_1_2_2,HTML_PAGE_SELECT11_4_1_2_2,select11_4_1_2_2,same_stem
6766,HACTION_SELECT11_4_1_2_3,HTML_PAGE_SELECT11_4_1_2_3,select11_4_1_2_3,same_stem
6767,HACTION_SELECT11_4_1_2_4,HTML_PAGE_SELECT11_4_1_2_4,select11_4_1_2_4,same_stem
6768,HACTION_SELECT11_4_1_3,HTML_PAGE_SELECT11_4_1_3,select11_4_1_3,same_stem
6769,HACTION_SELECT11_4_1_3_1,HTML_PAGE_SELECT11_4_1_3_1,select11_4_1_3_1,same_stem
6770,HACTION_SELECT11_4_1_3_2,HTML_PAGE_SELECT11_4_1_3_2,select11_4_1_3_2,same_stem
6771,HACTION_SELECT11_4_1_3_3,HTML_PAGE_SELECT11_4_1_3_3,select11_4_1_3_3,same_stem
6772,HACTION_SELECT11_4_1_3_4,HTML_PAGE_SELECT11_4_1_3_4,select11_4_1_3_4,same_stem
6773,HACTION_SELECT11_4_1_4,HTML_PAGE_SELECT11_4_1_4,select11_4_1_4,same_stem
6774,HACTION_SELECT11_4_1_4_1,HTML_PAGE_SELECT11_4_1_4_1,select11_4_1_4_1,same_stem
6775,HACTION_SELECT11_4_1_4_2,HTML_PAGE_SELECT11_4_1_4_2,select11_4_1_4_2,same_stem
6776,HACTION_SELECT11_4_1_4_3,HTML_PAGE_SELECT11_4_1_4_3,select11_4_1_4_3,same_stem
6777,HACTION_SELECT11_4_1_4_4,HTML_PAGE_SELECT11_4_1_4_4,select11_4_1_4_4,same_stem
6778,HACTION_SELECT11_4_2,HTML_PAGE_SELECT11_4_2,select11_4_2,same_stem
6779,HACTION_SELECT11_4_2_1,HTML_PAGE_SELECT11_4_2_1,select11_4_2_1,same_stem
6780,HACTION_SELECT11_4_2_1_1,HTML_PAGE_SELECT11_4_2_1_1,select11_4_2_1_1,same_stem
6781,HACTION_SELECT11_4_2_1_2,HTML_PAGE_SELECT11_4_2_1_2,select11_4_2_1_2,same_stem
6782,HACTION_SELECT11_4_2_1_3,HTML_PAGE_SELECT11_4_2_1_3,select11_4_2_1_3,same_stem
6783,HACTION_SELECT11_4_2_1_4,HTML_PAGE_SELECT11_4_2_1_4,select11_4_2_1_4,same_stem
6784,HACTION_SELECT11_4_2_2,HTML_PAGE_SELECT11_4_2_2,select11_4_2_2,same_stem
6785,HACTION_SELECT11_4_2_2_1,HTML_PAGE_SELECT11_4_2_2_1,select11_4_2_2_1,same_stem
6786,HACTION_SELECT11_4_2_2_2,HTML_PAGE_SELECT11_4_2_2_2,select11_4_2_2_2,same_stem
6787,HACTION_SELECT11_4_2_2_3,HTML_PAGE_SELECT11_4_2_2_3,select11_4_2_2_3,same_stem
6788,HACTION_SELECT11_4_2_2_4,HTML_PAGE_SELECT11_4_2_2_4,select11_4_2_2_4,same_stem
6789,HACTION_SELECT11_4_2_3,HTML_PAGE_SELECT11_4_2_3,select11_4_2_3,same_stem
6790,HACTION_SELECT11_4_2_3_1,HTML_PAGE_SELECT11_4_2_3_1,select11_4_2_3_1,same_stem
6791,HACTION_SELECT11_4_2_3_2,HTML_PAGE_SELECT11_4_2_3_2,select11_4_2_3_2,same_stem
6792,HACTION_SELECT11_4_2_3_3,HTML_PAGE_SELECT11_4_2_3_3,select11_4_2_3_3,same_stem
6793,HACTION_SELECT11_4_2_3_4,HTML_PAGE_SELECT11_4_2_3_4,select11_4_2_3_4,same_stem
6794,HACTION_SELECT11_4_2_4,HTML_PAGE_SELECT11_4_2_4,select11_4_2_4,same_stem
6795,HACTION_SELECT11_4_2_4_1,HTML_PAGE_SELECT11_4_2_4_1,select11_4_2_4_1,same_stem
6796,HACTION_SELECT11_4_2_4_2,HTML_PAGE_SELECT11_4_2_4_2,select11_4_2_4_2,same_stem
6797,HACTION_SELECT11_4_2_4_3,HTML_PAGE_SELECT11_4_2_4_3,select11_4_2_4_3,same_stem
6798,HACTION_SELECT11_4_2_4_4,HTML_PAGE_SELECT11_4_2_4_4,select11_4_2_4_4,same_stem
6799,HACTION_SELECT11_4_3,HTML_PAGE_SELECT11_4_3,select11_4_3,same_stem
6800,HACTION_SELECT11_4_3_1,HTML_PAGE_SELECT11_4_3_1,select11_4_3_1,same_stem
6801,HACTION_SELECT11_4_3_1_1,HTML_PAGE_SELECT11_4_3_1_1,select11_4_3_1_1,same_stem
6802,HACTION_SELECT11_4_3_1_2,HTML_PAGE_SELECT11_4_3_1_2,select11_4_3_1_2,same_stem
6803,HACTION_SELECT11_4_3_1_3,HTML_PAGE_SELECT11_4_3_1_3,select11_4_3_1_3,same_stem
6804,HACTION_SELECT11_4_3_1_4,HTML_PAGE_SELECT11_4_3_1_4,select11_4_3_1_4,same_stem
6805,HACTION_SELECT11_4_3_2,HTML_PAGE_SELECT11_4_3_2,select11_4_3_2,same_stem
6806,HACTION_SELECT11_4_3_2_1,HTML_PAGE_SELECT11_4_3_2_1,select11_4_3_2_1,same_stem
6807,HACTION_SELECT11_4_3_2_2,HTML_PAGE_SELECT11_4_3_2_2,select11_4_3_2_2,same_stem
6808,HACTION_SELECT11_4_3_2_3,HTML_PAGE_SELECT11_4_3_2_3,select11_4_3_2_3,same_stem
6809,HACTION_SELECT11_4_3_2_4,HTML_PAGE_SELECT11_4_3_2_4,select11_4_3_2_4,same_stem
6810,HACTION_SELECT11_4_3_3,HTML_PAGE_SELECT11_4_3_3,select11_4_3_3,same_stem
6811,HACTION_SELECT11_4_3_3_1,HTML_PAGE_SELECT11_4_3_3_1,select11_4_3_3_1,same_stem
6812,HACTION_SELECT11_4_3_3_2,HTML_PAGE_SELECT11_4_3_3_2,select11_4_3_3_2,same_stem
6813,HACTION_SELECT11_4_3_3_3,HTML_PAGE_SELECT11_4_3_3_3,select11_4_3_3_3,same_stem
6814,HACTION_SELECT11_4_3_3_4,HTML_PAGE_SELECT11_4_3_3_4,select11_4_3_3_4,same_stem
6815,HACTION_SELECT11_4_3_4,HTML_PAGE_SELECT11_4_3_4,select11_4_3_4,same_stem
6816,HACTION_SELECT11_4_3_4_1,HTML_PAGE_SELECT11_4_3_4_1,select11_4_3_4_1,same_stem
6817,HACTION_SELECT11_4_3_4_2,HTML_PAGE_SELECT11_4_3_4_2,select11_4_3_4_2,same_stem
6818,HACTION_SELECT11_4_3_4_3,HTML_PAGE_SELECT11_4_3_4_3,select11_4_3_4_3,same_stem
6819,HACTION_SELECT11_4_3_4_4,HTML_PAGE_SELECT11_4_3_4_4,select11_4_3_4_4,same_stem
6820,HACTION_SELECT11_4_4,HTML_PAGE_SELECT11_4_4,select11_4_4,same_stem
6821,HACTION_SELECT11_4_4_1,HTML_PAGE_SELECT11_4_4_1,select11_4_4_1,same_stem
6822,HACTION_SELECT11_4_4_1_1,HTML_PAGE_SELECT11_4_4_1_1,select11_4_4_1_1,same_stem
6823,HACTION_SELECT11_4_4_1_2,HTML_PAGE_SELECT11_4_4_1_2,select11_4_4_1_2,same_stem
6824,HACTION_SELECT11_4_4_1_3,HTML_PAGE_SELECT11_4_4_1_3,select11_4_4_1_3,same_stem
6825,HACTION_SELECT11_4_4_1_4,HTML_PAGE_SELECT11_4_4_1_4,select11_4_4_1_4,same_stem
6826,HACTION_SELECT11_4_4_2,HTML_PAGE_SELECT11_4_4_2,select11_4_4_2,same_stem
6827,HACTION_SELECT11_4_4_2_1,HTML_PAGE_SELECT11_4_4_2_1,select11_4_4_2_1,same_stem
6828,HACTION_SELECT11_4_4_2_2,HTML_PAGE_SELECT11_4_4_2_2,select11_4_4_2_2,same_stem
6829,HACTION_SELECT11_4_4_2_3,HTML_PAGE_SELECT11_4_4_2_3,select11_4_4_2_3,same_stem
6830,HACTION_SELECT11_4_4_2_4,HTML_PAGE_SELECT11_4_4_2_4,select11_4_4_2_4,same_stem
6831,HACTION_SELECT11_4_4_3,HTML_PAGE_SELECT11_4_4_3,select11_4_4_3,same_stem
6832,HACTION_SELECT11_4_4_3_1,HTML_PAGE_SELECT11_4_4_3_1,select11_4_4_3_1,same_stem
6833,HACTION_SELECT11_4_4_3_2,HTML_PAGE_SELECT11_4_4_3_2,select11_4_4_3_2,same_stem
6834,HACTION_SELECT11_4_4_3_3,HTML_PAGE_SELECT11_4_4_3_3,select11_4_4_3_3,same_stem
6835,HACTION_SELECT11_4_4_3_4,HTML_PAGE_SELECT11_4_4_3_4,select11_4_4_3_4,same_stem
6836,HACTION_SELECT11_4_4_4,HTML_PAGE_SELECT11_4_4_4,select11_4_4_4,same_stem
6837,HACTION_SELECT11_4_4_4_1,HTML_PAGE_SELECT11_4_4_4_1,select11_4_4_4_1,same_stem
6838,HACTION_SELECT11_4_4_4_2,HTML_PAGE_SELECT11_4_4_4_2,select11_4_4_4_2,same_stem
6839,HACTION_SELECT11_4_4_4_3,HTML_PAGE_SELECT11_4_4_4_3,select11_4_4_4_3,same_stem
6840,HACTION_SELECT11_4_4_4_4,HTML_PAGE_SELECT11_4_4_4_4,select11_4_4_4_4,same_stem
6841,HACTION_SELECT12,HTML_PAGE_SELECT12,select12,same_stem
6842,HACTION_SELECT12_1,HTML_PAGE_SELECT12_1,select12_1,same_stem
6843,HACTION_SELECT12_1_1,HTML_PAGE_SELECT12_1_1,select12_1_1,same_stem
6844,HACTION_SELECT12_1_1_1,HTML_PAGE_SELECT12_1_1_1,select12_1_1_1,same_stem
6845,HACTION_SELECT12_1_1_1_1,HTML_PAGE_SELECT12_1_1_1_1,select12_1_1_1_1,same_stem
6846,HACTION_SELECT12_1_1_1_2,HTML_PAGE_SELECT12_1_1_1_2,select12_1_1_1_2,same_stem
6847,HACTION_SELECT12_1_1_1_3,HTML_PAGE_SELECT12_1_1_1_3,select12_1_1_1_3,same_stem
6848,HACTION_SELECT12_1_1_1_4,HTML_PAGE_SELECT12_1_1_1_4,select12_1_1_1_4,same_stem
6849,HACTION_SELECT12_1_1_2,HTML_PAGE_SELECT12_1_1_2,select12_1_1_2,same_stem
6850,HACTION_SELECT12_1_1_2_1,HTML_PAGE_SELECT12_1_1_2_1,select12_1_1_2_1,same_stem
6851,HACTION_SELECT12_1_1_2_2,HTML_PAGE_SELECT12_1_1_2_2,select12_1_1_2_2,same_stem
6852,HACTION_SELECT12_1_1_2_3,HTML_PAGE_SELECT12_1_1_2_3,select12_1_1_2_3,same_stem
6853,HACTION_SELECT12_1_1_2_4,HTML_PAGE_SELECT12_1_1_2_4,select12_1_1_2_4,same_stem
6854,HACTION_SELECT12_1_1_3,HTML_PAGE_SELECT12_1_1_3,select12_1_1_3,same_stem
6855,HACTION_SELECT12_1_1_3_1,HTML_PAGE_SELECT12_1_1_3_1,select12_1_1_3_1,same_stem
6856,HACTION_SELECT12_1_1_3_2,HTML_PAGE_SELECT12_1_1_3_2,select12_1_1_3_2,same_stem
6857,HACTION_SELECT12_1_1_3_3,HTML_PAGE_SELECT12_1_1_3_3,select12_1_1_3_3,same_stem
6858,HACTION_SELECT12_1_1_3_4,HTML_PAGE_SELECT12_1_1_3_4,select12_1_1_3_4,same_stem
6859,HACTION_SELECT12_1_1_4,HTML_PAGE_SELECT12_1_1_4,select12_1_1_4,same_stem
6860,HACTION_SELECT12_1_1_4_1,HTML_PAGE_SELECT12_1_1_4_1,select12_1_1_4_1,same_stem
6861,HACTION_SELECT12_1_1_4_2,HTML_PAGE_SELECT12_1_1_4_2,select12_1_1_4_2,same_stem
6862,HACTION_SELECT12_1_1_4_3,HTML_PAGE_SELECT12_1_1_4_3,select12_1_1_4_3,same_stem
6863,HACTION_SELECT12_1_1_4_4,HTML_PAGE_SELECT12_1_1_4_4,select12_1_1_4_4,same_stem
6864,HACTION_SELECT12_1_2,HTML_PAGE_SELECT12_1_2,select12_1_2,same_stem
6865,HACTION_SELECT12_1_2_1,HTML_PAGE_SELECT12_1_2_1,select12_1_2_1,same_stem
6866,HACTION_SELECT12_1_2_1_1,HTML_PAGE_SELECT12_1_2_1_1,select12_1_2_1_1,same_stem
6867,HACTION_SELECT12_1_2_1_2,HTML_PAGE_SELECT12_1_2_1_2,select12_1_2_1_2,same_stem
6868,HACTION_SELECT12_1_2_1_3,HTML_PAGE_SELECT12_1_2_1_3,select12_1_2_1_3,same_stem
6869,HACTION_SELECT12_1_2_1_4,HTML_PAGE_SELECT12_1_2_1_4,select12_1_2_1_4,same_stem
6870,HACTION_SELECT12_1_2_2,HTML_PAGE_SELECT12_1_2_2,select12_1_2_2,same_stem
6871,HACTION_SELECT12_1_2_2_1,HTML_PAGE_SELECT12_1_2_2_1,select12_1_2_2_1,same_stem
6872,HACTION_SELECT12_1_2_2_2,HTML_PAGE_SELECT12_1_2_2_2,select12_1_2_2_2,same_stem
6873,HACTION_SELECT12_1_2_2_3,HTML_PAGE_SELECT12_1_2_2_3,select12_1_2_2_3,same_stem
6874,HACTION_SELECT12_1_2_2_4,HTML_PAGE_SELECT12_1_2_2_4,select12_1_2_2_4,same_stem
6875,HACTION_SELECT12_1_2_3,HTML_PAGE_SELECT12_1_2_3,select12_1_2_3,same_stem
6876,HACTION_SELECT12_1_2_3_1,HTML_PAGE_SELECT12_1_2_3_1,select12_1_2_3_1,same_stem
6877,HACTION_SELECT12_1_2_3_2,HTML_PAGE_SELECT12_1_2_3_2,select12_1_2_3_2,same_stem
6878,HACTION_SELECT12_1_2_3_3,HTML_PAGE_SELECT12_1_2_3_3,select12_1_2_3_3,same_stem
6879,HACTION_SELECT12_1_2_3_4,HTML_PAGE_SELECT12_1_2_3_4,select12_1_2_3_4,same_stem
6880,HACTION_SELECT12_1_2_4,HTML_PAGE_SELECT12_1_2_4,select12_1_2_4,same_stem
6881,HACTION_SELECT12_1_2_4_1,HTML_PAGE_SELECT12_1_2_4_1,select12_1_2_4_1,same_stem
6882,HACTION_SELECT12_1_2_4_2,HTML_PAGE_SELECT12_1_2_4_2,select12_1_2_4_2,same_stem
6883,HACTION_SELECT12_1_2_4_3,HTML_PAGE_SELECT12_1_2_4_3,select12_1_2_4_3,same_stem
6884,HACTION_SELECT12_1_2_4_4,HTML_PAGE_SELECT12_1_2_4_4,select12_1_2_4_4,same_stem
6885,HACTION_SELECT12_1_3,HTML_PAGE_SELECT12_1_3,select12_1_3,same_stem
6886,HACTION_SELECT12_1_3_1,HTML_PAGE_SELECT12_1_3_1,select12_1_3_1,same_stem
6887,HACTION_SELECT12_1_3_1_1,HTML_PAGE_SELECT12_1_3_1_1,select12_1_3_1_1,same_stem
6888,HACTION_SELECT12_1_3_1_2,HTML_PAGE_SELECT12_1_3_1_2,select12_1_3_1_2,same_stem
6889,HACTION_SELECT12_1_3_1_3,HTML_PAGE_SELECT12_1_3_1_3,select12_1_3_1_3,same_stem
6890,HACTION_SELECT12_1_3_1_4,HTML_PAGE_SELECT12_1_3_1_4,select12_1_3_1_4,same_stem
6891,HACTION_SELECT12_1_3_2,HTML_PAGE_SELECT12_1_3_2,select12_1_3_2,same_stem
6892,HACTION_SELECT12_1_3_2_1,HTML_PAGE_SELECT12_1_3_2_1,select12_1_3_2_1,same_stem
6893,HACTION_SELECT12_1_3_2_2,HTML_PAGE_SELECT12_1_3_2_2,select12_1_3_2_2,same_stem
6894,HACTION_SELECT12_1_3_2_3,HTML_PAGE_SELECT12_1_3_2_3,select12_1_3_2_3,same_stem
6895,HACTION_SELECT12_1_3_2_4,HTML_PAGE_SELECT12_1_3_2_4,select12_1_3_2_4,same_stem
6896,HACTION_SELECT12_1_3_3,HTML_PAGE_SELECT12_1_3_3,select12_1_3_3,same_stem
6897,HACTION_SELECT12_1_3_3_1,HTML_PAGE_SELECT12_1_3_3_1,select12_1_3_3_1,same_stem
6898,HACTION_SELECT12_1_3_3_2,HTML_PAGE_SELECT12_1_3_3_2,select12_1_3_3_2,same_stem
6899,HACTION_SELECT12_1_3_3_3,HTML_PAGE_SELECT12_1_3_3_3,select12_1_3_3_3,same_stem
6900,HACTION_SELECT12_1_3_3_4,HTML_PAGE_SELECT12_1_3_3_4,select12_1_3_3_4,same_stem
6901,HACTION_SELECT12_1_3_4,HTML_PAGE_SELECT12_1_3_4,select12_1_3_4,same_stem
6902,HACTION_SELECT12_1_3_4_1,HTML_PAGE_SELECT12_1_3_4_1,select12_1_3_4_1,same_stem
6903,HACTION_SELECT12_1_3_4_2,HTML_PAGE_SELECT12_1_3_4_2,select12_1_3_4_2,same_stem
6904,HACTION_SELECT12_1_3_4_3,HTML_PAGE_SELECT12_1_3_4_3,select12_1_3_4_3,same_stem
6905,HACTION_SELECT12_1_3_4_4,HTML_PAGE_SELECT12_1_3_4_4,select12_1_3_4_4,same_stem
6906,HACTION_SELECT12_1_4,HTML_PAGE_SELECT12_1_4,select12_1_4,same_stem
6907,HACTION_SELECT12_1_4_1,HTML_PAGE_SELECT12_1_4_1,select12_1_4_1,same_stem
6908,HACTION_SELECT12_1_4_1_1,HTML_PAGE_SELECT12_1_4_1_1,select12_1_4_1_1,same_stem
6909,HACTION_SELECT12_1_4_1_2,HTML_PAGE_SELECT12_1_4_1_2,select12_1_4_1_2,same_stem
6910,HACTION_SELECT12_1_4_1_3,HTML_PAGE_SELECT12_1_4_1_3,select12_1_4_1_3,same_stem
6911,HACTION_SELECT12_1_4_1_4,HTML_PAGE_SELECT12_1_4_1_4,select12_1_4_1_4,same_stem
6912,HACTION_SELECT12_1_4_2,HTML_PAGE_SELECT12_1_4_2,select12_1_4_2,same_stem
6913,HACTION_SELECT12_1_4_2_1,HTML_PAGE_SELECT12_1_4_2_1,select12_1_4_2_1,same_stem
6914,HACTION_SELECT12_1_4_2_2,HTML_PAGE_SELECT12_1_4_2_2,select12_1_4_2_2,same_stem
6915,HACTION_SELECT12_1_4_2_3,HTML_PAGE_SELECT12_1_4_2_3,select12_1_4_2_3,same_stem
6916,HACTION_SELECT12_1_4_2_4,HTML_PAGE_SELECT12_1_4_2_4,select12_1_4_2_4,same_stem
6917,HACTION_SELECT12_1_4_3,HTML_PAGE_SELECT12_1_4_3,select12_1_4_3,same_stem
6918,HACTION_SELECT12_1_4_3_1,HTML_PAGE_SELECT12_1_4_3_1,select12_1_4_3_1,same_stem
6919,HACTION_SELECT12_1_4_3_2,HTML_PAGE_SELECT12_1_4_3_2,select12_1_4_3_2,same_stem
6920,HACTION_SELECT12_1_4_3_3,HTML_PAGE_SELECT12_1_4_3_3,select12_1_4_3_3,same_stem
6921,HACTION_SELECT12_1_4_3_4,HTML_PAGE_SELECT12_1_4_3_4,select12_1_4_3_4,same_stem
6922,HACTION_SELECT12_1_4_4,HTML_PAGE_SELECT12_1_4_4,select12_1_4_4,same_stem
6923,HACTION_SELECT12_1_4_4_1,HTML_PAGE_SELECT12_1_4_4_1,select12_1_4_4_1,same_stem
6924,HACTION_SELECT12_1_4_4_2,HTML_PAGE_SELECT12_1_4_4_2,select12_1_4_4_2,same_stem
6925,HACTION_SELECT12_1_4_4_3,HTML_PAGE_SELECT12_1_4_4_3,select12_1_4_4_3,same_stem
6926,HACTION_SELECT12_1_4_4_4,HTML_PAGE_SELECT12_1_4_4_4,select12_1_4_4_4,same_stem
6927,HACTION_SELECT12_2,HTML_PAGE_SELECT12_2,select12_2,same_stem
6928,HACTION_SELECT12_2_1,HTML_PAGE_SELECT12_2_1,select12_2_1,same_stem
6929,HACTION_SELECT12_2_1_1,HTML_PAGE_SELECT12_2_1_1,select12_2_1_1,same_stem
6930,HACTION_SELECT12_2_1_1_1,HTML_PAGE_SELECT12_2_1_1_1,select12_2_1_1_1,same_stem
6931,HACTION_SELECT12_2_1_1_2,HTML_PAGE_SELECT12_2_1_1_2,select12_2_1_1_2,same_stem
6932,HACTION_SELECT12_2_1_1_3,HTML_PAGE_SELECT12_2_1_1_3,select12_2_1_1_3,same_stem
6933,HACTION_SELECT12_2_1_1_4,HTML_PAGE_SELECT12_2_1_1_4,select12_2_1_1_4,same_stem
6934,HACTION_SELECT12_2_1_2,HTML_PAGE_SELECT12_2_1_2,select12_2_1_2,same_stem
6935,HACTION_SELECT12_2_1_2_1,HTML_PAGE_SELECT12_2_1_2_1,select12_2_1_2_1,same_stem
6936,HACTION_SELECT12_2_1_2_2,HTML_PAGE_SELECT12_2_1_2_2,select12_2_1_2_2,same_stem
6937,HACTION_SELECT12_2_1_2_3,HTML_PAGE_SELECT12_2_1_2_3,select12_2_1_2_3,same_stem
6938,HACTION_SELECT12_2_1_2_4,HTML_PAGE_SELECT12_2_1_2_4,select12_2_1_2_4,same_stem
6939,HACTION_SELECT12_2_1_3,HTML_PAGE_SELECT12_2_1_3,select12_2_1_3,same_stem
6940,HACTION_SELECT12_2_1_3_1,HTML_PAGE_SELECT12_2_1_3_1,select12_2_1_3_1,same_stem
6941,HACTION_SELECT12_2_1_3_2,HTML_PAGE_SELECT12_2_1_3_2,select12_2_1_3_2,same_stem
6942,HACTION_SELECT12_2_1_3_3,HTML_PAGE_SELECT12_2_1_3_3,select12_2_1_3_3,same_stem
6943,HACTION_SELECT12_2_1_3_4,HTML_PAGE_SELECT12_2_1_3_4,select12_2_1_3_4,same_stem
6944,HACTION_SELECT12_2_1_4,HTML_PAGE_SELECT12_2_1_4,select12_2_1_4,same_stem
6945,HACTION_SELECT12_2_1_4_1,HTML_PAGE_SELECT12_2_1_4_1,select12_2_1_4_1,same_stem
6946,HACTION_SELECT12_2_1_4_2,HTML_PAGE_SELECT12_2_1_4_2,select12_2_1_4_2,same_stem
6947,HACTION_SELECT12_2_1_4_3,HTML_PAGE_SELECT12_2_1_4_3,select12_2_1_4_3,same_stem
6948,HACTION_SELECT12_2_1_4_4,HTML_PAGE_SELECT12_2_1_4_4,select12_2_1_4_4,same_stem
6949,HACTION_SELECT12_2_2,HTML_PAGE_SELECT12_2_2,select12_2_2,same_stem
6950,HACTION_SELECT12_2_2_1,HTML_PAGE_SELECT12_2_2_1,select12_2_2_1,same_stem
6951,HACTION_SELECT12_2_2_1_1,HTML_PAGE_SELECT12_2_2_1_1,select12_2_2_1_1,same_stem
6952,HACTION_SELECT12_2_2_1_2,HTML_PAGE_SELECT12_2_2_1_2,select12_2_2_1_2,same_stem
6953,HACTION_SELECT12_2_2_1_3,HTML_PAGE_SELECT12_2_2_1_3,select12_2_2_1_3,same_stem
6954,HACTION_SELECT12_2_2_1_4,HTML_PAGE_SELECT12_2_2_1_4,select12_2_2_1_4,same_stem
6955,HACTION_SELECT12_2_2_2,HTML_PAGE_SELECT12_2_2_2,select12_2_2_2,same_stem
6956,HACTION_SELECT12_2_2_2_1,HTML_PAGE_SELECT12_2_2_2_1,select12_2_2_2_1,same_stem
6957,HACTION_SELECT12_2_2_2_2,HTML_PAGE_SELECT12_2_2_2_2,select12_2_2_2_2,same_stem
6958,HACTION_SELECT12_2_2_2_3,HTML_PAGE_SELECT12_2_2_2_3,select12_2_2_2_3,same_stem
6959,HACTION_SELECT12_2_2_2_4,HTML_PAGE_SELECT12_2_2_2_4,select12_2_2_2_4,same_stem
6960,HACTION_SELECT12_2_2_3,HTML_PAGE_SELECT12_2_2_3,select12_2_2_3,same_stem
6961,HACTION_SELECT12_2_2_3_1,HTML_PAGE_SELECT12_2_2_3_1,select12_2_2_3_1,same_stem
6962,HACTION_SELECT12_2_2_3_2,HTML_PAGE_SELECT12_2_2_3_2,select12_2_2_3_2,same_stem
6963,HACTION_SELECT12_2_2_3_3,HTML_PAGE_SELECT12_2_2_3_3,select12_2_2_3_3,same_stem
6964,HACTION_SELECT12_2_2_3_4,HTML_PAGE_SELECT12_2_2_3_4,select12_2_2_3_4,same_stem
6965,HACTION_SELECT12_2_2_4,HTML_PAGE_SELECT12_2_2_4,select12_2_2_4,same_stem
6966,HACTION_SELECT12_2_2_4_1,HTML_PAGE_SELECT12_2_2_4_1,select12_2_2_4_1,same_stem
6967,HACTION_SELECT12_2_2_4_2,HTML_PAGE_SELECT12_2_2_4_2,select12_2_2_4_2,same_stem
6968,HACTION_SELECT12_2_2_4_3,HTML_PAGE_SELECT12_2_2_4_3,select12_2_2_4_3,same_stem
6969,HACTION_SELECT12_2_2_4_4,HTML_PAGE_SELECT12_2_2_4_4,select12_2_2_4_4,same_stem
6970,HACTION_SELECT12_2_3,HTML_PAGE_SELECT12_2_3,select12_2_3,same_stem
6971,HACTION_SELECT12_2_3_1,HTML_PAGE_SELECT12_2_3_1,select12_2_3_1,same_stem
6972,HACTION_SELECT12_2_3_1_1,HTML_PAGE_SELECT12_2_3_1_1,select12_2_3_1_1,same_stem
6973,HACTION_SELECT12_2_3_1_2,HTML_PAGE_SELECT12_2_3_1_2,select12_2_3_1_2,same_stem
6974,HACTION_SELECT12_2_3_1_3,HTML_PAGE_SELECT12_2_3_1_3,select12_2_3_1_3,same_stem
6975,HACTION_SELECT12_2_3_1_4,HTML_PAGE_SELECT12_2_3_1_4,select12_2_3_1_4,same_stem
6976,HACTION_SELECT12_2_3_2,HTML_PAGE_SELECT12_2_3_2,select12_2_3_2,same_stem
6977,HACTION_SELECT12_2_3_2_1,HTML_PAGE_SELECT12_2_3_2_1,select12_2_3_2_1,same_stem
6978,HACTION_SELECT12_2_3_2_2,HTML_PAGE_SELECT12_2_3_2_2,select12_2_3_2_2,same_stem
6979,HACTION_SELECT12_2_3_2_3,HTML_PAGE_SELECT12_2_3_2_3,select12_2_3_2_3,same_stem
6980,HACTION_SELECT12_2_3_2_4,HTML_PAGE_SELECT12_2_3_2_4,select12_2_3_2_4,same_stem
6981,HACTION_SELECT12_2_3_3,HTML_PAGE_SELECT12_2_3_3,select12_2_3_3,same_stem
6982,HACTION_SELECT12_2_3_3_1,HTML_PAGE_SELECT12_2_3_3_1,select12_2_3_3_1,same_stem
6983,HACTION_SELECT12_2_3_3_2,HTML_PAGE_SELECT12_2_3_3_2,select12_2_3_3_2,same_stem
6984,HACTION_SELECT12_2_3_3_3,HTML_PAGE_SELECT12_2_3_3_3,select12_2_3_3_3,same_stem
6985,HACTION_SELECT12_2_3_3_4,HTML_PAGE_SELECT12_2_3_3_4,select12_2_3_3_4,same_stem
6986,HACTION_SELECT12_2_3_4,HTML_PAGE_SELECT12_2_3_4,select12_2_3_4,same_stem
6987,HACTION_SELECT12_2_3_4_1,HTML_PAGE_SELECT12_2_3_4_1,select12_2_3_4_1,same_stem
6988,HACTION_SELECT12_2_3_4_2,HTML_PAGE_SELECT12_2_3_4_2,select12_2_3_4_2,same_stem
6989,HACTION_SELECT12_2_3_4_3,HTML_PAGE_SELECT12_2_3_4_3,select12_2_3_4_3,same_stem
6990,HACTION_SELECT12_2_3_4_4,HTML_PAGE_SELECT12_2_3_4_4,select12_2_3_4_4,same_stem
6991,HACTION_SELECT12_2_4,HTML_PAGE_SELECT12_2_4,select12_2_4,same_stem
6992,HACTION_SELECT12_2_4_1,HTML_PAGE_SELECT12_2_4_1,select12_2_4_1,same_stem
6993,HACTION_SELECT12_2_4_1_1,HTML_PAGE_SELECT12_2_4_1_1,select12_2_4_1_1,same_stem
6994,HACTION_SELECT12_2_4_1_2,HTML_PAGE_SELECT12_2_4_1_2,select12_2_4_1_2,same_stem
6995,HACTION_SELECT12_2_4_1_3,HTML_PAGE_SELECT12_2_4_1_3,select12_2_4_1_3,same_stem
6996,HACTION_SELECT12_2_4_1_4,HTML_PAGE_SELECT12_2_4_1_4,select12_2_4_1_4,same_stem
6997,HACTION_SELECT12_2_4_2,HTML_PAGE_SELECT12_2_4_2,select12_2_4_2,same_stem
6998,HACTION_SELECT12_2_4_2_1,HTML_PAGE_SELECT12_2_4_2_1,select12_2_4_2_1,same_stem
6999,HACTION_SELECT12_2_4_2_2,HTML_PAGE_SELECT12_2_4_2_2,select12_2_4_2_2,same_stem
7000,HACTION_SELECT12_2_4_2_3,HTML_PAGE_SELECT12_2_4_2_3,select12_2_4_2_3,same_stem
7001,HACTION_SELECT12_2_4_2_4,HTML_PAGE_SELECT12_2_4_2_4,select12_2_4_2_4,same_stem
7002,HACTION_SELECT12_2_4_3,HTML_PAGE_SELECT12_2_4_3,select12_2_4_3,same_stem
7003,HACTION_SELECT12_2_4_3_1,HTML_PAGE_SELECT12_2_4_3_1,select12_2_4_3_1,same_stem
7004,HACTION_SELECT12_2_4_3_2,HTML_PAGE_SELECT12_2_4_3_2,select12_2_4_3_2,same_stem
7005,HACTION_SELECT12_2_4_3_3,HTML_PAGE_SELECT12_2_4_3_3,select12_2_4_3_3,same_stem
7006,HACTION_SELECT12_2_4_3_4,HTML_PAGE_SELECT12_2_4_3_4,select12_2_4_3_4,same_stem
7007,HACTION_SELECT12_2_4_4,HTML_PAGE_SELECT12_2_4_4,select12_2_4_4,same_stem
7008,HACTION_SELECT12_2_4_4_1,HTML_PAGE_SELECT12_2_4_4_1,select12_2_4_4_1,same_stem
7009,HACTION_SELECT12_2_4_4_2,HTML_PAGE_SELECT12_2_4_4_2,select12_2_4_4_2,same_stem
7010,HACTION_SELECT12_2_4_4_3,HTML_PAGE_SELECT12_2_4_4_3,select12_2_4_4_3,same_stem
7011,HACTION_SELECT12_2_4_4_4,HTML_PAGE_SELECT12_2_4_4_4,select12_2_4_4_4,same_stem
7012,HACTION_SELECT12_3,HTML_PAGE_SELECT12_3,select12_3,same_stem
7013,HACTION_SELECT12_3_1,HTML_PAGE_SELECT12_3_1,select12_3_1,same_stem
7014,HACTION_SELECT12_3_1_1,HTML_PAGE_SELECT12_3_1_1,select12_3_1_1,same_stem
7015,HACTION_SELECT12_3_1_1_1,HTML_PAGE_SELECT12_3_1_1_1,select12_3_1_1_1,same_stem
7016,HACTION_SELECT12_3_1_1_2,HTML_PAGE_SELECT12_3_1_1_2,select12_3_1_1_2,same_stem
7017,HACTION_SELECT12_3_1_1_3,HTML_PAGE_SELECT12_3_1_1_3,select12_3_1_1_3,same_stem
7018,HACTION_SELECT12_3_1_1_4,HTML_PAGE_SELECT12_3_1_1_4,select12_3_1_1_4,same_stem
7019,HACTION_SELECT12_3_1_2,HTML_PAGE_SELECT12_3_1_2,select12_3_1_2,same_stem
7020,HACTION_SELECT12_3_1_2_1,HTML_PAGE_SELECT12_3_1_2_1,select12_3_1_2_1,same_stem
7021,HACTION_SELECT12_3_1_2_2,HTML_PAGE_SELECT12_3_1_2_2,select12_3_1_2_2,same_stem
7022,HACTION_SELECT12_3_1_2_3,HTML_PAGE_SELECT12_3_1_2_3,select12_3_1_2_3,same_stem
7023,HACTION_SELECT12_3_1_2_4,HTML_PAGE_SELECT12_3_1_2_4,select12_3_1_2_4,same_stem
7024,HACTION_SELECT12_3_1_3,HTML_PAGE_SELECT12_3_1_3,select12_3_1_3,same_stem
7025,HACTION_SELECT12_3_1_3_1,HTML_PAGE_SELECT12_3_1_3_1,select12_3_1_3_1,same_stem
7026,HACTION_SELECT12_3_1_3_2,HTML_PAGE_SELECT12_3_1_3_2,select12_3_1_3_2,same_stem
7027,HACTION_SELECT12_3_1_3_3,HTML_PAGE_SELECT12_3_1_3_3,select12_3_1_3_3,same_stem
7028,HACTION_SELECT12_3_1_3_4,HTML_PAGE_SELECT12_3_1_3_4,select12_3_1_3_4,same_stem
7029,HACTION_SELECT12_3_1_4,HTML_PAGE_SELECT12_3_1_4,select12_3_1_4,same_stem
7030,HACTION_SELECT12_3_1_4_1,HTML_PAGE_SELECT12_3_1_4_1,select12_3_1_4_1,same_stem
7031,HACTION_SELECT12_3_1_4_2,HTML_PAGE_SELECT12_3_1_4_2,select12_3_1_4_2,same_stem
7032,HACTION_SELECT12_3_1_4_3,HTML_PAGE_SELECT12_3_1_4_3,select12_3_1_4_3,same_stem
7033,HACTION_SELECT12_3_1_4_4,HTML_PAGE_SELECT12_3_1_4_4,select12_3_1_4_4,same_stem
7034,HACTION_SELECT12_3_2,HTML_PAGE_SELECT12_3_2,select12_3_2,same_stem
7035,HACTION_SELECT12_3_2_1,HTML_PAGE_SELECT12_3_2_1,select12_3_2_1,same_stem
7036,HACTION_SELECT12_3_2_1_1,HTML_PAGE_SELECT12_3_2_1_1,select12_3_2_1_1,same_stem
7037,HACTION_SELECT12_3_2_1_2,HTML_PAGE_SELECT12_3_2_1_2,select12_3_2_1_2,same_stem
7038,HACTION_SELECT12_3_2_1_3,HTML_PAGE_SELECT12_3_2_1_3,select12_3_2_1_3,same_stem
7039,HACTION_SELECT12_3_2_1_4,HTML_PAGE_SELECT12_3_2_1_4,select12_3_2_1_4,same_stem
7040,HACTION_SELECT12_3_2_2,HTML_PAGE_SELECT12_3_2_2,select12_3_2_2,same_stem
7041,HACTION_SELECT12_3_2_2_1,HTML_PAGE_SELECT12_3_2_2_1,select12_3_2_2_1,same_stem
7042,HACTION_SELECT12_3_2_2_2,HTML_PAGE_SELECT12_3_2_2_2,select12_3_2_2_2,same_stem
7043,HACTION_SELECT12_3_2_2_3,HTML_PAGE_SELECT12_3_2_2_3,select12_3_2_2_3,same_stem
7044,HACTION_SELECT12_3_2_2_4,HTML_PAGE_SELECT12_3_2_2_4,select12_3_2_2_4,same_stem
7045,HACTION_SELECT12_3_2_3,HTML_PAGE_SELECT12_3_2_3,select12_3_2_3,same_stem
7046,HACTION_SELECT12_3_2_3_1,HTML_PAGE_SELECT12_3_2_3_1,select12_3_2_3_1,same_stem
7047,HACTION_SELECT12_3_2_3_2,HTML_PAGE_SELECT12_3_2_3_2,select12_3_2_3_2,same_stem
7048,HACTION_SELECT12_3_2_3_3,HTML_PAGE_SELECT12_3_2_3_3,select12_3_2_3_3,same_stem
7049,HACTION_SELECT12_3_2_3_4,HTML_PAGE_SELECT12_3_2_3_4,select12_3_2_3_4,same_stem
7050,HACTION_SELECT12_3_2_4,HTML_PAGE_SELECT12_3_2_4,select12_3_2_4,same_stem
7051,HACTION_SELECT12_3_2_4_1,HTML_PAGE_SELECT12_3_2_4_1,select12_3_2_4_1,same_stem
7052,HACTION_SELECT12_3_2_4_2,HTML_PAGE_SELECT12_3_2_4_2,select12_3_2_4_2,same_stem
7053,HACTION_SELECT12_3_2_4_3,HTML_PAGE_SELECT12_3_2_4_3,select12_3_2_4_3,same_stem
7054,HACTION_SELECT12_3_2_4_4,HTML_PAGE_SELECT12_3_2_4_4,select12_3_2_4_4,same_stem
7055,HACTION_SELECT12_3_3,HTML_PAGE_SELECT12_3_3,select12_3_3,same_stem
7056,HACTION_SELECT12_3_3_1,HTML_PAGE_SELECT12_3_3_1,select12_3_3_1,same_stem
7057,HACTION_SELECT12_3_3_1_1,HTML_PAGE_SELECT12_3_3_1_1,select12_3_3_1_1,same_stem
7058,HACTION_SELECT12_3_3_1_2,HTML_PAGE_SELECT12_3_3_1_2,select12_3_3_1_2,same_stem
7059,HACTION_SELECT12_3_3_1_3,HTML_PAGE_SELECT12_3_3_1_3,select12_3_3_1_3,same_stem
7060,HACTION_SELECT12_3_3_1_4,HTML_PAGE_SELECT12_3_3_1_4,select12_3_3_1_4,same_stem
7061,HACTION_SELECT12_3_3_2,HTML_PAGE_SELECT12_3_3_2,select12_3_3_2,same_stem
7062,HACTION_SELECT12_3_3_2_1,HTML_PAGE_SELECT12_3_3_2_1,select12_3_3_2_1,same_stem
7063,HACTION_SELECT12_3_3_2_2,HTML_PAGE_SELECT12_3_3_2_2,select12_3_3_2_2,same_stem
7064,HACTION_SELECT12_3_3_2_3,HTML_PAGE_SELECT12_3_3_2_3,select12_3_3_2_3,same_stem
7065,HACTION_SELECT12_3_3_2_4,HTML_PAGE_SELECT12_3_3_2_4,select12_3_3_2_4,same_stem
7066,HACTION_SELECT12_3_3_3,HTML_PAGE_SELECT12_3_3_3,select12_3_3_3,same_stem
7067,HACTION_SELECT12_3_3_3_1,HTML_PAGE_SELECT12_3_3_3_1,select12_3_3_3_1,same_stem
7068,HACTION_SELECT12_3_3_3_2,HTML_PAGE_SELECT12_3_3_3_2,select12_3_3_3_2,same_stem
7069,HACTION_SELECT12_3_3_3_3,HTML_PAGE_SELECT12_3_3_3_3,select12_3_3_3_3,same_stem
7070,HACTION_SELECT12_3_3_3_4,HTML_PAGE_SELECT12_3_3_3_4,select12_3_3_3_4,same_stem
7071,HACTION_SELECT12_3_3_4,HTML_PAGE_SELECT12_3_3_4,select12_3_3_4,same_stem
7072,HACTION_SELECT12_3_3_4_1,HTML_PAGE_SELECT12_3_3_4_1,select12_3_3_4_1,same_stem
7073,HACTION_SELECT12_3_3_4_2,HTML_PAGE_SELECT12_3_3_4_2,select12_3_3_4_2,same_stem
7074,HACTION_SELECT12_3_3_4_3,HTML_PAGE_SELECT12_3_3_4_3,select12_3_3_4_3,same_stem
7075,HACTION_SELECT12_3_3_4_4,HTML_PAGE_SELECT12_3_3_4_4,select12_3_3_4_4,same_stem
7076,HACTION_SELECT12_3_4,HTML_PAGE_SELECT12_3_4,select12_3_4,same_stem
7077,HACTION_SELECT12_3_4_1,HTML_PAGE_SELECT12_3_4_1,select12_3_4_1,same_stem
7078,HACTION_SELECT12_3_4_1_1,HTML_PAGE_SELECT12_3_4_1_1,select12_3_4_1_1,same_stem
7079,HACTION_SELECT12_3_4_1_2,HTML_PAGE_SELECT12_3_4_1_2,select12_3_4_1_2,same_stem
7080,HACTION_SELECT12_3_4_1_3,HTML_PAGE_SELECT12_3_4_1_3,select12_3_4_1_3,same_stem
7081,HACTION_SELECT12_3_4_1_4,HTML_PAGE_SELECT12_3_4_1_4,select12_3_4_1_4,same_stem
7082,HACTION_SELECT12_3_4_2,HTML_PAGE_SELECT12_3_4_2,select12_3_4_2,same_stem
7083,HACTION_SELECT12_3_4_2_1,HTML_PAGE_SELECT12_3_4_2_1,select12_3_4_2_1,same_stem
7084,HACTION_SELECT12_3_4_2_2,HTML_PAGE_SELECT12_3_4_2_2,select12_3_4_2_2,same_stem
7085,HACTION_SELECT12_3_4_2_3,HTML_PAGE_SELECT12_3_4_2_3,select12_3_4_2_3,same_stem
7086,HACTION_SELECT12_3_4_2_4,HTML_PAGE_SELECT12_3_4_2_4,select12_3_4_2_4,same_stem
7087,HACTION_SELECT12_3_4_3,HTML_PAGE_SELECT12_3_4_3,select12_3_4_3,same_stem
7088,HACTION_SELECT12_3_4_3_1,HTML_PAGE_SELECT12_3_4_3_1,select12_3_4_3_1,same_stem
7089,HACTION_SELECT12_3_4_3_2,HTML_PAGE_SELECT12_3_4_3_2,select12_3_4_3_2,same_stem
7090,HACTION_SELECT12_3_4_3_3,HTML_PAGE_SELECT12_3_4_3_3,select12_3_4_3_3,same_stem
7091,HACTION_SELECT12_3_4_3_4,HTML_PAGE_SELECT12_3_4_3_4,select12_3_4_3_4,same_stem
7092,HACTION_SELECT12_3_4_4,HTML_PAGE_SELECT12_3_4_4,select12_3_4_4,same_stem
7093,HACTION_SELECT12_3_4_4_1,HTML_PAGE_SELECT12_3_4_4_1,select12_3_4_4_1,same_stem
7094,HACTION_SELECT12_3_4_4_2,HTML_PAGE_SELECT12_3_4_4_2,select12_3_4_4_2,same_stem
7095,HACTION_SELECT12_3_4_4_3,HTML_PAGE_SELECT12_3_4_4_3,select12_3_4_4_3,same_stem
7096,HACTION_SELECT12_3_4_4_4,HTML_PAGE_SELECT12_3_4_4_4,select12_3_4_4_4,same_stem
7097,HACTION_SELECT12_4,HTML_PAGE_SELECT12_4,select12_4,same_stem
7098,HACTION_SELECT12_4_1,HTML_PAGE_SELECT12_4_1,select12_4_1,same_stem
7099,HACTION_SELECT12_4_1_1,HTML_PAGE_SELECT12_4_1_1,select12_4_1_1,same_stem
7100,HACTION_SELECT12_4_1_1_1,HTML_PAGE_SELECT12_4_1_1_1,select12_4_1_1_1,same_stem
7101,HACTION_SELECT12_4_1_1_2,HTML_PAGE_SELECT12_4_1_1_2,select12_4_1_1_2,same_stem
7102,HACTION_SELECT12_4_1_1_3,HTML_PAGE_SELECT12_4_1_1_3,select12_4_1_1_3,same_stem
7103,HACTION_SELECT12_4_1_1_4,HTML_PAGE_SELECT12_4_1_1_4,select12_4_1_1_4,same_stem
7104,HACTION_SELECT12_4_1_2,HTML_PAGE_SELECT12_4_1_2,select12_4_1_2,same_stem
7105,HACTION_SELECT12_4_1_2_1,HTML_PAGE_SELECT12_4_1_2_1,select12_4_1_2_1,same_stem
7106,HACTION_SELECT12_4_1_2_2,HTML_PAGE_SELECT12_4_1_2_2,select12_4_1_2_2,same_stem
7107,HACTION_SELECT12_4_1_2_3,HTML_PAGE_SELECT12_4_1_2_3,select12_4_1_2_3,same_stem
7108,HACTION_SELECT12_4_1_2_4,HTML_PAGE_SELECT12_4_1_2_4,select12_4_1_2_4,same_stem
7109,HACTION_SELECT12_4_1_3,HTML_PAGE_SELECT12_4_1_3,select12_4_1_3,same_stem
7110,HACTION_SELECT12_4_1_3_1,HTML_PAGE_SELECT12_4_1_3_1,select12_4_1_3_1,same_stem
7111,HACTION_SELECT12_4_1_3_2,HTML_PAGE_SELECT12_4_1_3_2,select12_4_1_3_2,same_stem
7112,HACTION_SELECT12_4_1_3_3,HTML_PAGE_SELECT12_4_1_3_3,select12_4_1_3_3,same_stem
7113,HACTION_SELECT12_4_1_3_4,HTML_PAGE_SELECT12_4_1_3_4,select12_4_1_3_4,same_stem
7114,HACTION_SELECT12_4_1_4,HTML_PAGE_SELECT12_4_1_4,select12_4_1_4,same_stem
7115,HACTION_SELECT12_4_1_4_1,HTML_PAGE_SELECT12_4_1_4_1,select12_4_1_4_1,same_stem
7116,HACTION_SELECT12_4_1_4_2,HTML_PAGE_SELECT12_4_1_4_2,select12_4_1_4_2,same_stem
7117,HACTION_SELECT12_4_1_4_3,HTML_PAGE_SELECT12_4_1_4_3,select12_4_1_4_3,same_stem
7118,HACTION_SELECT12_4_1_4_4,HTML_PAGE_SELECT12_4_1_4_4,select12_4_1_4_4,same_stem
7119,HACTION_SELECT12_4_2,HTML_PAGE_SELECT12_4_2,select12_4_2,same_stem
7120,HACTION_SELECT12_4_2_1,HTML_PAGE_SELECT12_4_2_1,select12_4_2_1,same_stem
7121,HACTION_SELECT12_4_2_1_1,HTML_PAGE_SELECT12_4_2_1_1,select12_4_2_1_1,same_stem
7122,HACTION_SELECT12_4_2_1_2,HTML_PAGE_SELECT12_4_2_1_2,select12_4_2_1_2,same_stem
7123,HACTION_SELECT12_4_2_1_3,HTML_PAGE_SELECT12_4_2_1_3,select12_4_2_1_3,same_stem
7124,HACTION_SELECT12_4_2_1_4,HTML_PAGE_SELECT12_4_2_1_4,select12_4_2_1_4,same_stem
7125,HACTION_SELECT12_4_2_2,HTML_PAGE_SELECT12_4_2_2,select12_4_2_2,same_stem
7126,HACTION_SELECT12_4_2_2_1,HTML_PAGE_SELECT12_4_2_2_1,select12_4_2_2_1,same_stem
7127,HACTION_SELECT12_4_2_2_2,HTML_PAGE_SELECT12_4_2_2_2,select12_4_2_2_2,same_stem
7128,HACTION_SELECT12_4_2_2_3,HTML_PAGE_SELECT12_4_2_2_3,select12_4_2_2_3,same_stem
7129,HACTION_SELECT12_4_2_2_4,HTML_PAGE_SELECT12_4_2_2_4,select12_4_2_2_4,same_stem
7130,HACTION_SELECT12_4_2_3,HTML_PAGE_SELECT12_4_2_3,select12_4_2_3,same_stem
7131,HACTION_SELECT12_4_2_3_1,HTML_PAGE_SELECT12_4_2_3_1,select12_4_2_3_1,same_stem
7132,HACTION_SELECT12_4_2_3_2,HTML_PAGE_SELECT12_4_2_3_2,select12_4_2_3_2,same_stem
7133,HACTION_SELECT12_4_2_3_3,HTML_PAGE_SELECT12_4_2_3_3,select12_4_2_3_3,same_stem
7134,HACTION_SELECT12_4_2_3_4,HTML_PAGE_SELECT12_4_2_3_4,select12_4_2_3_4,same_stem
7135,HACTION_SELECT12_4_2_4,HTML_PAGE_SELECT12_4_2_4,select12_4_2_4,same_stem
7136,HACTION_SELECT12_4_2_4_1,HTML_PAGE_SELECT12_4_2_4_1,select12_4_2_4_1,same_stem
7137,HACTION_SELECT12_4_2_4_2,HTML_PAGE_SELECT12_4_2_4_2,select12_4_2_4_2,same_stem
7138,HACTION_SELECT12_4_2_4_3,HTML_PAGE_SELECT12_4_2_4_3,select12_4_2_4_3,same_stem
7139,HACTION_SELECT12_4_2_4_4,HTML_PAGE_SELECT12_4_2_4_4,select12_4_2_4_4,same_stem
7140,HACTION_SELECT12_4_3,HTML_PAGE_SELECT12_4_3,select12_4_3,same_stem
7141,HACTION_SELECT12_4_3_1,HTML_PAGE_SELECT12_4_3_1,select12_4_3_1,same_stem
7142,HACTION_SELECT12_4_3_1_1,HTML_PAGE_SELECT12_4_3_1_1,select12_4_3_1_1,same_stem
7143,HACTION_SELECT12_4_3_1_2,HTML_PAGE_SELECT12_4_3_1_2,select12_4_3_1_2,same_stem
7144,HACTION_SELECT12_4_3_1_3,HTML_PAGE_SELECT12_4_3_1_3,select12_4_3_1_3,same_stem
7145,HACTION_SELECT12_4_3_1_4,HTML_PAGE_SELECT12_4_3_1_4,select12_4_3_1_4,same_stem
7146,HACTION_SELECT12_4_3_2,HTML_PAGE_SELECT12_4_3_2,select12_4_3_2,same_stem
7147,HACTION_SELECT12_4_3_2_1,HTML_PAGE_SELECT12_4_3_2_1,select12_4_3_2_1,same_stem
7148,HACTION_SELECT12_4_3_2_2,HTML_PAGE_SELECT12_4_3_2_2,select12_4_3_2_2,same_stem
7149,HACTION_SELECT12_4_3_2_3,HTML_PAGE_SELECT12_4_3_2_3,select12_4_3_2_3,same_stem
7150,HACTION_SELECT12_4_3_2_4,HTML_PAGE_SELECT12_4_3_2_4,select12_4_3_2_4,same_stem
7151,HACTION_SELECT12_4_3_3,HTML_PAGE_SELECT12_4_3_3,select12_4_3_3,same_stem
7152,HACTION_SELECT12_4_3_3_1,HTML_PAGE_SELECT12_4_3_3_1,select12_4_3_3_1,same_stem
7153,HACTION_SELECT12_4_3_3_2,HTML_PAGE_SELECT12_4_3_3_2,select12_4_3_3_2,same_stem
7154,HACTION_SELECT12_4_3_3_3,HTML_PAGE_SELECT12_4_3_3_3,select12_4_3_3_3,same_stem
7155,HACTION_SELECT12_4_3_3_4,HTML_PAGE_SELECT12_4_3_3_4,select12_4_3_3_4,same_stem
7156,HACTION_SELECT12_4_3_4,HTML_PAGE_SELECT12_4_3_4,select12_4_3_4,same_stem
7157,HACTION_SELECT12_4_3_4_1,HTML_PAGE_SELECT12_4_3_4_1,select12_4_3_4_1,same_stem
7158,HACTION_SELECT12_4_3_4_2,HTML_PAGE_SELECT12_4_3_4_2,select12_4_3_4_2,same_stem
7159,HACTION_SELECT12_4_3_4_3,HTML_PAGE_SELECT12_4_3_4_3,select12_4_3_4_3,same_stem
7160,HACTION_SELECT12_4_3_4_4,HTML_PAGE_SELECT12_4_3_4_4,select12_4_3_4_4,same_stem
7161,HACTION_SELECT12_4_4,HTML_PAGE_SELECT12_4_4,select12_4_4,same_stem
7162,HACTION_SELECT12_4_4_1,HTML_PAGE_SELECT12_4_4_1,select12_4_4_1,same_stem
7163,HACTION_SELECT12_4_4_1_1,HTML_PAGE_SELECT12_4_4_1_1,select12_4_4_1_1,same_stem
7164,HACTION_SELECT12_4_4_1_2,HTML_PAGE_SELECT12_4_4_1_2,select12_4_4_1_2,same_stem
7165,HACTION_SELECT12_4_4_1_3,HTML_PAGE_SELECT12_4_4_1_3,select12_4_4_1_3,same_stem
7166,HACTION_SELECT12_4_4_1_4,HTML_PAGE_SELECT12_4_4_1_4,select12_4_4_1_4,same_stem
7167,HACTION_SELECT12_4_4_2,HTML_PAGE_SELECT12_4_4_2,select12_4_4_2,same_stem
7168,HACTION_SELECT12_4_4_2_1,HTML_PAGE_SELECT12_4_4_2_1,select12_4_4_2_1,same_stem
7169,HACTION_SELECT12_4_4_2_2,HTML_PAGE_SELECT12_4_4_2_2,select12_4_4_2_2,same_stem
7170,HACTION_SELECT12_4_4_2_3,HTML_PAGE_SELECT12_4_4_2_3,select12_4_4_2_3,same_stem
7171,HACTION_SELECT12_4_4_2_4,HTML_PAGE_SELECT12_4_4_2_4,select12_4_4_2_4,same_stem
7172,HACTION_SELECT12_4_4_3,HTML_PAGE_SELECT12_4_4_3,select12_4_4_3,same_stem
7173,HACTION_SELECT12_4_4_3_1,HTML_PAGE_SELECT12_4_4_3_1,select12_4_4_3_1,same_stem
7174,HACTION_SELECT12_4_4_3_2,HTML_PAGE_SELECT12_4_4_3_2,select12_4_4_3_2,same_stem
7175,HACTION_SELECT12_4_4_3_3,HTML_PAGE_SELECT12_4_4_3_3,select12_4_4_3_3,same_stem
7176,HACTION_SELECT12_4_4_3_4,HTML_PAGE_SELECT12_4_4_3_4,select12_4_4_3_4,same_stem
7177,HACTION_SELECT12_4_4_4,HTML_PAGE_SELECT12_4_4_4,select12_4_4_4,same_stem
7178,HACTION_SELECT12_4_4_4_1,HTML_PAGE_SELECT12_4_4_4_1,select12_4_4_4_1,same_stem
7179,HACTION_SELECT12_4_4_4_2,HTML_PAGE_SELECT12_4_4_4_2,select12_4_4_4_2,same_stem
7180,HACTION_SELECT12_4_4_4_3,HTML_PAGE_SELECT12_4_4_4_3,select12_4_4_4_3,same_stem
7181,HACTION_SELECT12_4_4_4_4,HTML_PAGE_SELECT12_4_4_4_4,select12_4_4_4_4,same_stem
7182,HACTION_SELECT13,HTML_PAGE_SELECT13,select13,same_stem
7183,HACTION_SELECT13_1,HTML_PAGE_SELECT13_1,select13_1,same_stem
7184,HACTION_SELECT13_1_1,HTML_PAGE_SELECT13_1_1,select13_1_1,same_stem
7185,HACTION_SELECT13_1_1_1,HTML_PAGE_SELECT13_1_1_1,select13_1_1_1,same_stem
7186,HACTION_SELECT13_1_1_1_1,HTML_PAGE_SELECT13_1_1_1_1,select13_1_1_1_1,same_stem
7187,HACTION_SELECT13_1_1_1_2,HTML_PAGE_SELECT13_1_1_1_2,select13_1_1_1_2,same_stem
7188,HACTION_SELECT13_1_1_1_3,HTML_PAGE_SELECT13_1_1_1_3,select13_1_1_1_3,same_stem
7189,HACTION_SELECT13_1_1_1_4,HTML_PAGE_SELECT13_1_1_1_4,select13_1_1_1_4,same_stem
7190,HACTION_SELECT13_1_1_2,HTML_PAGE_SELECT13_1_1_2,select13_1_1_2,same_stem
7191,HACTION_SELECT13_1_1_2_1,HTML_PAGE_SELECT13_1_1_2_1,select13_1_1_2_1,same_stem
7192,HACTION_SELECT13_1_1_2_2,HTML_PAGE_SELECT13_1_1_2_2,select13_1_1_2_2,same_stem
7193,HACTION_SELECT13_1_1_2_3,HTML_PAGE_SELECT13_1_1_2_3,select13_1_1_2_3,same_stem
7194,HACTION_SELECT13_1_1_2_4,HTML_PAGE_SELECT13_1_1_2_4,select13_1_1_2_4,same_stem
7195,HACTION_SELECT13_1_1_3,HTML_PAGE_SELECT13_1_1_3,select13_1_1_3,same_stem
7196,HACTION_SELECT13_1_1_3_1,HTML_PAGE_SELECT13_1_1_3_1,select13_1_1_3_1,same_stem
7197,HACTION_SELECT13_1_1_3_2,HTML_PAGE_SELECT13_1_1_3_2,select13_1_1_3_2,same_stem
7198,HACTION_SELECT13_1_1_3_3,HTML_PAGE_SELECT13_1_1_3_3,select13_1_1_3_3,same_stem
7199,HACTION_SELECT13_1_1_3_4,HTML_PAGE_SELECT13_1_1_3_4,select13_1_1_3_4,same_stem
7200,HACTION_SELECT13_1_1_4,HTML_PAGE_SELECT13_1_1_4,select13_1_1_4,same_stem
7201,HACTION_SELECT13_1_1_4_1,HTML_PAGE_SELECT13_1_1_4_1,select13_1_1_4_1,same_stem
7202,HACTION_SELECT13_1_1_4_2,HTML_PAGE_SELECT13_1_1_4_2,select13_1_1_4_2,same_stem
7203,HACTION_SELECT13_1_1_4_3,HTML_PAGE_SELECT13_1_1_4_3,select13_1_1_4_3,same_stem
7204,HACTION_SELECT13_1_1_4_4,HTML_PAGE_SELECT13_1_1_4_4,select13_1_1_4_4,same_stem
7205,HACTION_SELECT13_1_2,HTML_PAGE_SELECT13_1_2,select13_1_2,same_stem
7206,HACTION_SELECT13_1_2_1,HTML_PAGE_SELECT13_1_2_1,select13_1_2_1,same_stem
7207,HACTION_SELECT13_1_2_1_1,HTML_PAGE_SELECT13_1_2_1_1,select13_1_2_1_1,same_stem
7208,HACTION_SELECT13_1_2_1_2,HTML_PAGE_SELECT13_1_2_1_2,select13_1_2_1_2,same_stem
7209,HACTION_SELECT13_1_2_1_3,HTML_PAGE_SELECT13_1_2_1_3,select13_1_2_1_3,same_stem
7210,HACTION_SELECT13_1_2_1_4,HTML_PAGE_SELECT13_1_2_1_4,select13_1_2_1_4,same_stem
7211,HACTION_SELECT13_1_2_2,HTML_PAGE_SELECT13_1_2_2,select13_1_2_2,same_stem
7212,HACTION_SELECT13_1_2_2_1,HTML_PAGE_SELECT13_1_2_2_1,select13_1_2_2_1,same_stem
7213,HACTION_SELECT13_1_2_2_2,HTML_PAGE_SELECT13_1_2_2_2,select13_1_2_2_2,same_stem
7214,HACTION_SELECT13_1_2_2_3,HTML_PAGE_SELECT13_1_2_2_3,select13_1_2_2_3,same_stem
7215,HACTION_SELECT13_1_2_2_4,HTML_PAGE_SELECT13_1_2_2_4,select13_1_2_2_4,same_stem
7216,HACTION_SELECT13_1_2_3,HTML_PAGE_SELECT13_1_2_3,select13_1_2_3,same_stem
7217,HACTION_SELECT13_1_2_3_1,HTML_PAGE_SELECT13_1_2_3_1,select13_1_2_3_1,same_stem
7218,HACTION_SELECT13_1_2_3_2,HTML_PAGE_SELECT13_1_2_3_2,select13_1_2_3_2,same_stem
7219,HACTION_SELECT13_1_2_3_3,HTML_PAGE_SELECT13_1_2_3_3,select13_1_2_3_3,same_stem
7220,HACTION_SELECT13_1_2_3_4,HTML_PAGE_SELECT13_1_2_3_4,select13_1_2_3_4,same_stem
7221,HACTION_SELECT13_1_2_4,HTML_PAGE_SELECT13_1_2_4,select13_1_2_4,same_stem
7222,HACTION_SELECT13_1_2_4_1,HTML_PAGE_SELECT13_1_2_4_1,select13_1_2_4_1,same_stem
7223,HACTION_SELECT13_1_2_4_2,HTML_PAGE_SELECT13_1_2_4_2,select13_1_2_4_2,same_stem
7224,HACTION_SELECT13_1_2_4_3,HTML_PAGE_SELECT13_1_2_4_3,select13_1_2_4_3,same_stem
7225,HACTION_SELECT13_1_2_4_4,HTML_PAGE_SELECT13_1_2_4_4,select13_1_2_4_4,same_stem
7226,HACTION_SELECT13_1_3,HTML_PAGE_SELECT13_1_3,select13_1_3,same_stem
7227,HACTION_SELECT13_1_3_1,HTML_PAGE_SELECT13_1_3_1,select13_1_3_1,same_stem
7228,HACTION_SELECT13_1_3_1_1,HTML_PAGE_SELECT13_1_3_1_1,select13_1_3_1_1,same_stem
7229,HACTION_SELECT13_1_3_1_2,HTML_PAGE_SELECT13_1_3_1_2,select13_1_3_1_2,same_stem
7230,HACTION_SELECT13_1_3_1_3,HTML_PAGE_SELECT13_1_3_1_3,select13_1_3_1_3,same_stem
7231,HACTION_SELECT13_1_3_1_4,HTML_PAGE_SELECT13_1_3_1_4,select13_1_3_1_4,same_stem
7232,HACTION_SELECT13_1_3_2,HTML_PAGE_SELECT13_1_3_2,select13_1_3_2,same_stem
7233,HACTION_SELECT13_1_3_2_1,HTML_PAGE_SELECT13_1_3_2_1,select13_1_3_2_1,same_stem
7234,HACTION_SELECT13_1_3_2_2,HTML_PAGE_SELECT13_1_3_2_2,select13_1_3_2_2,same_stem
7235,HACTION_SELECT13_1_3_2_3,HTML_PAGE_SELECT13_1_3_2_3,select13_1_3_2_3,same_stem
7236,HACTION_SELECT13_1_3_2_4,HTML_PAGE_SELECT13_1_3_2_4,select13_1_3_2_4,same_stem
7237,HACTION_SELECT13_1_3_3,HTML_PAGE_SELECT13_1_3_3,select13_1_3_3,same_stem
7238,HACTION_SELECT13_1_3_3_1,HTML_PAGE_SELECT13_1_3_3_1,select13_1_3_3_1,same_stem
7239,HACTION_SELECT13_1_3_3_2,HTML_PAGE_SELECT13_1_3_3_2,select13_1_3_3_2,same_stem
7240,HACTION_SELECT13_1_3_3_3,HTML_PAGE_SELECT13_1_3_3_3,select13_1_3_3_3,same_stem
7241,HACTION_SELECT13_1_3_3_4,HTML_PAGE_SELECT13_1_3_3_4,select13_1_3_3_4,same_stem
7242,HACTION_SELECT13_1_3_4,HTML_PAGE_SELECT13_1_3_4,select13_1_3_4,same_stem
7243,HACTION_SELECT13_1_3_4_1,HTML_PAGE_SELECT13_1_3_4_1,select13_1_3_4_1,same_stem
7244,HACTION_SELECT13_1_3_4_2,HTML_PAGE_SELECT13_1_3_4_2,select13_1_3_4_2,same_stem
7245,HACTION_SELECT13_1_3_4_3,HTML_PAGE_SELECT13_1_3_4_3,select13_1_3_4_3,same_stem
7246,HACTION_SELECT13_1_3_4_4,HTML_PAGE_SELECT13_1_3_4_4,select13_1_3_4_4,same_stem
7247,HACTION_SELECT13_1_4,HTML_PAGE_SELECT13_1_4,select13_1_4,same_stem
7248,HACTION_SELECT13_1_4_1,HTML_PAGE_SELECT13_1_4_1,select13_1_4_1,same_stem
7249,HACTION_SELECT13_1_4_1_1,HTML_PAGE_SELECT13_1_4_1_1,select13_1_4_1_1,same_stem
7250,HACTION_SELECT13_1_4_1_2,HTML_PAGE_SELECT13_1_4_1_2,select13_1_4_1_2,same_stem
7251,HACTION_SELECT13_1_4_1_3,HTML_PAGE_SELECT13_1_4_1_3,select13_1_4_1_3,same_stem
7252,HACTION_SELECT13_1_4_1_4,HTML_PAGE_SELECT13_1_4_1_4,select13_1_4_1_4,same_stem
7253,HACTION_SELECT13_1_4_2,HTML_PAGE_SELECT13_1_4_2,select13_1_4_2,same_stem
7254,HACTION_SELECT13_1_4_2_1,HTML_PAGE_SELECT13_1_4_2_1,select13_1_4_2_1,same_stem
7255,HACTION_SELECT13_1_4_2_2,HTML_PAGE_SELECT13_1_4_2_2,select13_1_4_2_2,same_stem
7256,HACTION_SELECT13_1_4_2_3,HTML_PAGE_SELECT13_1_4_2_3,select13_1_4_2_3,same_stem
7257,HACTION_SELECT13_1_4_2_4,HTML_PAGE_SELECT13_1_4_2_4,select13_1_4_2_4,same_stem
7258,HACTION_SELECT13_1_4_3,HTML_PAGE_SELECT13_1_4_3,select13_1_4_3,same_stem
7259,HACTION_SELECT13_1_4_3_1,HTML_PAGE_SELECT13_1_4_3_1,select13_1_4_3_1,same_stem
7260,HACTION_SELECT13_1_4_3_2,HTML_PAGE_SELECT13_1_4_3_2,select13_1_4_3_2,same_stem
7261,HACTION_SELECT13_1_4_3_3,HTML_PAGE_SELECT13_1_4_3_3,select13_1_4_3_3,same_stem
7262,HACTION_SELECT13_1_4_3_4,HTML_PAGE_SELECT13_1_4_3_4,select13_1_4_3_4,same_stem
7263,HACTION_SELECT13_1_4_4,HTML_PAGE_SELECT13_1_4_4,select13_1_4_4,same_stem
7264,HACTION_SELECT13_1_4_4_1,HTML_PAGE_SELECT13_1_4_4_1,select13_1_4_4_1,same_stem
7265,HACTION_SELECT13_1_4_4_2,HTML_PAGE_SELECT13_1_4_4_2,select13_1_4_4_2,same_stem
7266,HACTION_SELECT13_1_4_4_3,HTML_PAGE_SELECT13_1_4_4_3,select13_1_4_4_3,same_stem
7267,HACTION_SELECT13_1_4_4_4,HTML_PAGE_SELECT13_1_4_4_4,select13_1_4_4_4,same_stem
7268,HACTION_SELECT13_2,HTML_PAGE_SELECT13_2,select13_2,same_stem
7269,HACTION_SELECT13_2_1,HTML_PAGE_SELECT13_2_1,select13_2_1,same_stem
7270,HACTION_SELECT13_2_1_1,HTML_PAGE_SELECT13_2_1_1,select13_2_1_1,same_stem
7271,HACTION_SELECT13_2_1_1_1,HTML_PAGE_SELECT13_2_1_1_1,select13_2_1_1_1,same_stem
7272,HACTION_SELECT13_2_1_1_2,HTML_PAGE_SELECT13_2_1_1_2,select13_2_1_1_2,same_stem
7273,HACTION_SELECT13_2_1_1_3,HTML_PAGE_SELECT13_2_1_1_3,select13_2_1_1_3,same_stem
7274,HACTION_SELECT13_2_1_1_4,HTML_PAGE_SELECT13_2_1_1_4,select13_2_1_1_4,same_stem
7275,HACTION_SELECT13_2_1_2,HTML_PAGE_SELECT13_2_1_2,select13_2_1_2,same_stem
7276,HACTION_SELECT13_2_1_2_1,HTML_PAGE_SELECT13_2_1_2_1,select13_2_1_2_1,same_stem
7277,HACTION_SELECT13_2_1_2_2,HTML_PAGE_SELECT13_2_1_2_2,select13_2_1_2_2,same_stem
7278,HACTION_SELECT13_2_1_2_3,HTML_PAGE_SELECT13_2_1_2_3,select13_2_1_2_3,same_stem
7279,HACTION_SELECT13_2_1_2_4,HTML_PAGE_SELECT13_2_1_2_4,select13_2_1_2_4,same_stem
7280,HACTION_SELECT13_2_1_3,HTML_PAGE_SELECT13_2_1_3,select13_2_1_3,same_stem
7281,HACTION_SELECT13_2_1_3_1,HTML_PAGE_SELECT13_2_1_3_1,select13_2_1_3_1,same_stem
7282,HACTION_SELECT13_2_1_3_2,HTML_PAGE_SELECT13_2_1_3_2,select13_2_1_3_2,same_stem
7283,HACTION_SELECT13_2_1_3_3,HTML_PAGE_SELECT13_2_1_3_3,select13_2_1_3_3,same_stem
7284,HACTION_SELECT13_2_1_3_4,HTML_PAGE_SELECT13_2_1_3_4,select13_2_1_3_4,same_stem
7285,HACTION_SELECT13_2_1_4,HTML_PAGE_SELECT13_2_1_4,select13_2_1_4,same_stem
7286,HACTION_SELECT13_2_1_4_1,HTML_PAGE_SELECT13_2_1_4_1,select13_2_1_4_1,same_stem
7287,HACTION_SELECT13_2_1_4_2,HTML_PAGE_SELECT13_2_1_4_2,select13_2_1_4_2,same_stem
7288,HACTION_SELECT13_2_1_4_3,HTML_PAGE_SELECT13_2_1_4_3,select13_2_1_4_3,same_stem
7289,HACTION_SELECT13_2_1_4_4,HTML_PAGE_SELECT13_2_1_4_4,select13_2_1_4_4,same_stem
7290,HACTION_SELECT13_2_2,HTML_PAGE_SELECT13_2_2,select13_2_2,same_stem
7291,HACTION_SELECT13_2_2_1,HTML_PAGE_SELECT13_2_2_1,select13_2_2_1,same_stem
7292,HACTION_SELECT13_2_2_1_1,HTML_PAGE_SELECT13_2_2_1_1,select13_2_2_1_1,same_stem
7293,HACTION_SELECT13_2_2_1_2,HTML_PAGE_SELECT13_2_2_1_2,select13_2_2_1_2,same_stem
7294,HACTION_SELECT13_2_2_1_3,HTML_PAGE_SELECT13_2_2_1_3,select13_2_2_1_3,same_stem
7295,HACTION_SELECT13_2_2_1_4,HTML_PAGE_SELECT13_2_2_1_4,select13_2_2_1_4,same_stem
7296,HACTION_SELECT13_2_2_2,HTML_PAGE_SELECT13_2_2_2,select13_2_2_2,same_stem
7297,HACTION_SELECT13_2_2_2_1,HTML_PAGE_SELECT13_2_2_2_1,select13_2_2_2_1,same_stem
7298,HACTION_SELECT13_2_2_2_2,HTML_PAGE_SELECT13_2_2_2_2,select13_2_2_2_2,same_stem
7299,HACTION_SELECT13_2_2_2_3,HTML_PAGE_SELECT13_2_2_2_3,select13_2_2_2_3,same_stem
7300,HACTION_SELECT13_2_2_2_4,HTML_PAGE_SELECT13_2_2_2_4,select13_2_2_2_4,same_stem
7301,HACTION_SELECT13_2_2_3,HTML_PAGE_SELECT13_2_2_3,select13_2_2_3,same_stem
7302,HACTION_SELECT13_2_2_3_1,HTML_PAGE_SELECT13_2_2_3_1,select13_2_2_3_1,same_stem
7303,HACTION_SELECT13_2_2_3_2,HTML_PAGE_SELECT13_2_2_3_2,select13_2_2_3_2,same_stem
7304,HACTION_SELECT13_2_2_3_3,HTML_PAGE_SELECT13_2_2_3_3,select13_2_2_3_3,same_stem
7305,HACTION_SELECT13_2_2_3_4,HTML_PAGE_SELECT13_2_2_3_4,select13_2_2_3_4,same_stem
7306,HACTION_SELECT13_2_2_4,HTML_PAGE_SELECT13_2_2_4,select13_2_2_4,same_stem
7307,HACTION_SELECT13_2_2_4_1,HTML_PAGE_SELECT13_2_2_4_1,select13_2_2_4_1,same_stem
7308,HACTION_SELECT13_2_2_4_2,HTML_PAGE_SELECT13_2_2_4_2,select13_2_2_4_2,same_stem
7309,HACTION_SELECT13_2_2_4_3,HTML_PAGE_SELECT13_2_2_4_3,select13_2_2_4_3,same_stem
7310,HACTION_SELECT13_2_2_4_4,HTML_PAGE_SELECT13_2_2_4_4,select13_2_2_4_4,same_stem
7311,HACTION_SELECT13_2_3,HTML_PAGE_SELECT13_2_3,select13_2_3,same_stem
7312,HACTION_SELECT13_2_3_1,HTML_PAGE_SELECT13_2_3_1,select13_2_3_1,same_stem
7313,HACTION_SELECT13_2_3_1_1,HTML_PAGE_SELECT13_2_3_1_1,select13_2_3_1_1,same_stem
7314,HACTION_SELECT13_2_3_1_2,HTML_PAGE_SELECT13_2_3_1_2,select13_2_3_1_2,same_stem
7315,HACTION_SELECT13_2_3_1_3,HTML_PAGE_SELECT13_2_3_1_3,select13_2_3_1_3,same_stem
7316,HACTION_SELECT13_2_3_1_4,HTML_PAGE_SELECT13_2_3_1_4,select13_2_3_1_4,same_stem
7317,HACTION_SELECT13_2_3_2,HTML_PAGE_SELECT13_2_3_2,select13_2_3_2,same_stem
7318,HACTION_SELECT13_2_3_2_1,HTML_PAGE_SELECT13_2_3_2_1,select13_2_3_2_1,same_stem
7319,HACTION_SELECT13_2_3_2_2,HTML_PAGE_SELECT13_2_3_2_2,select13_2_3_2_2,same_stem
7320,HACTION_SELECT13_2_3_2_3,HTML_PAGE_SELECT13_2_3_2_3,select13_2_3_2_3,same_stem
7321,HACTION_SELECT13_2_3_2_4,HTML_PAGE_SELECT13_2_3_2_4,select13_2_3_2_4,same_stem
7322,HACTION_SELECT13_2_3_3,HTML_PAGE_SELECT13_2_3_3,select13_2_3_3,same_stem
7323,HACTION_SELECT13_2_3_3_1,HTML_PAGE_SELECT13_2_3_3_1,select13_2_3_3_1,same_stem
7324,HACTION_SELECT13_2_3_3_2,HTML_PAGE_SELECT13_2_3_3_2,select13_2_3_3_2,same_stem
7325,HACTION_SELECT13_2_3_3_3,HTML_PAGE_SELECT13_2_3_3_3,select13_2_3_3_3,same_stem
7326,HACTION_SELECT13_2_3_3_4,HTML_PAGE_SELECT13_2_3_3_4,select13_2_3_3_4,same_stem
7327,HACTION_SELECT13_2_3_4,HTML_PAGE_SELECT13_2_3_4,select13_2_3_4,same_stem
7328,HACTION_SELECT13_2_3_4_1,HTML_PAGE_SELECT13_2_3_4_1,select13_2_3_4_1,same_stem
7329,HACTION_SELECT13_2_3_4_2,HTML_PAGE_SELECT13_2_3_4_2,select13_2_3_4_2,same_stem
7330,HACTION_SELECT13_2_3_4_3,HTML_PAGE_SELECT13_2_3_4_3,select13_2_3_4_3,same_stem
7331,HACTION_SELECT13_2_3_4_4,HTML_PAGE_SELECT13_2_3_4_4,select13_2_3_4_4,same_stem
7332,HACTION_SELECT13_2_4,HTML_PAGE_SELECT13_2_4,select13_2_4,same_stem
7333,HACTION_SELECT13_2_4_1,HTML_PAGE_SELECT13_2_4_1,select13_2_4_1,same_stem
7334,HACTION_SELECT13_2_4_1_1,HTML_PAGE_SELECT13_2_4_1_1,select13_2_4_1_1,same_stem
7335,HACTION_SELECT13_2_4_1_2,HTML_PAGE_SELECT13_2_4_1_2,select13_2_4_1_2,same_stem
7336,HACTION_SELECT13_2_4_1_3,HTML_PAGE_SELECT13_2_4_1_3,select13_2_4_1_3,same_stem
7337,HACTION_SELECT13_2_4_1_4,HTML_PAGE_SELECT13_2_4_1_4,select13_2_4_1_4,same_stem
7338,HACTION_SELECT13_2_4_2,HTML_PAGE_SELECT13_2_4_2,select13_2_4_2,same_stem
7339,HACTION_SELECT13_2_4_2_1,HTML_PAGE_SELECT13_2_4_2_1,select13_2_4_2_1,same_stem
7340,HACTION_SELECT13_2_4_2_2,HTML_PAGE_SELECT13_2_4_2_2,select13_2_4_2_2,same_stem
7341,HACTION_SELECT13_2_4_2_3,HTML_PAGE_SELECT13_2_4_2_3,select13_2_4_2_3,same_stem
7342,HACTION_SELECT13_2_4_2_4,HTML_PAGE_SELECT13_2_4_2_4,select13_2_4_2_4,same_stem
7343,HACTION_SELECT13_2_4_3,HTML_PAGE_SELECT13_2_4_3,select13_2_4_3,same_stem
7344,HACTION_SELECT13_2_4_3_1,HTML_PAGE_SELECT13_2_4_3_1,select13_2_4_3_1,same_stem
7345,HACTION_SELECT13_2_4_3_2,HTML_PAGE_SELECT13_2_4_3_2,select13_2_4_3_2,same_stem
7346,HACTION_SELECT13_2_4_3_3,HTML_PAGE_SELECT13_2_4_3_3,select13_2_4_3_3,same_stem
7347,HACTION_SELECT13_2_4_3_4,HTML_PAGE_SELECT13_2_4_3_4,select13_2_4_3_4,same_stem
7348,HACTION_SELECT13_2_4_4,HTML_PAGE_SELECT13_2_4_4,select13_2_4_4,same_stem
7349,HACTION_SELECT13_2_4_4_1,HTML_PAGE_SELECT13_2_4_4_1,select13_2_4_4_1,same_stem
7350,HACTION_SELECT13_2_4_4_2,HTML_PAGE_SELECT13_2_4_4_2,select13_2_4_4_2,same_stem
7351,HACTION_SELECT13_2_4_4_3,HTML_PAGE_SELECT13_2_4_4_3,select13_2_4_4_3,same_stem
7352,HACTION_SELECT13_2_4_4_4,HTML_PAGE_SELECT13_2_4_4_4,select13_2_4_4_4,same_stem
7353,HACTION_SELECT13_3,HTML_PAGE_SELECT13_3,select13_3,same_stem
7354,HACTION_SELECT13_3_1,HTML_PAGE_SELECT13_3_1,select13_3_1,same_stem
7355,HACTION_SELECT13_3_1_1,HTML_PAGE_SELECT13_3_1_1,select13_3_1_1,same_stem
7356,HACTION_SELECT13_3_1_1_1,HTML_PAGE_SELECT13_3_1_1_1,select13_3_1_1_1,same_stem
7357,HACTION_SELECT13_3_1_1_2,HTML_PAGE_SELECT13_3_1_1_2,select13_3_1_1_2,same_stem
7358,HACTION_SELECT13_3_1_1_3,HTML_PAGE_SELECT13_3_1_1_3,select13_3_1_1_3,same_stem
7359,HACTION_SELECT13_3_1_1_4,HTML_PAGE_SELECT13_3_1_1_4,select13_3_1_1_4,same_stem
7360,HACTION_SELECT13_3_1_2,HTML_PAGE_SELECT13_3_1_2,select13_3_1_2,same_stem
7361,HACTION_SELECT13_3_1_2_1,HTML_PAGE_SELECT13_3_1_2_1,select13_3_1_2_1,same_stem
7362,HACTION_SELECT13_3_1_2_2,HTML_PAGE_SELECT13_3_1_2_2,select13_3_1_2_2,same_stem
7363,HACTION_SELECT13_3_1_2_3,HTML_PAGE_SELECT13_3_1_2_3,select13_3_1_2_3,same_stem
7364,HACTION_SELECT13_3_1_2_4,HTML_PAGE_SELECT13_3_1_2_4,select13_3_1_2_4,same_stem
7365,HACTION_SELECT13_3_1_3,HTML_PAGE_SELECT13_3_1_3,select13_3_1_3,same_stem
7366,HACTION_SELECT13_3_1_3_1,HTML_PAGE_SELECT13_3_1_3_1,select13_3_1_3_1,same_stem
7367,HACTION_SELECT13_3_1_3_2,HTML_PAGE_SELECT13_3_1_3_2,select13_3_1_3_2,same_stem
7368,HACTION_SELECT13_3_1_3_3,HTML_PAGE_SELECT13_3_1_3_3,select13_3_1_3_3,same_stem
7369,HACTION_SELECT13_3_1_3_4,HTML_PAGE_SELECT13_3_1_3_4,select13_3_1_3_4,same_stem
7370,HACTION_SELECT13_3_1_4,HTML_PAGE_SELECT13_3_1_4,select13_3_1_4,same_stem
7371,HACTION_SELECT13_3_1_4_1,HTML_PAGE_SELECT13_3_1_4_1,select13_3_1_4_1,same_stem
7372,HACTION_SELECT13_3_1_4_2,HTML_PAGE_SELECT13_3_1_4_2,select13_3_1_4_2,same_stem
7373,HACTION_SELECT13_3_1_4_3,HTML_PAGE_SELECT13_3_1_4_3,select13_3_1_4_3,same_stem
7374,HACTION_SELECT13_3_1_4_4,HTML_PAGE_SELECT13_3_1_4_4,select13_3_1_4_4,same_stem
7375,HACTION_SELECT13_3_2,HTML_PAGE_SELECT13_3_2,select13_3_2,same_stem
7376,HACTION_SELECT13_3_2_1,HTML_PAGE_SELECT13_3_2_1,select13_3_2_1,same_stem
7377,HACTION_SELECT13_3_2_1_1,HTML_PAGE_SELECT13_3_2_1_1,select13_3_2_1_1,same_stem
7378,HACTION_SELECT13_3_2_1_2,HTML_PAGE_SELECT13_3_2_1_2,select13_3_2_1_2,same_stem
7379,HACTION_SELECT13_3_2_1_3,HTML_PAGE_SELECT13_3_2_1_3,select13_3_2_1_3,same_stem
7380,HACTION_SELECT13_3_2_1_4,HTML_PAGE_SELECT13_3_2_1_4,select13_3_2_1_4,same_stem
7381,HACTION_SELECT13_3_2_2,HTML_PAGE_SELECT13_3_2_2,select13_3_2_2,same_stem
7382,HACTION_SELECT13_3_2_2_1,HTML_PAGE_SELECT13_3_2_2_1,select13_3_2_2_1,same_stem
7383,HACTION_SELECT13_3_2_2_2,HTML_PAGE_SELECT13_3_2_2_2,select13_3_2_2_2,same_stem
7384,HACTION_SELECT13_3_2_2_3,HTML_PAGE_SELECT13_3_2_2_3,select13_3_2_2_3,same_stem
7385,HACTION_SELECT13_3_2_2_4,HTML_PAGE_SELECT13_3_2_2_4,select13_3_2_2_4,same_stem
7386,HACTION_SELECT13_3_2_3,HTML_PAGE_SELECT13_3_2_3,select13_3_2_3,same_stem
7387,HACTION_SELECT13_3_2_3_1,HTML_PAGE_SELECT13_3_2_3_1,select13_3_2_3_1,same_stem
7388,HACTION_SELECT13_3_2_3_2,HTML_PAGE_SELECT13_3_2_3_2,select13_3_2_3_2,same_stem
7389,HACTION_SELECT13_3_2_3_3,HTML_PAGE_SELECT13_3_2_3_3,select13_3_2_3_3,same_stem
7390,HACTION_SELECT13_3_2_3_4,HTML_PAGE_SELECT13_3_2_3_4,select13_3_2_3_4,same_stem
7391,HACTION_SELECT13_3_2_4,HTML_PAGE_SELECT13_3_2_4,select13_3_2_4,same_stem
7392,HACTION_SELECT13_3_2_4_1,HTML_PAGE_SELECT13_3_2_4_1,select13_3_2_4_1,same_stem
7393,HACTION_SELECT13_3_2_4_2,HTML_PAGE_SELECT13_3_2_4_2,select13_3_2_4_2,same_stem
7394,HACTION_SELECT13_3_2_4_3,HTML_PAGE_SELECT13_3_2_4_3,select13_3_2_4_3,same_stem
7395,HACTION_SELECT13_3_2_4_4,HTML_PAGE_SELECT13_3_2_4_4,select13_3_2_4_4,same_stem
7396,HACTION_SELECT13_3_3,HTML_PAGE_SELECT13_3_3,select13_3_3,same_stem
7397,HACTION_SELECT13_3_3_1,HTML_PAGE_SELECT13_3_3_1,select13_3_3_1,same_stem
7398,HACTION_SELECT13_3_3_1_1,HTML_PAGE_SELECT13_3_3_1_1,select13_3_3_1_1,same_stem
7399,HACTION_SELECT13_3_3_1_2,HTML_PAGE_SELECT13_3_3_1_2,select13_3_3_1_2,same_stem
7400,HACTION_SELECT13_3_3_1_3,HTML_PAGE_SELECT13_3_3_1_3,select13_3_3_1_3,same_stem
7401,HACTION_SELECT13_3_3_1_4,HTML_PAGE_SELECT13_3_3_1_4,select13_3_3_1_4,same_stem
7402,HACTION_SELECT13_3_3_2,HTML_PAGE_SELECT13_3_3_2,select13_3_3_2,same_stem
7403,HACTION_SELECT13_3_3_2_1,HTML_PAGE_SELECT13_3_3_2_1,select13_3_3_2_1,same_stem
7404,HACTION_SELECT13_3_3_2_2,HTML_PAGE_SELECT13_3_3_2_2,select13_3_3_2_2,same_stem
7405,HACTION_SELECT13_3_3_2_3,HTML_PAGE_SELECT13_3_3_2_3,select13_3_3_2_3,same_stem
7406,HACTION_SELECT13_3_3_2_4,HTML_PAGE_SELECT13_3_3_2_4,select13_3_3_2_4,same_stem
7407,HACTION_SELECT13_3_3_3,HTML_PAGE_SELECT13_3_3_3,select13_3_3_3,same_stem
7408,HACTION_SELECT13_3_3_3_1,HTML_PAGE_SELECT13_3_3_3_1,select13_3_3_3_1,same_stem
7409,HACTION_SELECT13_3_3_3_2,HTML_PAGE_SELECT13_3_3_3_2,select13_3_3_3_2,same_stem
7410,HACTION_SELECT13_3_3_3_3,HTML_PAGE_SELECT13_3_3_3_3,select13_3_3_3_3,same_stem
7411,HACTION_SELECT13_3_3_3_4,HTML_PAGE_SELECT13_3_3_3_4,select13_3_3_3_4,same_stem
7412,HACTION_SELECT13_3_3_4,HTML_PAGE_SELECT13_3_3_4,select13_3_3_4,same_stem
7413,HACTION_SELECT13_3_3_4_1,HTML_PAGE_SELECT13_3_3_4_1,select13_3_3_4_1,same_stem
7414,HACTION_SELECT13_3_3_4_2,HTML_PAGE_SELECT13_3_3_4_2,select13_3_3_4_2,same_stem
7415,HACTION_SELECT13_3_3_4_3,HTML_PAGE_SELECT13_3_3_4_3,select13_3_3_4_3,same_stem
7416,HACTION_SELECT13_3_3_4_4,HTML_PAGE_SELECT13_3_3_4_4,select13_3_3_4_4,same_stem
7417,HACTION_SELECT13_3_4,HTML_PAGE_SELECT13_3_4,select13_3_4,same_stem
7418,HACTION_SELECT13_3_4_1,HTML_PAGE_SELECT13_3_4_1,select13_3_4_1,same_stem
7419,HACTION_SELECT13_3_4_1_1,HTML_PAGE_SELECT13_3_4_1_1,select13_3_4_1_1,same_stem
7420,HACTION_SELECT13_3_4_1_2,HTML_PAGE_SELECT13_3_4_1_2,select13_3_4_1_2,same_stem
7421,HACTION_SELECT13_3_4_1_3,HTML_PAGE_SELECT13_3_4_1_3,select13_3_4_1_3,same_stem
7422,HACTION_SELECT13_3_4_1_4,HTML_PAGE_SELECT13_3_4_1_4,select13_3_4_1_4,same_stem
7423,HACTION_SELECT13_3_4_2,HTML_PAGE_SELECT13_3_4_2,select13_3_4_2,same_stem
7424,HACTION_SELECT13_3_4_2_1,HTML_PAGE_SELECT13_3_4_2_1,select13_3_4_2_1,same_stem
7425,HACTION_SELECT13_3_4_2_2,HTML_PAGE_SELECT13_3_4_2_2,select13_3_4_2_2,same_stem
7426,HACTION_SELECT13_3_4_2_3,HTML_PAGE_SELECT13_3_4_2_3,select13_3_4_2_3,same_stem
7427,HACTION_SELECT13_3_4_2_4,HTML_PAGE_SELECT13_3_4_2_4,select13_3_4_2_4,same_stem
7428,HACTION_SELECT13_3_4_3,HTML_PAGE_SELECT13_3_4_3,select13_3_4_3,same_stem
7429,HACTION_SELECT13_3_4_3_1,HTML_PAGE_SELECT13_3_4_3_1,select13_3_4_3_1,same_stem
7430,HACTION_SELECT13_3_4_3_2,HTML_PAGE_SELECT13_3_4_3_2,select13_3_4_3_2,same_stem
7431,HACTION_SELECT13_3_4_3_3,HTML_PAGE_SELECT13_3_4_3_3,select13_3_4_3_3,same_stem
7432,HACTION_SELECT13_3_4_3_4,HTML_PAGE_SELECT13_3_4_3_4,select13_3_4_3_4,same_stem
7433,HACTION_SELECT13_3_4_4,HTML_PAGE_SELECT13_3_4_4,select13_3_4_4,same_stem
7434,HACTION_SELECT13_3_4_4_1,HTML_PAGE_SELECT13_3_4_4_1,select13_3_4_4_1,same_stem
7435,HACTION_SELECT13_3_4_4_2,HTML_PAGE_SELECT13_3_4_4_2,select13_3_4_4_2,same_stem
7436,HACTION_SELECT13_3_4_4_3,HTML_PAGE_SELECT13_3_4_4_3,select13_3_4_4_3,same_stem
7437,HACTION_SELECT13_3_4_4_4,HTML_PAGE_SELECT13_3_4_4_4,select13_3_4_4_4,same_stem
7438,HACTION_SELECT13_4,HTML_PAGE_SELECT13_4,select13_4,same_stem
7439,HACTION_SELECT13_4_1,HTML_PAGE_SELECT13_4_1,select13_4_1,same_stem
7440,HACTION_SELECT13_4_1_1,HTML_PAGE_SELECT13_4_1_1,select13_4_1_1,same_stem
7441,HACTION_SELECT13_4_1_1_1,HTML_PAGE_SELECT13_4_1_1_1,select13_4_1_1_1,same_stem
7442,HACTION_SELECT13_4_1_1_2,HTML_PAGE_SELECT13_4_1_1_2,select13_4_1_1_2,same_stem
7443,HACTION_SELECT13_4_1_1_3,HTML_PAGE_SELECT13_4_1_1_3,select13_4_1_1_3,same_stem
7444,HACTION_SELECT13_4_1_1_4,HTML_PAGE_SELECT13_4_1_1_4,select13_4_1_1_4,same_stem
7445,HACTION_SELECT13_4_1_2,HTML_PAGE_SELECT13_4_1_2,select13_4_1_2,same_stem
7446,HACTION_SELECT13_4_1_2_1,HTML_PAGE_SELECT13_4_1_2_1,select13_4_1_2_1,same_stem
7447,HACTION_SELECT13_4_1_2_2,HTML_PAGE_SELECT13_4_1_2_2,select13_4_1_2_2,same_stem
7448,HACTION_SELECT13_4_1_2_3,HTML_PAGE_SELECT13_4_1_2_3,select13_4_1_2_3,same_stem
7449,HACTION_SELECT13_4_1_2_4,HTML_PAGE_SELECT13_4_1_2_4,select13_4_1_2_4,same_stem
7450,HACTION_SELECT13_4_1_3,HTML_PAGE_SELECT13_4_1_3,select13_4_1_3,same_stem
7451,HACTION_SELECT13_4_1_3_1,HTML_PAGE_SELECT13_4_1_3_1,select13_4_1_3_1,same_stem
7452,HACTION_SELECT13_4_1_3_2,HTML_PAGE_SELECT13_4_1_3_2,select13_4_1_3_2,same_stem
7453,HACTION_SELECT13_4_1_3_3,HTML_PAGE_SELECT13_4_1_3_3,select13_4_1_3_3,same_stem
7454,HACTION_SELECT13_4_1_3_4,HTML_PAGE_SELECT13_4_1_3_4,select13_4_1_3_4,same_stem
7455,HACTION_SELECT13_4_1_4,HTML_PAGE_SELECT13_4_1_4,select13_4_1_4,same_stem
7456,HACTION_SELECT13_4_1_4_1,HTML_PAGE_SELECT13_4_1_4_1,select13_4_1_4_1,same_stem
7457,HACTION_SELECT13_4_1_4_2,HTML_PAGE_SELECT13_4_1_4_2,select13_4_1_4_2,same_stem
7458,HACTION_SELECT13_4_1_4_3,HTML_PAGE_SELECT13_4_1_4_3,select13_4_1_4_3,same_stem
7459,HACTION_SELECT13_4_1_4_4,HTML_PAGE_SELECT13_4_1_4_4,select13_4_1_4_4,same_stem
7460,HACTION_SELECT13_4_2,HTML_PAGE_SELECT13_4_2,select13_4_2,same_stem
7461,HACTION_SELECT13_4_2_1,HTML_PAGE_SELECT13_4_2_1,select13_4_2_1,same_stem
7462,HACTION_SELECT13_4_2_1_1,HTML_PAGE_SELECT13_4_2_1_1,select13_4_2_1_1,same_stem
7463,HACTION_SELECT13_4_2_1_2,HTML_PAGE_SELECT13_4_2_1_2,select13_4_2_1_2,same_stem
7464,HACTION_SELECT13_4_2_1_3,HTML_PAGE_SELECT13_4_2_1_3,select13_4_2_1_3,same_stem
7465,HACTION_SELECT13_4_2_1_4,HTML_PAGE_SELECT13_4_2_1_4,select13_4_2_1_4,same_stem
7466,HACTION_SELECT13_4_2_2,HTML_PAGE_SELECT13_4_2_2,select13_4_2_2,same_stem
7467,HACTION_SELECT13_4_2_2_1,HTML_PAGE_SELECT13_4_2_2_1,select13_4_2_2_1,same_stem
7468,HACTION_SELECT13_4_2_2_2,HTML_PAGE_SELECT13_4_2_2_2,select13_4_2_2_2,same_stem
7469,HACTION_SELECT13_4_2_2_3,HTML_PAGE_SELECT13_4_2_2_3,select13_4_2_2_3,same_stem
7470,HACTION_SELECT13_4_2_2_4,HTML_PAGE_SELECT13_4_2_2_4,select13_4_2_2_4,same_stem
7471,HACTION_SELECT13_4_2_3,HTML_PAGE_SELECT13_4_2_3,select13_4_2_3,same_stem
7472,HACTION_SELECT13_4_2_3_1,HTML_PAGE_SELECT13_4_2_3_1,select13_4_2_3_1,same_stem
7473,HACTION_SELECT13_4_2_3_2,HTML_PAGE_SELECT13_4_2_3_2,select13_4_2_3_2,same_stem
7474,HACTION_SELECT13_4_2_3_3,HTML_PAGE_SELECT13_4_2_3_3,select13_4_2_3_3,same_stem
7475,HACTION_SELECT13_4_2_3_4,HTML_PAGE_SELECT13_4_2_3_4,select13_4_2_3_4,same_stem
7476,HACTION_SELECT13_4_2_4,HTML_PAGE_SELECT13_4_2_4,select13_4_2_4,same_stem
7477,HACTION_SELECT13_4_2_4_1,HTML_PAGE_SELECT13_4_2_4_1,select13_4_2_4_1,same_stem
7478,HACTION_SELECT13_4_2_4_2,HTML_PAGE_SELECT13_4_2_4_2,select13_4_2_4_2,same_stem
7479,HACTION_SELECT13_4_2_4_3,HTML_PAGE_SELECT13_4_2_4_3,select13_4_2_4_3,same_stem
7480,HACTION_SELECT13_4_2_4_4,HTML_PAGE_SELECT13_4_2_4_4,select13_4_2_4_4,same_stem
7481,HACTION_SELECT13_4_3,HTML_PAGE_SELECT13_4_3,select13_4_3,same_stem
7482,HACTION_SELECT13_4_3_1,HTML_PAGE_SELECT13_4_3_1,select13_4_3_1,same_stem
7483,HACTION_SELECT13_4_3_1_1,HTML_PAGE_SELECT13_4_3_1_1,select13_4_3_1_1,same_stem
7484,HACTION_SELECT13_4_3_1_2,HTML_PAGE_SELECT13_4_3_1_2,select13_4_3_1_2,same_stem
7485,HACTION_SELECT13_4_3_1_3,HTML_PAGE_SELECT13_4_3_1_3,select13_4_3_1_3,same_stem
7486,HACTION_SELECT13_4_3_1_4,HTML_PAGE_SELECT13_4_3_1_4,select13_4_3_1_4,same_stem
7487,HACTION_SELECT13_4_3_2,HTML_PAGE_SELECT13_4_3_2,select13_4_3_2,same_stem
7488,HACTION_SELECT13_4_3_2_1,HTML_PAGE_SELECT13_4_3_2_1,select13_4_3_2_1,same_stem
7489,HACTION_SELECT13_4_3_2_2,HTML_PAGE_SELECT13_4_3_2_2,select13_4_3_2_2,same_stem
7490,HACTION_SELECT13_4_3_2_3,HTML_PAGE_SELECT13_4_3_2_3,select13_4_3_2_3,same_stem
7491,HACTION_SELECT13_4_3_2_4,HTML_PAGE_SELECT13_4_3_2_4,select13_4_3_2_4,same_stem
7492,HACTION_SELECT13_4_3_3,HTML_PAGE_SELECT13_4_3_3,select13_4_3_3,same_stem
7493,HACTION_SELECT13_4_3_3_1,HTML_PAGE_SELECT13_4_3_3_1,select13_4_3_3_1,same_stem
7494,HACTION_SELECT13_4_3_3_2,HTML_PAGE_SELECT13_4_3_3_2,select13_4_3_3_2,same_stem
7495,HACTION_SELECT13_4_3_3_3,HTML_PAGE_SELECT13_4_3_3_3,select13_4_3_3_3,same_stem
7496,HACTION_SELECT13_4_3_3_4,HTML_PAGE_SELECT13_4_3_3_4,select13_4_3_3_4,same_stem
7497,HACTION_SELECT13_4_3_4,HTML_PAGE_SELECT13_4_3_4,select13_4_3_4,same_stem
7498,HACTION_SELECT13_4_3_4_1,HTML_PAGE_SELECT13_4_3_4_1,select13_4_3_4_1,same_stem
7499,HACTION_SELECT13_4_3_4_2,HTML_PAGE_SELECT13_4_3_4_2,select13_4_3_4_2,same_stem
7500,HACTION_SELECT13_4_3_4_3,HTML_PAGE_SELECT13_4_3_4_3,select13_4_3_4_3,same_stem
7501,HACTION_SELECT13_4_3_4_4,HTML_PAGE_SELECT13_4_3_4_4,select13_4_3_4_4,same_stem
7502,HACTION_SELECT13_4_4,HTML_PAGE_SELECT13_4_4,select13_4_4,same_stem
7503,HACTION_SELECT13_4_4_1,HTML_PAGE_SELECT13_4_4_1,select13_4_4_1,same_stem
7504,HACTION_SELECT13_4_4_1_1,HTML_PAGE_SELECT13_4_4_1_1,select13_4_4_1_1,same_stem
7505,HACTION_SELECT13_4_4_1_2,HTML_PAGE_SELECT13_4_4_1_2,select13_4_4_1_2,same_stem
7506,HACTION_SELECT13_4_4_1_3,HTML_PAGE_SELECT13_4_4_1_3,select13_4_4_1_3,same_stem
7507,HACTION_SELECT13_4_4_1_4,HTML_PAGE_SELECT13_4_4_1_4,select13_4_4_1_4,same_stem
7508,HACTION_SELECT13_4_4_2,HTML_PAGE_SELECT13_4_4_2,select13_4_4_2,same_stem
7509,HACTION_SELECT13_4_4_2_1,HTML_PAGE_SELECT13_4_4_2_1,select13_4_4_2_1,same_stem
7510,HACTION_SELECT13_4_4_2_2,HTML_PAGE_SELECT13_4_4_2_2,select13_4_4_2_2,same_stem
7511,HACTION_SELECT13_4_4_2_3,HTML_PAGE_SELECT13_4_4_2_3,select13_4_4_2_3,same_stem
7512,HACTION_SELECT13_4_4_2_4,HTML_PAGE_SELECT13_4_4_2_4,select13_4_4_2_4,same_stem
7513,HACTION_SELECT13_4_4_3,HTML_PAGE_SELECT13_4_4_3,select13_4_4_3,same_stem
7514,HACTION_SELECT13_4_4_3_1,HTML_PAGE_SELECT13_4_4_3_1,select13_4_4_3_1,same_stem
7515,HACTION_SELECT13_4_4_3_2,HTML_PAGE_SELECT13_4_4_3_2,select13_4_4_3_2,same_stem
7516,HACTION_SELECT13_4_4_3_3,HTML_PAGE_SELECT13_4_4_3_3,select13_4_4_3_3,same_stem
7517,HACTION_SELECT13_4_4_3_4,HTML_PAGE_SELECT13_4_4_3_4,select13_4_4_3_4,same_stem
7518,HACTION_SELECT13_4_4_4,HTML_PAGE_SELECT13_4_4_4,select13_4_4_4,same_stem
7519,HACTION_SELECT13_4_4_4_1,HTML_PAGE_SELECT13_4_4_4_1,select13_4_4_4_1,same_stem
7520,HACTION_SELECT13_4_4_4_2,HTML_PAGE_SELECT13_4_4_4_2,select13_4_4_4_2,same_stem
7521,HACTION_SELECT13_4_4_4_3,HTML_PAGE_SELECT13_4_4_4_3,select13_4_4_4_3,same_stem
7522,HACTION_SELECT13_4_4_4_4,HTML_PAGE_SELECT13_4_4_4_4,select13_4_4_4_4,same_stem
7523,HACTION_SELECT14,HTML_PAGE_SELECT14,select14,same_stem
7524,HACTION_SELECT14_1,HTML_PAGE_SELECT14_1,select14_1,same_stem
7525,HACTION_SELECT14_1_1,HTML_PAGE_SELECT14_1_1,select14_1_1,same_stem
7526,HACTION_SELECT14_1_1_1,HTML_PAGE_SELECT14_1_1_1,select14_1_1_1,same_stem
7527,HACTION_SELECT14_1_1_1_1,HTML_PAGE_SELECT14_1_1_1_1,select14_1_1_1_1,same_stem
7528,HACTION_SELECT14_1_1_1_2,HTML_PAGE_SELECT14_1_1_1_2,select14_1_1_1_2,same_stem
7529,HACTION_SELECT14_1_1_1_3,HTML_PAGE_SELECT14_1_1_1_3,select14_1_1_1_3,same_stem
7530,HACTION_SELECT14_1_1_1_4,HTML_PAGE_SELECT14_1_1_1_4,select14_1_1_1_4,same_stem
7531,HACTION_SELECT14_1_1_2,HTML_PAGE_SELECT14_1_1_2,select14_1_1_2,same_stem
7532,HACTION_SELECT14_1_1_2_1,HTML_PAGE_SELECT14_1_1_2_1,select14_1_1_2_1,same_stem
7533,HACTION_SELECT14_1_1_2_2,HTML_PAGE_SELECT14_1_1_2_2,select14_1_1_2_2,same_stem
7534,HACTION_SELECT14_1_1_2_3,HTML_PAGE_SELECT14_1_1_2_3,select14_1_1_2_3,same_stem
7535,HACTION_SELECT14_1_1_2_4,HTML_PAGE_SELECT14_1_1_2_4,select14_1_1_2_4,same_stem
7536,HACTION_SELECT14_1_1_3,HTML_PAGE_SELECT14_1_1_3,select14_1_1_3,same_stem
7537,HACTION_SELECT14_1_1_3_1,HTML_PAGE_SELECT14_1_1_3_1,select14_1_1_3_1,same_stem
7538,HACTION_SELECT14_1_1_3_2,HTML_PAGE_SELECT14_1_1_3_2,select14_1_1_3_2,same_stem
7539,HACTION_SELECT14_1_1_3_3,HTML_PAGE_SELECT14_1_1_3_3,select14_1_1_3_3,same_stem
7540,HACTION_SELECT14_1_1_3_4,HTML_PAGE_SELECT14_1_1_3_4,select14_1_1_3_4,same_stem
7541,HACTION_SELECT14_1_1_4,HTML_PAGE_SELECT14_1_1_4,select14_1_1_4,same_stem
7542,HACTION_SELECT14_1_1_4_1,HTML_PAGE_SELECT14_1_1_4_1,select14_1_1_4_1,same_stem
7543,HACTION_SELECT14_1_1_4_2,HTML_PAGE_SELECT14_1_1_4_2,select14_1_1_4_2,same_stem
7544,HACTION_SELECT14_1_1_4_3,HTML_PAGE_SELECT14_1_1_4_3,select14_1_1_4_3,same_stem
7545,HACTION_SELECT14_1_1_4_4,HTML_PAGE_SELECT14_1_1_4_4,select14_1_1_4_4,same_stem
7546,HACTION_SELECT14_1_2,HTML_PAGE_SELECT14_1_2,select14_1_2,same_stem
7547,HACTION_SELECT14_1_2_1,HTML_PAGE_SELECT14_1_2_1,select14_1_2_1,same_stem
7548,HACTION_SELECT14_1_2_1_1,HTML_PAGE_SELECT14_1_2_1_1,select14_1_2_1_1,same_stem
7549,HACTION_SELECT14_1_2_1_2,HTML_PAGE_SELECT14_1_2_1_2,select14_1_2_1_2,same_stem
7550,HACTION_SELECT14_1_2_1_3,HTML_PAGE_SELECT14_1_2_1_3,select14_1_2_1_3,same_stem
7551,HACTION_SELECT14_1_2_1_4,HTML_PAGE_SELECT14_1_2_1_4,select14_1_2_1_4,same_stem
7552,HACTION_SELECT14_1_2_2,HTML_PAGE_SELECT14_1_2_2,select14_1_2_2,same_stem
7553,HACTION_SELECT14_1_2_2_1,HTML_PAGE_SELECT14_1_2_2_1,select14_1_2_2_1,same_stem
7554,HACTION_SELECT14_1_2_2_2,HTML_PAGE_SELECT14_1_2_2_2,select14_1_2_2_2,same_stem
7555,HACTION_SELECT14_1_2_2_3,HTML_PAGE_SELECT14_1_2_2_3,select14_1_2_2_3,same_stem
7556,HACTION_SELECT14_1_2_2_4,HTML_PAGE_SELECT14_1_2_2_4,select14_1_2_2_4,same_stem
7557,HACTION_SELECT14_1_2_3,HTML_PAGE_SELECT14_1_2_3,select14_1_2_3,same_stem
7558,HACTION_SELECT14_1_2_3_1,HTML_PAGE_SELECT14_1_2_3_1,select14_1_2_3_1,same_stem
7559,HACTION_SELECT14_1_2_3_2,HTML_PAGE_SELECT14_1_2_3_2,select14_1_2_3_2,same_stem
7560,HACTION_SELECT14_1_2_3_3,HTML_PAGE_SELECT14_1_2_3_3,select14_1_2_3_3,same_stem
7561,HACTION_SELECT14_1_2_3_4,HTML_PAGE_SELECT14_1_2_3_4,select14_1_2_3_4,same_stem
7562,HACTION_SELECT14_1_2_4,HTML_PAGE_SELECT14_1_2_4,select14_1_2_4,same_stem
7563,HACTION_SELECT14_1_2_4_1,HTML_PAGE_SELECT14_1_2_4_1,select14_1_2_4_1,same_stem
7564,HACTION_SELECT14_1_2_4_2,HTML_PAGE_SELECT14_1_2_4_2,select14_1_2_4_2,same_stem
7565,HACTION_SELECT14_1_2_4_3,HTML_PAGE_SELECT14_1_2_4_3,select14_1_2_4_3,same_stem
7566,HACTION_SELECT14_1_2_4_4,HTML_PAGE_SELECT14_1_2_4_4,select14_1_2_4_4,same_stem
7567,HACTION_SELECT14_1_3,HTML_PAGE_SELECT14_1_3,select14_1_3,same_stem
7568,HACTION_SELECT14_1_3_1,HTML_PAGE_SELECT14_1_3_1,select14_1_3_1,same_stem
7569,HACTION_SELECT14_1_3_1_1,HTML_PAGE_SELECT14_1_3_1_1,select14_1_3_1_1,same_stem
7570,HACTION_SELECT14_1_3_1_2,HTML_PAGE_SELECT14_1_3_1_2,select14_1_3_1_2,same_stem
7571,HACTION_SELECT14_1_3_1_3,HTML_PAGE_SELECT14_1_3_1_3,select14_1_3_1_3,same_stem
7572,HACTION_SELECT14_1_3_1_4,HTML_PAGE_SELECT14_1_3_1_4,select14_1_3_1_4,same_stem
7573,HACTION_SELECT14_1_3_2,HTML_PAGE_SELECT14_1_3_2,select14_1_3_2,same_stem
7574,HACTION_SELECT14_1_3_2_1,HTML_PAGE_SELECT14_1_3_2_1,select14_1_3_2_1,same_stem
7575,HACTION_SELECT14_1_3_2_2,HTML_PAGE_SELECT14_1_3_2_2,select14_1_3_2_2,same_stem
7576,HACTION_SELECT14_1_3_2_3,HTML_PAGE_SELECT14_1_3_2_3,select14_1_3_2_3,same_stem
7577,HACTION_SELECT14_1_3_2_4,HTML_PAGE_SELECT14_1_3_2_4,select14_1_3_2_4,same_stem
7578,HACTION_SELECT14_1_3_3,HTML_PAGE_SELECT14_1_3_3,select14_1_3_3,same_stem
7579,HACTION_SELECT14_1_3_3_1,HTML_PAGE_SELECT14_1_3_3_1,select14_1_3_3_1,same_stem
7580,HACTION_SELECT14_1_3_3_2,HTML_PAGE_SELECT14_1_3_3_2,select14_1_3_3_2,same_stem
7581,HACTION_SELECT14_1_3_3_3,HTML_PAGE_SELECT14_1_3_3_3,select14_1_3_3_3,same_stem
7582,HACTION_SELECT14_1_3_3_4,HTML_PAGE_SELECT14_1_3_3_4,select14_1_3_3_4,same_stem
7583,HACTION_SELECT14_1_3_4,HTML_PAGE_SELECT14_1_3_4,select14_1_3_4,same_stem
7584,HACTION_SELECT14_1_3_4_1,HTML_PAGE_SELECT14_1_3_4_1,select14_1_3_4_1,same_stem
7585,HACTION_SELECT14_1_3_4_2,HTML_PAGE_SELECT14_1_3_4_2,select14_1_3_4_2,same_stem
7586,HACTION_SELECT14_1_3_4_3,HTML_PAGE_SELECT14_1_3_4_3,select14_1_3_4_3,same_stem
7587,HACTION_SELECT14_1_3_4_4,HTML_PAGE_SELECT14_1_3_4_4,select14_1_3_4_4,same_stem
7588,HACTION_SELECT14_1_4,HTML_PAGE_SELECT14_1_4,select14_1_4,same_stem
7589,HACTION_SELECT14_1_4_1,HTML_PAGE_SELECT14_1_4_1,select14_1_4_1,same_stem
7590,HACTION_SELECT14_1_4_1_1,HTML_PAGE_SELECT14_1_4_1_1,select14_1_4_1_1,same_stem
7591,HACTION_SELECT14_1_4_1_2,HTML_PAGE_SELECT14_1_4_1_2,select14_1_4_1_2,same_stem
7592,HACTION_SELECT14_1_4_1_3,HTML_PAGE_SELECT14_1_4_1_3,select14_1_4_1_3,same_stem
7593,HACTION_SELECT14_1_4_1_4,HTML_PAGE_SELECT14_1_4_1_4,select14_1_4_1_4,same_stem
7594,HACTION_SELECT14_1_4_2,HTML_PAGE_SELECT14_1_4_2,select14_1_4_2,same_stem
7595,HACTION_SELECT14_1_4_2_1,HTML_PAGE_SELECT14_1_4_2_1,select14_1_4_2_1,same_stem
7596,HACTION_SELECT14_1_4_2_2,HTML_PAGE_SELECT14_1_4_2_2,select14_1_4_2_2,same_stem
7597,HACTION_SELECT14_1_4_2_3,HTML_PAGE_SELECT14_1_4_2_3,select14_1_4_2_3,same_stem
7598,HACTION_SELECT14_1_4_2_4,HTML_PAGE_SELECT14_1_4_2_4,select14_1_4_2_4,same_stem
7599,HACTION_SELECT14_1_4_3,HTML_PAGE_SELECT14_1_4_3,select14_1_4_3,same_stem
7600,HACTION_SELECT14_1_4_3_1,HTML_PAGE_SELECT14_1_4_3_1,select14_1_4_3_1,same_stem
7601,HACTION_SELECT14_1_4_3_2,HTML_PAGE_SELECT14_1_4_3_2,select14_1_4_3_2,same_stem
7602,HACTION_SELECT14_1_4_3_3,HTML_PAGE_SELECT14_1_4_3_3,select14_1_4_3_3,same_stem
7603,HACTION_SELECT14_1_4_3_4,HTML_PAGE_SELECT14_1_4_3_4,select14_1_4_3_4,same_stem
7604,HACTION_SELECT14_1_4_4,HTML_PAGE_SELECT14_1_4_4,select14_1_4_4,same_stem
7605,HACTION_SELECT14_1_4_4_1,HTML_PAGE_SELECT14_1_4_4_1,select14_1_4_4_1,same_stem
7606,HACTION_SELECT14_1_4_4_2,HTML_PAGE_SELECT14_1_4_4_2,select14_1_4_4_2,same_stem
7607,HACTION_SELECT14_1_4_4_3,HTML_PAGE_SELECT14_1_4_4_3,select14_1_4_4_3,same_stem
7608,HACTION_SELECT14_1_4_4_4,HTML_PAGE_SELECT14_1_4_4_4,select14_1_4_4_4,same_stem
7609,HACTION_SELECT14_2,HTML_PAGE_SELECT14_2,select14_2,same_stem
7610,HACTION_SELECT14_2_1,HTML_PAGE_SELECT14_2_1,select14_2_1,same_stem
7611,HACTION_SELECT14_2_1_1,HTML_PAGE_SELECT14_2_1_1,select14_2_1_1,same_stem
7612,HACTION_SELECT14_2_1_1_1,HTML_PAGE_SELECT14_2_1_1_1,select14_2_1_1_1,same_stem
7613,HACTION_SELECT14_2_1_1_2,HTML_PAGE_SELECT14_2_1_1_2,select14_2_1_1_2,same_stem
7614,HACTION_SELECT14_2_1_1_3,HTML_PAGE_SELECT14_2_1_1_3,select14_2_1_1_3,same_stem
7615,HACTION_SELECT14_2_1_1_4,HTML_PAGE_SELECT14_2_1_1_4,select14_2_1_1_4,same_stem
7616,HACTION_SELECT14_2_1_2,HTML_PAGE_SELECT14_2_1_2,select14_2_1_2,same_stem
7617,HACTION_SELECT14_2_1_2_1,HTML_PAGE_SELECT14_2_1_2_1,select14_2_1_2_1,same_stem
7618,HACTION_SELECT14_2_1_2_2,HTML_PAGE_SELECT14_2_1_2_2,select14_2_1_2_2,same_stem
7619,HACTION_SELECT14_2_1_2_3,HTML_PAGE_SELECT14_2_1_2_3,select14_2_1_2_3,same_stem
7620,HACTION_SELECT14_2_1_2_4,HTML_PAGE_SELECT14_2_1_2_4,select14_2_1_2_4,same_stem
7621,HACTION_SELECT14_2_1_3,HTML_PAGE_SELECT14_2_1_3,select14_2_1_3,same_stem
7622,HACTION_SELECT14_2_1_3_1,HTML_PAGE_SELECT14_2_1_3_1,select14_2_1_3_1,same_stem
7623,HACTION_SELECT14_2_1_3_2,HTML_PAGE_SELECT14_2_1_3_2,select14_2_1_3_2,same_stem
7624,HACTION_SELECT14_2_1_3_3,HTML_PAGE_SELECT14_2_1_3_3,select14_2_1_3_3,same_stem
7625,HACTION_SELECT14_2_1_3_4,HTML_PAGE_SELECT14_2_1_3_4,select14_2_1_3_4,same_stem
7626,HACTION_SELECT14_2_1_4,HTML_PAGE_SELECT14_2_1_4,select14_2_1_4,same_stem
7627,HACTION_SELECT14_2_1_4_1,HTML_PAGE_SELECT14_2_1_4_1,select14_2_1_4_1,same_stem
7628,HACTION_SELECT14_2_1_4_2,HTML_PAGE_SELECT14_2_1_4_2,select14_2_1_4_2,same_stem
7629,HACTION_SELECT14_2_1_4_3,HTML_PAGE_SELECT14_2_1_4_3,select14_2_1_4_3,same_stem
7630,HACTION_SELECT14_2_1_4_4,HTML_PAGE_SELECT14_2_1_4_4,select14_2_1_4_4,same_stem
7631,HACTION_SELECT14_2_2,HTML_PAGE_SELECT14_2_2,select14_2_2,same_stem
7632,HACTION_SELECT14_2_2_1,HTML_PAGE_SELECT14_2_2_1,select14_2_2_1,same_stem
7633,HACTION_SELECT14_2_2_1_1,HTML_PAGE_SELECT14_2_2_1_1,select14_2_2_1_1,same_stem
7634,HACTION_SELECT14_2_2_1_2,HTML_PAGE_SELECT14_2_2_1_2,select14_2_2_1_2,same_stem
7635,HACTION_SELECT14_2_2_1_3,HTML_PAGE_SELECT14_2_2_1_3,select14_2_2_1_3,same_stem
7636,HACTION_SELECT14_2_2_1_4,HTML_PAGE_SELECT14_2_2_1_4,select14_2_2_1_4,same_stem
7637,HACTION_SELECT14_2_2_2,HTML_PAGE_SELECT14_2_2_2,select14_2_2_2,same_stem
7638,HACTION_SELECT14_2_2_2_1,HTML_PAGE_SELECT14_2_2_2_1,select14_2_2_2_1,same_stem
7639,HACTION_SELECT14_2_2_2_2,HTML_PAGE_SELECT14_2_2_2_2,select14_2_2_2_2,same_stem
7640,HACTION_SELECT14_2_2_2_3,HTML_PAGE_SELECT14_2_2_2_3,select14_2_2_2_3,same_stem
7641,HACTION_SELECT14_2_2_2_4,HTML_PAGE_SELECT14_2_2_2_4,select14_2_2_2_4,same_stem
7642,HACTION_SELECT14_2_2_3,HTML_PAGE_SELECT14_2_2_3,select14_2_2_3,same_stem
7643,HACTION_SELECT14_2_2_3_1,HTML_PAGE_SELECT14_2_2_3_1,select14_2_2_3_1,same_stem
7644,HACTION_SELECT14_2_2_3_2,HTML_PAGE_SELECT14_2_2_3_2,select14_2_2_3_2,same_stem
7645,HACTION_SELECT14_2_2_3_3,HTML_PAGE_SELECT14_2_2_3_3,select14_2_2_3_3,same_stem
7646,HACTION_SELECT14_2_2_3_4,HTML_PAGE_SELECT14_2_2_3_4,select14_2_2_3_4,same_stem
7647,HACTION_SELECT14_2_2_4,HTML_PAGE_SELECT14_2_2_4,select14_2_2_4,same_stem
7648,HACTION_SELECT14_2_2_4_1,HTML_PAGE_SELECT14_2_2_4_1,select14_2_2_4_1,same_stem
7649,HACTION_SELECT14_2_2_4_2,HTML_PAGE_SELECT14_2_2_4_2,select14_2_2_4_2,same_stem
7650,HACTION_SELECT14_2_2_4_3,HTML_PAGE_SELECT14_2_2_4_3,select14_2_2_4_3,same_stem
7651,HACTION_SELECT14_2_2_4_4,HTML_PAGE_SELECT14_2_2_4_4,select14_2_2_4_4,same_stem
7652,HACTION_SELECT14_2_3,HTML_PAGE_SELECT14_2_3,select14_2_3,same_stem
7653,HACTION_SELECT14_2_3_1,HTML_PAGE_SELECT14_2_3_1,select14_2_3_1,same_stem
7654,HACTION_SELECT14_2_3_1_1,HTML_PAGE_SELECT14_2_3_1_1,select14_2_3_1_1,same_stem
7655,HACTION_SELECT14_2_3_1_2,HTML_PAGE_SELECT14_2_3_1_2,select14_2_3_1_2,same_stem
7656,HACTION_SELECT14_2_3_1_3,HTML_PAGE_SELECT14_2_3_1_3,select14_2_3_1_3,same_stem
7657,HACTION_SELECT14_2_3_1_4,HTML_PAGE_SELECT14_2_3_1_4,select14_2_3_1_4,same_stem
7658,HACTION_SELECT14_2_3_2,HTML_PAGE_SELECT14_2_3_2,select14_2_3_2,same_stem
7659,HACTION_SELECT14_2_3_2_1,HTML_PAGE_SELECT14_2_3_2_1,select14_2_3_2_1,same_stem
7660,HACTION_SELECT14_2_3_2_2,HTML_PAGE_SELECT14_2_3_2_2,select14_2_3_2_2,same_stem
7661,HACTION_SELECT14_2_3_2_3,HTML_PAGE_SELECT14_2_3_2_3,select14_2_3_2_3,same_stem
7662,HACTION_SELECT14_2_3_2_4,HTML_PAGE_SELECT14_2_3_2_4,select14_2_3_2_4,same_stem
7663,HACTION_SELECT14_2_3_3,HTML_PAGE_SELECT14_2_3_3,select14_2_3_3,same_stem
7664,HACTION_SELECT14_2_3_3_1,HTML_PAGE_SELECT14_2_3_3_1,select14_2_3_3_1,same_stem
7665,HACTION_SELECT14_2_3_3_2,HTML_PAGE_SELECT14_2_3_3_2,select14_2_3_3_2,same_stem
7666,HACTION_SELECT14_2_3_3_3,HTML_PAGE_SELECT14_2_3_3_3,select14_2_3_3_3,same_stem
7667,HACTION_SELECT14_2_3_3_4,HTML_PAGE_SELECT14_2_3_3_4,select14_2_3_3_4,same_stem
7668,HACTION_SELECT14_2_3_4,HTML_PAGE_SELECT14_2_3_4,select14_2_3_4,same_stem
7669,HACTION_SELECT14_2_3_4_1,HTML_PAGE_SELECT14_2_3_4_1,select14_2_3_4_1,same_stem
7670,HACTION_SELECT14_2_3_4_2,HTML_PAGE_SELECT14_2_3_4_2,select14_2_3_4_2,same_stem
7671,HACTION_SELECT14_2_3_4_3,HTML_PAGE_SELECT14_2_3_4_3,select14_2_3_4_3,same_stem
7672,HACTION_SELECT14_2_3_4_4,HTML_PAGE_SELECT14_2_3_4_4,select14_2_3_4_4,same_stem
7673,HACTION_SELECT14_2_4,HTML_PAGE_SELECT14_2_4,select14_2_4,same_stem
7674,HACTION_SELECT14_2_4_1,HTML_PAGE_SELECT14_2_4_1,select14_2_4_1,same_stem
7675,HACTION_SELECT14_2_4_1_1,HTML_PAGE_SELECT14_2_4_1_1,select14_2_4_1_1,same_stem
7676,HACTION_SELECT14_2_4_1_2,HTML_PAGE_SELECT14_2_4_1_2,select14_2_4_1_2,same_stem
7677,HACTION_SELECT14_2_4_1_3,HTML_PAGE_SELECT14_2_4_1_3,select14_2_4_1_3,same_stem
7678,HACTION_SELECT14_2_4_1_4,HTML_PAGE_SELECT14_2_4_1_4,select14_2_4_1_4,same_stem
7679,HACTION_SELECT14_2_4_2,HTML_PAGE_SELECT14_2_4_2,select14_2_4_2,same_stem
7680,HACTION_SELECT14_2_4_2_1,HTML_PAGE_SELECT14_2_4_2_1,select14_2_4_2_1,same_stem
7681,HACTION_SELECT14_2_4_2_2,HTML_PAGE_SELECT14_2_4_2_2,select14_2_4_2_2,same_stem
7682,HACTION_SELECT14_2_4_2_3,HTML_PAGE_SELECT14_2_4_2_3,select14_2_4_2_3,same_stem
7683,HACTION_SELECT14_2_4_2_4,HTML_PAGE_SELECT14_2_4_2_4,select14_2_4_2_4,same_stem
7684,HACTION_SELECT14_2_4_3,HTML_PAGE_SELECT14_2_4_3,select14_2_4_3,same_stem
7685,HACTION_SELECT14_2_4_3_1,HTML_PAGE_SELECT14_2_4_3_1,select14_2_4_3_1,same_stem
7686,HACTION_SELECT14_2_4_3_2,HTML_PAGE_SELECT14_2_4_3_2,select14_2_4_3_2,same_stem
7687,HACTION_SELECT14_2_4_3_3,HTML_PAGE_SELECT14_2_4_3_3,select14_2_4_3_3,same_stem
7688,HACTION_SELECT14_2_4_3_4,HTML_PAGE_SELECT14_2_4_3_4,select14_2_4_3_4,same_stem
7689,HACTION_SELECT14_2_4_4,HTML_PAGE_SELECT14_2_4_4,select14_2_4_4,same_stem
7690,HACTION_SELECT14_2_4_4_1,HTML_PAGE_SELECT14_2_4_4_1,select14_2_4_4_1,same_stem
7691,HACTION_SELECT14_2_4_4_2,HTML_PAGE_SELECT14_2_4_4_2,select14_2_4_4_2,same_stem
7692,HACTION_SELECT14_2_4_4_3,HTML_PAGE_SELECT14_2_4_4_3,select14_2_4_4_3,same_stem
7693,HACTION_SELECT14_2_4_4_4,HTML_PAGE_SELECT14_2_4_4_4,select14_2_4_4_4,same_stem
7694,HACTION_SELECT14_3,HTML_PAGE_SELECT14_3,select14_3,same_stem
7695,HACTION_SELECT14_3_1,HTML_PAGE_SELECT14_3_1,select14_3_1,same_stem
7696,HACTION_SELECT14_3_1_1,HTML_PAGE_SELECT14_3_1_1,select14_3_1_1,same_stem
7697,HACTION_SELECT14_3_1_1_1,HTML_PAGE_SELECT14_3_1_1_1,select14_3_1_1_1,same_stem
7698,HACTION_SELECT14_3_1_1_2,HTML_PAGE_SELECT14_3_1_1_2,select14_3_1_1_2,same_stem
7699,HACTION_SELECT14_3_1_1_3,HTML_PAGE_SELECT14_3_1_1_3,select14_3_1_1_3,same_stem
7700,HACTION_SELECT14_3_1_1_4,HTML_PAGE_SELECT14_3_1_1_4,select14_3_1_1_4,same_stem
7701,HACTION_SELECT14_3_1_2,HTML_PAGE_SELECT14_3_1_2,select14_3_1_2,same_stem
7702,HACTION_SELECT14_3_1_2_1,HTML_PAGE_SELECT14_3_1_2_1,select14_3_1_2_1,same_stem
7703,HACTION_SELECT14_3_1_2_2,HTML_PAGE_SELECT14_3_1_2_2,select14_3_1_2_2,same_stem
7704,HACTION_SELECT14_3_1_2_3,HTML_PAGE_SELECT14_3_1_2_3,select14_3_1_2_3,same_stem
7705,HACTION_SELECT14_3_1_2_4,HTML_PAGE_SELECT14_3_1_2_4,select14_3_1_2_4,same_stem
7706,HACTION_SELECT14_3_1_3,HTML_PAGE_SELECT14_3_1_3,select14_3_1_3,same_stem
7707,HACTION_SELECT14_3_1_3_1,HTML_PAGE_SELECT14_3_1_3_1,select14_3_1_3_1,same_stem
7708,HACTION_SELECT14_3_1_3_2,HTML_PAGE_SELECT14_3_1_3_2,select14_3_1_3_2,same_stem
7709,HACTION_SELECT14_3_1_3_3,HTML_PAGE_SELECT14_3_1_3_3,select14_3_1_3_3,same_stem
7710,HACTION_SELECT14_3_1_3_4,HTML_PAGE_SELECT14_3_1_3_4,select14_3_1_3_4,same_stem
7711,HACTION_SELECT14_3_1_4,HTML_PAGE_SELECT14_3_1_4,select14_3_1_4,same_stem
7712,HACTION_SELECT14_3_1_4_1,HTML_PAGE_SELECT14_3_1_4_1,select14_3_1_4_1,same_stem
7713,HACTION_SELECT14_3_1_4_2,HTML_PAGE_SELECT14_3_1_4_2,select14_3_1_4_2,same_stem
7714,HACTION_SELECT14_3_1_4_3,HTML_PAGE_SELECT14_3_1_4_3,select14_3_1_4_3,same_stem
7715,HACTION_SELECT14_3_1_4_4,HTML_PAGE_SELECT14_3_1_4_4,select14_3_1_4_4,same_stem
7716,HACTION_SELECT14_3_2,HTML_PAGE_SELECT14_3_2,select14_3_2,same_stem
7717,HACTION_SELECT14_3_2_1,HTML_PAGE_SELECT14_3_2_1,select14_3_2_1,same_stem
7718,HACTION_SELECT14_3_2_1_1,HTML_PAGE_SELECT14_3_2_1_1,select14_3_2_1_1,same_stem
7719,HACTION_SELECT14_3_2_1_2,HTML_PAGE_SELECT14_3_2_1_2,select14_3_2_1_2,same_stem
7720,HACTION_SELECT14_3_2_1_3,HTML_PAGE_SELECT14_3_2_1_3,select14_3_2_1_3,same_stem
7721,HACTION_SELECT14_3_2_1_4,HTML_PAGE_SELECT14_3_2_1_4,select14_3_2_1_4,same_stem
7722,HACTION_SELECT14_3_2_2,HTML_PAGE_SELECT14_3_2_2,select14_3_2_2,same_stem
7723,HACTION_SELECT14_3_2_2_1,HTML_PAGE_SELECT14_3_2_2_1,select14_3_2_2_1,same_stem
7724,HACTION_SELECT14_3_2_2_2,HTML_PAGE_SELECT14_3_2_2_2,select14_3_2_2_2,same_stem
7725,HACTION_SELECT14_3_2_2_3,HTML_PAGE_SELECT14_3_2_2_3,select14_3_2_2_3,same_stem
7726,HACTION_SELECT14_3_2_2_4,HTML_PAGE_SELECT14_3_2_2_4,select14_3_2_2_4,same_stem
7727,HACTION_SELECT14_3_2_3,HTML_PAGE_SELECT14_3_2_3,select14_3_2_3,same_stem
7728,HACTION_SELECT14_3_2_3_1,HTML_PAGE_SELECT14_3_2_3_1,select14_3_2_3_1,same_stem
7729,HACTION_SELECT14_3_2_3_2,HTML_PAGE_SELECT14_3_2_3_2,select14_3_2_3_2,same_stem
7730,HACTION_SELECT14_3_2_3_3,HTML_PAGE_SELECT14_3_2_3_3,select14_3_2_3_3,same_stem
7731,HACTION_SELECT14_3_2_3_4,HTML_PAGE_SELECT14_3_2_3_4,select14_3_2_3_4,same_stem
7732,HACTION_SELECT14_3_2_4,HTML_PAGE_SELECT14_3_2_4,select14_3_2_4,same_stem
7733,HACTION_SELECT14_3_2_4_1,HTML_PAGE_SELECT14_3_2_4_1,select14_3_2_4_1,same_stem
7734,HACTION_SELECT14_3_2_4_2,HTML_PAGE_SELECT14_3_2_4_2,select14_3_2_4_2,same_stem
7735,HACTION_SELECT14_3_2_4_3,HTML_PAGE_SELECT14_3_2_4_3,select14_3_2_4_3,same_stem
7736,HACTION_SELECT14_3_2_4_4,HTML_PAGE_SELECT14_3_2_4_4,select14_3_2_4_4,same_stem
7737,HACTION_SELECT14_3_3,HTML_PAGE_SELECT14_3_3,select14_3_3,same_stem
7738,HACTION_SELECT14_3_3_1,HTML_PAGE_SELECT14_3_3_1,select14_3_3_1,same_stem
7739,HACTION_SELECT14_3_3_1_1,HTML_PAGE_SELECT14_3_3_1_1,select14_3_3_1_1,same_stem
7740,HACTION_SELECT14_3_3_1_2,HTML_PAGE_SELECT14_3_3_1_2,select14_3_3_1_2,same_stem
7741,HACTION_SELECT14_3_3_1_3,HTML_PAGE_SELECT14_3_3_1_3,select14_3_3_1_3,same_stem
7742,HACTION_SELECT14_3_3_1_4,HTML_PAGE_SELECT14_3_3_1_4,select14_3_3_1_4,same_stem
7743,HACTION_SELECT14_3_3_2,HTML_PAGE_SELECT14_3_3_2,select14_3_3_2,same_stem
7744,HACTION_SELECT14_3_3_2_1,HTML_PAGE_SELECT14_3_3_2_1,select14_3_3_2_1,same_stem
7745,HACTION_SELECT14_3_3_2_2,HTML_PAGE_SELECT14_3_3_2_2,select14_3_3_2_2,same_stem
7746,HACTION_SELECT14_3_3_2_3,HTML_PAGE_SELECT14_3_3_2_3,select14_3_3_2_3,same_stem
7747,HACTION_SELECT14_3_3_2_4,HTML_PAGE_SELECT14_3_3_2_4,select14_3_3_2_4,same_stem
7748,HACTION_SELECT14_3_3_3,HTML_PAGE_SELECT14_3_3_3,select14_3_3_3,same_stem
7749,HACTION_SELECT14_3_3_3_1,HTML_PAGE_SELECT14_3_3_3_1,select14_3_3_3_1,same_stem
7750,HACTION_SELECT14_3_3_3_2,HTML_PAGE_SELECT14_3_3_3_2,select14_3_3_3_2,same_stem
7751,HACTION_SELECT14_3_3_3_3,HTML_PAGE_SELECT14_3_3_3_3,select14_3_3_3_3,same_stem
7752,HACTION_SELECT14_3_3_3_4,HTML_PAGE_SELECT14_3_3_3_4,select14_3_3_3_4,same_stem
7753,HACTION_SELECT14_3_3_4,HTML_PAGE_SELECT14_3_3_4,select14_3_3_4,same_stem
7754,HACTION_SELECT14_3_3_4_1,HTML_PAGE_SELECT14_3_3_4_1,select14_3_3_4_1,same_stem
7755,HACTION_SELECT14_3_3_4_2,HTML_PAGE_SELECT14_3_3_4_2,select14_3_3_4_2,same_stem
7756,HACTION_SELECT14_3_3_4_3,HTML_PAGE_SELECT14_3_3_4_3,select14_3_3_4_3,same_stem
7757,HACTION_SELECT14_3_3_4_4,HTML_PAGE_SELECT14_3_3_4_4,select14_3_3_4_4,same_stem
7758,HACTION_SELECT14_3_4,HTML_PAGE_SELECT14_3_4,select14_3_4,same_stem
7759,HACTION_SELECT14_3_4_1,HTML_PAGE_SELECT14_3_4_1,select14_3_4_1,same_stem
7760,HACTION_SELECT14_3_4_1_1,HTML_PAGE_SELECT14_3_4_1_1,select14_3_4_1_1,same_stem
7761,HACTION_SELECT14_3_4_1_2,HTML_PAGE_SELECT14_3_4_1_2,select14_3_4_1_2,same_stem
7762,HACTION_SELECT14_3_4_1_3,HTML_PAGE_SELECT14_3_4_1_3,select14_3_4_1_3,same_stem
7763,HACTION_SELECT14_3_4_1_4,HTML_PAGE_SELECT14_3_4_1_4,select14_3_4_1_4,same_stem
7764,HACTION_SELECT14_3_4_2,HTML_PAGE_SELECT14_3_4_2,select14_3_4_2,same_stem
7765,HACTION_SELECT14_3_4_2_1,HTML_PAGE_SELECT14_3_4_2_1,select14_3_4_2_1,same_stem
7766,HACTION_SELECT14_3_4_2_2,HTML_PAGE_SELECT14_3_4_2_2,select14_3_4_2_2,same_stem
7767,HACTION_SELECT14_3_4_2_3,HTML_PAGE_SELECT14_3_4_2_3,select14_3_4_2_3,same_stem
7768,HACTION_SELECT14_3_4_2_4,HTML_PAGE_SELECT14_3_4_2_4,select14_3_4_2_4,same_stem
7769,HACTION_SELECT14_3_4_3,HTML_PAGE_SELECT14_3_4_3,select14_3_4_3,same_stem
7770,HACTION_SELECT14_3_4_3_1,HTML_PAGE_SELECT14_3_4_3_1,select14_3_4_3_1,same_stem
7771,HACTION_SELECT14_3_4_3_2,HTML_PAGE_SELECT14_3_4_3_2,select14_3_4_3_2,same_stem
7772,HACTION_SELECT14_3_4_3_3,HTML_PAGE_SELECT14_3_4_3_3,select14_3_4_3_3,same_stem
7773,HACTION_SELECT14_3_4_3_4,HTML_PAGE_SELECT14_3_4_3_4,select14_3_4_3_4,same_stem
7774,HACTION_SELECT14_3_4_4,HTML_PAGE_SELECT14_3_4_4,select14_3_4_4,same_stem
7775,HACTION_SELECT14_3_4_4_1,HTML_PAGE_SELECT14_3_4_4_1,select14_3_4_4_1,same_stem
7776,HACTION_SELECT14_3_4_4_2,HTML_PAGE_SELECT14_3_4_4_2,select14_3_4_4_2,same_stem
7777,HACTION_SELECT14_3_4_4_3,HTML_PAGE_SELECT14_3_4_4_3,select14_3_4_4_3,same_stem
7778,HACTION_SELECT14_3_4_4_4,HTML_PAGE_SELECT14_3_4_4_4,select14_3_4_4_4,same_stem
7779,HACTION_SELECT14_4,HTML_PAGE_SELECT14_4,select14_4,same_stem
7780,HACTION_SELECT14_4_1,HTML_PAGE_SELECT14_4_1,select14_4_1,same_stem
7781,HACTION_SELECT14_4_1_1,HTML_PAGE_SELECT14_4_1_1,select14_4_1_1,same_stem
7782,HACTION_SELECT14_4_1_1_1,HTML_PAGE_SELECT14_4_1_1_1,select14_4_1_1_1,same_stem
7783,HACTION_SELECT14_4_1_1_2,HTML_PAGE_SELECT14_4_1_1_2,select14_4_1_1_2,same_stem
7784,HACTION_SELECT14_4_1_1_3,HTML_PAGE_SELECT14_4_1_1_3,select14_4_1_1_3,same_stem
7785,HACTION_SELECT14_4_1_1_4,HTML_PAGE_SELECT14_4_1_1_4,select14_4_1_1_4,same_stem
7786,HACTION_SELECT14_4_1_2,HTML_PAGE_SELECT14_4_1_2,select14_4_1_2,same_stem
7787,HACTION_SELECT14_4_1_2_1,HTML_PAGE_SELECT14_4_1_2_1,select14_4_1_2_1,same_stem
7788,HACTION_SELECT14_4_1_2_2,HTML_PAGE_SELECT14_4_1_2_2,select14_4_1_2_2,same_stem
7789,HACTION_SELECT14_4_1_2_3,HTML_PAGE_SELECT14_4_1_2_3,select14_4_1_2_3,same_stem
7790,HACTION_SELECT14_4_1_2_4,HTML_PAGE_SELECT14_4_1_2_4,select14_4_1_2_4,same_stem
7791,HACTION_SELECT14_4_1_3,HTML_PAGE_SELECT14_4_1_3,select14_4_1_3,same_stem
7792,HACTION_SELECT14_4_1_3_1,HTML_PAGE_SELECT14_4_1_3_1,select14_4_1_3_1,same_stem
7793,HACTION_SELECT14_4_1_3_2,HTML_PAGE_SELECT14_4_1_3_2,select14_4_1_3_2,same_stem
7794,HACTION_SELECT14_4_1_3_3,HTML_PAGE_SELECT14_4_1_3_3,select14_4_1_3_3,same_stem
7795,HACTION_SELECT14_4_1_3_4,HTML_PAGE_SELECT14_4_1_3_4,select14_4_1_3_4,same_stem
7796,HACTION_SELECT14_4_1_4,HTML_PAGE_SELECT14_4_1_4,select14_4_1_4,same_stem
7797,HACTION_SELECT14_4_1_4_1,HTML_PAGE_SELECT14_4_1_4_1,select14_4_1_4_1,same_stem
7798,HACTION_SELECT14_4_1_4_2,HTML_PAGE_SELECT14_4_1_4_2,select14_4_1_4_2,same_stem
7799,HACTION_SELECT14_4_1_4_3,HTML_PAGE_SELECT14_4_1_4_3,select14_4_1_4_3,same_stem
7800,HACTION_SELECT14_4_1_4_4,HTML_PAGE_SELECT14_4_1_4_4,select14_4_1_4_4,same_stem
7801,HACTION_SELECT14_4_2,HTML_PAGE_SELECT14_4_2,select14_4_2,same_stem
7802,HACTION_SELECT14_4_2_1,HTML_PAGE_SELECT14_4_2_1,select14_4_2_1,same_stem
7803,HACTION_SELECT14_4_2_1_1,HTML_PAGE_SELECT14_4_2_1_1,select14_4_2_1_1,same_stem
7804,HACTION_SELECT14_4_2_1_2,HTML_PAGE_SELECT14_4_2_1_2,select14_4_2_1_2,same_stem
7805,HACTION_SELECT14_4_2_1_3,HTML_PAGE_SELECT14_4_2_1_3,select14_4_2_1_3,same_stem
7806,HACTION_SELECT14_4_2_1_4,HTML_PAGE_SELECT14_4_2_1_4,select14_4_2_1_4,same_stem
7807,HACTION_SELECT14_4_2_2,HTML_PAGE_SELECT14_4_2_2,select14_4_2_2,same_stem
7808,HACTION_SELECT14_4_2_2_1,HTML_PAGE_SELECT14_4_2_2_1,select14_4_2_2_1,same_stem
7809,HACTION_SELECT14_4_2_2_2,HTML_PAGE_SELECT14_4_2_2_2,select14_4_2_2_2,same_stem
7810,HACTION_SELECT14_4_2_2_3,HTML_PAGE_SELECT14_4_2_2_3,select14_4_2_2_3,same_stem
7811,HACTION_SELECT14_4_2_2_4,HTML_PAGE_SELECT14_4_2_2_4,select14_4_2_2_4,same_stem
7812,HACTION_SELECT14_4_2_3,HTML_PAGE_SELECT14_4_2_3,select14_4_2_3,same_stem
7813,HACTION_SELECT14_4_2_3_1,HTML_PAGE_SELECT14_4_2_3_1,select14_4_2_3_1,same_stem
7814,HACTION_SELECT14_4_2_3_2,HTML_PAGE_SELECT14_4_2_3_2,select14_4_2_3_2,same_stem
7815,HACTION_SELECT14_4_2_3_3,HTML_PAGE_SELECT14_4_2_3_3,select14_4_2_3_3,same_stem
7816,HACTION_SELECT14_4_2_3_4,HTML_PAGE_SELECT14_4_2_3_4,select14_4_2_3_4,same_stem
7817,HACTION_SELECT14_4_2_4,HTML_PAGE_SELECT14_4_2_4,select14_4_2_4,same_stem
7818,HACTION_SELECT14_4_2_4_1,HTML_PAGE_SELECT14_4_2_4_1,select14_4_2_4_1,same_stem
7819,HACTION_SELECT14_4_2_4_2,HTML_PAGE_SELECT14_4_2_4_2,select14_4_2_4_2,same_stem
7820,HACTION_SELECT14_4_2_4_3,HTML_PAGE_SELECT14_4_2_4_3,select14_4_2_4_3,same_stem
7821,HACTION_SELECT14_4_2_4_4,HTML_PAGE_SELECT14_4_2_4_4,select14_4_2_4_4,same_stem
7822,HACTION_SELECT14_4_3,HTML_PAGE_SELECT14_4_3,select14_4_3,same_stem
7823,HACTION_SELECT14_4_3_1,HTML_PAGE_SELECT14_4_3_1,select14_4_3_1,same_stem
7824,HACTION_SELECT14_4_3_1_1,HTML_PAGE_SELECT14_4_3_1_1,select14_4_3_1_1,same_stem
7825,HACTION_SELECT14_4_3_1_2,HTML_PAGE_SELECT14_4_3_1_2,select14_4_3_1_2,same_stem
7826,HACTION_SELECT14_4_3_1_3,HTML_PAGE_SELECT14_4_3_1_3,select14_4_3_1_3,same_stem
7827,HACTION_SELECT14_4_3_1_4,HTML_PAGE_SELECT14_4_3_1_4,select14_4_3_1_4,same_stem
7828,HACTION_SELECT14_4_3_2,HTML_PAGE_SELECT14_4_3_2,select14_4_3_2,same_stem
7829,HACTION_SELECT14_4_3_2_1,HTML_PAGE_SELECT14_4_3_2_1,select14_4_3_2_1,same_stem
7830,HACTION_SELECT14_4_3_2_2,HTML_PAGE_SELECT14_4_3_2_2,select14_4_3_2_2,same_stem
7831,HACTION_SELECT14_4_3_2_3,HTML_PAGE_SELECT14_4_3_2_3,select14_4_3_2_3,same_stem
7832,HACTION_SELECT14_4_3_2_4,HTML_PAGE_SELECT14_4_3_2_4,select14_4_3_2_4,same_stem
7833,HACTION_SELECT14_4_3_3,HTML_PAGE_SELECT14_4_3_3,select14_4_3_3,same_stem
7834,HACTION_SELECT14_4_3_3_1,HTML_PAGE_SELECT14_4_3_3_1,select14_4_3_3_1,same_stem
7835,HACTION_SELECT14_4_3_3_2,HTML_PAGE_SELECT14_4_3_3_2,select14_4_3_3_2,same_stem
7836,HACTION_SELECT14_4_3_3_3,HTML_PAGE_SELECT14_4_3_3_3,select14_4_3_3_3,same_stem
7837,HACTION_SELECT14_4_3_3_4,HTML_PAGE_SELECT14_4_3_3_4,select14_4_3_3_4,same_stem
7838,HACTION_SELECT14_4_3_4,HTML_PAGE_SELECT14_4_3_4,select14_4_3_4,same_stem
7839,HACTION_SELECT14_4_3_4_1,HTML_PAGE_SELECT14_4_3_4_1,select14_4_3_4_1,same_stem
7840,HACTION_SELECT14_4_3_4_2,HTML_PAGE_SELECT14_4_3_4_2,select14_4_3_4_2,same_stem
7841,HACTION_SELECT14_4_3_4_3,HTML_PAGE_SELECT14_4_3_4_3,select14_4_3_4_3,same_stem
7842,HACTION_SELECT14_4_3_4_4,HTML_PAGE_SELECT14_4_3_4_4,select14_4_3_4_4,same_stem
7843,HACTION_SELECT14_4_4,HTML_PAGE_SELECT14_4_4,select14_4_4,same_stem
7844,HACTION_SELECT14_4_4_1,HTML_PAGE_SELECT14_4_4_1,select14_4_4_1,same_stem
7845,HACTION_SELECT14_4_4_1_1,HTML_PAGE_SELECT14_4_4_1_1,select14_4_4_1_1,same_stem
7846,HACTION_SELECT14_4_4_1_2,HTML_PAGE_SELECT14_4_4_1_2,select14_4_4_1_2,same_stem
7847,HACTION_SELECT14_4_4_1_3,HTML_PAGE_SELECT14_4_4_1_3,select14_4_4_1_3,same_stem
7848,HACTION_SELECT14_4_4_1_4,HTML_PAGE_SELECT14_4_4_1_4,select14_4_4_1_4,same_stem
7849,HACTION_SELECT14_4_4_2,HTML_PAGE_SELECT14_4_4_2,select14_4_4_2,same_stem
7850,HACTION_SELECT14_4_4_2_1,HTML_PAGE_SELECT14_4_4_2_1,select14_4_4_2_1,same_stem
7851,HACTION_SELECT14_4_4_2_2,HTML_PAGE_SELECT14_4_4_2_2,select14_4_4_2_2,same_stem
7852,HACTION_SELECT14_4_4_2_3,HTML_PAGE_SELECT14_4_4_2_3,select14_4_4_2_3,same_stem
7853,HACTION_SELECT14_4_4_2_4,HTML_PAGE_SELECT14_4_4_2_4,select14_4_4_2_4,same_stem
7854,HACTION_SELECT14_4_4_3,HTML_PAGE_SELECT14_4_4_3,select14_4_4_3,same_stem
7855,HACTION_SELECT14_4_4_3_1,HTML_PAGE_SELECT14_4_4_3_1,select14_4_4_3_1,same_stem
7856,HACTION_SELECT14_4_4_3_2,HTML_PAGE_SELECT14_4_4_3_2,select14_4_4_3_2,same_stem
7857,HACTION_SELECT14_4_4_3_3,HTML_PAGE_SELECT14_4_4_3_3,select14_4_4_3_3,same_stem
7858,HACTION_SELECT14_4_4_3_4,HTML_PAGE_SELECT14_4_4_3_4,select14_4_4_3_4,same_stem
7859,HACTION_SELECT14_4_4_4,HTML_PAGE_SELECT14_4_4_4,select14_4_4_4,same_stem
7860,HACTION_SELECT14_4_4_4_1,HTML_PAGE_SELECT14_4_4_4_1,select14_4_4_4_1,same_stem
7861,HACTION_SELECT14_4_4_4_2,HTML_PAGE_SELECT14_4_4_4_2,select14_4_4_4_2,same_stem
7862,HACTION_SELECT14_4_4_4_3,HTML_PAGE_SELECT14_4_4_4_3,select14_4_4_4_3,same_stem
7863,HACTION_SELECT14_4_4_4_4,HTML_PAGE_SELECT14_4_4_4_4,select14_4_4_4_4,same_stem
7864,HACTION_SELECT15,HTML_PAGE_SELECT15,select15,same_stem
7865,HACTION_SELECT15_1,HTML_PAGE_SELECT15_1,select15_1,same_stem
7866,HACTION_SELECT15_1_1,HTML_PAGE_SELECT15_1_1,select15_1_1,same_stem
7867,HACTION_SELECT15_1_1_1,HTML_PAGE_SELECT15_1_1_1,select15_1_1_1,same_stem
7868,HACTION_SELECT15_1_1_1_1,HTML_PAGE_SELECT15_1_1_1_1,select15_1_1_1_1,same_stem
7869,HACTION_SELECT15_1_1_1_2,HTML_PAGE_SELECT15_1_1_1_2,select15_1_1_1_2,same_stem
7870,HACTION_SELECT15_1_1_1_3,HTML_PAGE_SELECT15_1_1_1_3,select15_1_1_1_3,same_stem
7871,HACTION_SELECT15_1_1_1_4,HTML_PAGE_SELECT15_1_1_1_4,select15_1_1_1_4,same_stem
7872,HACTION_SELECT15_1_1_2,HTML_PAGE_SELECT15_1_1_2,select15_1_1_2,same_stem
7873,HACTION_SELECT15_1_1_2_1,HTML_PAGE_SELECT15_1_1_2_1,select15_1_1_2_1,same_stem
7874,HACTION_SELECT15_1_1_2_2,HTML_PAGE_SELECT15_1_1_2_2,select15_1_1_2_2,same_stem
7875,HACTION_SELECT15_1_1_2_3,HTML_PAGE_SELECT15_1_1_2_3,select15_1_1_2_3,same_stem
7876,HACTION_SELECT15_1_1_2_4,HTML_PAGE_SELECT15_1_1_2_4,select15_1_1_2_4,same_stem
7877,HACTION_SELECT15_1_1_3,HTML_PAGE_SELECT15_1_1_3,select15_1_1_3,same_stem
7878,HACTION_SELECT15_1_1_3_1,HTML_PAGE_SELECT15_1_1_3_1,select15_1_1_3_1,same_stem
7879,HACTION_SELECT15_1_1_3_2,HTML_PAGE_SELECT15_1_1_3_2,select15_1_1_3_2,same_stem
7880,HACTION_SELECT15_1_1_3_3,HTML_PAGE_SELECT15_1_1_3_3,select15_1_1_3_3,same_stem
7881,HACTION_SELECT15_1_1_3_4,HTML_PAGE_SELECT15_1_1_3_4,select15_1_1_3_4,same_stem
7882,HACTION_SELECT15_1_1_4,HTML_PAGE_SELECT15_1_1_4,select15_1_1_4,same_stem
7883,HACTION_SELECT15_1_1_4_1,HTML_PAGE_SELECT15_1_1_4_1,select15_1_1_4_1,same_stem
7884,HACTION_SELECT15_1_1_4_2,HTML_PAGE_SELECT15_1_1_4_2,select15_1_1_4_2,same_stem
7885,HACTION_SELECT15_1_1_4_3,HTML_PAGE_SELECT15_1_1_4_3,select15_1_1_4_3,same_stem
7886,HACTION_SELECT15_1_1_4_4,HTML_PAGE_SELECT15_1_1_4_4,select15_1_1_4_4,same_stem
7887,HACTION_SELECT15_1_2,HTML_PAGE_SELECT15_1_2,select15_1_2,same_stem
7888,HACTION_SELECT15_1_2_1,HTML_PAGE_SELECT15_1_2_1,select15_1_2_1,same_stem
7889,HACTION_SELECT15_1_2_1_1,HTML_PAGE_SELECT15_1_2_1_1,select15_1_2_1_1,same_stem
7890,HACTION_SELECT15_1_2_1_2,HTML_PAGE_SELECT15_1_2_1_2,select15_1_2_1_2,same_stem
7891,HACTION_SELECT15_1_2_1_3,HTML_PAGE_SELECT15_1_2_1_3,select15_1_2_1_3,same_stem
7892,HACTION_SELECT15_1_2_1_4,HTML_PAGE_SELECT15_1_2_1_4,select15_1_2_1_4,same_stem
7893,HACTION_SELECT15_1_2_2,HTML_PAGE_SELECT15_1_2_2,select15_1_2_2,same_stem
7894,HACTION_SELECT15_1_2_2_1,HTML_PAGE_SELECT15_1_2_2_1,select15_1_2_2_1,same_stem
7895,HACTION_SELECT15_1_2_2_2,HTML_PAGE_SELECT15_1_2_2_2,select15_1_2_2_2,same_stem
7896,HACTION_SELECT15_1_2_2_3,HTML_PAGE_SELECT15_1_2_2_3,select15_1_2_2_3,same_stem
7897,HACTION_SELECT15_1_2_2_4,HTML_PAGE_SELECT15_1_2_2_4,select15_1_2_2_4,same_stem
7898,HACTION_SELECT15_1_2_3,HTML_PAGE_SELECT15_1_2_3,select15_1_2_3,same_stem
7899,HACTION_SELECT15_1_2_3_1,HTML_PAGE_SELECT15_1_2_3_1,select15_1_2_3_1,same_stem
7900,HACTION_SELECT15_1_2_3_2,HTML_PAGE_SELECT15_1_2_3_2,select15_1_2_3_2,same_stem
7901,HACTION_SELECT15_1_2_3_3,HTML_PAGE_SELECT15_1_2_3_3,select15_1_2_3_3,same_stem
7902,HACTION_SELECT15_1_2_3_4,HTML_PAGE_SELECT15_1_2_3_4,select15_1_2_3_4,same_stem
7903,HACTION_SELECT15_1_2_4,HTML_PAGE_SELECT15_1_2_4,select15_1_2_4,same_stem
7904,HACTION_SELECT15_1_2_4_1,HTML_PAGE_SELECT15_1_2_4_1,select15_1_2_4_1,same_stem
7905,HACTION_SELECT15_1_2_4_2,HTML_PAGE_SELECT15_1_2_4_2,select15_1_2_4_2,same_stem
7906,HACTION_SELECT15_1_2_4_3,HTML_PAGE_SELECT15_1_2_4_3,select15_1_2_4_3,same_stem
7907,HACTION_SELECT15_1_2_4_4,HTML_PAGE_SELECT15_1_2_4_4,select15_1_2_4_4,same_stem
7908,HACTION_SELECT15_1_3,HTML_PAGE_SELECT15_1_3,select15_1_3,same_stem
7909,HACTION_SELECT15_1_3_1,HTML_PAGE_SELECT15_1_3_1,select15_1_3_1,same_stem
7910,HACTION_SELECT15_1_3_1_1,HTML_PAGE_SELECT15_1_3_1_1,select15_1_3_1_1,same_stem
7911,HACTION_SELECT15_1_3_1_2,HTML_PAGE_SELECT15_1_3_1_2,select15_1_3_1_2,same_stem
7912,HACTION_SELECT15_1_3_1_3,HTML_PAGE_SELECT15_1_3_1_3,select15_1_3_1_3,same_stem
7913,HACTION_SELECT15_1_3_1_4,HTML_PAGE_SELECT15_1_3_1_4,select15_1_3_1_4,same_stem
7914,HACTION_SELECT15_1_3_2,HTML_PAGE_SELECT15_1_3_2,select15_1_3_2,same_stem
7915,HACTION_SELECT15_1_3_2_1,HTML_PAGE_SELECT15_1_3_2_1,select15_1_3_2_1,same_stem
7916,HACTION_SELECT15_1_3_2_2,HTML_PAGE_SELECT15_1_3_2_2,select15_1_3_2_2,same_stem
7917,HACTION_SELECT15_1_3_2_3,HTML_PAGE_SELECT15_1_3_2_3,select15_1_3_2_3,same_stem
7918,HACTION_SELECT15_1_3_2_4,HTML_PAGE_SELECT15_1_3_2_4,select15_1_3_2_4,same_stem
7919,HACTION_SELECT15_1_3_3,HTML_PAGE_SELECT15_1_3_3,select15_1_3_3,same_stem
7920,HACTION_SELECT15_1_3_3_1,HTML_PAGE_SELECT15_1_3_3_1,select15_1_3_3_1,same_stem
7921,HACTION_SELECT15_1_3_3_2,HTML_PAGE_SELECT15_1_3_3_2,select15_1_3_3_2,same_stem
7922,HACTION_SELECT15_1_3_3_3,HTML_PAGE_SELECT15_1_3_3_3,select15_1_3_3_3,same_stem
7923,HACTION_SELECT15_1_3_3_4,HTML_PAGE_SELECT15_1_3_3_4,select15_1_3_3_4,same_stem
7924,HACTION_SELECT15_1_3_4,HTML_PAGE_SELECT15_1_3_4,select15_1_3_4,same_stem
7925,HACTION_SELECT15_1_3_4_1,HTML_PAGE_SELECT15_1_3_4_1,select15_1_3_4_1,same_stem
7926,HACTION_SELECT15_1_3_4_2,HTML_PAGE_SELECT15_1_3_4_2,select15_1_3_4_2,same_stem
7927,HACTION_SELECT15_1_3_4_3,HTML_PAGE_SELECT15_1_3_4_3,select15_1_3_4_3,same_stem
7928,HACTION_SELECT15_1_3_4_4,HTML_PAGE_SELECT15_1_3_4_4,select15_1_3_4_4,same_stem
7929,HACTION_SELECT15_1_4,HTML_PAGE_SELECT15_1_4,select15_1_4,same_stem
7930,HACTION_SELECT15_1_4_1,HTML_PAGE_SELECT15_1_4_1,select15_1_4_1,same_stem
7931,HACTION_SELECT15_1_4_1_1,HTML_PAGE_SELECT15_1_4_1_1,select15_1_4_1_1,same_stem
7932,HACTION_SELECT15_1_4_1_2,HTML_PAGE_SELECT15_1_4_1_2,select15_1_4_1_2,same_stem
7933,HACTION_SELECT15_1_4_1_3,HTML_PAGE_SELECT15_1_4_1_3,select15_1_4_1_3,same_stem
7934,HACTION_SELECT15_1_4_1_4,HTML_PAGE_SELECT15_1_4_1_4,select15_1_4_1_4,same_stem
7935,HACTION_SELECT15_1_4_2,HTML_PAGE_SELECT15_1_4_2,select15_1_4_2,same_stem
7936,HACTION_SELECT15_1_4_2_1,HTML_PAGE_SELECT15_1_4_2_1,select15_1_4_2_1,same_stem
7937,HACTION_SELECT15_1_4_2_2,HTML_PAGE_SELECT15_1_4_2_2,select15_1_4_2_2,same_stem
7938,HACTION_SELECT15_1_4_2_3,HTML_PAGE_SELECT15_1_4_2_3,select15_1_4_2_3,same_stem
7939,HACTION_SELECT15_1_4_2_4,HTML_PAGE_SELECT15_1_4_2_4,select15_1_4_2_4,same_stem
7940,HACTION_SELECT15_1_4_3,HTML_PAGE_SELECT15_1_4_3,select15_1_4_3,same_stem
7941,HACTION_SELECT15_1_4_3_1,HTML_PAGE_SELECT15_1_4_3_1,select15_1_4_3_1,same_stem
7942,HACTION_SELECT15_1_4_3_2,HTML_PAGE_SELECT15_1_4_3_2,select15_1_4_3_2,same_stem
7943,HACTION_SELECT15_1_4_3_3,HTML_PAGE_SELECT15_1_4_3_3,select15_1_4_3_3,same_stem
7944,HACTION_SELECT15_1_4_3_4,HTML_PAGE_SELECT15_1_4_3_4,select15_1_4_3_4,same_stem
7945,HACTION_SELECT15_1_4_4,HTML_PAGE_SELECT15_1_4_4,select15_1_4_4,same_stem
7946,HACTION_SELECT15_1_4_4_1,HTML_PAGE_SELECT15_1_4_4_1,select15_1_4_4_1,same_stem
7947,HACTION_SELECT15_1_4_4_2,HTML_PAGE_SELECT15_1_4_4_2,select15_1_4_4_2,same_stem
7948,HACTION_SELECT15_1_4_4_3,HTML_PAGE_SELECT15_1_4_4_3,select15_1_4_4_3,same_stem
7949,HACTION_SELECT15_1_4_4_4,HTML_PAGE_SELECT15_1_4_4_4,select15_1_4_4_4,same_stem
7950,HACTION_SELECT15_2,HTML_PAGE_SELECT15_2,select15_2,same_stem
7951,HACTION_SELECT15_2_1,HTML_PAGE_SELECT15_2_1,select15_2_1,same_stem
7952,HACTION_SELECT15_2_1_1,HTML_PAGE_SELECT15_2_1_1,select15_2_1_1,same_stem
7953,HACTION_SELECT15_2_1_1_1,HTML_PAGE_SELECT15_2_1_1_1,select15_2_1_1_1,same_stem
7954,HACTION_SELECT15_2_1_1_2,HTML_PAGE_SELECT15_2_1_1_2,select15_2_1_1_2,same_stem
7955,HACTION_SELECT15_2_1_1_3,HTML_PAGE_SELECT15_2_1_1_3,select15_2_1_1_3,same_stem
7956,HACTION_SELECT15_2_1_1_4,HTML_PAGE_SELECT15_2_1_1_4,select15_2_1_1_4,same_stem
7957,HACTION_SELECT15_2_1_2,HTML_PAGE_SELECT15_2_1_2,select15_2_1_2,same_stem
7958,HACTION_SELECT15_2_1_2_1,HTML_PAGE_SELECT15_2_1_2_1,select15_2_1_2_1,same_stem
7959,HACTION_SELECT15_2_1_2_2,HTML_PAGE_SELECT15_2_1_2_2,select15_2_1_2_2,same_stem
7960,HACTION_SELECT15_2_1_2_3,HTML_PAGE_SELECT15_2_1_2_3,select15_2_1_2_3,same_stem
7961,HACTION_SELECT15_2_1_2_4,HTML_PAGE_SELECT15_2_1_2_4,select15_2_1_2_4,same_stem
7962,HACTION_SELECT15_2_1_3,HTML_PAGE_SELECT15_2_1_3,select15_2_1_3,same_stem
7963,HACTION_SELECT15_2_1_3_1,HTML_PAGE_SELECT15_2_1_3_1,select15_2_1_3_1,same_stem
7964,HACTION_SELECT15_2_1_3_2,HTML_PAGE_SELECT15_2_1_3_2,select15_2_1_3_2,same_stem
7965,HACTION_SELECT15_2_1_3_3,HTML_PAGE_SELECT15_2_1_3_3,select15_2_1_3_3,same_stem
7966,HACTION_SELECT15_2_1_3_4,HTML_PAGE_SELECT15_2_1_3_4,select15_2_1_3_4,same_stem
7967,HACTION_SELECT15_2_1_4,HTML_PAGE_SELECT15_2_1_4,select15_2_1_4,same_stem
7968,HACTION_SELECT15_2_1_4_1,HTML_PAGE_SELECT15_2_1_4_1,select15_2_1_4_1,same_stem
7969,HACTION_SELECT15_2_1_4_2,HTML_PAGE_SELECT15_2_1_4_2,select15_2_1_4_2,same_stem
7970,HACTION_SELECT15_2_1_4_3,HTML_PAGE_SELECT15_2_1_4_3,select15_2_1_4_3,same_stem
7971,HACTION_SELECT15_2_1_4_4,HTML_PAGE_SELECT15_2_1_4_4,select15_2_1_4_4,same_stem
7972,HACTION_SELECT15_2_2,HTML_PAGE_SELECT15_2_2,select15_2_2,same_stem
7973,HACTION_SELECT15_2_2_1,HTML_PAGE_SELECT15_2_2_1,select15_2_2_1,same_stem
7974,HACTION_SELECT15_2_2_1_1,HTML_PAGE_SELECT15_2_2_1_1,select15_2_2_1_1,same_stem
7975,HACTION_SELECT15_2_2_1_2,HTML_PAGE_SELECT15_2_2_1_2,select15_2_2_1_2,same_stem
7976,HACTION_SELECT15_2_2_1_3,HTML_PAGE_SELECT15_2_2_1_3,select15_2_2_1_3,same_stem
7977,HACTION_SELECT15_2_2_1_4,HTML_PAGE_SELECT15_2_2_1_4,select15_2_2_1_4,same_stem
7978,HACTION_SELECT15_2_2_2,HTML_PAGE_SELECT15_2_2_2,select15_2_2_2,same_stem
7979,HACTION_SELECT15_2_2_2_1,HTML_PAGE_SELECT15_2_2_2_1,select15_2_2_2_1,same_stem
7980,HACTION_SELECT15_2_2_2_2,HTML_PAGE_SELECT15_2_2_2_2,select15_2_2_2_2,same_stem
7981,HACTION_SELECT15_2_2_2_3,HTML_PAGE_SELECT15_2_2_2_3,select15_2_2_2_3,same_stem
7982,HACTION_SELECT15_2_2_2_4,HTML_PAGE_SELECT15_2_2_2_4,select15_2_2_2_4,same_stem
7983,HACTION_SELECT15_2_2_3,HTML_PAGE_SELECT15_2_2_3,select15_2_2_3,same_stem
7984,HACTION_SELECT15_2_2_3_1,HTML_PAGE_SELECT15_2_2_3_1,select15_2_2_3_1,same_stem
7985,HACTION_SELECT15_2_2_3_2,HTML_PAGE_SELECT15_2_2_3_2,select15_2_2_3_2,same_stem
7986,HACTION_SELECT15_2_2_3_3,HTML_PAGE_SELECT15_2_2_3_3,select15_2_2_3_3,same_stem
7987,HACTION_SELECT15_2_2_3_4,HTML_PAGE_SELECT15_2_2_3_4,select15_2_2_3_4,same_stem
7988,HACTION_SELECT15_2_2_4,HTML_PAGE_SELECT15_2_2_4,select15_2_2_4,same_stem
7989,HACTION_SELECT15_2_2_4_1,HTML_PAGE_SELECT15_2_2_4_1,select15_2_2_4_1,same_stem
7990,HACTION_SELECT15_2_2_4_2,HTML_PAGE_SELECT15_2_2_4_2,select15_2_2_4_2,same_stem
7991,HACTION_SELECT15_2_2_4_3,HTML_PAGE_SELECT15_2_2_4_3,select15_2_2_4_3,same_stem
7992,HACTION_SELECT15_2_2_4_4,HTML_PAGE_SELECT15_2_2_4_4,select15_2_2_4_4,same_stem
7993,HACTION_SELECT15_2_3,HTML_PAGE_SELECT15_2_3,select15_2_3,same_stem
7994,HACTION_SELECT15_2_3_1,HTML_PAGE_SELECT15_2_3_1,select15_2_3_1,same_stem
7995,HACTION_SELECT15_2_3_1_1,HTML_PAGE_SELECT15_2_3_1_1,select15_2_3_1_1,same_stem
7996,HACTION_SELECT15_2_3_1_2,HTML_PAGE_SELECT15_2_3_1_2,select15_2_3_1_2,same_stem
7997,HACTION_SELECT15_2_3_1_3,HTML_PAGE_SELECT15_2_3_1_3,select15_2_3_1_3,same_stem
7998,HACTION_SELECT15_2_3_1_4,HTML_PAGE_SELECT15_2_3_1_4,select15_2_3_1_4,same_stem
7999,HACTION_SELECT15_2_3_2,HTML_PAGE_SELECT15_2_3_2,select15_2_3_2,same_stem
8000,HACTION_SELECT15_2_3_2_1,HTML_PAGE_SELECT15_2_3_2_1,select15_2_3_2_1,same_stem
8001,HACTION_SELECT15_2_3_2_2,HTML_PAGE_SELECT15_2_3_2_2,select15_2_3_2_2,same_stem
8002,HACTION_SELECT15_2_3_2_3,HTML_PAGE_SELECT15_2_3_2_3,select15_2_3_2_3,same_stem
8003,HACTION_SELECT15_2_3_2_4,HTML_PAGE_SELECT15_2_3_2_4,select15_2_3_2_4,same_stem
8004,HACTION_SELECT15_2_3_3,HTML_PAGE_SELECT15_2_3_3,select15_2_3_3,same_stem
8005,HACTION_SELECT15_2_3_3_1,HTML_PAGE_SELECT15_2_3_3_1,select15_2_3_3_1,same_stem
8006,HACTION_SELECT15_2_3_3_2,HTML_PAGE_SELECT15_2_3_3_2,select15_2_3_3_2,same_stem
8007,HACTION_SELECT15_2_3_3_3,HTML_PAGE_SELECT15_2_3_3_3,select15_2_3_3_3,same_stem
8008,HACTION_SELECT15_2_3_3_4,HTML_PAGE_SELECT15_2_3_3_4,select15_2_3_3_4,same_stem
8009,HACTION_SELECT15_2_3_4,HTML_PAGE_SELECT15_2_3_4,select15_2_3_4,same_stem
8010,HACTION_SELECT15_2_3_4_1,HTML_PAGE_SELECT15_2_3_4_1,select15_2_3_4_1,same_stem
8011,HACTION_SELECT15_2_3_4_2,HTML_PAGE_SELECT15_2_3_4_2,select15_2_3_4_2,same_stem
8012,HACTION_SELECT15_2_3_4_3,HTML_PAGE_SELECT15_2_3_4_3,select15_2_3_4_3,same_stem
8013,HACTION_SELECT15_2_3_4_4,HTML_PAGE_SELECT15_2_3_4_4,select15_2_3_4_4,same_stem
8014,HACTION_SELECT15_2_4,HTML_PAGE_SELECT15_2_4,select15_2_4,same_stem
8015,HACTION_SELECT15_2_4_1,HTML_PAGE_SELECT15_2_4_1,select15_2_4_1,same_stem
8016,HACTION_SELECT15_2_4_1_1,HTML_PAGE_SELECT15_2_4_1_1,select15_2_4_1_1,same_stem
8017,HACTION_SELECT15_2_4_1_2,HTML_PAGE_SELECT15_2_4_1_2,select15_2_4_1_2,same_stem
8018,HACTION_SELECT15_2_4_1_3,HTML_PAGE_SELECT15_2_4_1_3,select15_2_4_1_3,same_stem
8019,HACTION_SELECT15_2_4_1_4,HTML_PAGE_SELECT15_2_4_1_4,select15_2_4_1_4,same_stem
8020,HACTION_SELECT15_2_4_2,HTML_PAGE_SELECT15_2_4_2,select15_2_4_2,same_stem
8021,HACTION_SELECT15_2_4_2_1,HTML_PAGE_SELECT15_2_4_2_1,select15_2_4_2_1,same_stem
8022,HACTION_SELECT15_2_4_2_2,HTML_PAGE_SELECT15_2_4_2_2,select15_2_4_2_2,same_stem
8023,HACTION_SELECT15_2_4_2_3,HTML_PAGE_SELECT15_2_4_2_3,select15_2_4_2_3,same_stem
8024,HACTION_SELECT15_2_4_2_4,HTML_PAGE_SELECT15_2_4_2_4,select15_2_4_2_4,same_stem
8025,HACTION_SELECT15_2_4_3,HTML_PAGE_SELECT15_2_4_3,select15_2_4_3,same_stem
8026,HACTION_SELECT15_2_4_3_1,HTML_PAGE_SELECT15_2_4_3_1,select15_2_4_3_1,same_stem
8027,HACTION_SELECT15_2_4_3_2,HTML_PAGE_SELECT15_2_4_3_2,select15_2_4_3_2,same_stem
8028,HACTION_SELECT15_2_4_3_3,HTML_PAGE_SELECT15_2_4_3_3,select15_2_4_3_3,same_stem
8029,HACTION_SELECT15_2_4_3_4,HTML_PAGE_SELECT15_2_4_3_4,select15_2_4_3_4,same_stem
8030,HACTION_SELECT15_2_4_4,HTML_PAGE_SELECT15_2_4_4,select15_2_4_4,same_stem
8031,HACTION_SELECT15_2_4_4_1,HTML_PAGE_SELECT15_2_4_4_1,select15_2_4_4_1,same_stem
8032,HACTION_SELECT15_2_4_4_2,HTML_PAGE_SELECT15_2_4_4_2,select15_2_4_4_2,same_stem
8033,HACTION_SELECT15_2_4_4_3,HTML_PAGE_SELECT15_2_4_4_3,select15_2_4_4_3,same_stem
8034,HACTION_SELECT15_2_4_4_4,HTML_PAGE_SELECT15_2_4_4_4,select15_2_4_4_4,same_stem
8035,HACTION_SELECT15_3,HTML_PAGE_SELECT15_3,select15_3,same_stem
8036,HACTION_SELECT15_3_1,HTML_PAGE_SELECT15_3_1,select15_3_1,same_stem
8037,HACTION_SELECT15_3_1_1,HTML_PAGE_SELECT15_3_1_1,select15_3_1_1,same_stem
8038,HACTION_SELECT15_3_1_1_1,HTML_PAGE_SELECT15_3_1_1_1,select15_3_1_1_1,same_stem
8039,HACTION_SELECT15_3_1_1_2,HTML_PAGE_SELECT15_3_1_1_2,select15_3_1_1_2,same_stem
8040,HACTION_SELECT15_3_1_1_3,HTML_PAGE_SELECT15_3_1_1_3,select15_3_1_1_3,same_stem
8041,HACTION_SELECT15_3_1_1_4,HTML_PAGE_SELECT15_3_1_1_4,select15_3_1_1_4,same_stem
8042,HACTION_SELECT15_3_1_2,HTML_PAGE_SELECT15_3_1_2,select15_3_1_2,same_stem
8043,HACTION_SELECT15_3_1_2_1,HTML_PAGE_SELECT15_3_1_2_1,select15_3_1_2_1,same_stem
8044,HACTION_SELECT15_3_1_2_2,HTML_PAGE_SELECT15_3_1_2_2,select15_3_1_2_2,same_stem
8045,HACTION_SELECT15_3_1_2_3,HTML_PAGE_SELECT15_3_1_2_3,select15_3_1_2_3,same_stem
8046,HACTION_SELECT15_3_1_2_4,HTML_PAGE_SELECT15_3_1_2_4,select15_3_1_2_4,same_stem
8047,HACTION_SELECT15_3_1_3,HTML_PAGE_SELECT15_3_1_3,select15_3_1_3,same_stem
8048,HACTION_SELECT15_3_1_3_1,HTML_PAGE_SELECT15_3_1_3_1,select15_3_1_3_1,same_stem
8049,HACTION_SELECT15_3_1_3_2,HTML_PAGE_SELECT15_3_1_3_2,select15_3_1_3_2,same_stem
8050,HACTION_SELECT15_3_1_3_3,HTML_PAGE_SELECT15_3_1_3_3,select15_3_1_3_3,same_stem
8051,HACTION_SELECT15_3_1_3_4,HTML_PAGE_SELECT15_3_1_3_4,select15_3_1_3_4,same_stem
8052,HACTION_SELECT15_3_1_4,HTML_PAGE_SELECT15_3_1_4,select15_3_1_4,same_stem
8053,HACTION_SELECT15_3_1_4_1,HTML_PAGE_SELECT15_3_1_4_1,select15_3_1_4_1,same_stem
8054,HACTION_SELECT15_3_1_4_2,HTML_PAGE_SELECT15_3_1_4_2,select15_3_1_4_2,same_stem
8055,HACTION_SELECT15_3_1_4_3,HTML_PAGE_SELECT15_3_1_4_3,select15_3_1_4_3,same_stem
8056,HACTION_SELECT15_3_1_4_4,HTML_PAGE_SELECT15_3_1_4_4,select15_3_1_4_4,same_stem
8057,HACTION_SELECT15_3_2,HTML_PAGE_SELECT15_3_2,select15_3_2,same_stem
8058,HACTION_SELECT15_3_2_1,HTML_PAGE_SELECT15_3_2_1,select15_3_2_1,same_stem
8059,HACTION_SELECT15_3_2_1_1,HTML_PAGE_SELECT15_3_2_1_1,select15_3_2_1_1,same_stem
8060,HACTION_SELECT15_3_2_1_2,HTML_PAGE_SELECT15_3_2_1_2,select15_3_2_1_2,same_stem
8061,HACTION_SELECT15_3_2_1_3,HTML_PAGE_SELECT15_3_2_1_3,select15_3_2_1_3,same_stem
8062,HACTION_SELECT15_3_2_1_4,HTML_PAGE_SELECT15_3_2_1_4,select15_3_2_1_4,same_stem
8063,HACTION_SELECT15_3_2_2,HTML_PAGE_SELECT15_3_2_2,select15_3_2_2,same_stem
8064,HACTION_SELECT15_3_2_2_1,HTML_PAGE_SELECT15_3_2_2_1,select15_3_2_2_1,same_stem
8065,HACTION_SELECT15_3_2_2_2,HTML_PAGE_SELECT15_3_2_2_2,select15_3_2_2_2,same_stem
8066,HACTION_SELECT15_3_2_2_3,HTML_PAGE_SELECT15_3_2_2_3,select15_3_2_2_3,same_stem
8067,HACTION_SELECT15_3_2_2_4,HTML_PAGE_SELECT15_3_2_2_4,select15_3_2_2_4,same_stem
8068,HACTION_SELECT15_3_2_3,HTML_PAGE_SELECT15_3_2_3,select15_3_2_3,same_stem
8069,HACTION_SELECT15_3_2_3_1,HTML_PAGE_SELECT15_3_2_3_1,select15_3_2_3_1,same_stem
8070,HACTION_SELECT15_3_2_3_2,HTML_PAGE_SELECT15_3_2_3_2,select15_3_2_3_2,same_stem
8071,HACTION_SELECT15_3_2_3_3,HTML_PAGE_SELECT15_3_2_3_3,select15_3_2_3_3,same_stem
8072,HACTION_SELECT15_3_2_3_4,HTML_PAGE_SELECT15_3_2_3_4,select15_3_2_3_4,same_stem
8073,HACTION_SELECT15_3_2_4,HTML_PAGE_SELECT15_3_2_4,select15_3_2_4,same_stem
8074,HACTION_SELECT15_3_2_4_1,HTML_PAGE_SELECT15_3_2_4_1,select15_3_2_4_1,same_stem
8075,HACTION_SELECT15_3_2_4_2,HTML_PAGE_SELECT15_3_2_4_2,select15_3_2_4_2,same_stem
8076,HACTION_SELECT15_3_2_4_3,HTML_PAGE_SELECT15_3_2_4_3,select15_3_2_4_3,same_stem
8077,HACTION_SELECT15_3_2_4_4,HTML_PAGE_SELECT15_3_2_4_4,select15_3_2_4_4,same_stem
8078,HACTION_SELECT15_3_3,HTML_PAGE_SELECT15_3_3,select15_3_3,same_stem
8079,HACTION_SELECT15_3_3_1,HTML_PAGE_SELECT15_3_3_1,select15_3_3_1,same_stem
8080,HACTION_SELECT15_3_3_1_1,HTML_PAGE_SELECT15_3_3_1_1,select15_3_3_1_1,same_stem
8081,HACTION_SELECT15_3_3_1_2,HTML_PAGE_SELECT15_3_3_1_2,select15_3_3_1_2,same_stem
8082,HACTION_SELECT15_3_3_1_3,HTML_PAGE_SELECT15_3_3_1_3,select15_3_3_1_3,same_stem
8083,HACTION_SELECT15_3_3_1_4,HTML_PAGE_SELECT15_3_3_1_4,select15_3_3_1_4,same_stem
8084,HACTION_SELECT15_3_3_2,HTML_PAGE_SELECT15_3_3_2,select15_3_3_2,same_stem
8085,HACTION_SELECT15_3_3_2_1,HTML_PAGE_SELECT15_3_3_2_1,select15_3_3_2_1,same_stem
8086,HACTION_SELECT15_3_3_2_2,HTML_PAGE_SELECT15_3_3_2_2,select15_3_3_2_2,same_stem
8087,HACTION_SELECT15_3_3_2_3,HTML_PAGE_SELECT15_3_3_2_3,select15_3_3_2_3,same_stem
8088,HACTION_SELECT15_3_3_2_4,HTML_PAGE_SELECT15_3_3_2_4,select15_3_3_2_4,same_stem
8089,HACTION_SELECT15_3_3_3,HTML_PAGE_SELECT15_3_3_3,select15_3_3_3,same_stem
8090,HACTION_SELECT15_3_3_3_1,HTML_PAGE_SELECT15_3_3_3_1,select15_3_3_3_1,same_stem
8091,HACTION_SELECT15_3_3_3_2,HTML_PAGE_SELECT15_3_3_3_2,select15_3_3_3_2,same_stem
8092,HACTION_SELECT15_3_3_3_3,HTML_PAGE_SELECT15_3_3_3_3,select15_3_3_3_3,same_stem
8093,HACTION_SELECT15_3_3_3_4,HTML_PAGE_SELECT15_3_3_3_4,select15_3_3_3_4,same_stem
8094,HACTION_SELECT15_3_3_4,HTML_PAGE_SELECT15_3_3_4,select15_3_3_4,same_stem
8095,HACTION_SELECT15_3_3_4_1,HTML_PAGE_SELECT15_3_3_4_1,select15_3_3_4_1,same_stem
8096,HACTION_SELECT15_3_3_4_2,HTML_PAGE_SELECT15_3_3_4_2,select15_3_3_4_2,same_stem
8097,HACTION_SELECT15_3_3_4_3,HTML_PAGE_SELECT15_3_3_4_3,select15_3_3_4_3,same_stem
8098,HACTION_SELECT15_3_3_4_4,HTML_PAGE_SELECT15_3_3_4_4,select15_3_3_4_4,same_stem
8099,HACTION_SELECT15_3_4,HTML_PAGE_SELECT15_3_4,select15_3_4,same_stem
8100,HACTION_SELECT15_3_4_1,HTML_PAGE_SELECT15_3_4_1,select15_3_4_1,same_stem
8101,HACTION_SELECT15_3_4_1_1,HTML_PAGE_SELECT15_3_4_1_1,select15_3_4_1_1,same_stem
8102,HACTION_SELECT15_3_4_1_2,HTML_PAGE_SELECT15_3_4_1_2,select15_3_4_1_2,same_stem
8103,HACTION_SELECT15_3_4_1_3,HTML_PAGE_SELECT15_3_4_1_3,select15_3_4_1_3,same_stem
8104,HACTION_SELECT15_3_4_1_4,HTML_PAGE_SELECT15_3_4_1_4,select15_3_4_1_4,same_stem
8105,HACTION_SELECT15_3_4_2,HTML_PAGE_SELECT15_3_4_2,select15_3_4_2,same_stem
8106,HACTION_SELECT15_3_4_2_1,HTML_PAGE_SELECT15_3_4_2_1,select15_3_4_2_1,same_stem
8107,HACTION_SELECT15_3_4_2_2,HTML_PAGE_SELECT15_3_4_2_2,select15_3_4_2_2,same_stem
8108,HACTION_SELECT15_3_4_2_3,HTML_PAGE_SELECT15_3_4_2_3,select15_3_4_2_3,same_stem
8109,HACTION_SELECT15_3_4_2_4,HTML_PAGE_SELECT15_3_4_2_4,select15_3_4_2_4,same_stem
8110,HACTION_SELECT15_3_4_3,HTML_PAGE_SELECT15_3_4_3,select15_3_4_3,same_stem
8111,HACTION_SELECT15_3_4_3_1,HTML_PAGE_SELECT15_3_4_3_1,select15_3_4_3_1,same_stem
8112,HACTION_SELECT15_3_4_3_2,HTML_PAGE_SELECT15_3_4_3_2,select15_3_4_3_2,same_stem
8113,HACTION_SELECT15_3_4_3_3,HTML_PAGE_SELECT15_3_4_3_3,select15_3_4_3_3,same_stem
8114,HACTION_SELECT15_3_4_3_4,HTML_PAGE_SELECT15_3_4_3_4,select15_3_4_3_4,same_stem
8115,HACTION_SELECT15_3_4_4,HTML_PAGE_SELECT15_3_4_4,select15_3_4_4,same_stem
8116,HACTION_SELECT15_3_4_4_1,HTML_PAGE_SELECT15_3_4_4_1,select15_3_4_4_1,same_stem
8117,HACTION_SELECT15_3_4_4_2,HTML_PAGE_SELECT15_3_4_4_2,select15_3_4_4_2,same_stem
8118,HACTION_SELECT15_3_4_4_3,HTML_PAGE_SELECT15_3_4_4_3,select15_3_4_4_3,same_stem
8119,HACTION_SELECT15_3_4_4_4,HTML_PAGE_SELECT15_3_4_4_4,select15_3_4_4_4,same_stem
8120,HACTION_SELECT15_4,HTML_PAGE_SELECT15_4,select15_4,same_stem
8121,HACTION_SELECT15_4_1,HTML_PAGE_SELECT15_4_1,select15_4_1,same_stem
8122,HACTION_SELECT15_4_1_1,HTML_PAGE_SELECT15_4_1_1,select15_4_1_1,same_stem
8123,HACTION_SELECT15_4_1_1_1,HTML_PAGE_SELECT15_4_1_1_1,select15_4_1_1_1,same_stem
8124,HACTION_SELECT15_4_1_1_2,HTML_PAGE_SELECT15_4_1_1_2,select15_4_1_1_2,same_stem
8125,HACTION_SELECT15_4_1_1_3,HTML_PAGE_SELECT15_4_1_1_3,select15_4_1_1_3,same_stem
8126,HACTION_SELECT15_4_1_1_4,HTML_PAGE_SELECT15_4_1_1_4,select15_4_1_1_4,same_stem
8127,HACTION_SELECT15_4_1_2,HTML_PAGE_SELECT15_4_1_2,select15_4_1_2,same_stem
8128,HACTION_SELECT15_4_1_2_1,HTML_PAGE_SELECT15_4_1_2_1,select15_4_1_2_1,same_stem
8129,HACTION_SELECT15_4_1_2_2,HTML_PAGE_SELECT15_4_1_2_2,select15_4_1_2_2,same_stem
8130,HACTION_SELECT15_4_1_2_3,HTML_PAGE_SELECT15_4_1_2_3,select15_4_1_2_3,same_stem
8131,HACTION_SELECT15_4_1_2_4,HTML_PAGE_SELECT15_4_1_2_4,select15_4_1_2_4,same_stem
8132,HACTION_SELECT15_4_1_3,HTML_PAGE_SELECT15_4_1_3,select15_4_1_3,same_stem
8133,HACTION_SELECT15_4_1_3_1,HTML_PAGE_SELECT15_4_1_3_1,select15_4_1_3_1,same_stem
8134,HACTION_SELECT15_4_1_3_2,HTML_PAGE_SELECT15_4_1_3_2,select15_4_1_3_2,same_stem
8135,HACTION_SELECT15_4_1_3_3,HTML_PAGE_SELECT15_4_1_3_3,select15_4_1_3_3,same_stem
8136,HACTION_SELECT15_4_1_3_4,HTML_PAGE_SELECT15_4_1_3_4,select15_4_1_3_4,same_stem
8137,HACTION_SELECT15_4_1_4,HTML_PAGE_SELECT15_4_1_4,select15_4_1_4,same_stem
8138,HACTION_SELECT15_4_1_4_1,HTML_PAGE_SELECT15_4_1_4_1,select15_4_1_4_1,same_stem
8139,HACTION_SELECT15_4_1_4_2,HTML_PAGE_SELECT15_4_1_4_2,select15_4_1_4_2,same_stem
8140,HACTION_SELECT15_4_1_4_3,HTML_PAGE_SELECT15_4_1_4_3,select15_4_1_4_3,same_stem
8141,HACTION_SELECT15_4_1_4_4,HTML_PAGE_SELECT15_4_1_4_4,select15_4_1_4_4,same_stem
8142,HACTION_SELECT15_4_2,HTML_PAGE_SELECT15_4_2,select15_4_2,same_stem
8143,HACTION_SELECT15_4_2_1,HTML_PAGE_SELECT15_4_2_1,select15_4_2_1,same_stem
8144,HACTION_SELECT15_4_2_1_1,HTML_PAGE_SELECT15_4_2_1_1,select15_4_2_1_1,same_stem
8145,HACTION_SELECT15_4_2_1_2,HTML_PAGE_SELECT15_4_2_1_2,select15_4_2_1_2,same_stem
8146,HACTION_SELECT15_4_2_1_3,HTML_PAGE_SELECT15_4_2_1_3,select15_4_2_1_3,same_stem
8147,HACTION_SELECT15_4_2_1_4,HTML_PAGE_SELECT15_4_2_1_4,select15_4_2_1_4,same_stem
8148,HACTION_SELECT15_4_2_2,HTML_PAGE_SELECT15_4_2_2,select15_4_2_2,same_stem
8149,HACTION_SELECT15_4_2_2_1,HTML_PAGE_SELECT15_4_2_2_1,select15_4_2_2_1,same_stem
8150,HACTION_SELECT15_4_2_2_2,HTML_PAGE_SELECT15_4_2_2_2,select15_4_2_2_2,same_stem
8151,HACTION_SELECT15_4_2_2_3,HTML_PAGE_SELECT15_4_2_2_3,select15_4_2_2_3,same_stem
8152,HACTION_SELECT15_4_2_2_4,HTML_PAGE_SELECT15_4_2_2_4,select15_4_2_2_4,same_stem
8153,HACTION_SELECT15_4_2_3,HTML_PAGE_SELECT15_4_2_3,select15_4_2_3,same_stem
8154,HACTION_SELECT15_4_2_3_1,HTML_PAGE_SELECT15_4_2_3_1,select15_4_2_3_1,same_stem
8155,HACTION_SELECT15_4_2_3_2,HTML_PAGE_SELECT15_4_2_3_2,select15_4_2_3_2,same_stem
8156,HACTION_SELECT15_4_2_3_3,HTML_PAGE_SELECT15_4_2_3_3,select15_4_2_3_3,same_stem
8157,HACTION_SELECT15_4_2_3_4,HTML_PAGE_SELECT15_4_2_3_4,select15_4_2_3_4,same_stem
8158,HACTION_SELECT15_4_2_4,HTML_PAGE_SELECT15_4_2_4,select15_4_2_4,same_stem
8159,HACTION_SELECT15_4_2_4_1,HTML_PAGE_SELECT15_4_2_4_1,select15_4_2_4_1,same_stem
8160,HACTION_SELECT15_4_2_4_2,HTML_PAGE_SELECT15_4_2_4_2,select15_4_2_4_2,same_stem
8161,HACTION_SELECT15_4_2_4_3,HTML_PAGE_SELECT15_4_2_4_3,select15_4_2_4_3,same_stem
8162,HACTION_SELECT15_4_2_4_4,HTML_PAGE_SELECT15_4_2_4_4,select15_4_2_4_4,same_stem
8163,HACTION_SELECT15_4_3,HTML_PAGE_SELECT15_4_3,select15_4_3,same_stem
8164,HACTION_SELECT15_4_3_1,HTML_PAGE_SELECT15_4_3_1,select15_4_3_1,same_stem
8165,HACTION_SELECT15_4_3_1_1,HTML_PAGE_SELECT15_4_3_1_1,select15_4_3_1_1,same_stem
8166,HACTION_SELECT15_4_3_1_2,HTML_PAGE_SELECT15_4_3_1_2,select15_4_3_1_2,same_stem
8167,HACTION_SELECT15_4_3_1_3,HTML_PAGE_SELECT15_4_3_1_3,select15_4_3_1_3,same_stem
8168,HACTION_SELECT15_4_3_1_4,HTML_PAGE_SELECT15_4_3_1_4,select15_4_3_1_4,same_stem
8169,HACTION_SELECT15_4_3_2,HTML_PAGE_SELECT15_4_3_2,select15_4_3_2,same_stem
8170,HACTION_SELECT15_4_3_2_1,HTML_PAGE_SELECT15_4_3_2_1,select15_4_3_2_1,same_stem
8171,HACTION_SELECT15_4_3_2_2,HTML_PAGE_SELECT15_4_3_2_2,select15_4_3_2_2,same_stem
8172,HACTION_SELECT15_4_3_2_3,HTML_PAGE_SELECT15_4_3_2_3,select15_4_3_2_3,same_stem
8173,HACTION_SELECT15_4_3_2_4,HTML_PAGE_SELECT15_4_3_2_4,select15_4_3_2_4,same_stem
8174,HACTION_SELECT15_4_3_3,HTML_PAGE_SELECT15_4_3_3,select15_4_3_3,same_stem
8175,HACTION_SELECT15_4_3_3_1,HTML_PAGE_SELECT15_4_3_3_1,select15_4_3_3_1,same_stem
8176,HACTION_SELECT15_4_3_3_2,HTML_PAGE_SELECT15_4_3_3_2,select15_4_3_3_2,same_stem
8177,HACTION_SELECT15_4_3_3_3,HTML_PAGE_SELECT15_4_3_3_3,select15_4_3_3_3,same_stem
8178,HACTION_SELECT15_4_3_3_4,HTML_PAGE_SELECT15_4_3_3_4,select15_4_3_3_4,same_stem
8179,HACTION_SELECT15_4_3_4,HTML_PAGE_SELECT15_4_3_4,select15_4_3_4,same_stem
8180,HACTION_SELECT15_4_3_4_1,HTML_PAGE_SELECT15_4_3_4_1,select15_4_3_4_1,same_stem
8181,HACTION_SELECT15_4_3_4_2,HTML_PAGE_SELECT15_4_3_4_2,select15_4_3_4_2,same_stem
8182,HACTION_SELECT15_4_3_4_3,HTML_PAGE_SELECT15_4_3_4_3,select15_4_3_4_3,same_stem
8183,HACTION_SELECT15_4_3_4_4,HTML_PAGE_SELECT15_4_3_4_4,select15_4_3_4_4,same_stem
8184,HACTION_SELECT15_4_4,HTML_PAGE_SELECT15_4_4,select15_4_4,same_stem
8185,HACTION_SELECT15_4_4_1,HTML_PAGE_SELECT15_4_4_1,select15_4_4_1,same_stem
8186,HACTION_SELECT15_4_4_1_1,HTML_PAGE_SELECT15_4_4_1_1,select15_4_4_1_1,same_stem
8187,HACTION_SELECT15_4_4_1_2,HTML_PAGE_SELECT15_4_4_1_2,select15_4_4_1_2,same_stem
8188,HACTION_SELECT15_4_4_1_3,HTML_PAGE_SELECT15_4_4_1_3,select15_4_4_1_3,same_stem
8189,HACTION_SELECT15_4_4_1_4,HTML_PAGE_SELECT15_4_4_1_4,select15_4_4_1_4,same_stem
8190,HACTION_SELECT15_4_4_2,HTML_PAGE_SELECT15_4_4_2,select15_4_4_2,same_stem
8191,HACTION_SELECT15_4_4_2_1,HTML_PAGE_SELECT15_4_4_2_1,select15_4_4_2_1,same_stem
8192,HACTION_SELECT15_4_4_2_2,HTML_PAGE_SELECT15_4_4_2_2,select15_4_4_2_2,same_stem
8193,HACTION_SELECT15_4_4_2_3,HTML_PAGE_SELECT15_4_4_2_3,select15_4_4_2_3,same_stem
8194,HACTION_SELECT15_4_4_2_4,HTML_PAGE_SELECT15_4_4_2_4,select15_4_4_2_4,same_stem
8195,HACTION_SELECT15_4_4_3,HTML_PAGE_SELECT15_4_4_3,select15_4_4_3,same_stem
8196,HACTION_SELECT15_4_4_3_1,HTML_PAGE_SELECT15_4_4_3_1,select15_4_4_3_1,same_stem
8197,HACTION_SELECT15_4_4_3_2,HTML_PAGE_SELECT15_4_4_3_2,select15_4_4_3_2,same_stem
8198,HACTION_SELECT15_4_4_3_3,HTML_PAGE_SELECT15_4_4_3_3,select15_4_4_3_3,same_stem
8199,HACTION_SELECT15_4_4_3_4,HTML_PAGE_SELECT15_4_4_3_4,select15_4_4_3_4,same_stem
8200,HACTION_SELECT15_4_4_4,HTML_PAGE_SELECT15_4_4_4,select15_4_4_4,same_stem
8201,HACTION_SELECT15_4_4_4_1,HTML_PAGE_SELECT15_4_4_4_1,select15_4_4_4_1,same_stem
8202,HACTION_SELECT15_4_4_4_2,HTML_PAGE_SELECT15_4_4_4_2,select15_4_4_4_2,same_stem
8203,HACTION_SELECT15_4_4_4_3,HTML_PAGE_SELECT15_4_4_4_3,select15_4_4_4_3,same_stem
8204,HACTION_SELECT15_4_4_4_4,HTML_PAGE_SELECT15_4_4_4_4,select15_4_4_4_4,same_stem
10000,HACTION_SETPRO1,HTML_PAGE_CHECK_USER_ITEM_OK,check_user_item_ok,same_id_only
10001,HACTION_SETPRO2,HTML_PAGE_CHECK_USER_ITEM_FAIL,check_user_item_fail,same_id_only
10002,HACTION_SETPRO3,HTML_PAGE_DEFAULT_SUCCESS,select_success,same_id_only
10003,HACTION_SETPRO4,,,action_only
10004,HACTION_SETPRO5,,,action_only
10005,HACTION_SETPRO6,,,action_only
10006,HACTION_SETPRO7,,,action_only
10007,HACTION_SETPRO8,,,action_only
10008,HACTION_SETPRO9,,,action_only
10009,HACTION_SETPRO10,,,action_only
10010,HACTION_SETPRO11,,,action_only
10011,HACTION_SETPRO12,,,action_only
10012,HACTION_SETPRO13,,,action_only
10013,HACTION_SETPRO14,,,action_only
10014,HACTION_SETPRO15,,,action_only
10015,HACTION_SETPRO16,,,action_only
10016,HACTION_SETPRO17,,,action_only
10017,HACTION_SETPRO18,,,action_only
10018,HACTION_SETPRO19,,,action_only
10019,HACTION_SETPRO20,,,action_only
10020,HACTION_SETPRO21,,,action_only
10021,HACTION_SETPRO22,,,action_only
10022,HACTION_SETPRO23,,,action_only
10023,HACTION_SETPRO24,,,action_only
10024,HACTION_SETPRO25,,,action_only
10025,HACTION_SETPRO26,,,action_only
10026,HACTION_SETPRO27,,,action_only
10027,HACTION_SETPRO28,,,action_only
10028,HACTION_SETPRO29,,,action_only
10029,HACTION_SETPRO30,,,action_only
10030,HACTION_SETPRO31,,,action_only
10031,HACTION_SETPRO32,,,action_only
10032,HACTION_SETPRO33,,,action_only
10033,HACTION_SETPRO34,,,action_only
10034,HACTION_SETPRO35,,,action_only
10035,HACTION_SETPRO36,,,action_only
10036,HACTION_SETPRO37,,,action_only
10037,HACTION_SETPRO38,,,action_only
10038,HACTION_SETPRO39,,,action_only
10039,HACTION_SETPRO40,,,action_only
10040,HACTION_SETPRO41,,,action_only
10041,HACTION_SETPRO42,,,action_only
10042,HACTION_SETPRO43,,,action_only
10043,HACTION_SETPRO44,,,action_only
10044,HACTION_SETPRO45,,,action_only
10045,HACTION_SETPRO46,,,action_only
10046,HACTION_SETPRO47,,,action_only
10047,HACTION_SETPRO48,,,action_only
10048,HACTION_SETPRO49,,,action_only
10049,HACTION_SETPRO50,,,action_only
10050,HACTION_SETPRO51,,,action_only
10051,HACTION_SETPRO52,,,action_only
10052,HACTION_SETPRO53,,,action_only
10053,HACTION_SETPRO54,,,action_only
10054,HACTION_SETPRO55,,,action_only
10055,HACTION_SETPRO56,,,action_only
10056,HACTION_SETPRO57,,,action_only
10057,HACTION_SETPRO58,,,action_only
10058,HACTION_SETPRO59,,,action_only
10059,HACTION_SETPRO60,,,action_only
10060,HACTION_SETPRO61,,,action_only
10061,HACTION_SETPRO62,,,action_only
10062,HACTION_SETPRO63,,,action_only
10063,HACTION_SETPRO64,,,action_only
10064,HACTION_SETPRO65,,,action_only
10065,HACTION_SETPRO66,,,action_only
10066,HACTION_SETPRO67,,,action_only
10067,HACTION_SETPRO68,,,action_only
10068,HACTION_SETPRO69,,,action_only
10069,HACTION_SETPRO70,,,action_only
10070,HACTION_SETPRO71,,,action_only
10071,HACTION_SETPRO72,,,action_only
10072,HACTION_SETPRO73,,,action_only
10073,HACTION_SETPRO74,,,action_only
10074,HACTION_SETPRO75,,,action_only
10075,HACTION_SETPRO76,,,action_only
10076,HACTION_SETPRO77,,,action_only
10077,HACTION_SETPRO78,,,action_only
10078,HACTION_SETPRO79,,,action_only
10079,HACTION_SETPRO80,,,action_only
10080,HACTION_SETPRO81,,,action_only
10081,HACTION_SETPRO82,,,action_only
10082,HACTION_SETPRO83,,,action_only
10083,HACTION_SETPRO84,,,action_only
10084,HACTION_SETPRO85,,,action_only
10085,HACTION_SETPRO86,,,action_only
10086,HACTION_SETPRO87,,,action_only
10087,HACTION_SETPRO88,,,action_only
10088,HACTION_SETPRO89,,,action_only
10089,HACTION_SETPRO90,,,action_only
10090,HACTION_SETPRO91,,,action_only
10091,HACTION_SETPRO92,,,action_only
10092,HACTION_SETPRO93,,,action_only
10093,HACTION_SETPRO94,,,action_only
10094,HACTION_SETPRO95,,,action_only
10095,HACTION_SETPRO96,,,action_only
10096,HACTION_SETPRO97,,,action_only
10097,HACTION_SETPRO98,,,action_only
10098,HACTION_SETPRO99,,,action_only
10099,HACTION_SETPRO100,,,action_only
10100,HACTION_SETPRO101,,,action_only
10101,HACTION_SETPRO102,,,action_only
10102,HACTION_SETPRO103,,,action_only
10103,HACTION_SETPRO104,,,action_only
10104,HACTION_SETPRO105,,,action_only
10105,HACTION_SETPRO106,,,action_only
10106,HACTION_SETPRO107,,,action_only
10107,HACTION_SETPRO108,,,action_only
10108,HACTION_SETPRO109,,,action_only
10109,HACTION_SETPRO110,,,action_only
10110,HACTION_SETPRO111,,,action_only
10111,HACTION_SETPRO112,,,action_only
10112,HACTION_SETPRO113,,,action_only
10113,HACTION_SETPRO114,,,action_only
10114,HACTION_SETPRO115,,,action_only
10115,HACTION_SETPRO116,,,action_only
10116,HACTION_SETPRO117,,,action_only
10117,HACTION_SETPRO118,,,action_only
10118,HACTION_SETPRO119,,,action_only
10119,HACTION_SETPRO120,,,action_only
10120,HACTION_SETPRO121,,,action_only
10121,HACTION_SETPRO122,,,action_only
10122,HACTION_SETPRO123,,,action_only
10123,HACTION_SETPRO124,,,action_only
10124,HACTION_SETPRO125,,,action_only
10125,HACTION_SETPRO126,,,action_only
10126,HACTION_SETPRO127,,,action_only
10127,HACTION_SETPRO128,,,action_only
10128,HACTION_SETPRO129,,,action_only
10129,HACTION_SETPRO130,,,action_only
10130,HACTION_SETPRO131,,,action_only
10131,HACTION_SETPRO132,,,action_only
10132,HACTION_SETPRO133,,,action_only
10133,HACTION_SETPRO134,,,action_only
10134,HACTION_SETPRO135,,,action_only
10135,HACTION_SETPRO136,,,action_only
10136,HACTION_SETPRO137,,,action_only
10137,HACTION_SETPRO138,,,action_only
10138,HACTION_SETPRO139,,,action_only
10139,HACTION_SETPRO140,,,action_only
10140,HACTION_SETPRO141,,,action_only
10141,HACTION_SETPRO142,,,action_only
10142,HACTION_SETPRO143,,,action_only
10143,HACTION_SETPRO144,,,action_only
10144,HACTION_SETPRO145,,,action_only
10145,HACTION_SETPRO146,,,action_only
10146,HACTION_SETPRO147,,,action_only
10147,HACTION_SETPRO148,,,action_only
10148,HACTION_SETPRO149,,,action_only
10149,HACTION_SETPRO150,,,action_only
10150,HACTION_SETPRO151,,,action_only
10151,HACTION_SETPRO152,,,action_only
10152,HACTION_SETPRO153,,,action_only
10153,HACTION_SETPRO154,,,action_only
10154,HACTION_SETPRO155,,,action_only
10155,HACTION_SETPRO156,,,action_only
10156,HACTION_SETPRO157,,,action_only
10157,HACTION_SETPRO158,,,action_only
10158,HACTION_SETPRO159,,,action_only
10159,HACTION_SETPRO160,,,action_only
10160,HACTION_SETPRO161,,,action_only
10161,HACTION_SETPRO162,,,action_only
10162,HACTION_SETPRO163,,,action_only
10163,HACTION_SETPRO164,,,action_only
10164,HACTION_SETPRO165,,,action_only
10165,HACTION_SETPRO166,,,action_only
10166,HACTION_SETPRO167,,,action_only
10167,HACTION_SETPRO168,,,action_only
10168,HACTION_SETPRO169,,,action_only
10169,HACTION_SETPRO170,,,action_only
10170,HACTION_SETPRO171,,,action_only
10171,HACTION_SETPRO172,,,action_only
10172,HACTION_SETPRO173,,,action_only
10173,HACTION_SETPRO174,,,action_only
10174,HACTION_SETPRO175,,,action_only
10175,HACTION_SETPRO176,,,action_only
10176,HACTION_SETPRO177,,,action_only
10177,HACTION_SETPRO178,,,action_only
10178,HACTION_SETPRO179,,,action_only
10179,HACTION_SETPRO180,,,action_only
10180,HACTION_SETPRO181,,,action_only
10181,HACTION_SETPRO182,,,action_only
10182,HACTION_SETPRO183,,,action_only
10183,HACTION_SETPRO184,,,action_only
10184,HACTION_SETPRO185,,,action_only
10185,HACTION_SETPRO186,,,action_only
10186,HACTION_SETPRO187,,,action_only
10187,HACTION_SETPRO188,,,action_only
10188,HACTION_SETPRO189,,,action_only
10189,HACTION_SETPRO190,,,action_only
10190,HACTION_SETPRO191,,,action_only
10191,HACTION_SETPRO192,,,action_only
10192,HACTION_SETPRO193,,,action_only
10193,HACTION_SETPRO194,,,action_only
10194,HACTION_SETPRO195,,,action_only
10195,HACTION_SETPRO196,,,action_only
10196,HACTION_SETPRO197,,,action_only
10197,HACTION_SETPRO198,,,action_only
10198,HACTION_SETPRO199,,,action_only
10199,HACTION_SETPRO200,,,action_only
10200,HACTION_SETPRO201,,,action_only
10201,HACTION_SETPRO202,,,action_only
10202,HACTION_SETPRO203,,,action_only
10203,HACTION_SETPRO204,,,action_only
10204,HACTION_SETPRO205,,,action_only
10205,HACTION_SETPRO206,,,action_only
10206,HACTION_SETPRO207,,,action_only
10207,HACTION_SETPRO208,,,action_only
10208,HACTION_SETPRO209,,,action_only
10209,HACTION_SETPRO210,,,action_only
10210,HACTION_SETPRO211,,,action_only
10211,HACTION_SETPRO212,,,action_only
10212,HACTION_SETPRO213,,,action_only
10213,HACTION_SETPRO214,,,action_only
10214,HACTION_SETPRO215,,,action_only
10215,HACTION_SETPRO216,,,action_only
10216,HACTION_SETPRO217,,,action_only
10217,HACTION_SETPRO218,,,action_only
10218,HACTION_SETPRO219,,,action_only
10219,HACTION_SETPRO220,,,action_only
10220,HACTION_SETPRO221,,,action_only
10221,HACTION_SETPRO222,,,action_only
10222,HACTION_SETPRO223,,,action_only
10223,HACTION_SETPRO224,,,action_only
10224,HACTION_SETPRO225,,,action_only
10225,HACTION_SETPRO226,,,action_only
10226,HACTION_SETPRO227,,,action_only
10227,HACTION_SETPRO228,,,action_only
10228,HACTION_SETPRO229,,,action_only
10229,HACTION_SETPRO230,,,action_only
10230,HACTION_SETPRO231,,,action_only
10231,HACTION_SETPRO232,,,action_only
10232,HACTION_SETPRO233,,,action_only
10233,HACTION_SETPRO234,,,action_only
10234,HACTION_SETPRO235,,,action_only
10235,HACTION_SETPRO236,,,action_only
10236,HACTION_SETPRO237,,,action_only
10237,HACTION_SETPRO238,,,action_only
10238,HACTION_SETPRO239,,,action_only
10239,HACTION_SETPRO240,,,action_only
10240,HACTION_SETPRO241,,,action_only
10241,HACTION_SETPRO242,,,action_only
10242,HACTION_SETPRO243,,,action_only
10243,HACTION_SETPRO244,,,action_only
10244,HACTION_SETPRO245,,,action_only
10245,HACTION_SETPRO246,,,action_only
10246,HACTION_SETPRO247,,,action_only
10247,HACTION_SETPRO248,,,action_only
10248,HACTION_SETPRO249,,,action_only
10249,HACTION_SETPRO250,,,action_only
10250,HACTION_SETPRO251,,,action_only
10251,HACTION_SETPRO252,,,action_only
10252,HACTION_SETPRO253,,,action_only
10253,HACTION_SETPRO254,,,action_only
10254,HACTION_SETPRO255,,,action_only
10255,HACTION_SET_SUCCEED,,,action_only
20000,HACTION_QUEST_ACCEPT_SIMPLE,,,action_only
20001,HACTION_QUEST_REFUSE_SIMPLE,,,action_only
20002,HACTION_CHECK_USER_HAS_QUEST_ITEM_SIMPLE,,,action_only
20003,HACTION_SETPRO_NEXT,,,action_only
20004,HACTION_CHECK_AP,,,action_only
20005,HACTION_CHECK_GOLD,,,action_only
20006,HACTION_SELECT_BOSS_LEVEL1,,,action_only
20007,HACTION_SELECT_BOSS_LEVEL2,,,action_only
20008,HACTION_SELECT_BOSS_LEVEL3,,,action_only
20009,HACTION_SELECT_BOSS_LEVEL4,,,action_only
20010,HACTION_SELECT_BOSS_LEVEL5,,,action_only
30000,HACTION_BUY_EVENT_TOOL,,,action_only
100000,HACTION_OPEN_WEB,,,action_only
100001,HACTION_OPEN_WEB_SHOP,,,action_only
